Feature,imbalance_prices - Long_t+15min,imbalance_prices - Short_t+15min,imbalance_volumes - value_t+15min,imbalance_prices - Long_t+30min,imbalance_prices - Short_t+30min,imbalance_volumes - value_t+30min,imbalance_prices - Long_t+45min,imbalance_prices - Short_t+45min,imbalance_volumes - value_t+45min,imbalance_prices - Long_t+60min,imbalance_prices - Short_t+60min,imbalance_volumes - value_t+60min,imbalance_prices - Long_t+75min,imbalance_prices - Short_t+75min,imbalance_volumes - value_t+75min
hour,0.02568946446332848,0.023636741025569792,0.030717315322719513,0.022949148613763556,0.022395477496786043,0.025818827992887237,0.019547562832362017,0.020286672757996713,0.017621145939221605,0.025473848511363032,0.024610273117603356,0.029124329837686674,0.02184984118702414,0.022460604664676795,0.018873228243701305
dayofweek,0.00597642975214689,0.005492746284980285,0.007947152774679125,0.005205363663793833,0.0055081256393496,0.004550016758225638,0.005568657242914924,0.00446791991105897,0.004291755677516903,0.010134942280608811,0.01040195446889993,0.011236877104711312,0.008829936314337828,0.009565946297509072,0.0095183202177177
dayofweek_sin,0.006821197408676255,0.007296249762528532,0.006588115106143959,0.00561914634509958,0.006213239810081803,0.005756673723648874,0.007687758048714159,0.0072358510049837154,0.009592931465393122,0.010478881892127902,0.011927278518433013,0.01118059454522563,0.00962816872778052,0.011384612526893136,0.009211078581040965
dayofweek_cos,0.0053076402131082435,0.005362251364664189,0.007897394861072826,0.0052361786251208286,0.0049997768205230384,0.006152211573109071,0.005069641066338591,0.004742506879127177,0.006977860598206917,0.004193367425215456,0.004275485722548183,0.0055126032940952426,0.00430812672672107,0.0040803656825942345,0.004244032401438744
day_of_year,0.005633599598337241,0.005840992890065081,0.006271018992464633,0.004906752912531374,0.005502300248836036,0.005599644441157579,0.003619094652701733,0.0034456969245411527,0.004063121949246124,0.004321482399620436,0.0038634012033474507,0.003964574682480361,0.0057190550555424125,0.005403233978289791,0.00648724811070133
is_holiday,0.0013691633667699534,0.0014612284676265971,0.001963127957423126,0.001182434039342752,0.0010283546067084899,0.0013753894271062563,0.0010553034796239444,0.001213830564549653,0.0017282820646555592,0.001350228563513383,0.0010768144911727404,0.0014753576616884062,0.001330241857869396,0.001184052853220237,0.00154864630434804
generation_import - Generation - Hydro Run-of-river and poundage,0.011570822224974108,0.007516716803984309,0.0070909950731511346,0.006085808642412303,0.004517645295247803,0.005371024322324956,0.00596979619517515,0.004955021555109852,0.003814710904533058,0.0038144685531624417,0.004913098685456134,0.005991930318508821,0.0031286623442019846,0.0027910480974373967,0.004808885672103315
generation_import - Generation - Solar,0.18587158841197016,0.1835207381635628,0.27726362740946936,0.17801998913532588,0.17788936056752572,0.24675383108574897,0.1446971610103501,0.13963383395643905,0.16454584829322993,0.10978098712326027,0.11252693753223866,0.11144382339314325,0.1295540295226674,0.1267043962222524,0.16682876489614137
import - DE_LU,0.017084683109627803,0.014045431392645696,0.025472884938004425,0.015866574546713308,0.017797655329588453,0.023061888188123703,0.012982813664639253,0.010845669695321703,0.014042841710906941,0.012378328509945276,0.008734669896206469,0.014257566584565212,0.01288723007432418,0.00990231200560811,0.0164399147927179
100m_wind_speed_mean,0.006811554928719716,0.008271784277010965,0.009896351008224884,0.004617364459760665,0.005615115918638822,0.003990690361817542,0.014331636551194606,0.011822990160173503,0.01737854561326094,0.014007397985132229,0.016095691394770257,0.022493980206862035,0.006635495060665562,0.0021755662148486153,0.006489724961619686
import - sum,0.007075024834889519,0.009058878563263534,0.014404225069694803,0.012380009436603358,0.005950282239929948,0.012636963064439897,0.0055813356117869264,0.007129584537320625,0.008193386635735806,0.013568700268713655,0.013245894598962877,0.012780109886327409,0.009383245042306953,0.011869345994856303,0.011117392083313462
generation_import - Import - sum,0.024996982557840965,0.022630275444083962,0.01826904596919303,0.023020878829644063,0.01968922423889853,0.019919369829588505,0.013810349196979587,0.010907878479417831,0.008012893995626654,0.022727548131048932,0.026016201495833228,0.03175144333249409,0.02953565458396406,0.025928797836644663,0.027448626424040414
10m_wind_speed_mean,0.008961705531990447,0.005903571457758517,0.011430091627975343,0.009311693357434706,0.007216881331198238,0.010892427871891415,0.009671982868658233,0.009486329468723851,0.012285078015906038,0.016991993904463015,0.017854615025851672,0.02267468756699236,0.01594563603855204,0.017042019339441793,0.016515081777361048
generation_import - Generation - Wind Offshore,0.13378469821240288,0.13263810152874794,0.20118371302948798,0.11768880918202922,0.1171356123813166,0.16584396812150953,0.09400114357797429,0.09158657834104088,0.12184416875528405,0.07568531468234141,0.07805015217948676,0.08190040867778589,0.08485042709103437,0.0837925674514554,0.11083656195786898
generation_import - Generation - Fossil Gas,0.09099743484461215,0.0859879233033862,0.11458106006402523,0.08654001759854145,0.0881821249112836,0.10673231602215674,0.07320003133645514,0.07734001525219356,0.07976318224682473,0.06944300363073125,0.06637153325765394,0.06289927336887922,0.0734283744241111,0.07321613893855829,0.07490946282166988
generation_import - Generation - Nuclear,0.01105227594109283,0.017731471387683995,0.010003685950898216,0.013951141085943164,0.012434570362180238,0.013976423282005272,0.011763040294899838,0.015196416146707633,0.01993031043696101,0.009570901713076637,0.013520390436094203,0.0074745801101598775,0.007228402616568928,0.009044365610359819,0.0058764582814742426
generation_import - Generation - Wind Onshore,0.03394044171614223,0.0377513238027459,0.06484468426945386,0.03642941381389392,0.03767227626015665,0.06463735994447779,0.03322097391222633,0.032250075373143776,0.05474735445261831,0.028033149434282676,0.027706376889138483,0.039847757022565926,0.03234902524179779,0.033353474042814926,0.044645674992061686
load - Actual Load,0.057956644247140504,0.056496734626533,0.09914103806868661,0.04406798408355098,0.046381181496952195,0.0672971491276694,0.03900082222768106,0.040102945314552926,0.05159159933408955,0.04527713322496857,0.04226323955001135,0.059977151073399,0.04321806794741133,0.04187691820340115,0.0653164938777918
100m_wind_speed_std,0.003057711704581607,0.0030043591856356217,0.004570124402749571,0.003976647245777712,0.004286378297218107,0.014757322816609303,0.003960113609033215,0.0035213041777024047,0.0123486361818359,0.0032450021914286254,0.0068722568340781436,0.008807057974157942,0.004668935104706179,0.002808616746584221,0.005601110512639024
generation_import - Generation - Biomass,0.005378451982887327,0.005177058053275687,0.00735176649755158,0.009614877754669578,0.005316203488679093,0.008806407739084534,0.005485954429572757,0.004499082915936014,0.005495697197467962,0.003507685211054195,0.005506041377559541,0.005733641831959175,0.0036127583794004748,0.0036911173739263177,0.006390822972003662
load_forecast - Forecasted Load,0.011217710617936973,0.0067952720142875475,0.010614733743110264,0.004779501724702641,0.007584091705590254,0.0074650181574616,0.011721557978715281,0.009414001741693937,0.018228405247698903,0.01586611169594107,0.01233239847601908,0.020979223939481016,0.013622499848777806,0.015302185607044522,0.01641608077743149
10m_wind_speed_std,0.006641625648002446,0.006337601941020694,0.010590878783932566,0.002552427752093536,0.00244192888404541,0.0035830061909055927,0.006896114432175694,0.007550177901011011,0.012536507544093183,0.0056342746271475334,0.0030371437949050914,0.008307668528856994,0.004531923536832437,0.002638796402165326,0.0026282627530851243
generation_import - Import - DE_LU,0.0210505973250838,0.019601073293248193,0.029437455698061967,0.014163488073449117,0.015186141602753197,0.02087644526612712,0.009302215452262317,0.0077200243467977995,0.007016394642172599,0.014625590556956013,0.015110028773433442,0.016272346555022525,0.015810933308224775,0.013439048935018946,0.01668323745561065
generation_import - Import - NL,0.0221833315854019,0.0180157970621367,0.022120754957402823,0.011528301115511567,0.007525155628987704,0.014147785835855757,0.012491071812575683,0.01167189149333717,0.018197779449110385,0.014573309336832608,0.015279645615395566,0.02337782401549339,0.0047472394157825875,0.004731740808028917,0.005224082784832717
import - GB,0.0031723394078107957,0.003502248329140457,0.004749708112225335,0.007781503740598055,0.010169179699194501,0.010150951281037124,0.005832986055308084,0.003445072808077839,0.0057838460274324465,0.0022497678599445407,0.0046591903858343355,0.0033984743056762455,0.002546174658963537,0.0027582389707019954,0.0025786244578694093
temperature_mean_celsius,0.00372240915785369,0.006656969748753909,0.008333421441493556,0.011228079011156297,0.009833809883479263,0.007228392271497796,0.003040759787314528,0.008167176294846286,0.0056146058108424764,0.007220843009917644,0.00556972812044279,0.0047253377400775206,0.0056202827746601545,0.003892776279455802,0.007647066079585784
generation_import - Generation - Other,0.09229972921160515,0.09429733947565547,0.1291618158276542,0.08503096873351024,0.08573381822329247,0.10694385954737663,0.061137343993643296,0.06571341247094097,0.07258279841393232,0.04562687601160724,0.04003694694479782,0.03952853684518777,0.056019741249794607,0.05542497976127197,0.07186129810538841
generation_import - Generation - Waste,0.007649100561713567,0.012658634901161236,0.007447885030241195,0.006542988964189135,0.008663501322808713,0.004281960075844836,0.00524056527974517,0.0028967565849070524,0.0046763079804186414,0.004179339248087672,0.00308402496751296,0.004703787645463308,0.0027159399905549433,0.0036919643352804313,0.003333220763821373
temperature_std_celsius,0.01926081008737674,0.020143784869927912,0.030355871734289393,0.013321084449038609,0.01414069193648902,0.017152922360764933,0.009579931285161365,0.007682259074295871,0.008442366825412136,0.009240091624054913,0.010063976266701502,0.010984579503328859,0.0069614772353779695,0.009589465706172633,0.013740209918320033
ssrd_mean_j_m2,0.018952349859828247,0.02080874418784515,0.018090833234862658,0.004646735953087045,0.009649195705729653,0.005303395682713017,0.023177068711083847,0.018989587708323596,0.02891478203358747,0.029388309507645316,0.03265454279300502,0.04542472102562897,0.018996123273936974,0.01575345004430892,0.019045465170551324
generation_import - Generation - Fossil Oil,0.07969433385523735,0.07335523733653827,0.05631536217400571,0.07635986414254876,0.06414828159671743,0.04915119006871828,0.05197758741676808,0.05604489319736604,0.04068962170055602,0.04507183089035243,0.0421175139414554,0.013244968406390398,0.04234792071062839,0.048236981070484033,0.032839859554049326
generation_import - Import - GB,0.002822786564621765,0.003249855689118704,0.005170068623061752,0.0046252755630721365,0.006191233408633707,0.004012053640014642,0.006295363512675976,0.004502796900056865,0.003605153273842234,0.00209970887868667,0.0028887752286318575,0.004885217861096862,0.002739138073210597,0.003854143129909971,0.003939895539752342
generation_import - Generation - Hydro Pumped Storage,0.06932220210593368,0.06701683565869462,0.0887838950082878,0.07062892786978045,0.06918793586008541,0.08354002157227661,0.057772003892380325,0.059526927007493215,0.059272241475773625,0.04188974735321244,0.0409023170752771,0.030820546441493207,0.05110289053668384,0.05015339927609511,0.05297921488541397
ssrd_std_j_m2,0.003735974913015525,0.0032858535507269836,0.012737956673670852,0.005673044512517663,0.0034055565987509907,0.009935972547216806,0.0030086877137127884,0.0023459629166486594,0.0033371124441018765,0.007044486486345704,0.0070839347185938095,0.005010434637755679,0.00433673328029181,0.007997367132735234,0.003393983307050803
generation_import - Import - FR,0.050730509292683565,0.05374008927700925,0.09637696968165983,0.04430887455155607,0.04559186186781153,0.07776215878291987,0.04096430562692694,0.03731198276536452,0.06216611461611319,0.029621373815316474,0.030624879885974225,0.0404517126941937,0.03133297253614728,0.034458687901787924,0.05914523900987115
100m_wind_speed_mean_t-150min,0.002607403880552738,0.004096898852852974,0.007662356732211265,0.0029811689882753853,0.002939199840599031,0.011268292706183274,0.0019903623958444994,0.0033514716428512657,0.00802586489055102,0.0036096150037369626,0.00581539015240196,0.0022674811691263132,0.002195565035602158,0.0024514557501556736,0.005436860517933383
10m_wind_speed_mean_t-150min,0.003519190416895981,0.0031551080302174342,0.006378279745934833,0.002763818694644215,0.0032370442639717114,0.005391704135535292,0.0038408113598725323,0.006004733396672237,0.01040501096016837,0.0038273497083619076,0.0027164022033975927,0.005623006468853419,0.003343663148860827,0.003288439532391749,0.006188041191715456
100m_wind_speed_std_t-150min,0.0024403969449358557,0.0027279726604606367,0.004071122822861071,0.002184033543217993,0.0024844397586057314,0.003437401284320913,0.002360605428758504,0.00193333729909682,0.002982771712401245,0.0037263595437734692,0.00556833070882567,0.004835071633669031,0.0022628258718258394,0.0024484079646535976,0.003734529258264956
10m_wind_speed_std_t-150min,0.003174675413022669,0.0037443813752797723,0.0046850814020344845,0.006638112060492858,0.009239471174489153,0.009558164830479655,0.0060778739068846335,0.008043975512769976,0.00988862722777958,0.004402798371313111,0.004912174791272264,0.004597208198945737,0.004063827123586179,0.004034768333182058,0.0038020753240962223
ssrd_mean_j_m2_t-150min,0.01981905108698993,0.016132831635331968,0.02884539823239902,0.013107110316195759,0.014770107674818064,0.023987547947617715,0.0074516195823380255,0.005199958940429497,0.012265606907138136,0.00291035286821716,0.0035182276704508694,0.005160307919126353,0.007381069790011679,0.006627564880807768,0.011718950236638192
ssrd_std_j_m2_t-150min,0.0028556251274376335,0.003362956549706723,0.007785279211816942,0.0036732337900939457,0.0021239580909677897,0.009035561909688112,0.00856162348647922,0.002170375427280817,0.004065286615434161,0.005415549014581302,0.00780142662205617,0.004786502734351415,0.003657679156185054,0.0028725682491626686,0.0028044082224987507
100m_wind_speed_mean_t-135min,0.014980578518185211,0.016363154786311496,0.019968810718664826,0.01167521435082017,0.010965623577674706,0.008756285180870236,0.00789676939112269,0.011860751004962367,0.012278353700176013,0.011384505825826636,0.013532859803905012,0.008723477057692434,0.008364104951011541,0.010457813642977045,0.010414948925310455
10m_wind_speed_mean_t-135min,0.01877569286106154,0.017172707708836242,0.019659905045686172,0.012281306943680648,0.011341627198462448,0.010261561060859094,0.00705995918264125,0.006265606547366588,0.007517892056734127,0.0045134490423324675,0.0037915004251058235,0.004582051198048589,0.004197217673390696,0.008357016982801724,0.006971918512414788
100m_wind_speed_std_t-135min,0.01043609348028258,0.006684513016985875,0.008308542865641358,0.006179188402488762,0.006116353737727422,0.006256816681139753,0.008243841214149143,0.004768414078139358,0.006080302937189117,0.005590655190419056,0.008266505974490428,0.004361587297652591,0.010770851724922977,0.008807066865072556,0.008148126032938307
10m_wind_speed_std_t-135min,0.007585906759145473,0.004496462305547538,0.015792525458018646,0.0038240945495615505,0.0034750635006430457,0.004966392052445372,0.005318671697616083,0.004767171967196191,0.009837155413828895,0.008431538495809946,0.004337447330702161,0.009863293817346857,0.009658430334813601,0.00963820888184273,0.016039784644061
ssrd_mean_j_m2_t-135min,0.01321198672823084,0.012132294770082808,0.016056253850256327,0.011203398501056654,0.013600356373368414,0.01731767927757028,0.022413706450003703,0.016462966610619332,0.032351132810203125,0.010234687329284498,0.008760928036244876,0.011423935307713691,0.005795475378443371,0.0071926271697302585,0.004325806076918752
ssrd_std_j_m2_t-135min,0.0031383313442402143,0.0035833252883076057,0.005472658222476639,0.008522424651135225,0.006937278927915031,0.013656071535806405,0.010766474424410262,0.009937494109559339,0.018982403251218784,0.002895771911676093,0.0038046548657091534,0.0037535354209594514,0.003132959544236655,0.003429531817404495,0.00486366822923992
100m_wind_speed_mean_t-120min,0.004708776592946378,0.002709920005166623,0.009117641005417681,0.002102925330849075,0.002323267814411338,0.0035803041940853293,0.005354462498711655,0.0037850949913154183,0.01152731755232344,0.0020732965966308256,0.0026049964560061196,0.0028800777917331287,0.004432256409800175,0.004511807789723207,0.009866344590729569
10m_wind_speed_mean_t-120min,0.006731900768047126,0.006436030360091536,0.005897808403271483,0.002653512719922219,0.002973841146676932,0.006133291843321786,0.0022985057821172175,0.0021182887071208825,0.010306773293568766,0.0036105520241146677,0.00227232083569379,0.0031400278517693322,0.00451605214313895,0.004103971006441497,0.003726085475382206
100m_wind_speed_std_t-120min,0.003989102716363959,0.004049316801507302,0.0031218062726866263,0.008262536671727503,0.009065829367100377,0.014710759688277904,0.0065946557672941705,0.009601359423679241,0.010253654657797597,0.007273296955518162,0.007194101201399463,0.009706511816373676,0.0020008833645279085,0.0027704386409832297,0.002145997306725576
10m_wind_speed_std_t-120min,0.002762611861988461,0.002794923076689997,0.00687295115901361,0.006700903357992501,0.007840045427343284,0.007621149895901908,0.009110293954761801,0.00922855851409986,0.01120449888737494,0.0058264841774071105,0.008645626147632356,0.00968867886030057,0.00580414760709391,0.0021977777478246027,0.004459808870840788
ssrd_mean_j_m2_t-120min,0.022313720601541718,0.026039681851223576,0.028127849174314178,0.016138046164938715,0.01615101781062549,0.013356115736503853,0.012164515306096291,0.014720345286561496,0.011509667628801254,0.018050785726867614,0.021438316412905122,0.024919330396776785,0.013925821966106014,0.01248313383157074,0.011827602307417692
ssrd_std_j_m2_t-120min,0.004414105723812099,0.0037053847963870795,0.006774637717423503,0.004192284614082837,0.0029976873630153025,0.004375181164814421,0.002658028537071004,0.004231327511271956,0.005038158456389738,0.004634797028801586,0.005082230958018044,0.014037133973535674,0.0031635440302889037,0.0029110794777207046,0.004795278233203135
100m_wind_speed_mean_t-105min,0.0019113371562352768,0.00310124397650452,0.0035251302500862495,0.003247158062636572,0.0030033888889429363,0.0058807936936718765,0.0018071566214221094,0.002846364600877223,0.004480588745087971,0.003024123472354404,0.003321715913392836,0.004218735909927091,0.0021794747603671566,0.0027074107138071214,0.0026487709131555446
10m_wind_speed_mean_t-105min,0.00791078658231686,0.007436490718464484,0.010030111038300675,0.010189570474416541,0.006975667118842466,0.006718447789971833,0.004266529595372049,0.004725881417150958,0.0038093538721150253,0.005618945181489039,0.005666283092682988,0.010003864403159242,0.0058521546622650935,0.006423547360529483,0.009321466846711701
100m_wind_speed_std_t-105min,0.00389604382730613,0.002749354648118015,0.007713384870268783,0.004776096882060301,0.004747559652732889,0.007038351457088538,0.002795069462840274,0.0029848851641993404,0.003824925095013896,0.005532159320595384,0.0057622546259735825,0.004369353974421756,0.0038324649001951912,0.0034647288920598386,0.0031970096181423175
10m_wind_speed_std_t-105min,0.004232131125165324,0.0029546074785450857,0.004349002764797888,0.003778615417625929,0.003730787221161336,0.004637024487326925,0.0026495653646088613,0.0030877916902263677,0.0061258834566615405,0.002976213982830814,0.0029831048243127043,0.003164824507512094,0.004425338762575848,0.003949302328113845,0.005758499648379257
ssrd_mean_j_m2_t-105min,0.0027322678310156335,0.0034102887181925324,0.010578288779945069,0.005075232153758407,0.00685625999943295,0.008222475429192855,0.0031626495318532763,0.002856997769553345,0.003813550516635587,0.0028002190601537223,0.0028157986403903124,0.005017453972894145,0.006213459989349303,0.006906082073966445,0.004609946692253289
ssrd_std_j_m2_t-105min,0.005075833925009647,0.004424204767021365,0.006695620315283122,0.008931490363596821,0.007171199664582673,0.020337922353239266,0.006868516649119556,0.005335981654791567,0.012148190685255031,0.002901679791517381,0.00336964441379223,0.004926992385356243,0.0036508489519328576,0.005256644907297414,0.009430317924969131
100m_wind_speed_mean_t-90min,0.004658815315353422,0.004237474244606346,0.005646620191706461,0.00340247404692127,0.0038783948796917685,0.0044760657065708075,0.0062416472828554104,0.008161843249392405,0.004749157599224418,0.0028847122396218764,0.004026865245148656,0.004998088121506953,0.003452792446375497,0.004453743257850874,0.005097501977965294
10m_wind_speed_mean_t-90min,0.0035171499496191245,0.002848754397531593,0.012062190855767768,0.0032685316470497127,0.003151477986584723,0.010204572326329072,0.00465653079142794,0.003460617864751839,0.013098123264277091,0.006147085624405009,0.007333310190035263,0.010141322913099429,0.0038098366337871994,0.002991705705147069,0.009046459699830848
100m_wind_speed_std_t-90min,0.00569105040988552,0.006162168540875428,0.006099105657924156,0.006585568260591572,0.006965922392133507,0.00479755693615698,0.007637095742466044,0.006575375677584816,0.00863753719775741,0.002415562256114754,0.0028535917661738496,0.0037599003256764264,0.0020117741277954336,0.0025817902189041887,0.007750077440572284
10m_wind_speed_std_t-90min,0.004348318879405269,0.0031162998030849847,0.008378701555229781,0.0031971164929673252,0.0049101156286305925,0.018107577717659296,0.006449357457917358,0.0063647598071547695,0.006723238981598115,0.007833085689696987,0.007228027078650484,0.00560489259881615,0.0018641296701389365,0.0027383711543434402,0.0042082451866845075
ssrd_mean_j_m2_t-90min,0.018106462063933577,0.01965200238561374,0.026033360139816067,0.021259297641227023,0.021997477871074807,0.02049967743572779,0.0209222384310051,0.019502148662713808,0.014727870890303165,0.01752324652817697,0.01637311255017994,0.01349390082622449,0.015114316793400575,0.017421207929903176,0.016869960562698908
ssrd_std_j_m2_t-90min,0.005344520893428125,0.0025955584209486917,0.005216556102335744,0.003987104451138293,0.004302069063819999,0.003381405899886886,0.0059733743865144785,0.0038300215082908836,0.004324188903505274,0.0019403235952208887,0.006544048447642126,0.005776314148674828,0.0021744167615102014,0.003352142549806558,0.002955246879412698
100m_wind_speed_mean_t-75min,0.007537713444857218,0.008101930332508346,0.0076174784691975216,0.010131991810807449,0.009599810229599826,0.010365540374816191,0.0029980669018959817,0.003943090057309746,0.004723289399986242,0.0022678293657227185,0.0024752233709355097,0.0038704327101741,0.0030742224226360123,0.0027451589978227274,0.005369181227357331
10m_wind_speed_mean_t-75min,0.004862309584019385,0.0031009625976435016,0.0038348227411570406,0.007789835742820287,0.007510995273507433,0.008942941061755846,0.005305383386079484,0.007416828737110336,0.007745968022737088,0.0061821812146836234,0.00787789326062193,0.0029683738741487103,0.004843904211750896,0.006451328884701525,0.004700975756428307
100m_wind_speed_std_t-75min,0.011331929031151959,0.011846982344327444,0.015258431145077338,0.012318206768497476,0.012528911348043039,0.012372701021893591,0.005106090849985776,0.00468885501413763,0.0046262894007813886,0.002979554142005327,0.004451501144112626,0.0025458381604466923,0.005994360793300075,0.0069023904450507415,0.010041760437670745
10m_wind_speed_std_t-75min,0.004977453558346496,0.005594078928894305,0.015505446542192658,0.004941210159093316,0.004346569720197294,0.016399772237724392,0.0024241048827548183,0.003418143921905539,0.0033589733013500334,0.0028922319345492725,0.002750050166577239,0.007334135457531374,0.0021804476325032736,0.0027606567384260644,0.011141367167670979
ssrd_mean_j_m2_t-75min,0.030581752135505666,0.029495167591689096,0.0402209169108537,0.026380393388637458,0.024504397401135067,0.03154976870046994,0.01592267893075473,0.014646140350188944,0.006165244818024803,0.014356305382898426,0.01593399510125164,0.012595797702742858,0.022060863275793964,0.018687531166191547,0.025246633200804353
ssrd_std_j_m2_t-75min,0.0028871209190338048,0.0038334635729002004,0.004280434919991876,0.0024627633758469757,0.0025033189265504917,0.0034841203911025785,0.0023397542240354598,0.0027113716159738034,0.006098142183478785,0.0035838937513781276,0.005217120094446727,0.003011203430913156,0.00837840279880038,0.007668520367187739,0.005683064004493645
100m_wind_speed_mean_t-60min,0.0029541341044309775,0.0028152953117341895,0.005716192988882539,0.0028334658436710925,0.003560241695521654,0.005247672990650699,0.004403711115719489,0.005388981242293084,0.005964242167807243,0.00238836258631477,0.0028483051387265734,0.0031671224795884996,0.002075970286532538,0.0023965568839570323,0.004725480174547556
10m_wind_speed_mean_t-60min,0.003809315343376511,0.0036596121205802776,0.004063857838927106,0.010774091782863251,0.007077505464729256,0.014580602614680175,0.006284229291710289,0.007461878050507948,0.0077726460825188045,0.007641694965641364,0.0065742689834687555,0.004490259999102363,0.004881672970312707,0.006610961998572747,0.0076446940763016755
100m_wind_speed_std_t-60min,0.003066225268202288,0.002173892248617449,0.005646250606537251,0.004100697994720576,0.005816908656932356,0.012320901267838053,0.008232127478639086,0.008053005973453764,0.014959424210617727,0.003663618635961939,0.00796269610838317,0.010284188197641925,0.004162958149205224,0.002985041921414364,0.005993203729600282
10m_wind_speed_std_t-60min,0.00381708251226064,0.0032632654851786356,0.008628254527782701,0.0027268291378327375,0.0026033569832050033,0.004684199669576401,0.006351589071113267,0.008090589169078156,0.011447612038038641,0.008777905916109375,0.0077778625243481656,0.01124798760683916,0.003096686803322882,0.004417948978957156,0.0031711897777440753
ssrd_mean_j_m2_t-60min,0.00389366119661463,0.0027579297715692517,0.009147854146878671,0.010464083013765049,0.007737878896863549,0.010565310874633724,0.0030143243843067467,0.0034697015455076325,0.0038683024691757166,0.0033595306186143714,0.006651697574470745,0.007574145720858723,0.005308504634156634,0.005652885977899132,0.008931879357449362
ssrd_std_j_m2_t-60min,0.00465659370573485,0.0062297135895387325,0.01622307658700629,0.007292311433911891,0.006961494896284421,0.01402162271945417,0.0025928766769739015,0.0026970027370643948,0.003294892581133354,0.00539985189455183,0.005656231561742061,0.00293044999959784,0.0030774339630369523,0.0033110298386054638,0.007701650906932628
100m_wind_speed_mean_t-45min,0.006981257966435806,0.0036482949898868355,0.0104293679360635,0.0038269833015356198,0.003960779743943021,0.007388133443146671,0.004152952941937883,0.0033411346149578094,0.010120553337183083,0.004112687091101179,0.003052034153692148,0.006251704483227513,0.003583426403718477,0.0037538161630354806,0.00931143137107847
10m_wind_speed_mean_t-45min,0.013508757494659221,0.014287487625639188,0.01977278926510553,0.0071496615073047,0.006755642312946293,0.010467965017654932,0.0077795903532314695,0.011341496464261582,0.015538581637334573,0.011707369422889314,0.010014735614953679,0.01968770801035862,0.009682066045063038,0.008565724494324058,0.014953502751144697
100m_wind_speed_std_t-45min,0.0039360595362450115,0.004092023255388995,0.005244304022373399,0.0049713429260464185,0.005291145816598146,0.008064807855116669,0.004963748285968165,0.00843951354931687,0.010032546885612646,0.0031247334979470904,0.0032432471809606795,0.003236234850767687,0.003378995324166681,0.003851266835231513,0.004230592777385368
10m_wind_speed_std_t-45min,0.014186750315313475,0.01497690933047852,0.020287300365729607,0.007543444530383568,0.005795554562277175,0.004706908160469539,0.006020862444049271,0.004471415894567599,0.005016200670619583,0.005114470699474623,0.007367516900093506,0.004507185250678958,0.0083492731674487,0.0033777770689484895,0.010851420328147413
ssrd_mean_j_m2_t-45min,0.027429045427008532,0.02655588870716747,0.04231175538545358,0.02134002154666814,0.021740672773099504,0.02224370461773651,0.006783027260070412,0.006574335530873213,0.005807394718121358,0.00965305059406819,0.004708061933721183,0.0036594399127106952,0.014164779358921806,0.019574438864729017,0.021241832442145097
ssrd_std_j_m2_t-45min,0.005449221630731245,0.006211916187061434,0.009214656484661873,0.007403609735731152,0.006559431058198242,0.005156960525899194,0.0023149402125463895,0.0027524886234105,0.008190873786657903,0.004321708873197167,0.0024201013553829397,0.0032173438056324814,0.005639984677603479,0.00704625129129272,0.007117188111042196
100m_wind_speed_mean_t-30min,0.00685913520302347,0.005764748750444596,0.011829905933392637,0.003995062698920947,0.005711483526090888,0.005716038546703203,0.0031524519728129688,0.0038069027455749165,0.00747625891294183,0.0034380252780629233,0.005020798949560231,0.005015318563360779,0.007338879450086096,0.01132828970313858,0.013553029718121251
10m_wind_speed_mean_t-30min,0.0035649667992856847,0.004575820257661689,0.005553210180944007,0.0048283810125831226,0.005098045427705074,0.0072258978675090475,0.007997428451355518,0.004798684969558963,0.006496869955200964,0.00363136891668546,0.006971999277451687,0.004102665865666495,0.005741436933932164,0.006132703842844421,0.004964369401932359
100m_wind_speed_std_t-30min,0.0035851358699655975,0.0063300059206403605,0.0059723880331803226,0.011158962295590755,0.011775950327180908,0.022720550253958208,0.0032680860619238956,0.006670026024133221,0.006390522695677646,0.0028688858077464373,0.00519801647800341,0.00410894905283385,0.003249421479958983,0.0036992510507025144,0.004804178908445465
10m_wind_speed_std_t-30min,0.004471559548528603,0.0026736082486331723,0.007410647424312629,0.0024728718411952287,0.002358989045328599,0.005516616302023976,0.002000203780013216,0.0023096911369743793,0.005816657333589319,0.002043382698802816,0.0020464868988547096,0.0034038133532108077,0.004572750794476633,0.0048030990724600995,0.009850226576720161
ssrd_mean_j_m2_t-30min,0.006868603631719452,0.0076289786890383765,0.007479969237880141,0.014616278737181347,0.021628219453123165,0.02687658867230857,0.0037537855145657203,0.004530657639764741,0.0035313030082647855,0.004012344466998911,0.003697434361848991,0.0029822673446797125,0.0033187617015046273,0.0031997605882988864,0.003618569509319059
ssrd_std_j_m2_t-30min,0.004812772730485449,0.003657830126441695,0.00766527396362153,0.005318817430748823,0.008895645353466534,0.005695304201619706,0.00449244110408199,0.00267616243620796,0.006975737642082095,0.004015817243038328,0.00556861330001766,0.002726694339817186,0.0032118587559016305,0.0038864500969502842,0.0049748922760877575
100m_wind_speed_mean_t-15min,0.015573898857663153,0.01041238079282266,0.01806215231203714,0.013033241260665818,0.012941469908721956,0.014258536843270121,0.010703923499753729,0.014762970522878277,0.012725104495402775,0.007145515376556432,0.007714183402400522,0.009268562347569969,0.005962133315548271,0.007714508856417524,0.00977171545420515
10m_wind_speed_mean_t-15min,0.002641073838372904,0.0029992160854726536,0.009262487760701333,0.003221177622401001,0.0030448125662350663,0.004234721349581377,0.007087212182290387,0.008073593174962299,0.011349877792534244,0.004600347367356789,0.005327945628374436,0.004307139903135976,0.0020373971163626264,0.0023534113986934243,0.005720047481758229
100m_wind_speed_std_t-15min,0.003857480336984736,0.008499344901259974,0.006175600641210622,0.004754708486066192,0.004302252890192335,0.006468802544044592,0.002515807239382411,0.005063383960903593,0.007921205591521357,0.003234099927538409,0.002604689770163532,0.0039437379933806365,0.0024301049205041635,0.0033078289393652085,0.004466312204369388
10m_wind_speed_std_t-15min,0.010255898463612538,0.00986839851584955,0.003723089175315181,0.009073134509168084,0.008252033872850006,0.003573012371563891,0.006095937111926105,0.005145866684822977,0.005619117587673827,0.0069598810610791585,0.004984687624256821,0.0033704610972681622,0.011065675585421559,0.008903127625118941,0.005479264270165913
ssrd_mean_j_m2_t-15min,0.019489576654697884,0.02053248269497999,0.028522551060901607,0.01034952505264664,0.012315141485079948,0.008171717547921616,0.00468862845547119,0.005957908891672105,0.021758617857791252,0.002329747010402116,0.002493951620943676,0.00528460032766543,0.003893797522630848,0.007313294270234337,0.016666142557747662
ssrd_std_j_m2_t-15min,0.008872185328764317,0.007344748497962428,0.013733067139823106,0.0030485008762389043,0.004121252111534886,0.010340949710677705,0.009117462105845334,0.009616717480617808,0.00952722033070262,0.004271987419619108,0.0024729410681607077,0.004380863984930329,0.002276541629505118,0.004772815070442448,0.00630512422188076
load_forecast - Forecasted Load_t-150min,0.016255662112205756,0.01049054492671712,0.009756856967669592,0.013354266094762353,0.0105446045283079,0.005513798483698792,0.011008631019591122,0.012032196557034695,0.004317814881298545,0.01482327013597751,0.011295918013678602,0.00643462497190194,0.013202439390624932,0.013741539673563239,0.011903745818461176
load_forecast - Forecasted Load_t-135min,0.00735171527444254,0.007400270635509514,0.00684266429427089,0.005642341955201118,0.003932199007684176,0.004035161808427802,0.005890213382589081,0.006445810028695632,0.007020391145821804,0.007001542581801914,0.009276132530358154,0.005823572391100242,0.003906407151116582,0.006050852614082941,0.008428781168600836
load_forecast - Forecasted Load_t-120min,0.005409764442980304,0.00377029602915718,0.005043788176292765,0.004632678995858441,0.005462635621839581,0.004747140853347446,0.006047583559939085,0.0033611991910980805,0.004727743998840651,0.006041523870271704,0.00880730315701112,0.005968315992524381,0.004843692341499263,0.009220138242821576,0.006204149465054798
load_forecast - Forecasted Load_t-105min,0.012590987904633949,0.009605697435086767,0.01262179244440631,0.0031907331825059373,0.002719430902245222,0.00492260977290789,0.002894832696787489,0.0035377536070127463,0.0038290106398617355,0.006552923252558685,0.003109545142731804,0.0036346612433735574,0.00567974714716911,0.004224551183312542,0.005257807130692527
load_forecast - Forecasted Load_t-90min,0.006527812395914225,0.006923577552703136,0.012557760943222383,0.0028009319542331925,0.002799613134673791,0.0060979492211918115,0.004446029872167855,0.003991872094278733,0.004301369180266193,0.0057258667219211926,0.0051605523073258155,0.0036781609882164047,0.004194426754171218,0.003455092973695628,0.0037585135355602687
load_forecast - Forecasted Load_t-75min,0.0056238206428288326,0.003451673940726323,0.006729306120814726,0.008156379271225887,0.007421902278899324,0.007976490850256595,0.0028077507640073946,0.003456725091243243,0.010542987360394364,0.004737176744460158,0.008167614589176083,0.015146782334923045,0.0026292934675566358,0.003608715454378398,0.004064021647658592
load_forecast - Forecasted Load_t-60min,0.010900895759760715,0.015229487325430455,0.016097219906740064,0.010728190553891181,0.0074555843841772,0.010395731171156513,0.008926882852698327,0.016480609898717375,0.017489592247788097,0.019613350627798353,0.016200827684279374,0.024095685549276824,0.01432213279636926,0.014691436497712857,0.013352284518872694
load_forecast - Forecasted Load_t-45min,0.021298473053626366,0.019391836128037538,0.029839309796778252,0.017153427299774194,0.017307896539758075,0.032427499952929796,0.014095360730731045,0.011194521022909612,0.011601378793533514,0.009816652045533374,0.012482440941532332,0.01192793549792259,0.01583314998126298,0.01579948420022265,0.018969811825587386
load_forecast - Forecasted Load_t-30min,0.018086204034854746,0.017030613806506154,0.035978546441612705,0.01370815208865315,0.017225311777085153,0.028405371276188363,0.010864695921263774,0.010890441352459675,0.020230563526391052,0.013729440944181989,0.016842800772314148,0.024910017307061934,0.012205328565083618,0.014761150462611113,0.022502318646525965
load_forecast - Forecasted Load_t-15min,0.007795081979773385,0.009073119559783663,0.015235789399856004,0.012160081903832179,0.010382314161488467,0.015986861650349966,0.009499998802338495,0.01183767161423748,0.02206860603755922,0.013691125641507824,0.015219613865439897,0.02477349447035158,0.01151638259208994,0.00519679701365203,0.010418802434902431
generation_import - Import - DE_LU_t-150min,0.006480331038013901,0.006896274966435158,0.009882168091193307,0.011748427119891857,0.008397368367455783,0.018685092064435593,0.0027823256597985166,0.0031782651116109262,0.005305229379308002,0.002311748110671033,0.002736526469044293,0.0037483393298907686,0.004458275003184099,0.005155777726393353,0.008107530283756204
generation_import - Import - NL_t-150min,0.008786631683587984,0.009706631922596217,0.015287290989035682,0.011115730240135235,0.010704448488877234,0.01485300382931382,0.0031544460625580087,0.00304083968877876,0.011609848141892145,0.00332044018464876,0.003695536745404752,0.005250496816235682,0.0027730665311946376,0.006938617402724049,0.008402906969746255
temperature_mean_celsius_t-150min,0.014928920898033538,0.015328894378966652,0.027730104054906404,0.01316639619912894,0.013565364429508918,0.01928306971283746,0.006016370737077523,0.008006335379429401,0.006847744798919166,0.0031164857828289315,0.00403266806055035,0.004038375143469693,0.003801962075409392,0.0068927437826823736,0.01358779361780762
import - GB_t-150min,0.0034191124459132423,0.003945821978373715,0.004134636040744226,0.002662612559101035,0.0025846782926046215,0.004921501642362273,0.0032740534577478685,0.0035181375130214293,0.004514220073271645,0.005351671774500574,0.005353804870724616,0.008151873749380685,0.004717002234356187,0.003223035125532988,0.005252656679520441
generation_import - Generation - Hydro Run-of-river and poundage_t-150min,0.003596946513666353,0.006719569724351459,0.007151586881154799,0.004559405336993678,0.003164019794783371,0.0060844942937765155,0.00703548540493648,0.0027778655664524193,0.011689982364023308,0.002880735225606941,0.0036417191971131616,0.00409050879734059,0.0031200887793024776,0.003079767222036935,0.0036890752458593854
generation_import - Generation - Other_t-150min,0.008148125554593889,0.005815891890291823,0.03143922655861752,0.007117223141129216,0.008177320925787171,0.025812909576983657,0.004316397677383065,0.005417814926064238,0.008186283722008738,0.003539088534809707,0.005811359242858089,0.00715209694843361,0.00836842053035798,0.006690856261728186,0.005881456859157879
generation_import - Generation - Waste_t-150min,0.0036957420504531912,0.004950907503971393,0.005581705942782719,0.0025171287361488337,0.002023324368429712,0.0025344177739225417,0.002102714377481334,0.002041939603337596,0.002719359721728779,0.0019885758737526516,0.002833089706332913,0.005569597910453012,0.004684291062992088,0.002398086537998097,0.006273868616542132
temperature_std_celsius_t-150min,0.005001763516696883,0.0038364653578546494,0.006860181825379186,0.006926866243255063,0.005970886661694749,0.006820707095116631,0.003555204537413829,0.003453246036510336,0.006199482877758782,0.0033379765748095453,0.0032694138236811342,0.0048071652880991,0.004371322170357416,0.0065460817826842686,0.0068608710174592035
import - DE_LU_t-150min,0.003625522702524904,0.004067848229268748,0.005538732548391408,0.0032743094353377272,0.003821786450796935,0.004726651813996795,0.005396342059647552,0.01047660331219231,0.008210835118836258,0.003102609502173436,0.0033944964572147,0.003617393173433811,0.00362905030170441,0.00251496146160207,0.004155896268697688
generation_import - Generation - Solar_t-150min,0.02195920181792826,0.0206623522148584,0.014368149982354226,0.026167897619099677,0.02379881186276907,0.012414565039727677,0.035271559017550316,0.033108959104320095,0.021785911266972106,0.03570757865796623,0.03517405596122262,0.027391643277675938,0.027676186586089897,0.03085903961485019,0.009188311292551588
import - sum_t-150min,0.028983258081483654,0.025937722946648138,0.02993225528112089,0.014106800559653493,0.015171504275476764,0.017490076897709515,0.016053188596739345,0.0200292597486914,0.008305848733999142,0.026398640233965126,0.026020990191667807,0.027068917995231458,0.025261303995313938,0.0266846207784547,0.025332745567910025
generation_import - Import - sum_t-150min,0.01057256840732589,0.01126360204458615,0.019158919152752786,0.006803956243455104,0.004993294304684923,0.010259256469231332,0.005993236951107974,0.006027818310452858,0.00584880528368194,0.010401370455983851,0.012735333851407632,0.011411696711482363,0.015524965024586663,0.012511915254133782,0.016459230027849117
generation_import - Generation - Wind Offshore_t-150min,0.029386989597114735,0.03180390450858977,0.04288939344190294,0.025398562797243358,0.02469181803741958,0.02591151898156386,0.022778932586908923,0.0232176639198442,0.02202091126574669,0.02403925190391601,0.02373394272409496,0.02346933506045025,0.029648017799135232,0.02654040276509477,0.03039388978272473
generation_import - Generation - Fossil Gas_t-150min,0.004622956013612565,0.004309177797618304,0.007074589011464923,0.005693842691749979,0.0071838414739304425,0.009523401256905345,0.005366680330915017,0.004613584997810506,0.012220191378175514,0.006712856032123,0.00972542202171462,0.01636868968847557,0.008261665406829707,0.005304270889974305,0.007053246925699114
generation_import - Generation - Fossil Oil_t-150min,0.005387314981726718,0.006760076520655957,0.007568448758081104,0.011699846728877673,0.004744410002989198,0.0042363941254809565,0.007954443203108895,0.010385396972684105,0.0034740966268320505,0.015525273021501562,0.012422368954791181,0.0023803762532643305,0.013722162961009645,0.013257011940612528,0.0029757684485384743
generation_import - Import - FR_t-150min,0.020331802042343042,0.025315424802945928,0.03288874876538466,0.015107555157316824,0.01620126167935814,0.01699587289028568,0.0162486500578525,0.015340633838168288,0.02618185933974746,0.011324115792835073,0.019970117846678476,0.02774641230609268,0.015370613724022405,0.011759551361413741,0.015794595541010495
generation_import - Generation - Nuclear_t-150min,0.009529276594035765,0.008528980433494553,0.010628709718372193,0.006200334409870265,0.005083143879390264,0.008031189204946713,0.01799417369515868,0.014050233912770636,0.009395815236210183,0.006489669145012158,0.005770326207776634,0.008634636808877985,0.005124068457207614,0.008469952442173962,0.005833360992036887
generation_import - Generation - Wind Onshore_t-150min,0.0077963480171365515,0.0057850396346075285,0.017446158302191178,0.0050697741882708555,0.00527692492776373,0.005188783098769818,0.00468202504236433,0.003654294918596861,0.005742634812811957,0.003972384669012172,0.00317653072770554,0.004573513240758984,0.005642544102342072,0.00504853179575457,0.01639376050712781
generation_import - Import - GB_t-150min,0.00829414791608724,0.008228828826478093,0.013404686892718018,0.005236200006980653,0.00325327887727326,0.004632641300811883,0.003361047349009823,0.004942013483560004,0.008644471668707411,0.0026915396288231933,0.002463535295798465,0.005484266571380431,0.007297640055665397,0.0069763252016346085,0.009493303098977775
generation_import - Generation - Hydro Pumped Storage_t-150min,0.006460335612054223,0.006062550202395869,0.01996208845480578,0.010331895025999984,0.0072475061238728815,0.020850126299752445,0.004566715152366669,0.004405841001270119,0.004541459689480689,0.01027587773729465,0.008423366986487962,0.007950641840313438,0.0056445158513452045,0.005178052559669595,0.0063740010645460645
load - Actual Load_t-150min,0.004948822974700306,0.005109008908897522,0.011414030429907143,0.004391918736722118,0.004265985602010915,0.005832087334632888,0.006256298741456703,0.00799778591977156,0.008264210823765097,0.010132198132399935,0.011556465833258698,0.013900412322989723,0.0053128821859113485,0.00485649768676376,0.0047907766127827925
generation_import - Generation - Biomass_t-150min,0.004397986118647168,0.004938598207623727,0.006620755007515527,0.005622933341120188,0.0040670070294982,0.007213138918923505,0.005339528972116114,0.0043282478277787955,0.005591739154358948,0.00964528005682223,0.007706152458082215,0.016172778670908883,0.010383034161990509,0.012794533750944538,0.00897842661984032
generation_import - Import - DE_LU_t-135min,0.0036893622464779126,0.0031061445132490916,0.019313125108310486,0.0031285742393201872,0.0034744822130902547,0.005350423848562059,0.003725560413538915,0.002718144860694338,0.005968567718467966,0.005789817118597057,0.003344989441303824,0.0038448717803694307,0.004229520024945586,0.0026628189272023517,0.01342695973878017
generation_import - Import - NL_t-135min,0.012106574765852201,0.009987270085660612,0.019280697232949024,0.010636758147959426,0.009125591475451073,0.00913789906561101,0.007635638470821504,0.008457116443231598,0.01848179242287006,0.0041460769012792295,0.004274049147569145,0.006198099487668514,0.005259569230318448,0.0055078204924857346,0.009373639511246437
temperature_mean_celsius_t-135min,0.004733111415046551,0.0054373656815405414,0.011125994789487777,0.004250395107121221,0.004129933698347628,0.00687129665493012,0.006596432190445171,0.007688619713402659,0.013616581551228591,0.005413096841130028,0.003876415736997842,0.00514850623907796,0.0031666729049684363,0.0037646711615562938,0.005333945742309879
import - GB_t-135min,0.005237701170553919,0.00444584614241353,0.003794530840527841,0.004463828282097211,0.003535779955624548,0.006758279964215035,0.0026715538132702932,0.004590055536897126,0.006880299535259838,0.002626967143811271,0.0034250886613281183,0.0072448452592389,0.004848083005961598,0.0025855800510362313,0.006177728858099726
generation_import - Generation - Hydro Run-of-river and poundage_t-135min,0.010704408124962357,0.011165247618293506,0.026535258466145024,0.004872506664213688,0.003162721459331351,0.008808197823520459,0.004190326661379004,0.0037223873187467687,0.005518388233185249,0.003357741596413689,0.003401223026559819,0.012045374564189842,0.0057944650481076675,0.009429071731254226,0.01714089461362528
generation_import - Generation - Other_t-135min,0.008532762385584647,0.008667770500011102,0.01186616564531505,0.009845708928438399,0.009652383149139496,0.012405164395051543,0.005680293882480328,0.007856378489901545,0.015593848942946352,0.009372648568405566,0.008383021921585168,0.00785686433117371,0.008407700999789085,0.008384570795329636,0.00879365121018759
generation_import - Generation - Waste_t-135min,0.002636459503577498,0.005350821553351125,0.010340292568056611,0.004035266817892989,0.0040186718503725846,0.011102760855777888,0.002222721164789618,0.0037474406303549587,0.0027610069622014633,0.0030546815043653625,0.004460457044224313,0.008079133955656289,0.0039987995143419535,0.00539297566798632,0.005856174725333403
temperature_std_celsius_t-135min,0.013821157418835356,0.014080133284376644,0.027235211190534757,0.0033995439887785322,0.0033149117339435178,0.005136540014967068,0.0033917270876522706,0.0032333090649108273,0.0038586210694435295,0.014165883986919653,0.013818898561967217,0.02144043445894931,0.0120919843341253,0.01373294860763417,0.020172427174897166
import - DE_LU_t-135min,0.010642469947692006,0.007373623739986215,0.020594325891637708,0.0093844582784659,0.011772748387114007,0.012765160546565311,0.005233302412221747,0.003739376178182283,0.008354506468509498,0.006643427939783578,0.0042542638394807,0.007909890790149348,0.006673435786091432,0.0037281975503574358,0.010070576163121587
generation_import - Generation - Solar_t-135min,0.006755688950261174,0.006186258441914106,0.01055127063906184,0.006980453322012181,0.007333346831839662,0.005141311403241616,0.00525065776106203,0.009861135815084708,0.005590634690167463,0.015077192861077492,0.013127844970829756,0.00530575738772859,0.015331926888407907,0.020102694362693,0.006501888860228064
import - sum_t-135min,0.024263875653530702,0.02992651723007111,0.021231419908285944,0.0319463856657203,0.0318343699649995,0.028547268220499973,0.023509455302497373,0.025881136649490145,0.01998847033333186,0.027840242224069014,0.023100848893096555,0.016261950192081712,0.03082110975071555,0.02894157021747742,0.027123036172793945
generation_import - Import - sum_t-135min,0.01346519658505531,0.012370843129691316,0.009590765648516936,0.008622405336242082,0.00952643943357998,0.0097360233579343,0.010749243879152345,0.012246798493505821,0.010970779822993791,0.009677268490350797,0.008979614121839403,0.006475975152322008,0.01656928430836342,0.013897656472327071,0.01038646570473793
generation_import - Generation - Wind Offshore_t-135min,0.025710422978037967,0.02657126082951436,0.03321212149434723,0.027940178713586648,0.02505661477573449,0.030065838418027853,0.03007510334579274,0.02664949062751839,0.0328357721833745,0.022122570604813516,0.02021170516285929,0.01698332253154467,0.015431192148093032,0.01845821234821051,0.018367853450872645
generation_import - Generation - Fossil Gas_t-135min,0.010713267593306227,0.014691618028336961,0.0077770783728665265,0.008531803269044758,0.008374421279706439,0.004009630774033667,0.011964221265041488,0.013013998575732785,0.0056518190630209806,0.013974602985268576,0.013458182538073743,0.009477118976883503,0.018510395552046248,0.013847807993139213,0.01404383354667516
generation_import - Generation - Fossil Oil_t-135min,0.004367758988670062,0.004880479909724386,0.014783585347817279,0.003108345777048271,0.003091565235156395,0.0033400184464699124,0.006748403502049342,0.0020454264367010637,0.0034155976016149907,0.002647218481374921,0.0021752838079948447,0.007157750108785876,0.0028769849980391483,0.002057122204012785,0.0029684274554428497
generation_import - Import - FR_t-135min,0.0037989623046937597,0.0034362629965189627,0.013887860670340388,0.0034814169971714363,0.004951671986680594,0.00804748385189032,0.008490675127115536,0.00570442817734488,0.005758743549440481,0.007895574902962835,0.006098261164779615,0.003926968336353639,0.002839803444269819,0.0028838864955661164,0.018299318142576567
generation_import - Generation - Nuclear_t-135min,0.011422522175736959,0.008827862281804301,0.019115573475493874,0.007009710113881738,0.008195467065021148,0.027379805107637368,0.006184869213902403,0.006264880851966154,0.009720176470225852,0.007998219426885044,0.009091241934472699,0.005861684417291144,0.01638076867084601,0.011142154630026197,0.010983946199308776
generation_import - Generation - Wind Onshore_t-135min,0.004457157433485918,0.004499130841762963,0.008025913090653376,0.0037976964885383497,0.0028715037006825242,0.004773941522338646,0.00314762767246566,0.0028320881075433136,0.006018164948440244,0.005709971463873444,0.0070510698618199965,0.0037358609325538056,0.004130503241696715,0.005211546094856431,0.003819210281639471
generation_import - Import - GB_t-135min,0.01075768758241611,0.013887275975845114,0.005170670992941268,0.01167693155023153,0.011500218408866203,0.0056920742847560175,0.019145742646302095,0.015417470509994927,0.012715228745397326,0.013155280011970718,0.0157951280111738,0.006687757003692241,0.008793776786558738,0.009437320345576154,0.003259400949902556
generation_import - Generation - Hydro Pumped Storage_t-135min,0.01030591924212058,0.009753119438498914,0.00902570244794424,0.005719843866565498,0.004823642933151461,0.0052452202603437284,0.008895797747121834,0.008743094526803361,0.010303579426305873,0.005547462568698393,0.0025727492792502744,0.0039125396921979244,0.003994170795115793,0.0031464835434917406,0.004385151030176757
load - Actual Load_t-135min,0.015588127768424784,0.015227878171346675,0.02639316293669617,0.010276303503571399,0.010743844138489294,0.011644296112041047,0.008811276304610146,0.005363301225715986,0.009380783675966085,0.008530257216302744,0.008289839584977017,0.008761077004946856,0.010910501775819285,0.010276427004231663,0.020654787881978335
generation_import - Generation - Biomass_t-135min,0.005172204568151528,0.0051687351788732485,0.013231966028659371,0.007073490376566042,0.011269159963470884,0.016861612196407805,0.004219830543301214,0.005095829959981529,0.0055026514173023315,0.0052711836701437274,0.004166256807824311,0.004874801473279149,0.006564340731642005,0.007445471116094268,0.006018382898499112
generation_import - Import - DE_LU_t-120min,0.0036815123090200358,0.004200093270368143,0.005546027253687498,0.002984205592847502,0.0038810624944308073,0.0033563139387952105,0.0028711853795830395,0.0026319901840670353,0.009703819903006661,0.0023134170250214085,0.0023918689506735973,0.002887435066371836,0.003366437279713864,0.0044913984623256055,0.005204258815767389
generation_import - Import - NL_t-120min,0.004873562500542903,0.008180267880510655,0.009669702950563078,0.008669642559504155,0.0103906405425696,0.01305914082631716,0.004193878977984241,0.0037360908503760583,0.0060447731500971715,0.005988992162680006,0.0045316519407952,0.008905145812461114,0.003726924741890912,0.005542359478597063,0.008036053372521565
temperature_mean_celsius_t-120min,0.018697554823127575,0.01913365844177315,0.027252360445068916,0.018279362774876063,0.015833462477399734,0.02691184870901634,0.02033813325749361,0.016008990386028016,0.018626415163045747,0.013566815008456615,0.013739139576660819,0.018518828803548784,0.010545874243674916,0.00716157554363599,0.01833344949932871
import - GB_t-120min,0.015246990393847228,0.019547082658973522,0.018688289678655566,0.016425090153847122,0.019467088043456898,0.014252483581978595,0.014170296343771042,0.015661733720527992,0.011729963044184843,0.017236906138452468,0.018752023937715422,0.014690700058192306,0.019163733078546102,0.017351105857480432,0.009887323332310188
generation_import - Generation - Hydro Run-of-river and poundage_t-120min,0.009565641875014989,0.009792476197035285,0.005960126188199865,0.0051625178015419805,0.007877386387382102,0.004475013039132137,0.0029102746679303417,0.0028983580592748695,0.007445963293957902,0.0027249395853768876,0.0030347496185331693,0.007660481011710544,0.005828776892083624,0.004651752300804219,0.007739529934122402
generation_import - Generation - Other_t-120min,0.006165498846179616,0.006087375357376232,0.0189516058913905,0.005610693332982919,0.006643726970876742,0.014924722306925105,0.0032794375157773176,0.003742838369358651,0.00475081650191396,0.004036375436848175,0.010102787208001245,0.011754970851625331,0.003878985768538769,0.005635113283635064,0.005848224718512938
generation_import - Generation - Waste_t-120min,0.010208245058467583,0.009336399953899671,0.0204313211389599,0.002901152741174883,0.0027814549302129306,0.005879857208120711,0.002642574226807483,0.0030676420527597655,0.007153117105780893,0.003066546643189028,0.0027221270658965295,0.011571171451170812,0.005256993017304921,0.006075559678120044,0.012021264231465465
temperature_std_celsius_t-120min,0.004144539388672456,0.0030508381777217437,0.005778564990293944,0.004919817880933806,0.0026037492632385692,0.006183921595998981,0.005888370094537095,0.007490699038477032,0.007680464454155299,0.006269550037776298,0.009751766536108335,0.009651189479690401,0.00598021830660582,0.0037575026324634846,0.004711467991782683
import - DE_LU_t-120min,0.0035953153410227968,0.0028184916665559287,0.004481051787570323,0.004002138749952791,0.0028252636848046676,0.0034231051371007197,0.0028137635461152966,0.006065208133626584,0.007800759887646564,0.0043833538731569205,0.002652672535728925,0.002963872649013865,0.006614964699423581,0.0031643760414081044,0.008877110051864293
generation_import - Generation - Solar_t-120min,0.0578922991015279,0.06143829548580106,0.08142701887738076,0.05321675501295249,0.05283971076222542,0.0655368994182063,0.04404869454432628,0.04980719131576916,0.04250417071023548,0.05096386355167488,0.049275051460659594,0.040106304158456625,0.04981843255679996,0.045495679100557025,0.04434313623956041
import - sum_t-120min,0.03475687498579464,0.03079537937076566,0.05378443352851536,0.021759919287580486,0.02560085891476774,0.0331880083521537,0.015955364237262074,0.02504433547781082,0.020517585211711774,0.02293908056183136,0.018551547746605137,0.03810034648352303,0.024010522749842493,0.024368234686276993,0.0246165059180712
generation_import - Import - sum_t-120min,0.0068587353915827405,0.006435781993979617,0.011081678898808605,0.011767539173080876,0.013841049503149407,0.017391842804274346,0.005118486977547946,0.0036980654631361175,0.009091066364308063,0.005893860722010686,0.00642092051419786,0.008190931097423346,0.007096953672216842,0.006458001823499216,0.009629358781327028
generation_import - Generation - Wind Offshore_t-120min,0.019319361759378807,0.01655042857749504,0.019499397344436148,0.022899646842917263,0.022315324287628755,0.023749594963028357,0.01919656770835718,0.018974955783422048,0.019011826473335533,0.013508704454827238,0.013805909522838193,0.0072415225509794255,0.018710385910310833,0.02016658477950841,0.019454873508700985
generation_import - Generation - Fossil Gas_t-120min,0.03167688978323713,0.02902347708895104,0.03718175207817694,0.024542869613753283,0.02867617039338802,0.023283583474811166,0.025071793181316023,0.02231715801895916,0.016079805870605923,0.018740430680831196,0.019635477349351275,0.007584352216906154,0.027168540129823667,0.024933397817192598,0.02324376747399947
generation_import - Generation - Fossil Oil_t-120min,0.010412509203641094,0.013421031234727706,0.005687640137877679,0.015674374319962225,0.007637382299799355,0.004073306963212872,0.017356946612359026,0.016699998798198067,0.008904690858876164,0.014852173564169789,0.019058331154403276,0.012352180129550106,0.01890578330057906,0.017034434911969584,0.011424284168289887
generation_import - Import - FR_t-120min,0.014198563941092288,0.01682543134392472,0.01141049493355058,0.012223599518569245,0.011895404643313668,0.00793405729177175,0.005188851042523311,0.006538953808034421,0.008353343871360266,0.010068192843333237,0.010059720720468249,0.004440076774690624,0.008985070952935985,0.012288018859017029,0.004107656630141719
generation_import - Generation - Nuclear_t-120min,0.01082175776706572,0.011121876627603342,0.03381399171531666,0.019061822298303013,0.013402640555548715,0.03494175991881639,0.00877985795285349,0.00602519663799103,0.007897318488427117,0.005759693637352029,0.01693767671105161,0.02005081670556683,0.00827841170598549,0.013086162891529966,0.02609734976198524
generation_import - Generation - Wind Onshore_t-120min,0.013118227572791512,0.014143946237731143,0.010226600706693716,0.011076573913815082,0.012427069423043577,0.007816789590047847,0.007889784193223021,0.00950875690007524,0.004796793505647656,0.005854502280933957,0.005557292464203783,0.003687217339040629,0.0038325179400817435,0.006358880242449232,0.005094184825195953
generation_import - Import - GB_t-120min,0.003245640478339965,0.0027781898074397873,0.004633259914356586,0.004183352305953875,0.00370551744048862,0.005514344270137372,0.002807107341353003,0.002885975926651781,0.004560684364052577,0.003379616682253982,0.00523539993954546,0.007738150661466534,0.007609308509412926,0.005579412386865442,0.006762111701060348
generation_import - Generation - Hydro Pumped Storage_t-120min,0.0024688966811336286,0.002274740441179347,0.005963614669286472,0.002237673174665133,0.004026877437806433,0.00545011760089983,0.0020922770761708305,0.0021358094686884216,0.002678526942627286,0.006013672782046342,0.006918446927627883,0.00941835103413905,0.0037628197845235717,0.004416347965409273,0.004157081181177773
load - Actual Load_t-120min,0.003954583154121792,0.0036200949011868035,0.01020184499960851,0.007105089009011863,0.006034910796523036,0.01691309576013373,0.0026791288125677967,0.004671278105206316,0.008660420774776866,0.003352717198760729,0.0028263986136444147,0.0037487419131689423,0.003565948964288509,0.002840516272390687,0.004657849525668098
generation_import - Generation - Biomass_t-120min,0.014781885178410448,0.006869894440336794,0.006737164839196339,0.004865046155140021,0.005086893362173214,0.00910159935534466,0.005720485856243613,0.007433643567005674,0.007788702433936123,0.013268078772001899,0.009845526514269296,0.007502217386951088,0.013240871458721814,0.009301150776285795,0.009617117677767965
generation_import - Import - DE_LU_t-105min,0.004184523275975152,0.0048964448748592985,0.005639712463962496,0.0032903501011687696,0.0038164455597834604,0.009925175172887976,0.003341716985262337,0.003707210730699444,0.010895683760463726,0.004034374297170871,0.00515756877669628,0.005560623129375017,0.0061575392962549816,0.003234282621998318,0.0035784629728204892
generation_import - Import - NL_t-105min,0.011788145236354467,0.012312812814778227,0.013825115959068171,0.010987283564230893,0.008375989948362986,0.006652194545092243,0.0035330076555283086,0.0037366649415644135,0.01366223580870428,0.0028010701373127633,0.003202591509254944,0.0062406128953248294,0.007178607049375387,0.011117365028061613,0.010718543188706462
temperature_mean_celsius_t-105min,0.013931389905599645,0.00781376656966313,0.017122307415422255,0.005322452331035265,0.008603511700075615,0.008861087620670333,0.005168111414182249,0.0048620463173938335,0.011355975513337398,0.005943792813107393,0.003647691379845128,0.008067961655757244,0.002639211273349389,0.002588391389526805,0.005653771768898878
import - GB_t-105min,0.010243912326062855,0.006538157515855346,0.014979544173738759,0.01071587980951881,0.009102398205330247,0.009813646701849393,0.003376667363375418,0.00351407015750101,0.004066988046191909,0.002380899730265696,0.0029397105460259353,0.0032500382732450817,0.00274233275608708,0.004660305016619531,0.007950373571241244
generation_import - Generation - Hydro Run-of-river and poundage_t-105min,0.0076714883265776735,0.007000700643999153,0.02685337454045657,0.006146577347145012,0.003501917969133501,0.004870598325461401,0.006558121659894823,0.0070265005291421405,0.00757557720868499,0.004765781970989338,0.0034744934247068217,0.0040904966026791955,0.003367596590818721,0.007221440975868972,0.016823434904858003
generation_import - Generation - Other_t-105min,0.021559654086915542,0.029186551784849142,0.023767652062906562,0.02181295607337961,0.02322876601171447,0.02085879713619943,0.01698611179839645,0.017749361842715188,0.015236352871674172,0.012660173272647625,0.012524604476320462,0.007671167311673344,0.010776984814373919,0.010930237103341206,0.008190689822389687
generation_import - Generation - Waste_t-105min,0.002893412072233332,0.0027088886382789497,0.007280712019701241,0.0054384795084016415,0.008252661569713382,0.008668637034614221,0.005531734305327518,0.007204597587959142,0.005209823144316033,0.002539779448671652,0.0026812337677874893,0.008151676858167775,0.0061662037838384545,0.005533536289876451,0.012568274838744401
temperature_std_celsius_t-105min,0.004556511035785661,0.0062989813178865005,0.008639479090019449,0.010130562384238146,0.011939453230181243,0.02388711865352525,0.005177219818186131,0.007351021908900293,0.010743877934466581,0.00393925224100667,0.0036989132342122276,0.007549036430280466,0.003922402214424438,0.004266854607388268,0.007356956766283475
import - DE_LU_t-105min,0.004290801754192216,0.004574513436542475,0.0057739860036326715,0.004309940485003608,0.0043799663684912955,0.005521712515524996,0.00855469160820303,0.0077128548150540155,0.009146125320257851,0.01027323815384898,0.009787110104851308,0.01137245581363095,0.010292487997152875,0.006996441538300133,0.005844296902567294
generation_import - Generation - Solar_t-105min,0.07806766001303914,0.06900295495228784,0.10489579112740102,0.0551237370489398,0.04798615441570291,0.05494431314964458,0.041617357731069206,0.041397605040765485,0.03697669087054783,0.03953649886829953,0.03683256467001047,0.03689173264737872,0.05180579192121513,0.04815033210918773,0.06483313092921526
import - sum_t-105min,0.011199924604952685,0.010028717103308736,0.031097289399636793,0.018337316157667375,0.017814235254645608,0.03008476006403271,0.009819433856839168,0.008672008686089612,0.010116831293336872,0.006308628638238588,0.005661467049532803,0.008260350370183005,0.014912146745969948,0.01111051987935599,0.028177705670532304
generation_import - Import - sum_t-105min,0.017957825211211458,0.015537953701292281,0.027478816846753035,0.010156374965321447,0.014527054797523305,0.00945955222401608,0.023851530597779856,0.0184179467665017,0.01828416012029629,0.014853014679218176,0.015598039377204258,0.010167328409509537,0.0214553424028054,0.017942110691637935,0.02708070024321205
generation_import - Generation - Wind Offshore_t-105min,0.02969567661581095,0.03315814806132403,0.05922366598014196,0.020435578230626562,0.02185104065221094,0.03527107686032832,0.01156450932675142,0.011299006867149729,0.02692534891136529,0.015248580007362761,0.01408610247274919,0.017399016826932664,0.017701987403823297,0.01760461869205392,0.028896916418889303
generation_import - Generation - Fossil Gas_t-105min,0.029431514370604418,0.03262314131567837,0.0634486320107826,0.02899313764568069,0.02488373344761203,0.04893255774436693,0.016029442377126543,0.01953429791133385,0.028037369598285296,0.013902870975951373,0.014021181223273742,0.01984780194699124,0.019258972144016298,0.016918488329940373,0.025937369286082684
generation_import - Generation - Fossil Oil_t-105min,0.021241762908102826,0.023421066425013123,0.028997568168779252,0.02000398329703603,0.019775715921714437,0.0190000763295684,0.009752921031833466,0.014226970969510148,0.010673024655869084,0.012360324318176935,0.013689401435885883,0.012591356130985077,0.01525798813419533,0.008466547215168247,0.010791640442286735
generation_import - Import - FR_t-105min,0.022708504220470785,0.018422899927660184,0.03535015011776704,0.016498415555684005,0.012583482942471164,0.020377527133179682,0.014585169393649266,0.013226963658601562,0.013832894264196512,0.011732381637351864,0.011884164547554064,0.004237638855052865,0.02900182803556163,0.02200156560714822,0.03642750129417982
generation_import - Generation - Nuclear_t-105min,0.011959479357865349,0.008030848188333039,0.01326496419797877,0.018724920999637105,0.018439066767983604,0.02389519901215681,0.015532354075541661,0.00983946783177089,0.00933887184066407,0.014945548074398175,0.009999524259431155,0.009526055001303576,0.01824221811242751,0.014643173050255427,0.012825720588458352
generation_import - Generation - Wind Onshore_t-105min,0.01816957662308414,0.020117068698862567,0.03817084403431727,0.01166070510798454,0.01134793272715615,0.018608504806541533,0.00925660926100045,0.012118755488561873,0.01490883744851817,0.011795263661762874,0.009947540603170636,0.015090877219074173,0.015032926749901889,0.012809817396308062,0.022565967465835456
generation_import - Import - GB_t-105min,0.006264241843407944,0.004732035555079165,0.005939205255635897,0.00644917947997601,0.007799028866822482,0.0050027141420159755,0.009175020798837068,0.005869301209748301,0.009323293696077598,0.010154971115221997,0.007793625956703181,0.008030466394600807,0.01146226126413967,0.012823990724078612,0.011688704611093271
generation_import - Generation - Hydro Pumped Storage_t-105min,0.018825418338325108,0.02053784600747167,0.03045035143411951,0.014083046133171592,0.014907313337273081,0.019364501714717333,0.008439868813983594,0.008115066341146303,0.005499054904019204,0.006784076018919222,0.005891041238839535,0.003297533080467929,0.010524900053278543,0.007625888685843165,0.010094047787992168
load - Actual Load_t-105min,0.011938509684856399,0.011913876195012562,0.00791448721093184,0.011000136906761326,0.011172526849193672,0.0073775043491914405,0.006156683671446444,0.011028977873189433,0.003979784331342216,0.012458365096920715,0.013930699158576317,0.017448448681403533,0.007215800729318289,0.01210632466187235,0.009341961411938427
generation_import - Generation - Biomass_t-105min,0.0044168603779362456,0.003365150506666396,0.007634198639168062,0.002825966644106302,0.00302463128798081,0.011566250482849682,0.0029160433415609077,0.0024432840451368066,0.006858831261291926,0.003450664574384746,0.0031834311778511618,0.007076273201222648,0.003005971553930067,0.0028431356439705267,0.005199175562545861
generation_import - Import - DE_LU_t-90min,0.004762724543179502,0.00586218997431024,0.007912510972950258,0.008108651565300534,0.007333552369083918,0.017205403487285366,0.006279166601641919,0.005414076644583019,0.007563713285850099,0.002361785307228274,0.004163569443786401,0.004505724444763473,0.0032051195432741225,0.002724395751754855,0.007561607863846803
generation_import - Import - NL_t-90min,0.0070909451481438734,0.006236982953350889,0.010784627632702723,0.0055328910431317125,0.0037520583782315953,0.008144874376477674,0.008473578478176024,0.007728839307985254,0.006905998706124592,0.01045510170884927,0.012419649644700258,0.017987076933302888,0.004086412913577078,0.004399971318542157,0.005258921246962018
temperature_mean_celsius_t-90min,0.01287771136345691,0.006217649861425343,0.01998029029103054,0.0034753158765602164,0.003289960717846043,0.00405779054204686,0.0026052275738768457,0.003158472629411392,0.006683739696603424,0.009117455821593467,0.010482548924715956,0.0190318977470306,0.008868365570322567,0.011230132411481464,0.01871049642568687
import - GB_t-90min,0.008367565114047466,0.008447811683727196,0.005836161951889153,0.011313845895725535,0.008244674287125235,0.00923351836931579,0.010144773152168454,0.0075695468564808835,0.012378368637608219,0.005424916518352802,0.00311451365593166,0.0031987364434967274,0.00371452225800806,0.003539075370947103,0.00377027141304643
generation_import - Generation - Hydro Run-of-river and poundage_t-90min,0.0046085372729012305,0.005014657821294123,0.007344682053811994,0.0034460681525379185,0.006185858819901114,0.00835755809760667,0.003612330692943942,0.0034806455655170794,0.004171932374822063,0.003218015713227942,0.0030718146469760088,0.0038661861098894406,0.0033962188715559024,0.003412148265827909,0.003770169078813069
generation_import - Generation - Other_t-90min,0.011343463634795626,0.007564757707805256,0.008220474070907586,0.014203521832561818,0.017788627920141152,0.025868208968735415,0.01833561490671673,0.021438882041955366,0.027122535767397492,0.009876155682490208,0.010819383442192248,0.008013975548172311,0.00823970986632412,0.007136997826655715,0.006400277078200816
generation_import - Generation - Waste_t-90min,0.005692267366213855,0.009154687748909054,0.007527817915770356,0.007607331516255727,0.007945016747351473,0.008638192221141252,0.007506464175749897,0.00585387442976662,0.004793603355537016,0.00900816756545828,0.005307903770008124,0.010122069381046457,0.004726694089888497,0.011176468990073771,0.007874760432183393
temperature_std_celsius_t-90min,0.007270557927843129,0.01112762058054068,0.01894721152546117,0.00602595281561662,0.003287950795890538,0.006079106349741693,0.0033153103134063713,0.0038176610650371002,0.005560424844079534,0.002518747682317553,0.0028764241367407522,0.004894354642476174,0.0027944185097034903,0.0036798604394807626,0.003993503587205851
import - DE_LU_t-90min,0.012900355146441143,0.013943468237222987,0.015063058115076274,0.007695723899349943,0.010321699771564453,0.010081145204603672,0.007036106766623561,0.008624514091170567,0.012941121159659815,0.009215493818599497,0.008109274786555034,0.0063867695532389916,0.010399066559853964,0.006283404195337425,0.00467336588062426
generation_import - Generation - Solar_t-90min,0.055058696091073216,0.05049228228675202,0.08674971164891031,0.07055437369924039,0.0712563077484956,0.09754164850066445,0.047822883160988566,0.04924868720211089,0.04973366340210487,0.03574157686409308,0.03645452811286668,0.04348507086867175,0.04708976881534909,0.0375961161028431,0.04988336898200214
import - sum_t-90min,0.015178643015540729,0.0152655989541272,0.018061995065050723,0.005269672786009323,0.006694954577936642,0.015136164457773703,0.006198290513091706,0.00637126686854208,0.009608774581032776,0.007006068306889574,0.007371405380548822,0.009696387298407104,0.012088115010876208,0.0102947869144582,0.015263161270071577
generation_import - Import - sum_t-90min,0.00876353715186633,0.008752861381723051,0.015832082238228396,0.012496814159567294,0.01347958887094319,0.02632064976424408,0.01410334508181768,0.01149318855616002,0.016528818788969148,0.016251978984771993,0.01720979356476164,0.0184252924813336,0.014669672153890133,0.010571861222568259,0.01481592635695415
generation_import - Generation - Wind Offshore_t-90min,0.0368233663396386,0.032778848519024906,0.05210272104447358,0.039240409869526045,0.03905275699139747,0.0595803755428642,0.02717666137625929,0.027544048919633496,0.03293024602183141,0.02219654222353711,0.0281082359319189,0.030988677873800042,0.020784763614385155,0.01923937511141412,0.033220106317894536
generation_import - Generation - Fossil Gas_t-90min,0.009123093886999414,0.007702607519518096,0.026364275234256638,0.01929334910796024,0.02037502783000673,0.04071448004813283,0.017957675158588246,0.01703914921561409,0.027993730575268272,0.01187222285673488,0.012803512399408192,0.01729802974253107,0.012424663686739222,0.014848557274817722,0.013405865614760386
generation_import - Generation - Fossil Oil_t-90min,0.010125847890582918,0.011821322872696329,0.006402658858600944,0.01514127001070301,0.01634496288772789,0.0064089182315292415,0.01310196614470624,0.010730236091978441,0.005866896795574576,0.004673340475920213,0.004598633824860371,0.004207293061601377,0.0062050806041324905,0.006866734610415336,0.0034002783625187477
generation_import - Import - FR_t-90min,0.006778315551353444,0.005864593339256885,0.015048343197144277,0.00953735278314707,0.011937806258552883,0.013708579869024106,0.009671488125384712,0.00895062337460695,0.014107692670440883,0.004960082220775803,0.008877704063837881,0.005739888258733118,0.006135898747588726,0.007578916915615992,0.016532943742771748
generation_import - Generation - Nuclear_t-90min,0.006926495019267349,0.006396507807942726,0.01792130174487829,0.006943807296185696,0.006648426528714481,0.014927491608921628,0.00749493316718781,0.012136998185276752,0.009666411683854676,0.015805841994423645,0.01575112205291225,0.010454025314220643,0.009761382413318642,0.007502305187528691,0.007473947813393806
generation_import - Generation - Wind Onshore_t-90min,0.009824657534903964,0.012899835231582984,0.01880424351088004,0.009808960415413822,0.010269456920555968,0.01210083672526298,0.008063902471032634,0.00777154087611234,0.010499310074883396,0.010892436578895286,0.010845679240417667,0.00645749648247147,0.01596367093757726,0.01370722310439305,0.01899648318180698
generation_import - Import - GB_t-90min,0.01149891470305738,0.011522095484004239,0.012351947215280233,0.0076685149731274575,0.005676280011328231,0.006831759336799792,0.0062137334199644555,0.0066036301622798416,0.008041187106370671,0.009420137367492316,0.006136187751390025,0.008586428168979183,0.005465637584557044,0.006676601440370178,0.0032289340836641712
generation_import - Generation - Hydro Pumped Storage_t-90min,0.007973812416386863,0.010756902208791871,0.01280891649501791,0.015902383162131627,0.013872111896416755,0.022657774876686746,0.008218436989911425,0.008098302465634333,0.006291783776896409,0.0046608521644857315,0.004603273453288011,0.0028321256877825362,0.005521268114076747,0.005931402886436899,0.005104040114427335
load - Actual Load_t-90min,0.004333814999201422,0.004001775527225618,0.010640653941925848,0.004890897284614767,0.0040664061073548505,0.004221897967589029,0.0070098673343673,0.0072878025982899995,0.006204369680062882,0.003434584384744312,0.0041987712975133035,0.004684813331097757,0.0031894089223428635,0.003063443079678905,0.006299399305949919
generation_import - Generation - Biomass_t-90min,0.005575125320196094,0.004429186821841995,0.0155730098707445,0.004016226221878242,0.004133588220891625,0.005534145824023653,0.00431003610618427,0.005685667386245768,0.004386445581661519,0.004391353203533072,0.004760833637407814,0.006406142129017098,0.004756482915640845,0.006900141966597403,0.015023865004141044
generation_import - Import - DE_LU_t-75min,0.002343548151635332,0.003094900407062596,0.00410788158201467,0.003563596033676731,0.003998254159687349,0.006655497790414529,0.002259008311256366,0.0033604270189534872,0.005103486221971252,0.008913504804309923,0.0034042784773846506,0.009738491769938264,0.002118271629222363,0.0021167414516310144,0.0032681525568923463
generation_import - Import - NL_t-75min,0.006771182976197452,0.00938613535222612,0.025272646489043836,0.005213975636650502,0.00398803461933403,0.009934350843544507,0.004177169176017742,0.005580652757589633,0.00645855371579637,0.010345187040522603,0.013820993349783749,0.01830627026356524,0.014581291615468218,0.012029747210268397,0.024983652431845256
temperature_mean_celsius_t-75min,0.0040374997823236424,0.0050685397342604115,0.006390529555799731,0.004431414642770505,0.005507812486001058,0.005144550291301129,0.003263911846488554,0.004417505645626079,0.005134579602479789,0.0033980907089799076,0.005428219385937154,0.006949136669041764,0.003615206703532294,0.004270680618235928,0.00436976804038568
import - GB_t-75min,0.007786753429207238,0.007500724492223526,0.009967731838987675,0.00441301039654445,0.00517569064833333,0.004880678023238033,0.003730944735545336,0.0027615330888716015,0.004954406184360778,0.005276474053458514,0.005016778685878535,0.004918152280413778,0.005867221415848689,0.006930635593853367,0.0075954362501761356
generation_import - Generation - Hydro Run-of-river and poundage_t-75min,0.00974583133962733,0.005574135639628366,0.009092648251455103,0.005123840080596892,0.006348994687432424,0.0062465145770686376,0.0069661729829749676,0.005218849399235978,0.005242329474172948,0.007478823299752548,0.007138770235083939,0.004125690740130949,0.016656077727733646,0.013555109471884862,0.011154152937670005
generation_import - Generation - Other_t-75min,0.007943330953639815,0.006825937431189232,0.012152024158607673,0.007518925510770032,0.009590546321069269,0.01939501953967647,0.005147258767614858,0.004310664202057524,0.005524629588078824,0.009539280456425558,0.00666705054533486,0.011097271942169754,0.005401241551353451,0.0055649144598472165,0.006275011177468969
generation_import - Generation - Waste_t-75min,0.0027135023614314377,0.0034262824199427088,0.006328971761540743,0.0026542786451227585,0.00270069193496056,0.006325906096815743,0.00347782893355452,0.005077075894127461,0.006392095608962336,0.0027180404365312826,0.002674051005629735,0.004940354376562482,0.002703474523298155,0.0031006325569501313,0.006116652372159023
temperature_std_celsius_t-75min,0.004084303793620733,0.003922709159443684,0.004331848253306817,0.004823329644963451,0.005256719859765553,0.0054674553117806685,0.004418319652204047,0.003910188819945688,0.007400946207036213,0.004188437194407015,0.003734525129895815,0.0031041167935260605,0.0035245409594072043,0.002719913674543932,0.0035077358409719528
import - DE_LU_t-75min,0.0029012285028198904,0.002828374902559517,0.0035863507260473853,0.0026630188603023724,0.0028044295111103565,0.0035548139287002413,0.005562715774469542,0.004717277650146571,0.005739590607414357,0.007350573690120655,0.0033975734458872465,0.011480873181018978,0.0033903985952383666,0.0025952311445016675,0.002087062687748585
generation_import - Generation - Solar_t-75min,0.016562443650240313,0.020239789074941655,0.017098634620935627,0.016668483882433065,0.020101987041824032,0.016212451275012425,0.04043272180849453,0.04512520279703312,0.05930914604698773,0.037351612886297514,0.037011393421300456,0.04335327340936056,0.027836209545144812,0.02993185736754094,0.022739727678199415
import - sum_t-75min,0.039196996577826215,0.03890382979145579,0.05248999125940827,0.03429990524891764,0.03602800054144609,0.04743075898939424,0.026484353113322867,0.025191233021382688,0.012490303065873377,0.0273626100748952,0.026680064152089473,0.028827784412547772,0.02520091402341586,0.025677895628788975,0.03376846442310489
generation_import - Import - sum_t-75min,0.007715029003198651,0.00852812319500299,0.024097788860632137,0.008333831813455617,0.008374826870536709,0.02603246824809321,0.008133304141283588,0.006088880986431832,0.007167662816500524,0.00598952200300846,0.004761002332550561,0.005947886915113486,0.010046890759947018,0.009281185981020826,0.015567070392498862
generation_import - Generation - Wind Offshore_t-75min,0.04543040523890522,0.049297008442728836,0.053535577644768635,0.04343748951103953,0.039815758918426584,0.04416227659400465,0.04077846123700147,0.042871093934320925,0.048936825899698305,0.031600558383681344,0.031039061730756656,0.03082550196023658,0.02231750260688159,0.023627445947975504,0.02063258072691315
generation_import - Generation - Fossil Gas_t-75min,0.025037507852391627,0.024057455105008556,0.02159996655123541,0.01706668855847238,0.017103196276592826,0.015834822098840958,0.021420564858213767,0.029420835336495657,0.033737468558425465,0.026177857603310258,0.025795572393602924,0.028248328033205327,0.014299948129220866,0.022827794370132323,0.01686771476571448
generation_import - Generation - Fossil Oil_t-75min,0.0032127492469524554,0.0025967915875603465,0.00408449324675351,0.005306490176807415,0.010122184237025976,0.006661184692709071,0.002037077515949818,0.0030780106100690434,0.008751953836362191,0.0026212150389114297,0.0026589390082062893,0.0026810887127345496,0.002406914277564212,0.004136611818460011,0.004080602328446389
generation_import - Import - FR_t-75min,0.006993479090091568,0.007276908915177046,0.012635021269656136,0.005601321862770419,0.007199339032650642,0.010861041907242906,0.007651401622646517,0.00472770030776519,0.023975760898174485,0.005524691212143807,0.009424865742409565,0.008834136345434672,0.0075230380844332105,0.006345670262544445,0.013609031499232515
generation_import - Generation - Nuclear_t-75min,0.016661009910181747,0.01996784022648353,0.034821442343760285,0.007273969049885636,0.009022842585462513,0.010631823025731136,0.0063699893814336975,0.007132914835085103,0.012720658561738674,0.006832987749177846,0.008177119813803074,0.013625212001672481,0.010677610949307564,0.007322543535064597,0.015050086090588593
generation_import - Generation - Wind Onshore_t-75min,0.00379251303331057,0.00331633636090919,0.005087689518086335,0.006991695996475755,0.005113111913165994,0.007436687781540513,0.009170095690727976,0.011092098470484415,0.009271824142664628,0.005396319569137461,0.002658598990509972,0.004721892797455439,0.004271588030163457,0.004782272335148037,0.0054427288417682575
generation_import - Import - GB_t-75min,0.015063792469954934,0.01542340056761168,0.024869281605278955,0.015241927338647656,0.013533228405642148,0.023146164091129323,0.003907668954430392,0.0051678298574838665,0.006899632284745053,0.008888034978746873,0.0027115615821887784,0.004173863917509152,0.012255630325278162,0.008815085315902253,0.016766948032629445
generation_import - Generation - Hydro Pumped Storage_t-75min,0.023725428619305603,0.024168154943748958,0.03594768602671684,0.012231132960412651,0.012533960230124649,0.013839508209297491,0.00437658078349341,0.0036195172166703744,0.009660003832951361,0.00815391891944455,0.007601772293608519,0.012888875248114346,0.012951689969515429,0.015332391958101653,0.023554678784254067
load - Actual Load_t-75min,0.0066604952715752005,0.01076520537957549,0.004281222274503307,0.015813148500630633,0.015600615746248877,0.008290003181402427,0.015380409353510913,0.01430390390663888,0.008768290260772119,0.005514130222512904,0.008374243595702865,0.0032795144356152833,0.007251943105376995,0.007659936126070533,0.0036144524469482347
generation_import - Generation - Biomass_t-75min,0.005351451744010774,0.004063640811162941,0.007069613830812159,0.005339214691801317,0.004776317319938244,0.011726519584312428,0.005830917172765112,0.007926191846237088,0.004709599472967966,0.005532211651537181,0.004591573657387926,0.004689512227860632,0.004327779101584383,0.005023351419973096,0.0066759767833173105
generation_import - Import - DE_LU_t-60min,0.004852508406404013,0.004370617814044636,0.005378344948318954,0.0036958158857087254,0.0038613623800424646,0.005803700258565186,0.0041647880425298356,0.003525611007029852,0.004376981641918974,0.004313383658345969,0.003545188693316959,0.006868751580521348,0.0031432268553860465,0.0029983275968952514,0.003640193016003991
generation_import - Import - NL_t-60min,0.018698283713500134,0.022392909698508448,0.030147389906444003,0.031249085228933837,0.029169389477967343,0.04459957388664861,0.015091890507472271,0.016602844730291052,0.015112307851471997,0.0065482609558075635,0.0049814717960362034,0.005800231846240422,0.01299638145629433,0.014970635845413199,0.01962618025861593
temperature_mean_celsius_t-60min,0.01828998845696333,0.014338207495267851,0.033919881696310765,0.015672341590914584,0.012193053622359002,0.02515546912530408,0.012692266228634253,0.010035388448639423,0.015563568552992365,0.008976061445657251,0.005014809983651503,0.006833996580980966,0.016280161035247147,0.014362473989007413,0.024370845182063932
import - GB_t-60min,0.006183526738859655,0.003556962564109881,0.004872062686251411,0.0034071813875475527,0.003022249911955441,0.0046132608047937534,0.0033286016963729706,0.0028076738141908208,0.00680829803729921,0.0038717748545277573,0.0031133704565941118,0.002910472268421927,0.0038510838979998424,0.002906802783229068,0.0037826577712121432
generation_import - Generation - Hydro Run-of-river and poundage_t-60min,0.01053551818708729,0.01158082972712873,0.010724690833609203,0.006966555210449314,0.011491585916635813,0.019086055606421723,0.004742357810433532,0.007434182744087593,0.007925360818502668,0.003932396788286496,0.005999662030269974,0.006451909211689781,0.008408718404094543,0.004514013221349159,0.012607394491420563
generation_import - Generation - Other_t-60min,0.005377836183379258,0.004629861487061134,0.009326392316334023,0.006943600193613975,0.005137587603627253,0.014995572328160052,0.004250576150132986,0.005490316731038547,0.006154558054397057,0.01464224121638108,0.012326466521794373,0.0173950795425917,0.014241715721676883,0.007764394165082194,0.009698995156815727
generation_import - Generation - Waste_t-60min,0.003582829229334493,0.0035431643041720236,0.004386013075429219,0.002656012174271041,0.0030382607092224135,0.004005205044904869,0.0020937940243798037,0.002276268477246049,0.0036820830212018337,0.002637999000924992,0.0028877899018771133,0.005368376576740956,0.0031356046864502787,0.002978326144482708,0.003022274171903973
temperature_std_celsius_t-60min,0.004993719533118565,0.004303402207292493,0.008213934086171321,0.007119869735596694,0.005216493635903135,0.007050245450163402,0.007320300950057572,0.005851420380455238,0.010000993896566796,0.0023538534311112473,0.0037243143639661865,0.002282892905344397,0.0026196476169433255,0.0023140422208621204,0.0041307204481308875
import - DE_LU_t-60min,0.010608606353504002,0.009535993291607156,0.007098092028267274,0.011740724626317388,0.015131943895830773,0.005086797910866153,0.007404909866765593,0.00897598832703079,0.0029766914860510953,0.018300085677590686,0.021122465106018354,0.017869643593090588,0.014288555401697522,0.018578554884821644,0.01297636619178229
generation_import - Generation - Solar_t-60min,0.04120585883977765,0.044647520285048814,0.058516651510319206,0.03095939022762468,0.03824501000611053,0.042832373745332004,0.03741064601406106,0.02525838878695504,0.030930805008152675,0.04880664934101515,0.05628431201295461,0.061363391705381215,0.045664132246180086,0.04632484336309426,0.04215797739673872
import - sum_t-60min,0.007371983576485945,0.00616664348004997,0.009129855832987232,0.00619719735697754,0.004652788707457148,0.009956837529782206,0.011135990104856318,0.01675229866263544,0.0224093404166706,0.005844664091260711,0.006655581873499614,0.013466523010169568,0.008471281900689064,0.00485669125833374,0.006806887144387361
generation_import - Import - sum_t-60min,0.025322784122443407,0.02098668321959849,0.045050496588868554,0.01737669693498174,0.019753148030351438,0.02917794428652269,0.01739430561631161,0.022643792617833242,0.02107115668631013,0.007685591516741625,0.007054784450974694,0.01270862678769663,0.013705670887497036,0.010556808951127096,0.02782383329299637
generation_import - Generation - Wind Offshore_t-60min,0.06129495177650824,0.06067491158877965,0.09266888781497255,0.054753929262864404,0.05285936757437594,0.06545464666828048,0.051505051744985396,0.04808274432386679,0.06159138911520131,0.04585706436712644,0.04800142431835411,0.05650594991305843,0.0459968808076228,0.046051772851176793,0.0602320676954987
generation_import - Generation - Fossil Gas_t-60min,0.01923148915078491,0.013793174334336073,0.024300874686508905,0.0211048860392184,0.022882451863522873,0.023679704269918146,0.016265428227430677,0.014698492926981999,0.014064958071667206,0.0238193243847345,0.022992088766593952,0.02389414195398422,0.02095523195702117,0.026279806908365573,0.030726046510331798
generation_import - Generation - Fossil Oil_t-60min,0.01213685026923349,0.00893974294713189,0.005577795337701446,0.0077619905740987745,0.009207199887857315,0.003954603529265739,0.012284177614948022,0.004888318197368051,0.0041098270518896245,0.00622170979184375,0.00972558035795646,0.009383265034579381,0.004457429304322432,0.003413540078087294,0.0035558541588716253
generation_import - Import - FR_t-60min,0.014561923017308572,0.013924773687678681,0.0177952169563996,0.005807769972267124,0.011244875518306798,0.008150308282993138,0.009913393986126721,0.01233731473829539,0.009526543432442849,0.014112430792054511,0.012651918081041913,0.021478789092827355,0.011435995528416242,0.012026627847029885,0.012876858822798567
generation_import - Generation - Nuclear_t-60min,0.006560084898868808,0.007381450316124756,0.01467008975371573,0.008587656785020954,0.013080664761073422,0.013161660197976743,0.006952741035759118,0.007369805169393658,0.00829285906667974,0.008477579052560032,0.009805472640335211,0.009677462124840532,0.00751142339155922,0.006401517072506977,0.008339528631966459
generation_import - Generation - Wind Onshore_t-60min,0.02210774580464931,0.023910925749543822,0.013694703617229607,0.01945416176361323,0.019536650961525993,0.006198233391028964,0.020605169203277682,0.021664122502229474,0.015421065698261373,0.015859496470817247,0.022891229696437223,0.014644541368576028,0.017009300182642618,0.016394416062725212,0.004005661729901476
generation_import - Import - GB_t-60min,0.00897261819284222,0.01051240211566619,0.006026821859948541,0.008649883740123187,0.007964019360370002,0.0049051504380340704,0.008396107479460626,0.008194138011575888,0.003578856470878918,0.01285487618771731,0.012721807003195864,0.010828080177336233,0.01257184839984984,0.015320882149067985,0.009471397087560035
generation_import - Generation - Hydro Pumped Storage_t-60min,0.008494748491280915,0.007958960348671098,0.004984289059320872,0.0031715464185836026,0.0031588318259464358,0.010231280930660433,0.00932223466105188,0.010942095873449943,0.010623389416026838,0.016483771729394903,0.019832597288550458,0.023199320219808216,0.013379302434008424,0.014123584415074674,0.009892710613006785
load - Actual Load_t-60min,0.011184729387128755,0.007884701228957056,0.008769575878635806,0.0130929426443181,0.012080906145856716,0.019981516958170686,0.013180095876165069,0.014226410663715796,0.018880645185244817,0.0038620560512426893,0.004090393617887458,0.00434818055856158,0.0035270001135354503,0.003967943364871644,0.004998206656553521
generation_import - Generation - Biomass_t-60min,0.0030946827954905984,0.006006011059782395,0.007982192386931274,0.0038997274009689134,0.0027981372558601833,0.010057000260723726,0.003400565521689714,0.004052507214435991,0.007583615250092407,0.0036757534335920355,0.002975770273080343,0.009092611629414023,0.002162546981603555,0.003086551092694208,0.0032045078665787516
generation_import - Import - DE_LU_t-45min,0.002323164411237485,0.002157286568296513,0.005232470195732731,0.0027642836660807008,0.002841303349421651,0.006984746813377569,0.0029305054383221433,0.0023277270212884106,0.005710926244268194,0.0024626041055940957,0.0021768222327565923,0.0037763239370769953,0.0035118040293746163,0.0026276094320282937,0.0045003932669650335
generation_import - Import - NL_t-45min,0.0051779471556801585,0.006858158043319918,0.03341943693880296,0.0048456788856565255,0.004870710583239997,0.006943352630742083,0.006677408827535146,0.00686227818995394,0.005356673815887461,0.006744817711976794,0.009015896765893558,0.0052160145855850715,0.007062730857381212,0.005546976290602288,0.022773613001554623
temperature_mean_celsius_t-45min,0.002990573744282301,0.003306551092957079,0.005035784670032626,0.0026068606656722295,0.0047767353771014315,0.00923760447424138,0.006841271869079719,0.008791355534180183,0.01887041753109952,0.005593928437907379,0.004434095226828504,0.012240014992565421,0.003657874621661904,0.004282547747454373,0.011588579525858221
import - GB_t-45min,0.002612306550915946,0.0025268668864036952,0.004573171826606995,0.0025832203484396814,0.0047134009788014734,0.0033327212292479087,0.007943381901157408,0.005369409113558504,0.004358500240634157,0.003425518507610377,0.008271045838178906,0.0035853148128539374,0.0030139406607504497,0.002476418852947063,0.012535386123949138
generation_import - Generation - Hydro Run-of-river and poundage_t-45min,0.015942151438359475,0.01884392769484839,0.00927246074010327,0.012963997690974793,0.016266412696484964,0.011968733441212862,0.009341535987296083,0.0077135720378009864,0.004750063024784367,0.0057421164551051335,0.005092670611483299,0.009279911095480202,0.003680196896061716,0.006887075463262903,0.00468936227629456
generation_import - Generation - Other_t-45min,0.06090738453989616,0.05746500491822371,0.08919574825116433,0.04786774494161364,0.04113410675519844,0.05593694879149552,0.027143381722195044,0.022406539501942463,0.017420321637000597,0.02460748556710314,0.021629190644345726,0.018484837592385703,0.0390642402441008,0.04076509707036894,0.05267291998071596
generation_import - Generation - Waste_t-45min,0.0033628806626402365,0.003725040018828622,0.005294972776435316,0.004439638917700904,0.005257190991648713,0.004100869773410522,0.0044005509000635355,0.003519436072157987,0.005413104261038825,0.0033762152809858888,0.00403500383370374,0.004429452773427329,0.002934936457637377,0.0028511298614575936,0.004150915328285919
temperature_std_celsius_t-45min,0.01554167185310871,0.012316503241914687,0.01706929837136704,0.008387479380082368,0.01004345667164307,0.0064063690949105875,0.0030444026176801343,0.003511230536867515,0.009762941393510118,0.013173168903405894,0.010745861943426463,0.007825592506831526,0.015826135633491504,0.014532012336530897,0.010187969259801321
import - DE_LU_t-45min,0.004393150234060159,0.008089807436080378,0.00862722504658359,0.0055190044020455385,0.005008008354069716,0.01595316186378477,0.004411502821642444,0.00420496927811837,0.005176255934709843,0.006313857634566375,0.0048904859946705985,0.01014923009117956,0.005841120550532651,0.002733443779361551,0.007406765194842592
generation_import - Generation - Solar_t-45min,0.06816939492721576,0.06417175388084434,0.13304640601063147,0.02632596795889549,0.020852979911935108,0.03629424461448798,0.00949344334952184,0.005167380708500787,0.006107516200167083,0.037556260384008056,0.0352516561341763,0.04852454207953997,0.058587606488843445,0.058188325176131914,0.10944351594813634
import - sum_t-45min,0.006944387855928653,0.007322758647585943,0.01850548012489162,0.005492904378690582,0.005868435749207492,0.016612071868337807,0.0069105243768717625,0.010210529906558805,0.01697871207278513,0.013671544224289392,0.008658687305873172,0.02299551244588656,0.006597402101753687,0.00693797122514934,0.012828369657105213
generation_import - Import - sum_t-45min,0.009413201417817619,0.009707492605044535,0.019302418728999328,0.006231721612932234,0.007054287800563543,0.009942772508708004,0.005374190070831901,0.009556482453335775,0.006830230511876607,0.004897542815153429,0.010443721160416317,0.008584093549761746,0.008524409951977759,0.007650728768750923,0.014289122915075496
generation_import - Generation - Wind Offshore_t-45min,0.0699912526337721,0.0697908957801992,0.10243643153680022,0.05510091553960229,0.055177071528800296,0.07313905987298858,0.04247373370046262,0.041041784367829674,0.04653847580985166,0.04485524195078324,0.04169475370833243,0.04732661550270859,0.054629015776881715,0.051486709503318705,0.06648687173357029
generation_import - Generation - Fossil Gas_t-45min,0.030223847383604154,0.030056044751545413,0.06552587376954035,0.016990220946274347,0.016043709663470507,0.028467666770913638,0.0032066739540726986,0.003241242567034078,0.006269421969264386,0.009927993257340858,0.011539265924715438,0.014584432671399554,0.019090563402773115,0.02232924936141353,0.037711769466812255
generation_import - Generation - Fossil Oil_t-45min,0.014288172628963366,0.011231131116219331,0.010299737985354569,0.02297809374181088,0.017641618137655316,0.008705814912844516,0.008286127759492955,0.00735250182080199,0.002447445128178515,0.00682771658513957,0.012674578095669858,0.005575260376358529,0.009282146222511074,0.01586706454970408,0.013075155349026318
generation_import - Import - FR_t-45min,0.033932527746233974,0.031008004596311367,0.0519485230105347,0.029119693043299776,0.029045609687731486,0.03672669039433822,0.022505769794071966,0.021100986780460518,0.011842172457880225,0.023644696256993485,0.02396487109269947,0.02389687905692699,0.034327041512908184,0.03187748918745638,0.04240054264034552
generation_import - Generation - Nuclear_t-45min,0.010077805943568819,0.011300766354353982,0.012922171468067973,0.005324931496992576,0.007600676362588274,0.008510264852258842,0.016035172861549655,0.010002272676928669,0.022576334027093255,0.010390806110077392,0.01382872323639458,0.008371646035986486,0.010173860055059776,0.009503922183158011,0.006132468249583326
generation_import - Generation - Wind Onshore_t-45min,0.014005226895926171,0.010837546902128452,0.0158783003618737,0.011495572328100025,0.00811654956184111,0.011715645811462309,0.003837827548088171,0.0031441968643994185,0.007260511119202647,0.007391771901827269,0.00858531159000995,0.006985295806984141,0.013196254039747146,0.012713954611605004,0.012644943855950259
generation_import - Import - GB_t-45min,0.01550716958213161,0.015538110784313176,0.026415308011710294,0.0039919269865604295,0.005928564628119602,0.004230218224716055,0.002319020904667923,0.002983598250068553,0.0036390981986660336,0.0061422849964801575,0.00846665677789133,0.004616369438626862,0.012810117899425677,0.011007941523273985,0.01046299385313614
generation_import - Generation - Hydro Pumped Storage_t-45min,0.03751747455139411,0.03548281703081739,0.06408298634481616,0.01732879232020605,0.01587776594486786,0.014265540113621342,0.004100915544808231,0.0040736867893920135,0.010556783355285006,0.013375169280749106,0.01173516909389764,0.011422860020241387,0.027313695296499647,0.029696076998632633,0.05014549799537053
load - Actual Load_t-45min,0.004956065569689599,0.004336314780517569,0.004769537739870884,0.00510289630853731,0.006019178222668415,0.0053712447649159,0.0069233059356683955,0.007846662506199208,0.01194112945640518,0.0115906270255864,0.012465566389822925,0.009795346854095584,0.006415615005513246,0.003931593534171043,0.004866911953900626
generation_import - Generation - Biomass_t-45min,0.006526955687498685,0.0076653583369107135,0.023526988653160514,0.004002025982987107,0.00824341955604541,0.022218415402719984,0.0051091910733020995,0.0038282005627042963,0.003881795540353778,0.00781411281497276,0.005046752264326642,0.007001104807812226,0.007799429577280534,0.005937729416287766,0.01154354342665465
generation_import - Import - DE_LU_t-30min,0.011080223111683154,0.011784332500828896,0.014744943891302683,0.004631466969058238,0.004811816908355467,0.003646345132891838,0.009015202477719867,0.0062228401111533455,0.012014793737798755,0.008011698666326993,0.005456894440590986,0.010376490645547165,0.005237987014055761,0.005362263110899221,0.004163839727800223
generation_import - Import - NL_t-30min,0.006675806918532544,0.005395661583016136,0.007419267385870626,0.005571566091910426,0.0056892797342407,0.005594315490467124,0.014479063833452528,0.01260927321309282,0.018728451621165734,0.012202845710678957,0.007481863896526647,0.012849405021544953,0.004709716382378019,0.004926169005688734,0.004332724134804948
temperature_mean_celsius_t-30min,0.005059389757458121,0.0047144454126582785,0.011538669411057526,0.00464757039358301,0.00384320932137598,0.008764398428778804,0.005226833759370493,0.006854306923494732,0.011133047328119573,0.004425210911810154,0.0068532309695729056,0.013689726194628746,0.0061193187755998225,0.005469773604865623,0.008106110207245365
import - GB_t-30min,0.004204759167136217,0.00802470929834817,0.007570365668913837,0.013264199382043443,0.013080197956995106,0.02003151979035465,0.011788319424464134,0.006936610816304892,0.011212487031734782,0.004822571682662101,0.004116226483122489,0.0035230868765193006,0.005420283418374311,0.004515260692360243,0.005426884281792809
generation_import - Generation - Hydro Run-of-river and poundage_t-30min,0.0047341409487494275,0.005368338889475126,0.00904312202079018,0.007894295567832159,0.005932740764056689,0.005656245721365394,0.0035719045725965087,0.004499514186939905,0.005127058018903426,0.004404197991327237,0.0033749152629388847,0.005867489660820866,0.004724333955839029,0.004819700172281955,0.010573195874532757
generation_import - Generation - Other_t-30min,0.031992578845776734,0.027188184637801895,0.037414556761496895,0.037937738472825916,0.03738313035594183,0.06027847504898091,0.022409804412818632,0.019046190038963687,0.015249824261902177,0.007318746595908123,0.00667397756377295,0.008172938788487955,0.013686598857239005,0.013699763083335028,0.016546703981766768
generation_import - Generation - Waste_t-30min,0.006759307610282122,0.003155234681215916,0.004040652762912032,0.0050719239443569675,0.004767813407714129,0.003885208590583716,0.0036350573341860583,0.0026516704332079826,0.002600084085303024,0.0025082512957160363,0.0032563963120228437,0.006662676062573155,0.003866351801494602,0.004042536134242255,0.005006708022540806
temperature_std_celsius_t-30min,0.014058658347192249,0.015050880949631392,0.020849287185634693,0.009429143159377418,0.011294170470919199,0.016087840648164275,0.006041704439916884,0.006786361776616104,0.003770818344860345,0.005348542969251867,0.004462181624807272,0.0035544713923563905,0.0046201441017383335,0.006486447492461593,0.0043647860380147
import - DE_LU_t-30min,0.004082379217797154,0.005221513793469456,0.017517381203811966,0.0030643663526489034,0.004948918062371376,0.006255195745865421,0.003259761504821654,0.0032946814171209552,0.003222296872916559,0.0030055690859062453,0.0036935949109843024,0.0033978289270635287,0.008011816902002466,0.00508281632559374,0.015434601221000776
generation_import - Generation - Solar_t-30min,0.0206814704837725,0.014340086661715759,0.015920443199778676,0.013860471067062462,0.011569839887266425,0.026598937245289563,0.027999098537722603,0.025113494431599975,0.04080756444131839,0.036869741649876234,0.030802618513938795,0.05562445368588669,0.024676593697367934,0.017369119242503075,0.017878713523532496
import - sum_t-30min,0.008870566429919563,0.00926721855298092,0.016636444526779086,0.004923299842223969,0.007487605409923617,0.012021307363509549,0.007536177298238044,0.01073302145129128,0.006945402669374744,0.007617829966155114,0.007031874577806775,0.011210794217653301,0.010739885434193639,0.012992015223906491,0.01748023849677884
generation_import - Import - sum_t-30min,0.010710332884118543,0.01120282866928028,0.016711054198269265,0.011935925146259251,0.011168646626974804,0.012745444873951782,0.004257070960960846,0.00654445634494914,0.007768126839164551,0.00867622577883776,0.007920245092733239,0.009465608177320974,0.016750903606807695,0.011304278358253214,0.01989345552198938
generation_import - Generation - Wind Offshore_t-30min,0.014314292723167454,0.011699025791911481,0.021457413909640764,0.018565808835359347,0.01748070283060224,0.02473186034907121,0.014524880396230856,0.016873800823984084,0.026016920958005358,0.00794563238390424,0.007803806258814802,0.0039952551553142255,0.011706535392208025,0.012723708753874234,0.012605186577464338
generation_import - Generation - Fossil Gas_t-30min,0.02281120048840239,0.022951704160277586,0.03564931579137919,0.01195141499548663,0.011255759647494415,0.009289104828196287,0.010812964099575766,0.011674550758983968,0.013649924686156736,0.027549133519174575,0.02505901194314356,0.036932379213394595,0.026929330714425305,0.02934151113154803,0.030503195287892595
generation_import - Generation - Fossil Oil_t-30min,0.003950051462765259,0.008074075953474676,0.01731304968651966,0.012069595387787558,0.006450416260970087,0.024626862739605713,0.006069419197738171,0.005389249477128033,0.003944451157977255,0.004837581402302021,0.0037677251106870246,0.006966101886558136,0.006928519457811489,0.008765864668530412,0.009203860856174174
generation_import - Import - FR_t-30min,0.02393526887433836,0.01906281711745396,0.04442850588299916,0.02005434255466389,0.019917504391385593,0.036440142585342984,0.016156387450340846,0.011778796809225242,0.020377097660530127,0.012120659985366728,0.01033797565131681,0.015139126030524494,0.012067650015749677,0.012697445402940502,0.020781928063661324
generation_import - Generation - Nuclear_t-30min,0.0075847041328379414,0.012441172249062219,0.01014180790098908,0.004849527870375823,0.008075001348199294,0.010452033107023454,0.010928862493048655,0.017119744463358073,0.028150607543298976,0.00900236536852026,0.007489288656295685,0.015266015166660055,0.005943216901137476,0.0049048683744011895,0.0064444170977294565
generation_import - Generation - Wind Onshore_t-30min,0.009382571201436804,0.008834001041468581,0.012360237759712617,0.004560745651949674,0.005928250238386681,0.005230520056016303,0.007281395406775118,0.005848100191519734,0.009231827555307973,0.00668641861091055,0.008212634529103525,0.007414610761305084,0.009813934046940118,0.006988973546918714,0.01255487163249927
generation_import - Import - GB_t-30min,0.0035181599353081767,0.0030792025199243653,0.006712308912359731,0.0035802604007749324,0.0031725813473635752,0.003670299747615445,0.002777306040902658,0.002977244045177031,0.0030190038980117606,0.0035234103285220046,0.004814833815635211,0.003027372500800993,0.004726915753686626,0.005742114680135273,0.003558798464899155
generation_import - Generation - Hydro Pumped Storage_t-30min,0.013209823574172334,0.01227886062998732,0.022164849568282078,0.022865093574029743,0.023474290235310037,0.03923387397340775,0.005454975466489486,0.006710658196974123,0.005373300019571616,0.0035445567933056737,0.003280858534556046,0.009535210499085223,0.008967614693909127,0.007705837277128012,0.012426552011740569
load - Actual Load_t-30min,0.0027622054956702867,0.004360497566031882,0.006385363107946432,0.00418461991197546,0.0035205022405225463,0.008734587348313652,0.002408046781651137,0.0020203119440593584,0.0030299421656800403,0.005269781355248142,0.006130790846525997,0.004541630516315081,0.005076215452427277,0.004014948466816804,0.007465174711309373
generation_import - Generation - Biomass_t-30min,0.004729662469788309,0.005138815553317045,0.007972877829261052,0.0035987909282822555,0.004409829464169889,0.0057664223226501,0.004187594051447377,0.00804041639836214,0.008122388813790167,0.003979183141253998,0.004433557829197525,0.006099173122982847,0.004023262120850404,0.005147541381657902,0.006925461917548091
generation_import - Import - DE_LU_t-15min,0.014990078470378648,0.009585223895956006,0.011509956436275387,0.015540456438873662,0.016622660493594593,0.017586350414785557,0.005399585256429419,0.004873764530522749,0.004216708416901384,0.011755780580744613,0.009451627425409241,0.012972431186837639,0.010666944795113523,0.010222647719754605,0.010447820730740204
generation_import - Import - NL_t-15min,0.01243231259373715,0.016336009440787166,0.020079989589517937,0.014976759724668227,0.016956464362775706,0.016301272580152727,0.012091102722603409,0.010595676012646209,0.00849188998455702,0.010860064137232258,0.009078624082931128,0.004081100804700327,0.009088276705724638,0.009235023882271435,0.009393552427878604
temperature_mean_celsius_t-15min,0.01946908940206049,0.020724055714570568,0.025743449648121895,0.022464942123071523,0.021102751190861455,0.031200377406872575,0.02235462275595637,0.020232054369844262,0.023759872639260722,0.01185876639862181,0.015479102805598813,0.021829260672908277,0.011282197425127378,0.010506183745746966,0.016722682900949165
import - GB_t-15min,0.00417443931636808,0.00790030004804612,0.006258142192865762,0.008413056985504227,0.008095197912571166,0.009771807467215694,0.0035624408641724585,0.002810234231043978,0.003864753152976846,0.0027743272185557543,0.0023984069656871727,0.0032103941711297923,0.0027698694054192857,0.004866080355392114,0.004418554366905028
generation_import - Generation - Hydro Run-of-river and poundage_t-15min,0.006049822128625237,0.007870189554747413,0.006488681729322707,0.003474744712584652,0.0032920465182075987,0.004842376784686848,0.008527458895034215,0.011899408822340774,0.01338432047930837,0.008384818553924561,0.013003195579893144,0.014518883298063884,0.009395987583498936,0.006728593768366408,0.009276747604439152
generation_import - Generation - Other_t-15min,0.026011809897085188,0.0213228565163663,0.028843992523448832,0.018832397064295948,0.014490638632370973,0.01611404843415221,0.0036315770853070717,0.002995242476715248,0.013817834109449905,0.009080178045780485,0.010304276711944112,0.0058710943072983355,0.01880520572363821,0.021259924547466655,0.022554920364600547
generation_import - Generation - Waste_t-15min,0.004036486994516053,0.00480033780280155,0.0057292191623619145,0.005794644900450294,0.006843039017137926,0.008831668252030795,0.004550871958037987,0.006247054057501373,0.004972388700965439,0.0049580194126647254,0.0036212778031531343,0.0027460311162183187,0.005124124315856534,0.0065254176152739094,0.003894108365753823
temperature_std_celsius_t-15min,0.00968273549436708,0.010631573151909834,0.012937094006354528,0.009563378486935108,0.011198927817313234,0.007937049474545347,0.014405111252704956,0.01425819942871749,0.022705604456568836,0.006628812117432972,0.005709019235872347,0.004408028196783562,0.0050342861970202645,0.0038070057039612947,0.006516711113049496
import - DE_LU_t-15min,0.0034047655887770815,0.0032118471654160887,0.004602053805338073,0.00304766130376629,0.0026036603141769772,0.011262020658352412,0.0031111956065251432,0.002720552929358746,0.0036002705509727093,0.0054829279346076875,0.00590823799426289,0.0051295097939473636,0.003891788167284176,0.0026110538196073775,0.006095950584955062
generation_import - Generation - Solar_t-15min,0.14615954504688852,0.14350682270834658,0.20068457285815383,0.11864926518476568,0.12062060383800417,0.13290284726466053,0.0709947735889582,0.07172171129251365,0.04391316644789185,0.09311580416490324,0.10007547423074721,0.09779357396950945,0.11152672994701425,0.11404322542063892,0.13102491469669622
import - sum_t-15min,0.02940467645798344,0.018575123979753697,0.03217820188032602,0.014350589180725364,0.016019792680352113,0.024481266410795798,0.019842564501002927,0.022438282892937422,0.029559280550787662,0.02127553212620751,0.021209988468203562,0.01535661425377475,0.02062373646679771,0.02137709742502193,0.021353644210554194
generation_import - Import - sum_t-15min,0.0055335802770150625,0.005739134106267556,0.01600694803244187,0.005792862263939241,0.006179939176092376,0.00930803946913511,0.00958303741097916,0.011033535189839313,0.017513611941201816,0.008595840181871608,0.004868558559055145,0.005741399894315691,0.007346622288543585,0.00465340206800829,0.00832225514773836
generation_import - Generation - Wind Offshore_t-15min,0.047490304407314395,0.04908472927832918,0.07169251265679485,0.03733928198201465,0.03879207492449132,0.0494978943997121,0.030146703496633565,0.02792597544507589,0.033048059655120594,0.030433760419284226,0.03190449721118784,0.037630369040402005,0.03020999498083256,0.03052266878797673,0.03830981979514763
generation_import - Generation - Fossil Gas_t-15min,0.053531366968395215,0.05269174745789496,0.08631002662936225,0.04020068583266402,0.0438058092299907,0.06369254302908667,0.02392665837534878,0.024457842403964605,0.018467138923238962,0.03565012526523788,0.0322665769578598,0.035894728603714614,0.038274605258367955,0.042786992478868344,0.05311575784813613
generation_import - Generation - Fossil Oil_t-15min,0.017461320398084353,0.010656423807982719,0.03629538232710911,0.01120027271179424,0.007496479549787182,0.027763338701275644,0.016348892980633536,0.013548420119486764,0.02903809996851487,0.008479249537471333,0.005837157948493769,0.015787485686625587,0.012335191011836286,0.011843435464019421,0.019133595986815636
generation_import - Import - FR_t-15min,0.023830982437415514,0.020636401983443648,0.05113648351399752,0.016145932737029398,0.016478045684806604,0.027787667325290387,0.006619948030688419,0.0032242659386847662,0.008811376317323266,0.00915977432949603,0.009075807214831002,0.015489616782593658,0.007103463647876197,0.01404798229399239,0.02847207988827722
generation_import - Generation - Nuclear_t-15min,0.0321636380548589,0.025501079338020646,0.02143647273091483,0.015854873906813737,0.014741188210857218,0.008675446880195522,0.02797048202645965,0.02356032920756843,0.013143425866710459,0.033099726549815384,0.02648183764715213,0.01839779073256068,0.03513350180676207,0.03332560221338644,0.015323570866872615
generation_import - Generation - Wind Onshore_t-15min,0.034993065492017195,0.03416926646091315,0.05200319291104097,0.029804098134147354,0.026772162458539243,0.03691498515167768,0.025534826649120077,0.025458636470692,0.030696526862244354,0.023349277834946405,0.024280457483633656,0.028049461566086394,0.025890149329090492,0.025703177554280046,0.043297965403908165
generation_import - Import - GB_t-15min,0.018218555033789018,0.02003714132830646,0.029001627727353478,0.010400349329924211,0.01178168817149708,0.016251648194214794,0.003400799409411775,0.0028404427448240313,0.006150415201849228,0.00948600105413061,0.009405404996767175,0.008228255213820375,0.011843335482513795,0.016538329332572176,0.01802033767692046
generation_import - Generation - Hydro Pumped Storage_t-15min,0.009507323158827604,0.011303009933553312,0.013285745279252296,0.0035169907023073392,0.0038283851396793125,0.007677475594970019,0.012414364872733131,0.01522590692366066,0.03229684895550599,0.005310575665760552,0.005928679064372773,0.0053672026851454575,0.010042923263951252,0.010588092733003578,0.014364643491288007
load - Actual Load_t-15min,0.00423378527067996,0.0035957971185925997,0.006493680976944234,0.0036528037978346218,0.0029184443723916046,0.008115845710926805,0.0030968491275270935,0.004174067408788687,0.005053627878614407,0.009515948963540723,0.0105674755172804,0.007418927068138146,0.011228531791084606,0.008105508662785723,0.009727316418463488
generation_import - Generation - Biomass_t-15min,0.004297218294664162,0.005534598365695274,0.01937609779196646,0.005076811460116005,0.0035429433994595455,0.010760054981034045,0.006198075172615063,0.004615084707111237,0.0053060060100106055,0.003137613323140613,0.0035103434865814053,0.0074202774441728256,0.004936306073977903,0.00390974195742092,0.01340359852934489
imbalance_prices - Long_t-300min,0.0034918520871024157,0.00499234521517792,0.003213659052766161,0.006894077334392932,0.005707171520269185,0.006080671074025303,0.006180116948322393,0.006817997266623024,0.004348971447440817,0.004625479428927065,0.005328658483042091,0.0038662314440771296,0.008179739099934408,0.007684495788842696,0.0037865364259469063
imbalance_prices - Short_t-300min,0.0023624401979742515,0.0015070339671076453,0.0030959157432887425,0.0013900181961748785,0.0018468211336396508,0.005146513215219187,0.0025711072106823847,0.003648613761379238,0.0029173222311474093,0.0037942357546623955,0.003880805003056594,0.002750065249976615,0.005499996864630702,0.004144080119131104,0.004679777967627047
imbalance_volumes - value_t-300min,0.0036576770862141073,0.00360225311546003,0.019208860433172957,0.00475361964453532,0.0036339784931269607,0.01793222451544716,0.008784914129819299,0.009258490171000147,0.003469568864437406,0.020690832537471122,0.02214716210345796,0.023498442702565625,0.003915204593862655,0.003518528153849502,0.017037982327048666
imbalance_prices - Long_t-285min,0.00255476849837396,0.0025654526471535063,0.004877326718448103,0.001953545880324782,0.002500720443080354,0.005210935421295062,0.002395800177098522,0.0024942329325626815,0.008311605113289261,0.0030865571985200404,0.0017830451824520424,0.001975485474747984,0.001802563037164873,0.0017091494403248361,0.0022201548889242985
imbalance_prices - Short_t-285min,0.0051951818579021565,0.005511125169636216,0.003945679408471278,0.006079537959091795,0.006659289367121346,0.002919598359637348,0.00867201280967788,0.008161720981752297,0.005035477677367453,0.005579908101663022,0.008013722822441196,0.0030080734712473714,0.004123747857898707,0.00414905401903161,0.003145012566117657
imbalance_volumes - value_t-285min,0.014874960567009566,0.014188519634744807,0.018336629852854457,0.003234013637600583,0.0036306574689165243,0.012520539078518595,0.007450483779890874,0.00664433068895596,0.02589616157596174,0.003555878822222439,0.005784006719686659,0.01720488176372055,0.016051914303548985,0.014607632704059141,0.022244013603951316
imbalance_prices - Long_t-270min,0.006504443861460459,0.005507047603621686,0.007714365872060135,0.0035020194452849863,0.0032402848215639323,0.0035912286359052813,0.007267879288008771,0.006059128415590294,0.004993219562547893,0.01077288521338778,0.008222721089034166,0.006978702631859051,0.007097270973968989,0.006872089304079054,0.004518298005398265
imbalance_prices - Short_t-270min,0.0032961487913926247,0.0032291893453498233,0.004523041983955409,0.0028297544689380627,0.002646421195033781,0.007430651969272731,0.002102972259552189,0.0020206273476414934,0.008526307878863463,0.002154349895472251,0.001860083418645445,0.005315733244211515,0.0024133916114233217,0.0026062316903417014,0.0037586573873577434
imbalance_volumes - value_t-270min,0.0028605526622795877,0.003517839982366354,0.008496426210367645,0.013228344859944627,0.011605566814396298,0.013709690567509824,0.0024762646749436497,0.00290990746887212,0.014761376642694814,0.0032770036484980666,0.003765382970286737,0.02069076666701585,0.003569253336340921,0.00293516582373195,0.013165531988643125
imbalance_prices - Long_t-255min,0.006246068033047777,0.007519096289546724,0.006386491922188725,0.005971354323328341,0.005074489295646345,0.00367818003821958,0.00213861802016163,0.0022872942234025686,0.004514288271644091,0.0034924441922712505,0.002924417360255575,0.0024226675023419375,0.007696511611427923,0.004044780535883092,0.0036179182313990166
imbalance_prices - Short_t-255min,0.0024625313886747335,0.003344959473669405,0.007210344842453196,0.00285203310092038,0.002881399089903425,0.0031922675239725324,0.001815658203156545,0.0026942006665958617,0.0027472039347551346,0.0030501581123480717,0.00489368988973365,0.002927674818789001,0.0022122635982796054,0.004256964455199522,0.006151846171127545
imbalance_volumes - value_t-255min,0.00368759716830391,0.005423233749042993,0.012342586682931141,0.002529858199292903,0.0033502153313966117,0.006123221109377483,0.014036227166696336,0.012772156818959048,0.020489464482365292,0.002620604360477955,0.003286358545294206,0.014816201136682139,0.004175911594865284,0.006402856457116286,0.019132048838157514
imbalance_prices - Long_t-240min,0.003563040760785043,0.0037529229661104183,0.006406948085490058,0.003522782200931715,0.0022749420263113505,0.011384288879635279,0.003254305771211875,0.002193097804062745,0.003162267980225806,0.003049436862772609,0.0020451906962543945,0.006244748092591181,0.00226351206792242,0.003154446469307004,0.002124690376809667
imbalance_prices - Short_t-240min,0.008501325629784163,0.008576701549853169,0.00676364849044677,0.009448838026564772,0.010426864568341215,0.009689930772241496,0.010195732462441811,0.009847898334104684,0.006240129178115239,0.008172232167825314,0.005119421874725958,0.0024100347516869077,0.006536404288875928,0.0074298459520287,0.0047151672769141445
imbalance_volumes - value_t-240min,0.004424938456795189,0.0066122809005109955,0.005479202497950609,0.002724303932126759,0.0025075848112023776,0.010742272863943981,0.003804839300001504,0.005032152859132112,0.0054394204212821935,0.01431369762554823,0.014740593874706973,0.018075319319155823,0.0021696536139697857,0.005467439349831693,0.00821529945234215
imbalance_prices - Long_t-225min,0.004077118379576859,0.004992198081892638,0.0054900875793246085,0.008637084999244963,0.008108995775659423,0.005430865816109872,0.007548287705394614,0.006012689901221165,0.004095929641579005,0.00935965534933348,0.010142498028048067,0.00713982586369093,0.005957461161467222,0.005621567374673759,0.003305686455041723
imbalance_prices - Short_t-225min,0.005995794137230405,0.0058893947790893434,0.008152335917948221,0.004534749441205349,0.0029914150733227414,0.0032073097032871375,0.004611195385692554,0.004612699998951939,0.004078846890206478,0.0049610605224534084,0.005485161890510426,0.004350120816398771,0.005290039787192655,0.002417045101183703,0.0027320125769438163
imbalance_volumes - value_t-225min,0.008570063169237982,0.009009205816990289,0.014722633127181325,0.003897575222587193,0.005096068253209523,0.0037274708546592593,0.002235151602883434,0.0026792205062793643,0.010995974480887526,0.003102963365488904,0.002729980440799409,0.007617482234411,0.01495014318842368,0.011537421721732244,0.01944126779297949
imbalance_prices - Long_t-210min,0.0021132138049840704,0.002305080870355596,0.004964544795037,0.0026250996902485893,0.0029155719850205057,0.002804940926821473,0.0034982985431452106,0.0034434653079367765,0.0037355497450957957,0.0022806595922090765,0.0019423504251954,0.007488567558256364,0.004260006401764258,0.00401664619292751,0.002388919240156156
imbalance_prices - Short_t-210min,0.007950096383632626,0.009975551823830756,0.007812480530763423,0.004222413802122901,0.0041552144461784336,0.002874861484368921,0.0031871042876114187,0.004886530829258845,0.0032801521190858694,0.008442946778068745,0.00857154197015916,0.0064950401261544355,0.007136740253836251,0.007299780961507168,0.003795329513173783
imbalance_volumes - value_t-210min,0.0031253314431705804,0.0025241381569462646,0.010880866902465642,0.011306072332383336,0.00938377079845668,0.007161303892011347,0.005447827835048884,0.0035622232354592144,0.009384213427852955,0.0024684899746953304,0.0021748580275914265,0.012686403074447298,0.002734391598564798,0.0032441503283644124,0.012298765562503831
imbalance_prices - Long_t-195min,0.003155523077539328,0.0037981123060180835,0.00793226513573063,0.0038496237764702526,0.0034003296890832645,0.0035236544031840822,0.0025830355266434706,0.0025064484510230614,0.004086206275030236,0.0022642846626604297,0.0026481253404599557,0.0030335082723968298,0.0039808071314220116,0.0037221710051289847,0.0028594713213115027
imbalance_prices - Short_t-195min,0.007895873637720797,0.008258166739749868,0.00536064113467728,0.011046247608763224,0.008922629263710406,0.006129375300516585,0.006344740836760138,0.00873581917876072,0.003204802522383261,0.00980411330699826,0.007836605351247273,0.005488851014542888,0.009605746978159004,0.009873514521433207,0.003799752104937852
imbalance_volumes - value_t-195min,0.004692217265037016,0.00622436398967875,0.01914541308433036,0.0038030019339639694,0.004019406827474995,0.010432851326606851,0.004728667416764438,0.006868391341957931,0.0077414692043230385,0.003225539458448111,0.0035015680799874646,0.01254954414329586,0.005865960229653865,0.0066557955743192,0.017440233586545218
imbalance_prices - Long_t-180min,0.004953679434263904,0.0042364549736903425,0.006067897564102168,0.005605925483600003,0.007226197037669408,0.005449480789728113,0.0035708214116311867,0.004282438364753034,0.0036362560469739833,0.004572858292145611,0.005145008124411106,0.0025989050566734024,0.006248776371467102,0.008396520854388655,0.004511217216509067
imbalance_prices - Short_t-180min,0.004593443916375691,0.006013730701677559,0.004572634214607888,0.006924065946268456,0.006833588473731652,0.0038474442117694707,0.010244761638896307,0.012539711155441183,0.005589116801504133,0.00434657533936479,0.004348064244308716,0.006276415698654091,0.0039460956160164646,0.0037094317865694394,0.0030040714059061885
imbalance_volumes - value_t-180min,0.003133005858737306,0.0030768225299088953,0.00854319932614635,0.003122089361122562,0.0036626947611166543,0.010618663154236856,0.004313792960348565,0.003997271900101623,0.009596458052626985,0.006748117479010034,0.006857404950168984,0.0036546394065535425,0.003641077108946092,0.0034783682222723654,0.008794164469902171
imbalance_prices - Long_t-165min,0.011309040989362983,0.01057808061011383,0.010336199047738774,0.00955963142715791,0.011256423227780032,0.008385807242037573,0.009750832306101416,0.012325725538772531,0.007012414688694662,0.012755094653788547,0.012522116640520836,0.010080934294965118,0.006128507450121105,0.006353303702061112,0.002261952384703363
imbalance_prices - Short_t-165min,0.002863511592555824,0.0032963006720528936,0.010437023750517256,0.002964119302072959,0.0035281559653176373,0.009789433271693269,0.0032435964132250775,0.0027457532361349875,0.010170827927130631,0.0026812962881849673,0.0029642115547467256,0.0073547600019319365,0.002422674794498306,0.0023613500007832046,0.0054237414084730064
imbalance_volumes - value_t-165min,0.007602690985408117,0.005395099419467442,0.006255182656232137,0.003780134965405523,0.003514413151764529,0.013644831677415823,0.00585212012412012,0.0068164180027742985,0.02014981643439387,0.0032513412437083387,0.004071080457870266,0.013130049881743617,0.006260893577198658,0.006247546080119207,0.011792837470260565
imbalance_prices - Long_t-150min,0.009085840774590907,0.006671018301608001,0.004137398209602907,0.007803428106781212,0.009302565929592674,0.004115416099853973,0.010654513372915972,0.010824064129258659,0.008266122721157444,0.010636435239604907,0.010302820965092906,0.002697696902003372,0.011222584085271136,0.009076482361680974,0.006234208828842383
imbalance_prices - Short_t-150min,0.0054584888944300474,0.004281703900910797,0.004402268223140709,0.003679411951493421,0.0031403163656286777,0.005285756623030466,0.004451120965895825,0.004577817042074457,0.005485097470920664,0.00603501187488655,0.006147854163531519,0.0025891275862143176,0.009416106947566732,0.010335122492142546,0.0037042177442053797
imbalance_volumes - value_t-150min,0.0041396170270782025,0.004780101833859589,0.012456616861814837,0.004164807824980016,0.004087902461811609,0.00968534247427351,0.0028324862346198643,0.0037916191618483025,0.006568862117277604,0.0036166073392269026,0.0038576341122934536,0.013277884075891052,0.004063026518989318,0.004988929413048027,0.014884812126231509
imbalance_prices - Long_t-135min,0.006743382894628666,0.007880166180475498,0.010589162200012651,0.009203277428135152,0.007912917857815047,0.004387267740929929,0.006103812896179079,0.006128354773631145,0.006900380793282238,0.007875639377531116,0.009377834155242454,0.005428496598467064,0.011524814262087603,0.008156137102876528,0.00819949633966462
imbalance_prices - Short_t-135min,0.006760990804541507,0.008640645152052002,0.004572656156331505,0.012100854318370694,0.012160111372439133,0.0050956091785519676,0.0057905055300170715,0.004728598768371739,0.006436284410336157,0.008162387974563898,0.008775750370325113,0.0027719700572415604,0.00633811845485252,0.00903939636580617,0.0034023146446487545
imbalance_volumes - value_t-135min,0.002795151652793521,0.0033122410691903497,0.016069564263562826,0.0025930560879479573,0.002345144220892962,0.01208431923803073,0.0033841908870508633,0.0025615189640993776,0.013569747898220158,0.002776388355576273,0.00226747188391937,0.011931267290457981,0.0036571499548545034,0.004146212495136752,0.01913365336388233
imbalance_prices - Long_t-120min,0.003252126348861566,0.0037261126133262224,0.004669954657063272,0.003574576925078418,0.004280653562115731,0.003357587624564175,0.0032793349987114196,0.003803321366565797,0.003391284484060634,0.0024832267498127295,0.0026262624526129912,0.003491292849554611,0.0055012652135010285,0.004223220025098271,0.0038493038942765453
imbalance_prices - Short_t-120min,0.007305292005663432,0.007196260523036471,0.004289050290521345,0.007110853580852563,0.007382655791530851,0.0028995848170623047,0.009869284490576774,0.010280062121975788,0.003910218731506348,0.009447121682786929,0.008575018373092462,0.0032989526300243595,0.008929952651490112,0.010640090040371433,0.003983945580843283
imbalance_volumes - value_t-120min,0.005741890146810875,0.004954877015545207,0.017026804185050422,0.004924811904345006,0.004626350387354251,0.018078818211492036,0.008054756287907366,0.0077727862121737415,0.01972380940288713,0.006198346254261196,0.006883052488766225,0.02139654439693186,0.007304743173648603,0.005455729664154205,0.01623042277512286
imbalance_prices - Long_t-105min,0.011452484292522514,0.010288045447385059,0.004814876448029281,0.006410379423592531,0.009606406548784434,0.0038418268270561384,0.008822527868879661,0.007237795563043619,0.003936823301793538,0.010636983145725025,0.010725420409940853,0.005606102212661426,0.006690478932654514,0.0081916749881766,0.003014967066544614
imbalance_prices - Short_t-105min,0.004357498147523074,0.00489476355505758,0.008267761390574066,0.004640801051618837,0.0047813200603122824,0.008702704786939647,0.004827791443680326,0.005339690832635824,0.003640248489091846,0.004756305157545285,0.004515245602481627,0.0026980110653430527,0.005499474816122529,0.004182855362021655,0.004785689016516699
imbalance_volumes - value_t-105min,0.007023839720270189,0.007815283889458442,0.006574740816104168,0.011048494814885316,0.010266357702741516,0.004559585319998178,0.007769442593082204,0.007863946575958493,0.004678796280681127,0.005519972249858256,0.006875715494748874,0.005264008249492463,0.005575898542359937,0.004509684605946177,0.006291270683678704
imbalance_prices - Long_t-90min,0.003162205520628845,0.003864953417223205,0.0035609630081853538,0.006753234128742406,0.005753227767939507,0.0023055702584774736,0.004688155997197328,0.0036063591488091334,0.003702760775754541,0.0064407103084231495,0.005809771315330181,0.003142193998719904,0.005487975604431995,0.008047355364295072,0.003524410060698756
imbalance_prices - Short_t-90min,0.005119406452847443,0.0061424651530542175,0.00516995763842715,0.010409399876374664,0.007878651373862339,0.003298306473549019,0.005077940828608462,0.0061038564646723895,0.0021430016602866997,0.005093228963727597,0.004844701356156293,0.0037151414846493935,0.00922238277058932,0.008397670868675504,0.0050587652315407464
imbalance_volumes - value_t-90min,0.013096147302563622,0.01733390076409205,0.012620355027434926,0.0085914509606082,0.007650971102251788,0.005190111692104438,0.00831769665577849,0.011827009788525175,0.0040394433775436485,0.008915952817766084,0.004754207869554193,0.0033952192874348837,0.005174810260308277,0.006040574491333246,0.0068421225373713245
imbalance_prices - Long_t-75min,0.011144281237273389,0.0085481745311954,0.00784389709705647,0.007023493973229052,0.008074845597911917,0.005786797354990995,0.00700832766835699,0.008477790233555424,0.0036855313516316528,0.009044986664280259,0.006863804472610355,0.00562609720148248,0.008790784192607135,0.00874085469511192,0.005374479182230516
imbalance_prices - Short_t-75min,0.0044528102149160986,0.005059795652382491,0.01288698015314003,0.006809455120386701,0.005455455559002075,0.0037292009046359454,0.010333142561627028,0.006809593132584268,0.004672189864424582,0.0037337513951388244,0.0037413234656553415,0.011886675118410494,0.004749376365281933,0.005581217688549259,0.0037362247291450783
imbalance_volumes - value_t-75min,0.038974657113445575,0.03776784131426393,0.04533487830410013,0.04318906940546731,0.04383010702391039,0.04774812082742574,0.02891713823132159,0.03121104164875578,0.017071576611313505,0.029949127180007053,0.029330538287031232,0.02336694889204773,0.028133636966958874,0.029448417880543275,0.021944429856346686
imbalance_prices - Long_t-60min,0.006356268825670782,0.009552617052044297,0.005889676808748846,0.007790598077963296,0.005953693005139939,0.004862370779941557,0.007545200685617601,0.00902885006962606,0.0031341202517292,0.01074765526379997,0.011319764735925218,0.0025629204063650378,0.00388830275341752,0.005810410113526814,0.006201491526478094
imbalance_prices - Short_t-60min,0.01597061411604227,0.012488199660176178,0.005510094322504301,0.00888042036511615,0.010971362914322526,0.004492743940896616,0.009657962906343527,0.011431399966502795,0.003710216403784443,0.013421473279973724,0.013665087824323564,0.007527952010190347,0.009866643582790857,0.010934415107272798,0.004362955463322578
imbalance_volumes - value_t-60min,0.009284603619746121,0.010197955294828717,0.006884484739726303,0.01791053988983549,0.01563485648841015,0.011797397248851666,0.02422799206069976,0.022051996964216416,0.019224935190651195,0.008872964340531326,0.008457166680331283,0.009901993468964407,0.009609953957377002,0.010052386625695362,0.00428705710626582
imbalance_prices - Long_t-45min,0.0256129065384157,0.02641623809396151,0.007685399224370485,0.013936081951658708,0.015413216660061152,0.005137367724550131,0.012948234696115833,0.009033145135137602,0.00452140094331844,0.008088493670651587,0.00909145598989926,0.007473227183917516,0.013628389277723273,0.01369539714406892,0.003444701281068774
imbalance_prices - Short_t-45min,0.027153075746187826,0.026899232228197435,0.0138029453904237,0.011676098966807331,0.008755336378148059,0.006123475488711847,0.00648607405632265,0.009983196526443862,0.006252628536029988,0.008589566073695095,0.009570763069074019,0.004503230122832974,0.009498276341779273,0.010613808823487489,0.0029677987107716037
imbalance_volumes - value_t-45min,0.01983394198492897,0.021636572792278954,0.08222295059698081,0.012275665826222394,0.012648580787790707,0.01386676203884599,0.03234353005423327,0.028224708856148938,0.01944376007991741,0.023816001011233313,0.02810242773219943,0.006933118135621043,0.01341384221923363,0.013971214908855473,0.023079137877568427
imbalance_prices - Long_t-30min,0.011817565175850177,0.010139942590816645,0.01467381144378487,0.023466969533361408,0.023208415445607897,0.008724335992199485,0.010158484689534817,0.012277953862070716,0.004085647247514317,0.0066519910494898795,0.008469516197188567,0.009662215455353363,0.005761380786381778,0.0071877331692076045,0.01136097542130301
imbalance_prices - Short_t-30min,0.013101280625775872,0.015175930644140863,0.007696132324948849,0.027401627226543497,0.0261093677920544,0.007539058399018359,0.013600322373940344,0.012711032371764304,0.007117447337470367,0.009871159000170451,0.010931307575443498,0.007094603438796185,0.009800404692730809,0.01131221273769097,0.004378155871587296
imbalance_volumes - value_t-30min,0.006932313072198667,0.0055117320211682,0.03582865607993699,0.028207196092429512,0.03219913082523897,0.09681299577865866,0.00587531379318898,0.00527110274971892,0.019344265781887346,0.018423066464907607,0.019279633688915054,0.006377907176108692,0.022976655666594525,0.022365624220998144,0.01094688809209947
imbalance_prices - Long_t-15min,0.023636703711524716,0.023555290144155153,0.011574981320867664,0.021311380184051813,0.018689261469231496,0.006730019064171301,0.029828515539469663,0.03091270181729851,0.009609744091430911,0.021633766326840487,0.019590324516371764,0.005119124565857419,0.01090189218076921,0.010907733170315624,0.011633823896656395
imbalance_prices - Short_t-15min,0.014537143144042204,0.015203556222619227,0.02040753339109233,0.01014159164490593,0.010649385326629044,0.026831455404580082,0.02256623642880004,0.019655770994340856,0.004946713875644491,0.010831667177702911,0.014199916194247635,0.006162044703967694,0.004239417505538768,0.006197381949097462,0.015872703358487342
imbalance_volumes - value_t-15min,0.1420194964342081,0.1406764083406815,0.22566779404197587,0.11151910944702104,0.11137351683876477,0.17005327598395992,0.12542138220800553,0.1279859985713847,0.20617092148412486,0.0980742537297774,0.09712541494865218,0.13600701410043986,0.0733177252885398,0.07062095247328035,0.10120533051428356
100m_wind_speed_mean_t+15min,0.007619439587237139,0.0036013396344342255,0.014038938144103667,0.004919051000716536,0.008958918734046166,0.019828300036591827,0.0044603212734728006,0.003489824751532069,0.008411040814310582,0.0020099901050589326,0.0022784740419250654,0.0032245582741306862,0.005343960278536542,0.004249015180113019,0.00992480590561172
10m_wind_speed_mean_t+15min,0.015100354568625334,0.010778238966701338,0.015260182961588726,0.005229154181448393,0.003978083300688013,0.0082829645030979,0.0034678146117839786,0.002674533222847458,0.0032077845356416218,0.0029736014214322495,0.007733417778952571,0.005463921925397699,0.007124761021183076,0.005931686978732614,0.010491134295007214
100m_wind_speed_std_t+15min,0.00348127145214562,0.0039036013871241266,0.006461280710724168,0.003936485370880291,0.005064339842482013,0.004542311713947129,0.0025473217123362702,0.0032474713556135838,0.004644626719808002,0.002313945265766961,0.002787583226750257,0.00445874639696558,0.0024242911046931112,0.00284315167428349,0.003326298849930026
10m_wind_speed_std_t+15min,0.009515230018892908,0.013638305690139532,0.006928778909656103,0.012935011533663783,0.012100447655291646,0.015486805823464237,0.010843397829187779,0.01274447980892728,0.015000707214956947,0.009774893950938349,0.010739341652966687,0.013276617210394762,0.004416582818830875,0.006434887400271691,0.004770529860189526
ssrd_mean_j_m2_t+15min,0.044675360412016744,0.04149401935870992,0.07982075817580335,0.022424123162112664,0.01960265555528167,0.026071630643942627,0.0031612460267206187,0.002959373107278225,0.017629467909253436,0.011337293766543553,0.011606996589172922,0.008955484089623496,0.034426497253007254,0.03820056770085648,0.060560567584958334
ssrd_std_j_m2_t+15min,0.011070386578405304,0.013508901923865778,0.022894670934751046,0.004494930062034655,0.003032688632300051,0.002946408225843925,0.004729852717422091,0.005338937385749887,0.005863145155901293,0.0028840010280282513,0.002891242125449253,0.002787649350044433,0.007409208194249004,0.005801337781089387,0.01300199772027554
100m_wind_speed_mean_t+30min,0.00300459502673948,0.004031355205389445,0.004199361090150433,0.004353767795513704,0.005571062253411582,0.01349547382777746,0.005160293233391712,0.004513042105718341,0.008658576434896531,0.004376607210812835,0.004927142030888718,0.0038416783172442594,0.002036489219049372,0.003316900713190989,0.002627140674356724
10m_wind_speed_mean_t+30min,0.00833951852372411,0.01084099403255459,0.014847774204477901,0.013242639194311777,0.008998852083943347,0.016838191371163703,0.0031664630949180717,0.003219408940671201,0.004188633820484029,0.005093328399588245,0.004891983925172099,0.004081759581647929,0.006231379606149858,0.006634780535598111,0.008298474026524219
100m_wind_speed_std_t+30min,0.004080890353277937,0.0044387002368866885,0.004888396399552221,0.0035306495906788768,0.0033413630419918262,0.003992428374633505,0.007653824139146309,0.006669748966490261,0.011663100428937468,0.004558142941639517,0.004123956709732738,0.003918976525874314,0.004010120031037786,0.0046733938497200145,0.004812653704898366
10m_wind_speed_std_t+30min,0.00786532241443001,0.004456843747168023,0.008928326509039835,0.00945414791748044,0.0067311986820641325,0.010645444683308596,0.008935018901120202,0.006312458260982566,0.01623836717657832,0.0029144568148140025,0.004507175670942047,0.0033542999563824197,0.003957128201860371,0.003790777806085771,0.005816378633110162
ssrd_mean_j_m2_t+30min,0.007345805543220422,0.008178368902155854,0.020386574707255932,0.029021584396541584,0.02737017512106104,0.050302430747280594,0.005491649588133442,0.0044047096897556915,0.005725611002933874,0.006613147328678679,0.0061046635764960226,0.013414654416215853,0.005696432978805206,0.0031437151714017093,0.00445126694224291
ssrd_std_j_m2_t+30min,0.004800276194995604,0.003153149929774372,0.004476772445659662,0.010904336644051,0.009100619342774735,0.021039151001430584,0.005800123546585383,0.007790537065389799,0.010396119166187419,0.0027283178771813255,0.002668469601309425,0.0034870129155879113,0.0030723768655266212,0.0023133619489408373,0.004166224280975257
100m_wind_speed_mean_t+45min,0.007331184570153709,0.0053924273880275,0.003836792282952956,0.00793940242032113,0.0076702798639889805,0.006005419617766165,0.004381477709983301,0.006432519651534676,0.00626226368148491,0.008511404363336623,0.008068737787659529,0.010101529754829244,0.011349733980983729,0.008673576817081995,0.00992287834106537
10m_wind_speed_mean_t+45min,0.011258798853587906,0.013766104696456751,0.023487767110604182,0.012007586930383696,0.010968615052568567,0.009740921145479661,0.002946032690402717,0.0034774245970475024,0.007118635946502763,0.002801191330778238,0.002315770727814652,0.004612669389178336,0.006587579898940021,0.0070024540947961214,0.013088966541876744
100m_wind_speed_std_t+45min,0.008559940237508272,0.005414485889054958,0.009428683489759351,0.005448520666341665,0.005631647682143011,0.008388825302321493,0.0033787488978105104,0.0026980231122761323,0.0038876872847104097,0.002210405109837893,0.00268881083420456,0.003345142246514115,0.006097235447488856,0.003851175802259604,0.007873104893449182
10m_wind_speed_std_t+45min,0.004021277647903162,0.004018348106394115,0.007343050774629091,0.0030381691161001072,0.004375594520188315,0.009558769493909495,0.007847529434075113,0.007972386799225205,0.018393161235260778,0.00344037255778494,0.0036397909865127074,0.00878554087959037,0.003207960432048367,0.0030794589023150822,0.006418040593413025
ssrd_mean_j_m2_t+45min,0.028183405859221237,0.03279530102101853,0.045007209508970844,0.021079644100315136,0.019425187778135296,0.014310974403255386,0.003379610452317138,0.0033067954488233227,0.022716163407021667,0.01593505442957394,0.01669833428837592,0.009532509960950846,0.03153984432078141,0.030773728381289403,0.034427928467419405
ssrd_std_j_m2_t+45min,0.005829667606733437,0.006839863252489522,0.00798376288493455,0.005030662621423744,0.0024605351953894115,0.0031838588928333137,0.006595441530840617,0.0030305670937523245,0.016068220784247387,0.0032837098035579403,0.0032229098914564247,0.0025008883895484358,0.006222894506705415,0.008052358165601618,0.006865031608156642
100m_wind_speed_mean_t+60min,0.01629886577095749,0.015985400843637764,0.02607682052326345,0.015346227320565958,0.017367333116766533,0.02392671915508981,0.015811768452043906,0.016261662303179037,0.0210373606104622,0.014914380332171276,0.01602462810907491,0.01566598048211017,0.012810143716611492,0.013113160125243667,0.012233835567967618
10m_wind_speed_mean_t+60min,0.0026349869470413977,0.0026324220786727894,0.005493569237733027,0.0024263146012795003,0.0025789658930098084,0.004340587143720768,0.0057777579666581005,0.004164266462828891,0.012309413137598313,0.005664878714216684,0.004501699231049315,0.006336329653968278,0.002764160702448862,0.0021197044577370436,0.009497885266272554
100m_wind_speed_std_t+60min,0.0036164628209935474,0.003265588168212162,0.00583039817797544,0.007448328333033714,0.005770641956564077,0.00624422392170527,0.0030664670576747996,0.0035630040906662543,0.003529185044051701,0.004026446942733287,0.003924591138128562,0.002775242507600524,0.0038237162947721117,0.003717260447014269,0.0031774904939975385
10m_wind_speed_std_t+60min,0.008399266822001664,0.013062448598357151,0.020142485404678154,0.004232576591468387,0.004777592911068496,0.007402037446383474,0.004966743508841319,0.0036776961391478836,0.011678628192748874,0.0052738210497846015,0.004111081924362225,0.006603065306639564,0.002685283476497716,0.004279378180416643,0.0074352831117721506
ssrd_mean_j_m2_t+60min,0.0033414646862393056,0.0033285601023744673,0.00555006216655056,0.014032477127348102,0.015383966684869393,0.026746255755448145,0.0030778914987749885,0.0026507120682607308,0.003482775672504431,0.012478324322037224,0.012542801712756044,0.02481060692499159,0.004476033021850526,0.005282441703050836,0.009115051779022906
ssrd_std_j_m2_t+60min,0.0061150946023390135,0.003142739646719605,0.00911232021730575,0.011627926581975772,0.013043741979219703,0.01711220124686952,0.003606251238177265,0.0022925041751668688,0.0038483509986085664,0.009176798827786116,0.007669632249753704,0.021233247877356462,0.003107924798457134,0.0028582931609744265,0.00615287191857351
100m_wind_speed_mean_t+75min,0.013778798634954001,0.008549840305058752,0.007929106593841426,0.009702690932972474,0.009942333847808186,0.005303817285141122,0.009318304772146803,0.009870989747078056,0.0033710171677566905,0.016406515415845205,0.015636193153932255,0.016448902004651246,0.014778410660637746,0.013344260507883518,0.007918587482679868
10m_wind_speed_mean_t+75min,0.015139832805311016,0.01603895096972701,0.025114234560736803,0.005881901042419486,0.0050951325200595645,0.0042357574561974615,0.005487918325830833,0.0047621519014454635,0.016502422114729826,0.0023668758999392595,0.003001606601623962,0.005262318680595854,0.0052061444703449524,0.007168807495754663,0.013988878491909417
100m_wind_speed_std_t+75min,0.007844834610284124,0.008385342919711547,0.009165841585414456,0.010504573234655253,0.010312203318742831,0.009057956995069219,0.004444626938726742,0.0034236539400571927,0.007071813078859122,0.003956188995078264,0.004763957790930363,0.004842131228138896,0.002857513215232757,0.0025609267789554906,0.004245627124345446
10m_wind_speed_std_t+75min,0.003457041632185792,0.004648499121891291,0.00443006717596245,0.0026511436036770987,0.002845355703594578,0.004456386218030275,0.0017422703720326354,0.005168449094438984,0.005062072773368527,0.0026883814245229586,0.002893269883294124,0.003115014786821007,0.0034830428531583946,0.0034421962136730144,0.00429926220813104
ssrd_mean_j_m2_t+75min,0.050423689034301784,0.04707836055671214,0.0817042584544979,0.024103384983676732,0.025159148015634854,0.02183596172922756,0.003770451470539854,0.0035048599337328882,0.011383212342148908,0.01809021668980131,0.015637822316624805,0.016866576841464847,0.03185893068945734,0.03370662820841244,0.056166066762532864
ssrd_std_j_m2_t+75min,0.006235721388031379,0.005204144773746521,0.014962329377440256,0.0048102867968973445,0.00627436260102013,0.00573910676502419,0.012401935683662714,0.01177604631914437,0.017147455387894295,0.008167594970724166,0.009090511307706039,0.010255717612259104,0.005564220343709167,0.004433822474848057,0.015420416744833347
100m_wind_speed_mean_t+90min,0.005267602729261853,0.005456201566310483,0.011185361040271345,0.006136378697447185,0.003334929451069911,0.008287995876416971,0.00843145039430965,0.008330592166510541,0.016140910389651254,0.012560977144283243,0.012796192684480047,0.0174638112753928,0.009259926212401296,0.007967945360767772,0.013269061256789883
10m_wind_speed_mean_t+90min,0.011865457219148539,0.00937145236455035,0.015286797924163693,0.0031264286469615855,0.004825107447479241,0.005640139861421631,0.0023673974837392963,0.0028466942050490614,0.004592350000490569,0.01365781780764155,0.01319549137539434,0.02503793819220698,0.010291404612901716,0.008111765176891822,0.012158424703333367
100m_wind_speed_std_t+90min,0.0033869476144518557,0.003836888269199335,0.009893265913653523,0.0032338140836127424,0.0029148349361871623,0.004963594880759502,0.00332192852643675,0.002999035999065654,0.00525105318131682,0.0074130433449536215,0.0032165028779704698,0.006855140787043638,0.004000483817495478,0.005143097917647538,0.00802009853497293
10m_wind_speed_std_t+90min,0.0037949084212596062,0.00432050244321681,0.005744952053393263,0.003910708179977519,0.00422688820669282,0.006306768376900436,0.004065474561444717,0.005099972867459656,0.005965923422128981,0.010056366443168372,0.010841160012962064,0.012754811143793631,0.006645563719452184,0.005703388896381512,0.007900583488251869
ssrd_mean_j_m2_t+90min,0.003998477357090451,0.003792201458494219,0.005278062830309921,0.010684779135219287,0.012963556914182845,0.03614737563236849,0.007190361855936771,0.00930260456517135,0.005891043373834691,0.02904694525339437,0.026567198305860074,0.03576259258686332,0.026420876638498157,0.024351140755665256,0.024953992766604642
ssrd_std_j_m2_t+90min,0.0025479512195470304,0.002844119829819192,0.004392010525421938,0.0039681866940691176,0.0023192031336948275,0.0064293852363698535,0.012815121766674565,0.012183329785773822,0.012534215675212181,0.015406282901280974,0.015958346712875937,0.018610534738894784,0.013702637268870603,0.011262424543485394,0.006171732206119486
100m_wind_speed_mean_t+105min,0.0028298877534762143,0.003033232558509553,0.003937372667342061,0.006696349737678247,0.004106000698342996,0.015439762424430228,0.0022869416870726126,0.002782540123182116,0.007249292443339073,0.0022925686608882643,0.002273325580466917,0.004459759280408434,0.0030793676273083294,0.003752104855091602,0.006337305776469293
10m_wind_speed_mean_t+105min,0.02748562179393048,0.027153366824102704,0.03725617826679081,0.021708621029625647,0.01973250790313614,0.0258062726813514,0.01782437616478637,0.018356435022637015,0.019006844257906778,0.02594148854546074,0.02559349294564845,0.02934934731872636,0.027514083531612415,0.02768828594486695,0.036946017411799405
100m_wind_speed_std_t+105min,0.01012203145827516,0.010961715755668592,0.010634008087713483,0.010214219803368906,0.011456193644873564,0.012273431942725437,0.008331179310889752,0.009799706108462487,0.011406945471052438,0.009263817844915138,0.005772255359632254,0.0033075780394223103,0.010370533075274125,0.009550822339993829,0.009188766621868126
10m_wind_speed_std_t+105min,0.007563369492178026,0.006122891566497856,0.014497060328052612,0.008788466867474198,0.00690626014469126,0.01590309226034151,0.009644285336900793,0.013034712857188425,0.022031832496756578,0.016451698745717294,0.01243398242521414,0.025343464868929005,0.014175606646327651,0.013048412758202175,0.018381664871281827
ssrd_mean_j_m2_t+105min,0.032720944355489334,0.03300710070758214,0.053588038578163834,0.0223543918027608,0.022696077101904622,0.03015724982690881,0.006918936767371633,0.004044021244984833,0.004576649384989651,0.03209060935997695,0.03447889898892754,0.04610156546556391,0.040437972672254546,0.043898965578337085,0.055168181018903854
ssrd_std_j_m2_t+105min,0.014456524372304557,0.012116753891960343,0.01414698064589902,0.006380533888561786,0.004605237404040054,0.007203794703804306,0.002829040739100492,0.002949473380771906,0.01671607612065907,0.004685134089402709,0.0026048957435104965,0.0026064939808238706,0.011017639275029068,0.0127133719905396,0.01577704063525016
100m_wind_speed_mean_t+120min,0.006006633460408921,0.00530924940710247,0.008650216384616214,0.003769389640128793,0.004000032074799902,0.00354680799545622,0.0042495626126237765,0.0029685888206295204,0.0029153403114032697,0.00491878354100254,0.008592522298395125,0.007782144895390957,0.009667876785806584,0.007863323936165217,0.005598215509349757
10m_wind_speed_mean_t+120min,0.006504078307189048,0.006908256382309446,0.00743323529913323,0.00735695156374399,0.009184132709619916,0.008689171162775892,0.008895998090898501,0.0052484371211758115,0.0061021299628315545,0.005959122866101097,0.009751700667242404,0.004317464898758317,0.006697233315114772,0.011926491274163708,0.009412314692424843
100m_wind_speed_std_t+120min,0.007513336779720703,0.0074487511030165475,0.012758908238602089,0.007336692098422646,0.0069423473977658435,0.006657638833008604,0.009269073832195317,0.011306641502239244,0.01743478768445493,0.013849469120137655,0.013156282573239877,0.02416873389137618,0.011564858840341913,0.010691812365097576,0.009201316599795973
10m_wind_speed_std_t+120min,0.016739391874871216,0.013825984365670592,0.01683254771454358,0.011690407116264396,0.01050299094462207,0.010055073843173886,0.014677280538970081,0.01546069379659457,0.0120699466135311,0.016276965275159455,0.017455988969406463,0.015953655981604243,0.016275526798752254,0.013481596935722337,0.017501361295093373
ssrd_mean_j_m2_t+120min,0.016059664527794667,0.015418561014303122,0.02739100534754107,0.02233556524926098,0.016795513084951835,0.02540395087545039,0.007263245134005046,0.007568968112846051,0.0055273444489803295,0.00404140391121166,0.0035927903032170433,0.016959265743440484,0.01872765628613706,0.020554517857119207,0.0290293937211095
ssrd_std_j_m2_t+120min,0.003246319262212637,0.0035840216296091965,0.008214944474420918,0.004449320426145732,0.00544652408165166,0.006307285478898848,0.0037600308391456563,0.003269436955988567,0.005355006304973358,0.006265388534827252,0.00453870077956708,0.010289770918418071,0.002081084696412063,0.002102796841360032,0.006355068411801767
100m_wind_speed_mean_t+135min,0.004891876955570979,0.00839424344817644,0.006313107999800195,0.010389390709206055,0.005174826866765216,0.004059861405737138,0.009276932813852909,0.012782039527106463,0.005731229182940297,0.009862499704253423,0.010239291136131215,0.01055116717749479,0.011848636855320364,0.00923030307595036,0.007076564894436387
10m_wind_speed_mean_t+135min,0.0029800965791655473,0.002955013726965717,0.00535981995088332,0.007647254931856196,0.0037343960317584787,0.009119077494275188,0.002738192229120614,0.005355048120545689,0.009341834824896068,0.0031958776968494932,0.0031249283540601028,0.004146637078327331,0.003057119737839457,0.002452003336406051,0.006802772865231418
100m_wind_speed_std_t+135min,0.009526660687416552,0.013374349067273215,0.02208895161682449,0.010893989100310137,0.008849911941069877,0.020261825948851765,0.01061551437549133,0.00834683505941939,0.014161424581667234,0.00691916167337331,0.006044773978712328,0.005676331617745746,0.0074021003052730525,0.007343145916622689,0.012788701435822076
10m_wind_speed_std_t+135min,0.005276937887315398,0.002755801428565974,0.005654271079176397,0.0060642946160987775,0.005183514181640931,0.011036923896914231,0.005220730162257496,0.006653234197534175,0.010731505137278873,0.0074794011319713714,0.009575691175923566,0.007549485118281155,0.006392512007703772,0.006557721698909518,0.004291449441542682
ssrd_mean_j_m2_t+135min,0.029989896803046576,0.029145031517735332,0.047272913615045584,0.012033354751038132,0.006720525986413122,0.005918219212198892,0.0030883430478897936,0.004239802073288502,0.014845883946298273,0.004364630611098164,0.0030600811209587847,0.004446252427406591,0.022808473371202127,0.022034150919687818,0.033709848811733535
ssrd_std_j_m2_t+135min,0.026599954204895766,0.023104610510432395,0.04220656442348263,0.014356067980445914,0.013030324517075314,0.007893519709165957,0.01235225120971154,0.008771296493708178,0.004230721181640547,0.010131790801004173,0.009053968527514372,0.0044093850281110465,0.020835883945553236,0.019258783797355135,0.02716291270207148
100m_wind_speed_mean_t+150min,0.003608352449787617,0.0035066893932926176,0.005220256984646766,0.003503725149485035,0.0025788536441760926,0.005551595871811515,0.00985015700083386,0.006594284917471669,0.011404776456900436,0.004257625757014466,0.003408462910633716,0.0042256543256371515,0.003442940920471301,0.0033485047955555272,0.005702860045817658
10m_wind_speed_mean_t+150min,0.007849216986971441,0.009911022768828843,0.009029235259937195,0.009297711428269394,0.008874194383395661,0.006258482435579936,0.005161823490463121,0.002957822714143731,0.006414234968597157,0.0022958949841940923,0.003733488312298505,0.0043442553137565485,0.005515064105642523,0.0035004357268753664,0.004343909318020451
100m_wind_speed_std_t+150min,0.003850485101188951,0.003255487123562489,0.004728215244908824,0.005340348020020429,0.004797399930032498,0.0059174015227135895,0.0032373721821786603,0.004160807839186077,0.00448777477450858,0.00478815999195831,0.005962017217536868,0.004266691129410902,0.004117261719531598,0.005965767549594602,0.0062894748028847975
10m_wind_speed_std_t+150min,0.0051514540410698825,0.011344518494770455,0.012379340139683335,0.004218413461650926,0.0032819239368618584,0.005352008129621027,0.0037919886464260343,0.002875368421948224,0.006330332369541793,0.006352975077268639,0.005802991968481365,0.010628811593640422,0.013527738370983571,0.013266241830671788,0.015691469879528994
ssrd_mean_j_m2_t+150min,0.013064007605202278,0.01128785342415722,0.013170321815210627,0.0059096620078989874,0.004815089608389826,0.0060126508562852905,0.023358423103029054,0.023862991142988902,0.032861735602346016,0.029394525039184372,0.027580441869155037,0.03916539608989842,0.03153129190206528,0.030655475650157315,0.032712362515900165
ssrd_std_j_m2_t+150min,0.008189773915262776,0.012340652857572422,0.010810293481248665,0.003575467696711712,0.0035879397058779434,0.01082201628540497,0.0038467647644494607,0.0046563500811025735,0.0048216773977856064,0.00321278849632472,0.0034563887388721925,0.0033833155589163655,0.004402963150238065,0.004580749564969665,0.003769168643782905
load_forecast - Forecasted Load_t+15min,0.0035907963100885354,0.004406124462137086,0.005166098959949523,0.007202404262388881,0.010608047334142612,0.007622210160012401,0.006230735970882961,0.006011440755181184,0.005980550124029833,0.004628647610355983,0.00423907255683389,0.005770359061329145,0.0036782695020519895,0.004259949134627277,0.006017565200807439
load_forecast - Forecasted Load_t+30min,0.03184602357869062,0.028332696430035866,0.03568008067566552,0.021717370569018384,0.02093618346087169,0.027320035312674008,0.021259562666673445,0.023647457425042376,0.027827384439213346,0.021275701900201966,0.021141047298398916,0.025618095315250684,0.0197767023446213,0.01774167017263244,0.019519610881652626
load_forecast - Forecasted Load_t+45min,0.012845200501047658,0.013842439454238046,0.007546620128334325,0.02029914300434757,0.016837055764131945,0.013745136101868411,0.0158000835886196,0.012190108332491945,0.012954236037374358,0.015985499834420807,0.020484800383947004,0.016570771328610134,0.01283642883635548,0.012600114776252213,0.0062210819273168455
load_forecast - Forecasted Load_t+60min,0.013029550874913184,0.012380003123667847,0.017236454248628432,0.011500165281984664,0.015278795623307815,0.01931542653593533,0.0187549368104892,0.02142097446639673,0.03153392311120842,0.01808876252583286,0.017088455783738028,0.028023659979284275,0.01787500038298458,0.011568421867174038,0.012789974216371775
load_forecast - Forecasted Load_t+75min,0.0148545833377093,0.012509639714931837,0.024057856483210342,0.01574791083773016,0.015464605682114779,0.017847001801419536,0.012075007113817265,0.014987064880049729,0.01864427551589324,0.013340360315116413,0.011448127631936585,0.015446236128165765,0.018303233719805575,0.01833175627826313,0.026359955933061428
load_forecast - Forecasted Load_t+90min,0.008038138390915264,0.008875625337672319,0.013474553198815556,0.00472556869165237,0.0031486199613709686,0.004507328413206324,0.005729740786977345,0.004185592693027757,0.006280997908685094,0.004869146544941032,0.008595605463258835,0.012396360355498473,0.004058058901660843,0.006430159350498798,0.0056428557419276335
load_forecast - Forecasted Load_t+105min,0.007069652885436198,0.00838550578961076,0.007057980910305559,0.01304169103600725,0.008407174786163523,0.009859206267702576,0.009499361911368397,0.012019774183630942,0.008197390878366604,0.014290966806933285,0.012213647013184527,0.01418808499839406,0.016623644049454014,0.015060480422413093,0.02009121976760798
load_forecast - Forecasted Load_t+120min,0.01629455141010476,0.012863641304742487,0.014133953991156887,0.00705989070469468,0.0059592473644715935,0.0052549429307146055,0.0038148058627666616,0.0061494196603709955,0.004887945182905242,0.007017047532212019,0.003726548304348398,0.004190120610202939,0.006887617573989701,0.007535857794617186,0.005023078051322955
load_forecast - Forecasted Load_t+135min,0.009350233617857157,0.009155174356030329,0.02021526108699254,0.006874845299207664,0.006688409702328499,0.025625070392037742,0.008550680967135122,0.008836469814685189,0.020894694060341862,0.004139191890962138,0.0035593256737683986,0.0038548141224091525,0.0037427614624803026,0.005452978936224553,0.006085207346179232
load_forecast - Forecasted Load_t+150min,0.016775457935771555,0.01646380874186434,0.01629296520227217,0.01696688195844763,0.017901821464347448,0.016125997277660644,0.008288475319191094,0.009073767044959822,0.009217060367645899,0.004103601869273916,0.00488409219688856,0.006901756615746308,0.0063314431331828016,0.0041415004037335165,0.009077919412196935
