Feature,imbalance_prices - Long_t+15min,imbalance_prices - Short_t+15min,imbalance_prices - Long_t+30min,imbalance_prices - Short_t+30min,imbalance_prices - Long_t+45min,imbalance_prices - Short_t+45min,imbalance_prices - Long_t+60min,imbalance_prices - Short_t+60min,imbalance_prices - Long_t+75min,imbalance_prices - Short_t+75min
hour,0.011610729158099275,0.008281432153371043,0.005219749719977699,0.005798824372735907,0.007531813150373636,0.006692987878524491,0.006106089618580881,0.008474921606190037,0.007892801816579321,0.0065368473102607825
dayofweek,0.0045212178001479515,0.004035413796417288,0.0053150505229405095,0.005139286841420471,0.002360143806023416,0.0032572196249270745,0.004304489760006618,0.0033623874023114694,0.004311520137267507,0.005561981193611246
dayofweek_sin,0.002448197853012516,0.002482418408488229,0.0016421083759910146,0.002168866062608686,0.0013974984910712464,0.0015516816858487346,0.0019098498830708195,0.001722359675410189,0.0018123490917406572,0.0014959278326316507
dayofweek_cos,0.003539643293552217,0.002476905337970493,0.0027386118461308795,0.0027990296419093284,0.002265559547198791,0.0019135804869874846,0.0017496937518935737,0.0020542081349281035,0.0019980669067626877,0.0020566369215077314
day_of_year,0.0081488539756283,0.006390140993753448,0.00937837478075926,0.006549868889387653,0.006194381299592351,0.008245090952234023,0.010405323243570819,0.008723406403842091,0.007255797820760563,0.008632882042205893
is_holiday,0.0011358944266053185,0.0009207986433849556,0.0008585968450640849,0.0006931641939845576,0.0012371085001805114,0.0010918641533226036,0.0008065382349604988,0.0008342552588347872,0.0007383263268853853,0.0006989045810551033
generation - Wind Onshore - Actual Aggregated,0.0024045540458951108,0.0024673527925808117,0.0016518555848786746,0.002065992553780234,0.005409710589519818,0.002014418538380596,0.0025762828036813516,0.00331717502777974,0.0033032662009270554,0.0036073415876053333
intraday_wind_and_solar_forecast - Wind Onshore,0.004104489223904665,0.001651754322051147,0.0023361010858061492,0.004425496666306572,0.004359964932662933,0.0016108812003640196,0.002154853689902666,0.0015800048989378865,0.0017261397809224944,0.0016704503434375512
generation - Fossil Brown coal/Lignite - Actual Aggregated,0.0063093433479225495,0.01154449585841212,0.007292794505803613,0.007279336504518142,0.006418991462869599,0.007538300864218854,0.009954611244564149,0.008548627542419127,0.006125491908050207,0.007783129314426333
generation - Other renewable - Actual Aggregated,0.002784926100100165,0.0042359135936203525,0.0034357554307935063,0.0012908454689331847,0.0030305819031527788,0.0023680650645851527,0.0036019387389187615,0.0059605489496025255,0.0012331013452749175,0.0038593217876423296
generation - Solar - Actual Aggregated,0.01743266651232261,0.01704534629842965,0.014377640045015141,0.010159019415965304,0.013386373517968423,0.01166838108122488,0.010569812500441913,0.014994624075385219,0.011800584676806466,0.01347632310539484
generation - Hydro Pumped Storage - Actual Consumption,0.015306776963116135,0.015190644621354294,0.011536695677379612,0.009822251220146428,0.012025048153707758,0.012586148865724681,0.010965702044864883,0.011083515624395659,0.01095463125594688,0.010742334305279655
generation - Wind Offshore - Actual Aggregated,0.011901628129773599,0.0054054034954797315,0.007496163729396358,0.006063167837834044,0.009078252340101244,0.00605672194843828,0.007628054391767364,0.004422438688365219,0.0017629118678605664,0.006127265910210553
wind_and_solar_forecast - Solar,0.003913490678633025,0.002426165268402315,0.0017243336621650088,0.001618506795605299,0.001243242302087765,0.001366886772051089,0.0015058993904840464,0.0028212769335768826,0.0016868778665184436,0.0013409989037227205
generation - Hydro Run-of-river and poundage - Actual Aggregated,0.0018000197114276658,0.002066941164961463,0.0013530250036246799,0.0016607827443674524,0.0017591481664312595,0.0015188275165994582,0.0013947493625128117,0.0013152855365565301,0.0013177731802408062,0.0032121805362994565
generation - Geothermal - Actual Aggregated,0.003496691827742325,0.005203482258494659,0.0045282365357397795,0.0017966673884602642,0.003963056768081515,0.004189182722644091,0.004223445691401139,0.0026020103673135963,0.004680128949275968,0.006668935848949332
generation - Hydro Pumped Storage - Actual Aggregated,0.021962804876922745,0.022851115289027803,0.019279417330064462,0.017073275707482027,0.014946184642416484,0.015365485300473665,0.015674273282231296,0.009863339882867877,0.008820913269177253,0.01238976444723812
generation - Fossil Gas - Actual Aggregated,0.00509471687531186,0.0028821609536880716,0.005585878811858493,0.0028945462895935636,0.0023544168784103477,0.0024732919330108416,0.0051312837087825755,0.0030965783944104713,0.0034587541579330717,0.0025733714516172766
generation - Fossil Coal-derived gas - Actual Aggregated,0.0060189112472216946,0.004300502582336776,0.003794247410620301,0.004694402331215315,0.004319845119175625,0.005430898999347847,0.0029926175987911845,0.0033592144608419403,0.004882335533286096,0.004201905592424737
generation - Waste - Actual Aggregated,0.00649246569647903,0.0032717365262069508,0.0035060725954317606,0.005290533093030717,0.004433108912003576,0.0026258293299488288,0.0028288409676661104,0.0023417570243686897,0.0018837765839102758,0.005405922937976811
generation - Biomass - Actual Aggregated,0.0032280814162577373,0.0050056291971850445,0.00348302337370842,0.004212420592786657,0.0030806548621694673,0.0036272234143969228,0.002845152102305747,0.0034098967645713857,0.002084569329468451,0.0031382411370959743
generation - Other - Actual Aggregated,0.0036369024054993134,0.0034091080057205543,0.003148455429061869,0.0018154335708784402,0.005356232736003222,0.0018079859590379784,0.0019934931628613414,0.0019810845645106385,0.001994789264856081,0.0021019060858789088
intraday_wind_and_solar_forecast - Solar,0.011747137596350512,0.0076115562655541,0.0070260686706969866,0.008756376661074683,0.007119942748351604,0.008925551654388983,0.010522290852692094,0.007064194137134109,0.007490340725242277,0.00373004244564072
wind_and_solar_forecast - Wind Onshore,0.0016153491425939138,0.0019534882121033663,0.002273414608816893,0.004199884569206915,0.002556677669499095,0.0016242416927416342,0.0019447491814034948,0.0028582947907916604,0.002549713193105163,0.003315967621674645
intraday_wind_and_solar_forecast - Wind Offshore,0.005096209420727973,0.006084707798813724,0.0016660380920785656,0.004018681031599954,0.0027172432388783817,0.0034379229154055794,0.0020586530375012444,0.004110077493700373,0.0019678537075783426,0.002535701986144943
generation - Fossil Oil - Actual Aggregated,0.007565471714566229,0.00586308859404744,0.0030205866879077802,0.002572591958545672,0.006383794913970633,0.005153598602868442,0.008446533755469318,0.004017660446872469,0.0029679783169185613,0.004613455229922693
wind_and_solar_forecast - Wind Offshore,0.0059133379481063454,0.006491818468763995,0.007627079736652376,0.005548502141018616,0.0056790692493086685,0.002668248748840142,0.0067617673427885164,0.005326789642069343,0.0019353660993656377,0.004464106918239849
generation - Hydro Water Reservoir - Actual Aggregated,0.03570119363933918,0.038181802124981915,0.027089384133163547,0.025957307361299174,0.01924912936491455,0.019976503721642076,0.02171165111051232,0.021711063313588966,0.01676633459831464,0.018154949170319016
generation - Fossil Hard coal - Actual Aggregated,0.007040140740769857,0.008130814676991576,0.005508703807199708,0.006812559396308643,0.0031218336031461147,0.004034337571535113,0.0038459217866075052,0.001954938384380057,0.0022304339703550797,0.004123720716808748
load_forecast - Forecasted Load,0.0067965147757204246,0.005358027731443144,0.002516374869844185,0.0014262372331195366,0.005404606325200802,0.005919031056000676,0.0018317509223434172,0.003132631344076799,0.0034730763036200187,0.00275144737440678
load - Actual Load,0.017263769664677967,0.020547655747941464,0.015196124740032246,0.015442463710045559,0.014798787972147693,0.010331824058458096,0.01332659013323837,0.01152610671488219,0.011555662257051154,0.013150075428147829
intraday_wind_and_solar_forecast - Wind Onshore_t-150min,0.0049847299834073055,0.0017450415480707306,0.003937478908817866,0.002796128127585689,0.0030082896717945006,0.0040369132554733365,0.001926947439628293,0.002392295605810034,0.0022322298018702894,0.0020935169453850902
wind_and_solar_forecast - Solar_t-150min,0.0017017570891784998,0.0020619833521082,0.0015645678287328337,0.0035293599551769147,0.002305604340138871,0.0031533798102297795,0.0022499551030832664,0.002393584302417821,0.001514295438100362,0.0015669357875508468
intraday_wind_and_solar_forecast - Wind Offshore_t-150min,0.00613667505372814,0.0031721732882979267,0.004530167250101386,0.0034620813372021075,0.0023253493087559036,0.0025149984757299533,0.0024607162687093477,0.0020225477659341776,0.002765456833285498,0.0014009255560049497
intraday_wind_and_solar_forecast - Solar_t-150min,0.003266461420822452,0.0030653361101135486,0.0026133575927924538,0.003269442757946308,0.003625068494808602,0.006235354037933576,0.006696622335104621,0.003597621673508911,0.007667756443610415,0.0044195636524891595
wind_and_solar_forecast - Wind Onshore_t-150min,0.007866694137410377,0.003715087771772005,0.0020379827222568566,0.0028277101702005895,0.0015903624926686462,0.001024017859827154,0.0015406642576688227,0.00124736658782831,0.0018500384667263176,0.00284550853307519
wind_and_solar_forecast - Wind Offshore_t-150min,0.014223614695471043,0.013678708018705948,0.003968283936977969,0.008775572382709698,0.009239484122852446,0.002262184394792712,0.006896197743722041,0.008580485110695008,0.007623790313020436,0.008066951365646674
intraday_wind_and_solar_forecast - Wind Onshore_t-135min,0.004714093697761655,0.004784369173707091,0.002897030165265278,0.002633039290902161,0.0027468722929686463,0.0016131509737328997,0.0030970438785443547,0.0013204448843971478,0.0014755279917387156,0.001382658222972168
wind_and_solar_forecast - Solar_t-135min,0.006552098834773915,0.005550845827568992,0.004897386240200831,0.006798417613783385,0.0019332926893173585,0.0013845230137249018,0.005094783149344153,0.002061474381983089,0.005477454251726158,0.0029011435578358944
intraday_wind_and_solar_forecast - Wind Offshore_t-135min,0.0014820789008654174,0.002360189406504105,0.003437339041658561,0.0018267153941833386,0.0032258422533541307,0.0025087971874377217,0.0021509209707028278,0.0033396939106914944,0.0033274383622169806,0.005577642648520851
intraday_wind_and_solar_forecast - Solar_t-135min,0.01043026122583251,0.009318088291605818,0.012396398715398391,0.008866407960187644,0.008216184214892565,0.012418894556947635,0.008637032319951686,0.010079114333522739,0.005889731231531186,0.006285726585883822
wind_and_solar_forecast - Wind Onshore_t-135min,0.0039779085904701784,0.0017952650971346884,0.0035068553837227226,0.0016886885186675044,0.0016794214258716237,0.0021728700822759494,0.00210460529613556,0.0014327099730930969,0.0013464082100113047,0.0031899230852304753
wind_and_solar_forecast - Wind Offshore_t-135min,0.0025623910557569618,0.0035244393981374742,0.0018124645897760275,0.0022892934583867374,0.0017547943066195586,0.001998125879485997,0.002014272859360972,0.0028634574458310455,0.002291648156940937,0.0014833871921869103
intraday_wind_and_solar_forecast - Wind Onshore_t-120min,0.004911492661206921,0.006806916393092251,0.0022936647049179443,0.002997116649972213,0.0025531909849805744,0.0028039304870453633,0.0024634049679334567,0.0020045488726657366,0.0013276457566307727,0.002117846502873363
wind_and_solar_forecast - Solar_t-120min,0.0023586494245591894,0.003754604103774909,0.0017168348443547074,0.0037533954471800825,0.006539964799172594,0.003853753996507294,0.00428449184846977,0.0020801804910870487,0.003641164729064258,0.0025603946585051746
intraday_wind_and_solar_forecast - Wind Offshore_t-120min,0.007748955812057829,0.010274756889673881,0.007726057788702747,0.011666402666189242,0.005090877508064295,0.007320609354235784,0.006380089883231449,0.0035729401193675585,0.006838551939887111,0.006018944185927012
intraday_wind_and_solar_forecast - Solar_t-120min,0.002535279759344121,0.006506943287192371,0.0034671857728135365,0.0018631779848929,0.002127764154732631,0.002137569983859521,0.0018319946291139786,0.002718522650866362,0.00360076251233113,0.002785285462707179
wind_and_solar_forecast - Wind Onshore_t-120min,0.0021907821254631586,0.0015924358882630258,0.0013891843110650371,0.006002470156659911,0.003440190754381547,0.002691038707436519,0.0032824083479990806,0.002287031525129578,0.0027877649642832694,0.0059860459253700355
wind_and_solar_forecast - Wind Offshore_t-120min,0.00658641912103667,0.0030113319654683436,0.006498971921020711,0.004228929118027736,0.0026942275601732034,0.004729214635964127,0.0017197735607426808,0.005568040720335375,0.007629186884401861,0.004531070062483196
intraday_wind_and_solar_forecast - Wind Onshore_t-105min,0.0035279227614664703,0.0018100617704808427,0.0032288427800530144,0.0015965833777636363,0.0016022730939839675,0.0015614553986479222,0.0018093259325605686,0.0019216292297898577,0.0026211035108126453,0.0029135166226405998
wind_and_solar_forecast - Solar_t-105min,0.007996771512700434,0.009604882453902975,0.009091500129230554,0.0070769803266302915,0.008330383862870803,0.010073293239351187,0.007666729278832236,0.010359467953559942,0.010235265825278474,0.008823024033923502
intraday_wind_and_solar_forecast - Wind Offshore_t-105min,0.003054768794060692,0.0072620770171888584,0.0032803727758955576,0.002856190673977835,0.006297399379956914,0.003066217109715126,0.0018012716951840274,0.0016392101266565079,0.0013299261574684351,0.0018960509898879535
intraday_wind_and_solar_forecast - Solar_t-105min,0.00720952570337613,0.002568759179061544,0.003470729226784897,0.0016972782777529573,0.004859092266211519,0.0022468177676089455,0.0012906776623894983,0.0062759351446802615,0.004006505622259283,0.003136373607434507
wind_and_solar_forecast - Wind Onshore_t-105min,0.0017772585102711674,0.002312823435132827,0.004725054885806912,0.002227740659932124,0.005261636624664789,0.0024015434908978934,0.0042028078118937625,0.0028490508355616838,0.004404391682148344,0.0014451479170930952
wind_and_solar_forecast - Wind Offshore_t-105min,0.0021258036311842263,0.0027919912618708624,0.0021598040450066945,0.004083230661144398,0.0015242927185475424,0.001401899636121243,0.0023953114386513334,0.0017437563774846865,0.0033380566646337684,0.003401197968714257
intraday_wind_and_solar_forecast - Wind Onshore_t-90min,0.0034891111301112686,0.0014324425645036172,0.0017578776983946227,0.001543433973356514,0.0012479351928402736,0.0024048472537178895,0.0024818822859565444,0.0012127341746881938,0.0015849639625866985,0.0012104880236452119
wind_and_solar_forecast - Solar_t-90min,0.0018947832888884478,0.002931527262184318,0.002850171842207601,0.0023841422146679177,0.0020411050253896974,0.004513584269247076,0.002720991484637125,0.003857370323194118,0.004268499947407691,0.0053094313963811144
intraday_wind_and_solar_forecast - Wind Offshore_t-90min,0.0027993107755055462,0.0021672798025540486,0.0037508697389275767,0.003521481993643647,0.002326974874632924,0.0016988947573734095,0.0034641993014083708,0.00504406529642256,0.005547710824910609,0.008331142208800884
intraday_wind_and_solar_forecast - Solar_t-90min,0.0017249927803494529,0.0026359530165009346,0.0022845855089180986,0.002210235194375855,0.0018125134197416628,0.004881166172679514,0.006494062701953226,0.0062758010875541,0.006944179553349386,0.005423685433479022
wind_and_solar_forecast - Wind Onshore_t-90min,0.0017875234959956287,0.0017025385363331224,0.0019314606410957822,0.002952386613407725,0.0018441205648787218,0.0036093021929773385,0.0017008739029197386,0.001540976241259159,0.004217164696378859,0.00291411387256494
wind_and_solar_forecast - Wind Offshore_t-90min,0.002979507796077087,0.001956380459807406,0.0024651686204215364,0.00863972019130597,0.0016298501273786315,0.0013115552058748107,0.0020376411621537043,0.004114424802822441,0.0026092220178488786,0.0015194637740587496
intraday_wind_and_solar_forecast - Wind Onshore_t-75min,0.0011959847831298873,0.002740780818058738,0.0029763017553553935,0.0015467726828828745,0.003263558057894215,0.00393125231534259,0.002667135530546261,0.0033789165384390573,0.0021624197489854852,0.0018943390911854295
wind_and_solar_forecast - Solar_t-75min,0.003234539579333159,0.0026662870015024963,0.0039044673748430798,0.003197421555015808,0.002077967771221097,0.0022138885587773983,0.002521741079893218,0.0021167862939509663,0.005278578589233802,0.0038205500134063184
intraday_wind_and_solar_forecast - Wind Offshore_t-75min,0.0045425998295213505,0.0035564116526584258,0.005563866150041576,0.0029637470057238035,0.0033368967652295397,0.0027652136650713147,0.0026023229623942826,0.0021539279479748075,0.0036517969308888496,0.0036937174563699956
intraday_wind_and_solar_forecast - Solar_t-75min,0.005304900880744754,0.0019837498852753013,0.00616041298361597,0.0031272051935875424,0.0012882750573205612,0.001269966742960264,0.0011147608070636466,0.0014715580179397705,0.001825689046901971,0.0029147292991231095
wind_and_solar_forecast - Wind Onshore_t-75min,0.007101512846542392,0.006978008318699722,0.005481710382977326,0.004157305481818184,0.0014622688732879396,0.004454042902070796,0.0015568889167607268,0.0015151417620108986,0.0017560226020577828,0.003913986921933428
wind_and_solar_forecast - Wind Offshore_t-75min,0.0020325754698460514,0.0021370708551676216,0.0014718806842975028,0.002714402243741006,0.005483219378911599,0.0029369371800770524,0.0031918310428695803,0.0029701268654070247,0.003294368225842845,0.0018690256607706032
intraday_wind_and_solar_forecast - Wind Onshore_t-60min,0.0017283172988386468,0.0017035864055255842,0.0011839841300080706,0.001596101438277401,0.0020635984611083132,0.00313911850688055,0.001646316752862731,0.002506565141448732,0.0030681397988446407,0.0024576028767287427
wind_and_solar_forecast - Solar_t-60min,0.007666018368006917,0.0029313048136082216,0.006886157753629959,0.003906814452820981,0.0022880165401638806,0.005712991250919003,0.003427069769551963,0.00667582840475734,0.004677641191850853,0.0016836880875107454
intraday_wind_and_solar_forecast - Wind Offshore_t-60min,0.004034023114290903,0.0026371806398319676,0.005581121699338837,0.004020809228539292,0.0032033329360413062,0.003937205312500737,0.0030207943621608137,0.002682880366055542,0.00258727458220892,0.0016143349737592417
intraday_wind_and_solar_forecast - Solar_t-60min,0.0023615547444878755,0.003080648697840843,0.005125579165276576,0.0030279640271728566,0.0019115219515515492,0.0018435939473674808,0.0019181466163244352,0.0017700691675295276,0.0024023904773741835,0.0016017319283764663
wind_and_solar_forecast - Wind Onshore_t-60min,0.002860875469959865,0.0034480914457199105,0.002692743923872513,0.00314387999696919,0.004004762191872487,0.002854175895613025,0.0014573568426304747,0.0033486797804102935,0.0017328219830560557,0.002615692490615402
wind_and_solar_forecast - Wind Offshore_t-60min,0.0016756332501252017,0.0024275418828601687,0.002404048254211375,0.0012239832495188239,0.0030901033558602647,0.0014774574775779001,0.0026029870508700696,0.002223167220137839,0.0017122889888214559,0.0017233469445104674
intraday_wind_and_solar_forecast - Wind Onshore_t-45min,0.0017725362745479743,0.0013303099749548436,0.0020713825999350774,0.001958798796109022,0.0012244807425040563,0.002332164771587486,0.0015813623454960179,0.0019103085077912282,0.00266024035821647,0.0022046576995981013
wind_and_solar_forecast - Solar_t-45min,0.0020622071823454464,0.0020070121325418172,0.0011125330642460084,0.0017564111816964214,0.0012735622868049177,0.0024088192380768304,0.001468593223230755,0.001417492944006881,0.003695247427173399,0.0030941978807859415
intraday_wind_and_solar_forecast - Wind Offshore_t-45min,0.0038872968919595225,0.0031948332926349395,0.0030152577806948104,0.004177974753172748,0.004846042676495017,0.002354088904274249,0.0014343202515738084,0.002320255204129353,0.003399134641505043,0.0022091395163879495
intraday_wind_and_solar_forecast - Solar_t-45min,0.00151570431235632,0.0018108990638675095,0.0016995326268042846,0.002676276193788453,0.0030104801148481786,0.0019407966644632779,0.0017848875231138664,0.002625983098325378,0.005207709707010508,0.003049351504767401
wind_and_solar_forecast - Wind Onshore_t-45min,0.0047589184660100725,0.005293174823151276,0.0075751821770081735,0.0037377688294509426,0.004767730414481776,0.003507437827567628,0.0030460319867379438,0.0025716969191271347,0.004214827707565291,0.006396295626434494
wind_and_solar_forecast - Wind Offshore_t-45min,0.002814129095674616,0.00519755886109408,0.002344722675692992,0.00294129790027273,0.00477715461617754,0.002645686905065304,0.0036425734641507006,0.005431386376381852,0.0027324603253982786,0.007134188852658554
intraday_wind_and_solar_forecast - Wind Onshore_t-30min,0.0028038846608305903,0.002856374991066332,0.0018662483634216188,0.0017033155371450448,0.0013732694765985797,0.004504297565797969,0.001730338431646487,0.0025331651323076583,0.0033013811188920953,0.0014732906144681692
wind_and_solar_forecast - Solar_t-30min,0.0031112222389201635,0.00427828745507577,0.002178428030520081,0.0019311955530033629,0.0030503351437000674,0.0017261875076083014,0.0016348034267293769,0.0017275281364514399,0.0027475327003940037,0.002229862853229861
intraday_wind_and_solar_forecast - Wind Offshore_t-30min,0.002195950289499706,0.006412704363443481,0.0025601869518468447,0.004223088765966168,0.0027421867946295607,0.0028590434926827582,0.00393339948926041,0.0019295650856902284,0.002376607679110748,0.0026060203113278816
intraday_wind_and_solar_forecast - Solar_t-30min,0.002012498307810574,0.0020384507796725303,0.003928857363718634,0.0037042911942771753,0.0023167602922130755,0.0031267317218107563,0.0017286112950660026,0.0014373986226687522,0.0025185654309625534,0.0010947178012133633
wind_and_solar_forecast - Wind Onshore_t-30min,0.00457261792706322,0.0032919233521549814,0.003970500167723912,0.004110049236373015,0.003907791391795399,0.0025198436484133706,0.0021818578132870243,0.0034826236314693232,0.0021480616310273035,0.005018579225537906
wind_and_solar_forecast - Wind Offshore_t-30min,0.0018653730853307024,0.0019786832534628047,0.003457727897845871,0.0025500360962348624,0.0016674574313146878,0.0014861149472171747,0.0017058383094254168,0.002051825191865646,0.002588015293211356,0.0015480115184354872
intraday_wind_and_solar_forecast - Wind Onshore_t-15min,0.0031220645726184556,0.002662067831184402,0.0021066227810533746,0.004861986049454572,0.0018819789499139007,0.0035833741714186543,0.0016895102466041863,0.0017684945774486779,0.001762139171470153,0.0019592619160894173
wind_and_solar_forecast - Solar_t-15min,0.0028146905580379096,0.005269217343713536,0.006025792044980335,0.00406792398669495,0.00489985397963676,0.0075774242659390435,0.006792193415473321,0.0038553275268495783,0.0018293379298293076,0.0025811275161356662
intraday_wind_and_solar_forecast - Wind Offshore_t-15min,0.012510529949133343,0.007468449230858824,0.0063243356173770734,0.00984776968965889,0.00911747969402859,0.006267405835355021,0.008708930192158732,0.004833162174661993,0.0067800327466393355,0.006708224982783576
intraday_wind_and_solar_forecast - Solar_t-15min,0.009543439729215607,0.007719445193250067,0.00765991150001355,0.00577948968030978,0.005311386608475004,0.004449782112951653,0.006861820409653774,0.0032233242741349388,0.003713311162170612,0.004966069158501341
wind_and_solar_forecast - Wind Onshore_t-15min,0.0035417389484341585,0.003697747723548673,0.0038340803151168073,0.0043725255039692,0.002719944175090859,0.0019160746505590396,0.002276013472673185,0.00595010655356964,0.004209198096625187,0.005185058892416009
wind_and_solar_forecast - Wind Offshore_t-15min,0.0031852708242595326,0.002066367675378217,0.0041212033046977015,0.002653981211909013,0.0022319422498517268,0.0035482231926544047,0.0014957399368165625,0.0021709511041044607,0.003911691817771498,0.002232250035474408
load_forecast - Forecasted Load_t-150min,0.004143315700390304,0.0038682615899488155,0.0031758994968139405,0.0016321404872996937,0.0018566978033204577,0.0012629759205647134,0.002218610449359403,0.001787728643020273,0.003587187563088719,0.00398706294558815
load_forecast - Forecasted Load_t-135min,0.0038343190942541697,0.0047574584103995225,0.0040107875162466375,0.003747514837044946,0.00230290104676169,0.002758208132090658,0.002968615490293814,0.0042292596834104185,0.0023519647212378912,0.004906591137367286
load_forecast - Forecasted Load_t-120min,0.006529053843689326,0.006978303880474414,0.0066184026604460084,0.007657802321849885,0.0069286556410988855,0.0019272891159739629,0.0065253924318003555,0.007199272335828084,0.008424265714411376,0.00464183246716857
load_forecast - Forecasted Load_t-105min,0.004989301869351493,0.005262528182362075,0.002881518893171332,0.005251247816886462,0.001534544334573802,0.0015411948858209143,0.003412539794150689,0.002247768274959526,0.0024386935114234804,0.002736000699856959
load_forecast - Forecasted Load_t-90min,0.0035983485243082213,0.0036553820696462935,0.004839825497489073,0.0029773505392804507,0.0013653514343095593,0.002733966233773117,0.0018763479127407833,0.0050252708820116825,0.003338075384419426,0.004091226268369894
load_forecast - Forecasted Load_t-75min,0.007051760577661298,0.004899301132980326,0.0028926817227713855,0.0027899370218838157,0.0057217477803969815,0.0038936691677354247,0.0038258596456398663,0.0019046182767988285,0.0031807715550721694,0.004502965508854686
load_forecast - Forecasted Load_t-60min,0.00982036000466178,0.008529130034056835,0.008704715478899743,0.008290409309851384,0.011403879411431263,0.009687091542116832,0.008030239040774177,0.00776394862923189,0.005361183437778891,0.007046381017218664
load_forecast - Forecasted Load_t-45min,0.0037492358037816303,0.004101662211749499,0.0017055498477530477,0.002520115154326049,0.0014340622863846875,0.0022323176615846024,0.005895337554178696,0.0026180060633005267,0.0030157817303115733,0.003183857008058112
load_forecast - Forecasted Load_t-30min,0.004397852826594317,0.004647711589855589,0.0025438240942366975,0.007541672525338072,0.006203483713969035,0.003284511061170633,0.001244975678219351,0.005014828703147486,0.0021570314063637853,0.0038311252485291334
load_forecast - Forecasted Load_t-15min,0.002668258917876301,0.001766431282792837,0.0022750382633552704,0.0014727617754356289,0.0017735336719088082,0.0031803772798830324,0.0014900414075850676,0.0012616559054213212,0.0013742144109346556,0.0020668457626870805
generation - Hydro Water Reservoir - Actual Aggregated_t-150min,0.0013826787886209787,0.0031112572127651675,0.0012841361166556454,0.0012443143329217037,0.0011547490616870845,0.0028848839158354166,0.0018651383767091829,0.0024302168109725246,0.0013761817393700539,0.0018827279901058205
generation - Wind Onshore - Actual Aggregated_t-150min,0.010718046495770977,0.010577739978263707,0.007169925886173587,0.00845341320044463,0.006814670670787791,0.005151660928872843,0.005371535793463409,0.006780648635054604,0.007410280396146845,0.007381404416526493
generation - Fossil Brown coal/Lignite - Actual Aggregated_t-150min,0.005891269613373879,0.006884097720001591,0.0034191652661502304,0.005404525669717714,0.002643146123367842,0.003517150298077468,0.004508553371507901,0.002953002370753893,0.0026176159940923755,0.00621198074390486
generation - Other renewable - Actual Aggregated_t-150min,0.002112538696927686,0.0018927837036531016,0.002075705310357989,0.002013189355897566,0.0025947941560316395,0.004780127136094961,0.002007916623210349,0.005208116313962819,0.002231868353950631,0.002470408651935941
generation - Solar - Actual Aggregated_t-150min,0.00611756517507547,0.004492624345060903,0.004640908486699573,0.005990524652705062,0.0036532080533233967,0.005961074638034916,0.00459605989298143,0.004429569389483731,0.0013774792242646754,0.004614543493051315
generation - Hydro Pumped Storage - Actual Consumption_t-150min,0.0025001530910130896,0.0029783130812538728,0.0019421444696899924,0.0026385093533540386,0.0022427801719895795,0.0018959528037012206,0.0019707386652331707,0.002283489411454866,0.004565333701215422,0.002310648482321568
generation - Wind Offshore - Actual Aggregated_t-150min,0.0019441309183353041,0.0036652849782485646,0.0022220775873629463,0.005564411655697768,0.0020569205424392292,0.0027237350060349856,0.0021617077894152317,0.0015940767675638198,0.0020966691682558574,0.0012620557268928677
generation - Geothermal - Actual Aggregated_t-150min,0.002732377105903197,0.0035449242063623388,0.006375928333568936,0.0019978550843122774,0.00761303653927007,0.006700967661250615,0.00716883681354102,0.00680985514337226,0.004847283521934969,0.006484181013976922
generation - Hydro Run-of-river and poundage - Actual Aggregated_t-150min,0.00743998018977436,0.006570523831325772,0.0036689235962820703,0.0059088331994585136,0.005732423281533556,0.003082417919891668,0.004064112498728719,0.002370532545174683,0.006029580432059447,0.0037076754610970964
generation - Hydro Pumped Storage - Actual Aggregated_t-150min,0.0059147992294347205,0.0043622094503678,0.005380030840493419,0.0031122608440346086,0.0030746730775754257,0.0034830167986908693,0.001219827327998246,0.0012622902184264149,0.0011361341932706636,0.0012301185100209294
load - Actual Load_t-150min,0.00821909255344508,0.0056558138687314565,0.009405636898804914,0.006300372216361211,0.006936237173555128,0.0031753835784279543,0.0031465959322858907,0.00547198455440639,0.004231290787312901,0.003914623879395549
generation - Fossil Coal-derived gas - Actual Aggregated_t-150min,0.005416695633501149,0.005800828211959015,0.005255428624609522,0.003502165666066503,0.0026767337218593637,0.002286466581425884,0.0024394225070755054,0.0030067986024628224,0.0033214327048740415,0.0026030574337873986
generation - Waste - Actual Aggregated_t-150min,0.00432803808202425,0.003120209701673048,0.006982920900667522,0.0041863046657090305,0.0025644587735696406,0.004043264463255582,0.006696140271556033,0.00442708149149621,0.0032139290668364994,0.0055248308540303695
generation - Biomass - Actual Aggregated_t-150min,0.009925448501893698,0.007484089855164712,0.0027215039772501086,0.00263922273807475,0.007343340832536341,0.004150209096701246,0.005278460240690038,0.0022361790574327643,0.007251245323517651,0.002001125196751673
generation - Other - Actual Aggregated_t-150min,0.0019172385947028943,0.002926502726057606,0.0017466638677095716,0.002669108937987403,0.0020554424375141024,0.00499621835238213,0.0013285686524327502,0.0050448413474659904,0.0017009830907372815,0.00200362872225827
generation - Fossil Gas - Actual Aggregated_t-150min,0.003322705642953224,0.004635558400517766,0.0015528710356970804,0.0019858249235476253,0.0019571326763274896,0.002467466418503818,0.0010954010909790667,0.0015107802254485706,0.0015684593864546059,0.002010021224239608
generation - Fossil Hard coal - Actual Aggregated_t-150min,0.0017117252532866587,0.001939663256098413,0.0015898104541541898,0.004521201720128374,0.0016229011278607005,0.0015240609107204364,0.0012708724821659417,0.0011237010632767124,0.0017409680652364728,0.0022894138987903717
generation - Fossil Oil - Actual Aggregated_t-150min,0.0024297387327246725,0.002827025404097185,0.004728304495355587,0.0018123673332820544,0.0017538733514547858,0.001704903964856385,0.00464619556942489,0.0047962628992791,0.001926822841732246,0.0056881138607859615
generation - Hydro Water Reservoir - Actual Aggregated_t-135min,0.0023773172541978055,0.0019966171706946624,0.0023044725803265465,0.002448138491538316,0.002002039912037162,0.001991521470605221,0.00261768468001722,0.0037263986229627336,0.0022017286010450336,0.002473191317380042
generation - Wind Onshore - Actual Aggregated_t-135min,0.007982693660336736,0.010969435710256221,0.007178478727739275,0.005873672370005806,0.004775091397365031,0.006559304385966243,0.005627332656136787,0.004064224229914544,0.004373342022124234,0.005107901801015032
generation - Fossil Brown coal/Lignite - Actual Aggregated_t-135min,0.0030524804764281727,0.002193789144326729,0.00432070783375093,0.0022673834411070857,0.002389520052123771,0.0019194969134023268,0.004425698980078778,0.0024377628907986944,0.0019817883485275163,0.0024483581627137026
generation - Other renewable - Actual Aggregated_t-135min,0.003617467006932202,0.002486192752221541,0.0013127162615357974,0.0035029602758604598,0.0020750040079219618,0.0020960202330834363,0.001757437344755317,0.0012480060439809223,0.0019889880631950517,0.0014316807800682908
generation - Solar - Actual Aggregated_t-135min,0.001989911614174616,0.0024576063451513617,0.0029653667144175417,0.002221743108208102,0.004101873525707561,0.002155949257110478,0.0035227548513366855,0.0038288026938489567,0.002421134654575326,0.0026842250166755548
generation - Hydro Pumped Storage - Actual Consumption_t-135min,0.004786608622122003,0.0062014931259946025,0.0020393091899442196,0.002609799944704719,0.0027009044349804298,0.0023026042730889458,0.0013051585033828134,0.003723852008937683,0.004513257968355901,0.0031984976286216805
generation - Wind Offshore - Actual Aggregated_t-135min,0.005712453162865131,0.002994032771590355,0.0019150796364606321,0.0032090401555251447,0.002422689034040559,0.0030772846642012153,0.0053578680367973,0.0013386881833878305,0.0026770637746933515,0.0019579029091546544
generation - Geothermal - Actual Aggregated_t-135min,0.007958870814200054,0.010237500571285637,0.005479639327195401,0.010553222523500154,0.006741046359191386,0.00784171629127377,0.007661262984358473,0.007399680777365574,0.013447196823050036,0.011277458409880637
generation - Hydro Run-of-river and poundage - Actual Aggregated_t-135min,0.006170068872311276,0.005118113410781007,0.00551828341865405,0.008002654027397511,0.004205728170605653,0.0042066790940971256,0.00413388364965158,0.003998493472521659,0.004180393580032614,0.005606901112900232
generation - Hydro Pumped Storage - Actual Aggregated_t-135min,0.00291852905379983,0.0024549703222965036,0.0027288193121685254,0.0019817359085236605,0.0033342940604331943,0.0018450730112135715,0.0036775666742596513,0.0017591814434272236,0.001964209489266068,0.0020838948053692546
load - Actual Load_t-135min,0.006458233648096211,0.005760814556535479,0.004023550913075951,0.005407664564743755,0.003492783470692302,0.006126216204153025,0.003941365151583341,0.0022994171169939365,0.0061031241598248015,0.004135900725754766
generation - Fossil Coal-derived gas - Actual Aggregated_t-135min,0.002710307010219367,0.0025938499484796014,0.002279193712674669,0.002411641669356641,0.0016595850526103391,0.0026522910654084627,0.0021444872594793196,0.002002791014235097,0.002917656164283471,0.002021158734685059
generation - Waste - Actual Aggregated_t-135min,0.006531821291406232,0.0038906218123938743,0.004371324218156388,0.0028357622585353966,0.0025108353139185057,0.004904724858145982,0.0018104328550962237,0.003801086720533931,0.004975970405983389,0.0028833340867395235
generation - Biomass - Actual Aggregated_t-135min,0.009635745287792815,0.01205341596809103,0.012254609839394106,0.012761327880711179,0.008195014056898799,0.004889471617654635,0.0051044111458031696,0.00766187533394077,0.006585894127298161,0.009695570314041106
generation - Other - Actual Aggregated_t-135min,0.005527120876708068,0.004796255608956926,0.004626985659210731,0.006012862240111645,0.002687554850164659,0.002024941986191152,0.0018455471372690227,0.0015467052084604802,0.0022250393389604143,0.0010612080755227425
generation - Fossil Gas - Actual Aggregated_t-135min,0.0031888977905819046,0.0039022994554125034,0.002042779251807417,0.0028559469915171577,0.0025563677836851185,0.0017299537188367182,0.002583540719027951,0.004194893646199489,0.0038731980771790405,0.002292728791238346
generation - Fossil Hard coal - Actual Aggregated_t-135min,0.002807834725117118,0.005838351237500319,0.00538214663587496,0.005334670013930918,0.00579163660839572,0.004814702938276241,0.002370171522523378,0.003966765758326801,0.0039024030627988395,0.0036439745906850477
generation - Fossil Oil - Actual Aggregated_t-135min,0.004416795547767833,0.0031035679397664355,0.0018500696477217389,0.002511442175410593,0.002157045091706095,0.003207528207343785,0.0026639353447264966,0.002232652675893405,0.003481999080413516,0.002558259526471261
generation - Hydro Water Reservoir - Actual Aggregated_t-120min,0.0034294180144305527,0.002575006747059888,0.0032039073234227545,0.002911367010739923,0.002059217093028565,0.0021071181583492945,0.0013911687050840555,0.0024373664219237983,0.003540021526376222,0.003354665483268036
generation - Wind Onshore - Actual Aggregated_t-120min,0.0018618078908493772,0.001694694646691687,0.0030437174992806603,0.0031774981020025734,0.0053272732186487705,0.0029382866482046666,0.0020368776283146415,0.002225496879180355,0.002510169484740345,0.0022180581699317373
generation - Fossil Brown coal/Lignite - Actual Aggregated_t-120min,0.0016926117691464242,0.002150836398305728,0.0017083028409706459,0.0017910737693377996,0.0026150014270656355,0.0019370059045991184,0.0022887173742674348,0.0016294665697114397,0.0016920714675467251,0.001436836729522497
generation - Other renewable - Actual Aggregated_t-120min,0.007277200694545172,0.0033220647978923806,0.0036347689871763576,0.00215855228835062,0.006691556449182826,0.0023863868858115893,0.00483139452294563,0.001382784349945723,0.002212701624985584,0.005721744562615641
generation - Solar - Actual Aggregated_t-120min,0.011493826096342672,0.009902299374123687,0.007753916133282473,0.008253121229516183,0.011321784748452047,0.009018698328487517,0.011825304226327717,0.010042557378968923,0.00989559290719626,0.011324602718901587
generation - Hydro Pumped Storage - Actual Consumption_t-120min,0.00832093368431093,0.005281113525025831,0.004218615318364755,0.007959103074546874,0.006149570848187977,0.005147832879976647,0.0023893101760752416,0.0030322987773106435,0.002065520562446409,0.0019382335461054937
generation - Wind Offshore - Actual Aggregated_t-120min,0.0023494421741538643,0.003698788658482954,0.00307474363815345,0.0016892315451701734,0.0026083082577979437,0.001574063603050945,0.0019112039582694252,0.0017498747511272086,0.0014141439673076093,0.00228562834402328
generation - Geothermal - Actual Aggregated_t-120min,0.00949791483208537,0.00919006975199227,0.005079657774473162,0.004979587878064194,0.006019017081278434,0.005189527438469668,0.0030278263978047735,0.004345862322137691,0.0027956464814265017,0.00229010679425096
generation - Hydro Run-of-river and poundage - Actual Aggregated_t-120min,0.003682204887930311,0.0022123685994765766,0.0015590267621955719,0.003293491590868598,0.0014093438190558344,0.0024224012802333164,0.001135250348128011,0.001898312706255183,0.0024312082037849904,0.001156833075356019
generation - Hydro Pumped Storage - Actual Aggregated_t-120min,0.005096010016131913,0.002483109407335178,0.0015511216058117156,0.0011323523153150745,0.00139976769187615,0.0016432005815586307,0.0022243274584786265,0.0020927777479282667,0.0010695245871443148,0.0017057973007440523
load - Actual Load_t-120min,0.0020162295348773113,0.002655755111666622,0.0014424484761102008,0.0017949949148487576,0.003175202217998958,0.0016381248687493723,0.003069889120537482,0.0021933328855302534,0.002259837691914214,0.0016895180474530208
generation - Fossil Coal-derived gas - Actual Aggregated_t-120min,0.0014310632491606157,0.002661909177539201,0.0037070327407365085,0.0016092668408520582,0.0011408510441910948,0.002101170216457831,0.001046504873252843,0.0036477089976106073,0.0018400771100174325,0.0010970843643607396
generation - Waste - Actual Aggregated_t-120min,0.006979434700750972,0.004859881422172294,0.0018861285303369186,0.00236579767572357,0.004177871449781378,0.005908057299704524,0.00249915870557561,0.002761704250670846,0.006086037060351373,0.001666273544206888
generation - Biomass - Actual Aggregated_t-120min,0.011472137125525477,0.008727361795878096,0.004346547958835799,0.002905863321679135,0.004047875679023036,0.003263074019632768,0.001499045183735234,0.005471404217152667,0.005388147764486348,0.0017500609828515507
generation - Other - Actual Aggregated_t-120min,0.002453812511073011,0.0027123616011540436,0.0024280666777995066,0.0028878349218703077,0.0020449356279773384,0.0021143830298614146,0.0023039222079969477,0.0023876394328757157,0.003487976711570809,0.003956836639308676
generation - Fossil Gas - Actual Aggregated_t-120min,0.002550558220504172,0.0024569853910884377,0.004541670470437566,0.003553278259885701,0.0022555251986714213,0.0028341024759320137,0.0018691726356878462,0.0026060730582262294,0.0021861085853943224,0.004297784733218578
generation - Fossil Hard coal - Actual Aggregated_t-120min,0.002852495000886847,0.002071507552793264,0.002570994918756469,0.002081823933898704,0.0022756943753684026,0.0026895087172938473,0.002355795884320855,0.002970598414171036,0.002194419653087266,0.0022630384645335655
generation - Fossil Oil - Actual Aggregated_t-120min,0.0023529640149949956,0.0034740095503875638,0.0030816336747411695,0.0018905973786586402,0.003012340210752882,0.0029981024021750215,0.004123427368869671,0.0019910117884501233,0.002304548139914914,0.00222286219543264
generation - Hydro Water Reservoir - Actual Aggregated_t-105min,0.0035088692540157355,0.003275680919464321,0.0011582965434383823,0.001569712382076432,0.0035215104803876327,0.004017568137609487,0.0014627816412424294,0.003637944506437634,0.004820193462930547,0.0037109609346701973
generation - Wind Onshore - Actual Aggregated_t-105min,0.0028503801185797784,0.0018057719283494293,0.001745009781949193,0.0017197523821465381,0.0018180890970570544,0.001008013000624487,0.0013561609862781552,0.0011708208827108137,0.001919623707079154,0.003760242909121189
generation - Fossil Brown coal/Lignite - Actual Aggregated_t-105min,0.0030665583071395304,0.003261901114108696,0.0013256401130111045,0.0021340306380443507,0.0026859651263616796,0.0037566176412595666,0.0016005961436503639,0.0022177524587768858,0.0021044244125660045,0.002110886519255473
generation - Other renewable - Actual Aggregated_t-105min,0.003512328606844676,0.0038310398304238335,0.002677929109533579,0.002446170779388922,0.0029408097337181973,0.0023898095674703655,0.003959672709258783,0.004201895827891349,0.0053610544768899334,0.002430871804481285
generation - Solar - Actual Aggregated_t-105min,0.009635328158597986,0.013284491205238736,0.006389015535325598,0.006816707855658024,0.00788664310387685,0.004494419293507235,0.006536630095280998,0.007109042786818463,0.007308354131651868,0.0061784451944126885
generation - Hydro Pumped Storage - Actual Consumption_t-105min,0.0024013247309339933,0.0026592180457013868,0.004404831360745447,0.002469238626499646,0.006424969834914009,0.0023637969205603897,0.0026535493272116357,0.004734754969504138,0.0015897953191638975,0.002153461581954957
generation - Wind Offshore - Actual Aggregated_t-105min,0.004043752940329796,0.002517436814562188,0.0027622558140901676,0.003594384006900782,0.0029600689396236247,0.001957381209207597,0.001944318975762144,0.003332042172089132,0.0011533769301863685,0.003038718462253769
generation - Geothermal - Actual Aggregated_t-105min,0.01075135681850952,0.004629828063013065,0.006274230578823335,0.004540319995009668,0.0038628503917352646,0.0034876912475265273,0.002436678385472078,0.0021000469707345816,0.002137668894181104,0.003113231722583805
generation - Hydro Run-of-river and poundage - Actual Aggregated_t-105min,0.0030120483371035506,0.005116096996784563,0.001551742793448284,0.0021648052584459948,0.0016040424437710498,0.0011648054615025103,0.001761207575566175,0.002208438942471048,0.003089053525212876,0.0020502143462490493
generation - Hydro Pumped Storage - Actual Aggregated_t-105min,0.00469507263794003,0.005459895289113774,0.004728956237122475,0.0029819686432653045,0.0027511794644342444,0.0018604840917569162,0.004481441371532128,0.003926053786468856,0.0025231415103622794,0.006870383089291863
load - Actual Load_t-105min,0.005908146643545479,0.007440942537247793,0.00246977969964837,0.003710053861351298,0.0021720920724192182,0.0046861942722694035,0.0025306814926659626,0.002433879288364551,0.002112189740566464,0.003121455572857485
generation - Fossil Coal-derived gas - Actual Aggregated_t-105min,0.0020573617926324915,0.004682441059829216,0.004816221817949554,0.0068702147980257,0.003536086790743866,0.002935797224186331,0.0027763425748004236,0.0027279858533765947,0.00510932616939499,0.001800260562745848
generation - Waste - Actual Aggregated_t-105min,0.0019332788116424807,0.006579792068740062,0.001991178905301467,0.002561741657985749,0.003231898689744412,0.0030592194014793677,0.0018195064444571471,0.0017095554791724226,0.002311234450822667,0.001307334259059644
generation - Biomass - Actual Aggregated_t-105min,0.002997049902964136,0.002785276603586681,0.0047351447512191955,0.003368691472443061,0.0015703027667195784,0.0019656309502406656,0.001615579441448915,0.0017698389235920899,0.002453319678836124,0.0021542065666462803
generation - Other - Actual Aggregated_t-105min,0.006429209085072216,0.005646887544862693,0.0040848477087729405,0.0025956426402436107,0.005350488656140442,0.0016887146897829552,0.004053083481798239,0.004763802380618926,0.0047156554016200974,0.0051746568296675835
generation - Fossil Gas - Actual Aggregated_t-105min,0.005706586580377916,0.002690505647091413,0.00169628438579457,0.0020722439462579133,0.0027045821409583367,0.003479912076999426,0.004453129690156856,0.0014501983208797355,0.0023320454037244645,0.0021660280363548735
generation - Fossil Hard coal - Actual Aggregated_t-105min,0.003900343958862322,0.00479424279951013,0.0029998182544804875,0.0026449804340901153,0.00202908904124979,0.0010558514741454133,0.0018417371935156553,0.0017702729540815198,0.0012845228162377679,0.00153342702336613
generation - Fossil Oil - Actual Aggregated_t-105min,0.0016298377179300588,0.0038299098165880422,0.0022047170371215542,0.004173406767666165,0.0014638900562185882,0.0017761772805388318,0.0017045600113033289,0.00141084827103208,0.0025765700220508735,0.0015039156511902547
generation - Hydro Water Reservoir - Actual Aggregated_t-90min,0.0026929424895461127,0.00186028186716419,0.002526352232118825,0.0016627271905890666,0.0014019777077764956,0.001288151406742827,0.0017597926502385234,0.002039770973281634,0.0010317025541494332,0.0012218256516658102
generation - Wind Onshore - Actual Aggregated_t-90min,0.0026571537331001307,0.0027187446526686474,0.00197985123098897,0.001877778201378078,0.0030860250141595317,0.0019223359017341863,0.0018052377303431513,0.0032007547063849415,0.002792804223575331,0.002584379189513129
generation - Fossil Brown coal/Lignite - Actual Aggregated_t-90min,0.0027365820441420967,0.003570659342381987,0.004418651810972733,0.003194050842186698,0.002663328911150984,0.003069294920487664,0.002641836313297972,0.001984972237967668,0.0021946027339163265,0.002587306564941173
generation - Other renewable - Actual Aggregated_t-90min,0.007766705744783394,0.004138343830876693,0.007207019134424627,0.00834019285836257,0.008836286612553522,0.007464470834704116,0.0086257747670752,0.01039922316558659,0.008539522664621473,0.004267207180440892
generation - Solar - Actual Aggregated_t-90min,0.004516412071418017,0.0042797114707027505,0.001975222167957327,0.0017080874009989201,0.003109040244572952,0.004634433551360417,0.003079485959436852,0.00616324580285982,0.004682781083056397,0.002032553445999383
generation - Hydro Pumped Storage - Actual Consumption_t-90min,0.0016420485916187318,0.002423231423499601,0.0033436001233858406,0.0015555312324491979,0.002166990565953597,0.0016391630699442885,0.003579142404598315,0.001922439539235711,0.0016076179652191058,0.0012606288748669386
generation - Wind Offshore - Actual Aggregated_t-90min,0.00370101828132465,0.005529739814097411,0.0019655211658441657,0.004581254531073682,0.004510865358633964,0.004297580203980033,0.001998941506853953,0.004316853033152256,0.003328006264486248,0.003041114420310805
generation - Geothermal - Actual Aggregated_t-90min,0.0012507969738996963,0.004811146045598434,0.0047471681985180115,0.0012952136493086784,0.0025165792206371406,0.002144893454025123,0.0030092153157747817,0.002626054119473338,0.0021550885770611787,0.004259699268028271
generation - Hydro Run-of-river and poundage - Actual Aggregated_t-90min,0.003071793328199419,0.0034787551703284406,0.0023555778420668505,0.0036112503736364945,0.0023817322343857084,0.0027948290148515297,0.0014109001338051712,0.0013571069193976655,0.0014077887856437882,0.0016432193888754228
generation - Hydro Pumped Storage - Actual Aggregated_t-90min,0.003321700871183566,0.004497627715082672,0.0022809557431519353,0.0020485963117853317,0.0024787304628780477,0.003956715436147533,0.0014351397273708244,0.0028054881787900284,0.0022447096236655854,0.004910417576802502
load - Actual Load_t-90min,0.003340409689872104,0.0022780403300041597,0.0020021668518384102,0.0030365953785831154,0.0033291980991562013,0.0030251322869808066,0.0024276699588417616,0.0027613704940904426,0.001871841674652387,0.0015463346316286106
generation - Fossil Coal-derived gas - Actual Aggregated_t-90min,0.002925907118582472,0.0026904018489804,0.0014057159501928709,0.00168029150861139,0.0022192308184994544,0.0010636732283446691,0.001195479302319427,0.001305261969668095,0.0022623662952164524,0.0015623090805775065
generation - Waste - Actual Aggregated_t-90min,0.002934824135858889,0.0033738955096469,0.003680747419743966,0.002123360417353979,0.0045332260618033615,0.002516234926806646,0.007309396378230303,0.0040389339995872435,0.0014803998078964469,0.001895595957014848
generation - Biomass - Actual Aggregated_t-90min,0.004012615923391422,0.002672139845683887,0.0019539143927759426,0.0020163565092198043,0.0032227368809535618,0.0035264893613452275,0.0027420545298246,0.0026668591359939454,0.006267862029737443,0.0036684441160271036
generation - Other - Actual Aggregated_t-90min,0.007276772512581374,0.0038936188773805044,0.005580714074501884,0.005008130417740176,0.003824937666384358,0.0020807789355076238,0.004761290781093521,0.007079694696418301,0.0022448256568627584,0.0018928785096029514
generation - Fossil Gas - Actual Aggregated_t-90min,0.002651329699816415,0.002942240926469822,0.00396944309387618,0.0055434143712973305,0.005340245255739319,0.004765619911289832,0.0027684637583806192,0.0031519980731318357,0.002646890834406804,0.0016931547675585535
generation - Fossil Hard coal - Actual Aggregated_t-90min,0.002487719322443809,0.002198107581977638,0.0022437841905302777,0.0022925586781166202,0.002115180825446771,0.001554509335569037,0.001590865466786454,0.00232079471470297,0.002050979062752049,0.004288121706395032
generation - Fossil Oil - Actual Aggregated_t-90min,0.00811770362504467,0.0053858801277092425,0.003127711883153097,0.0033785397664905757,0.0033749619954708122,0.0024822561998565787,0.003372644887406068,0.004176862383114212,0.002267257250141938,0.005084854084165272
generation - Hydro Water Reservoir - Actual Aggregated_t-75min,0.008971708281802422,0.0113383075898455,0.005244376364815253,0.0056982513170316905,0.0020159715516383583,0.0032503631075305748,0.004785971908548163,0.003911114531148997,0.003714142170083505,0.0054038379860212446
generation - Wind Onshore - Actual Aggregated_t-75min,0.0014165889402556785,0.0018796394425251038,0.002659490461823225,0.0016776722601216534,0.0013597246815597827,0.0029270715856910103,0.0015189489899292993,0.0016597023710296526,0.001690887512811969,0.001422789241625253
generation - Fossil Brown coal/Lignite - Actual Aggregated_t-75min,0.003353233614059718,0.0037520495984972512,0.0031676459398695444,0.0046014249809340985,0.002923656322277566,0.0022854664644219157,0.0017936704396070127,0.0021034300365136006,0.002295473008411136,0.0021933306913879277
generation - Other renewable - Actual Aggregated_t-75min,0.003175144658987847,0.003304735333655117,0.0024184660031924066,0.002079562343823227,0.002141270068595077,0.0027184676529968784,0.0029069831360757233,0.004805518795750686,0.004275902186934218,0.00267117833325392
generation - Solar - Actual Aggregated_t-75min,0.005390461377133761,0.0023792647960501085,0.0038604564356573973,0.004785198322300857,0.0020059721527286457,0.005519459728238871,0.0028579565752734197,0.0028548157820114284,0.00358197695592753,0.0021177210152909538
generation - Hydro Pumped Storage - Actual Consumption_t-75min,0.005255692060315596,0.002767455502890243,0.0016773536552991573,0.004812851332695572,0.004832018679551766,0.0022285526994164683,0.0031944495996212934,0.005270195717575916,0.003819809778229683,0.0021646511666367587
generation - Wind Offshore - Actual Aggregated_t-75min,0.009733229235309409,0.01281058943361495,0.0016166353426049227,0.0038026025524395663,0.0021415290627273863,0.0038327953699081262,0.0017296645451456243,0.0021246729524168587,0.003619517154357254,0.003376026403348078
generation - Geothermal - Actual Aggregated_t-75min,0.003883395324637149,0.002912183846850894,0.0025423520965218815,0.005671835655331961,0.004311470445012674,0.0061503770248327785,0.002957431399577672,0.005966424741600349,0.0037632083207990944,0.004538442212062364
generation - Hydro Run-of-river and poundage - Actual Aggregated_t-75min,0.003169508953701552,0.0026160493183288052,0.005782834338444445,0.003908404531959605,0.0018239187833869437,0.0028701758939344442,0.002224642635708733,0.0051055535510458865,0.0052929851777894325,0.0022378931350831408
generation - Hydro Pumped Storage - Actual Aggregated_t-75min,0.012679904007309234,0.00672936629425385,0.0023035928841527494,0.00525353100943903,0.0017768118780004444,0.001962681353335938,0.004557597074730438,0.0037519596284914768,0.005849220015072205,0.002617873006946411
load - Actual Load_t-75min,0.010593824828407377,0.00626298900632537,0.0065776579231423965,0.00879297878014404,0.00622063587159937,0.007472753328482213,0.006402684596850122,0.0052533673988209555,0.00972610894200625,0.004705023142376376
generation - Fossil Coal-derived gas - Actual Aggregated_t-75min,0.006096543932915665,0.004508211255524657,0.005791539269570422,0.003143127680649741,0.003059899530994244,0.005652389192517148,0.005053283493767594,0.005009505358046226,0.0030530468532401754,0.00520530008888727
generation - Waste - Actual Aggregated_t-75min,0.0021234239931500268,0.002017253559488381,0.003339519054345601,0.0021236764603463597,0.0017982935746977092,0.0023649364089701522,0.001855314156935492,0.0012832369663246935,0.0023068820966227577,0.0017794186284010322
generation - Biomass - Actual Aggregated_t-75min,0.003279678204748052,0.0029922142200630333,0.002512602271349806,0.004265972969365975,0.01172572255560226,0.003581255484450594,0.0020063065048598217,0.003543109477813232,0.0020726347201980386,0.0026781975077219615
generation - Other - Actual Aggregated_t-75min,0.004426604722434604,0.002688759765520899,0.0014627848119835108,0.0016821239430710193,0.001315275038992695,0.004096098073556277,0.00261753719947319,0.002062989237112561,0.0028301630525879775,0.002167755094302265
generation - Fossil Gas - Actual Aggregated_t-75min,0.0030109032343461875,0.002828864930884947,0.004060526269196089,0.0029235784425886775,0.0023582596985136208,0.00279638024097585,0.002370320190808343,0.0024419982030416633,0.0030783330059275613,0.0025876018845151236
generation - Fossil Hard coal - Actual Aggregated_t-75min,0.002214365616386203,0.002568897287681466,0.002897671264323435,0.0018114155335315445,0.0022041983810995587,0.0024436068860759406,0.0034941077491021134,0.002348596246632951,0.0035827965560747545,0.005108035603962208
generation - Fossil Oil - Actual Aggregated_t-75min,0.003807105425752866,0.004648201145082567,0.0034758943190904574,0.002243966788403668,0.0017945136840851318,0.003409012009854905,0.006388145794502634,0.0024318906690787116,0.0017225130241513397,0.003758336073766259
generation - Hydro Water Reservoir - Actual Aggregated_t-60min,0.006111377469880609,0.007031138046925434,0.008267454714747146,0.005879419228769621,0.003754271928271919,0.003911578938808816,0.0027527935538100793,0.001789012221390294,0.002161002494063723,0.0018558435079830814
generation - Wind Onshore - Actual Aggregated_t-60min,0.009893035357726603,0.00958112065736259,0.004403428300953237,0.0046384502945875285,0.003829967816176577,0.00161172624199844,0.006297194623268297,0.0014273297699982095,0.003874438979356455,0.002035512853913076
generation - Fossil Brown coal/Lignite - Actual Aggregated_t-60min,0.0030778712796613946,0.0023592961481078874,0.002404941505396437,0.0016804021188545448,0.004331659380109613,0.0034971061185460712,0.0025986381613383857,0.0013323430458594885,0.0030879287348689103,0.003928522404474279
generation - Other renewable - Actual Aggregated_t-60min,0.00270279501831601,0.0029424280961304703,0.002188173768312481,0.00258593921070792,0.002253693702296914,0.0022678243234426814,0.0033081504077636056,0.002755467709968798,0.0018953284948385089,0.0036122371076262425
generation - Solar - Actual Aggregated_t-60min,0.0037324977716347123,0.00639281683457375,0.0011943069961145056,0.003968586887902348,0.0033241149193690943,0.0017154015750264762,0.0039049154999229356,0.0015821006356945872,0.0014090266531657108,0.001554103950012177
generation - Hydro Pumped Storage - Actual Consumption_t-60min,0.005361585761551396,0.005806424224985676,0.001890221974735141,0.0037617038628413864,0.0024779268661304743,0.002669169519082061,0.003451562410316001,0.001925358285884613,0.0044342674638483005,0.003970370092705707
generation - Wind Offshore - Actual Aggregated_t-60min,0.0021372174531661585,0.006424969385445366,0.002335580369181571,0.003328789593934744,0.005848280269573479,0.0017660433785904389,0.0024493058299876794,0.0013765361524347099,0.0014974279507091524,0.0014718146083923785
generation - Geothermal - Actual Aggregated_t-60min,0.00474516406344992,0.009298685457804823,0.0035885194698194026,0.002924289284959741,0.0022409881824123658,0.0025674624587591096,0.004222148105378437,0.0030764541873841153,0.0028151787274628077,0.00495519639857821
generation - Hydro Run-of-river and poundage - Actual Aggregated_t-60min,0.004277514655041159,0.002728252095710559,0.0056920115091779735,0.003569175741833533,0.0014225501326529865,0.0021089065709356874,0.0019675204636762375,0.0031264064102542763,0.0011527289830423797,0.0012787795805895713
generation - Hydro Pumped Storage - Actual Aggregated_t-60min,0.014782408531958936,0.014290306387375494,0.013412721650995081,0.011842721264787541,0.012992093605425907,0.011419082560547395,0.00691343642710126,0.004657754168867541,0.006744612977297947,0.008106030338749405
load - Actual Load_t-60min,0.002258750838967217,0.004085970580736103,0.0019975529951479984,0.002065892955275558,0.002611286551657031,0.0018444771383342414,0.0015416883100442646,0.0016246889226526947,0.001814227584971377,0.0023417784278597083
generation - Fossil Coal-derived gas - Actual Aggregated_t-60min,0.0030359932690384992,0.00180550834677274,0.002741006851179918,0.003550260363253301,0.0013967122456033394,0.0008737254867428419,0.002763711158282604,0.0021091397283562402,0.0012044598049551496,0.0017536538787890094
generation - Waste - Actual Aggregated_t-60min,0.00483850685906873,0.005477818015516959,0.008959652631143398,0.007908688915209496,0.0067401584699109665,0.009380448418612885,0.0037608107246130656,0.004816310148458342,0.00707434882837515,0.0026937714031290624
generation - Biomass - Actual Aggregated_t-60min,0.01592326109426358,0.01068679902567237,0.00776308599600452,0.008533866005091113,0.006670677021469601,0.007161653720811046,0.007622609793466836,0.007542964679338184,0.011017876093221276,0.008987444944228628
generation - Other - Actual Aggregated_t-60min,0.005475231501827238,0.006263274020071549,0.004234248747605306,0.002156779450932632,0.0034920083004399203,0.002713016970732042,0.0035123331686700114,0.002020731976179377,0.0021828079341503328,0.0015230614420879646
generation - Fossil Gas - Actual Aggregated_t-60min,0.005976330365696413,0.0055278439432986486,0.005178712136721287,0.0017489357924050637,0.002612268891542044,0.00443213368569775,0.006660873978125892,0.002882181699027569,0.0028640821133449207,0.005916826546241282
generation - Fossil Hard coal - Actual Aggregated_t-60min,0.001434832826899509,0.0015987140947436274,0.002511937403628508,0.0017641513907265107,0.0019719495611377623,0.002059463973158927,0.0023788574410646105,0.0019479109431613324,0.0039508106633365965,0.0015461105587592102
generation - Fossil Oil - Actual Aggregated_t-60min,0.007141967696018582,0.005485367134890112,0.004363152092972086,0.007621908797271317,0.0032326163382135746,0.006318733102496481,0.005718426459482544,0.002974929294437288,0.00409907088360842,0.003649191301305109
generation - Hydro Water Reservoir - Actual Aggregated_t-45min,0.002239146841156071,0.004245719150112563,0.0026515487979008865,0.0018534180926872068,0.002039547605480948,0.004183551529022225,0.002013244740839582,0.0017029303649251234,0.0014174197648742393,0.001634199727070836
generation - Wind Onshore - Actual Aggregated_t-45min,0.01198890926081731,0.014574869358675642,0.008965898671667673,0.006834074094026164,0.006741732816387412,0.005053377084824205,0.0020940355476705007,0.008471773896221179,0.003291326273901177,0.0037901688599886255
generation - Fossil Brown coal/Lignite - Actual Aggregated_t-45min,0.010221901620883727,0.007533992110475083,0.007903943247882125,0.00845469224232329,0.004976604742660129,0.006177021468232851,0.006645708374122648,0.0030830960943465584,0.0038471016351459184,0.006284468646234018
generation - Other renewable - Actual Aggregated_t-45min,0.008602944713784382,0.007185459074040409,0.0027563714291345604,0.007771068297413876,0.0017235910719873573,0.004093509472804726,0.0024859056336699725,0.0026532191079386394,0.005451567716501814,0.0015156532044049982
generation - Solar - Actual Aggregated_t-45min,0.0043065632604048,0.002572038037887978,0.0046103775149731515,0.008557290636046672,0.005094912992390164,0.008426349060493521,0.0025205277599370675,0.003120958379769945,0.00391678585452064,0.005348043077658076
generation - Hydro Pumped Storage - Actual Consumption_t-45min,0.004848654115645331,0.009309086438865051,0.0018541778383205382,0.003977719909251391,0.001336910044987917,0.00263746884255724,0.0021134603401317237,0.0060327595055860005,0.007416710227946169,0.0032287401272213857
generation - Wind Offshore - Actual Aggregated_t-45min,0.003384972773230402,0.005743652077856496,0.004426865199064196,0.002892800455319957,0.0016281578509427846,0.0017058206095480273,0.006508253572101239,0.0020617964748071245,0.0031813761226776476,0.004795509771694299
generation - Geothermal - Actual Aggregated_t-45min,0.0039307052792819375,0.0031233467039069184,0.0024911837141935395,0.0035244456701793753,0.002673447818657678,0.0028926964545753437,0.0030470498454928927,0.0030483526964553676,0.0028593994191051025,0.002916278754724772
generation - Hydro Run-of-river and poundage - Actual Aggregated_t-45min,0.0015720153986000015,0.0017172748655784743,0.0017449263333273847,0.002730103705676811,0.0034105848741006924,0.0017370007050212734,0.003220384653526253,0.0016036880673407268,0.003624824886512215,0.0018264087355300944
generation - Hydro Pumped Storage - Actual Aggregated_t-45min,0.0012092448944008539,0.004284326156404859,0.0036314909797147267,0.0024422485313089055,0.005191554344841279,0.002736463922533403,0.007300718250347927,0.0015155965022843247,0.0018393037823943815,0.003794046162755478
load - Actual Load_t-45min,0.011379802073322936,0.01233902789776039,0.006785130693510382,0.010041373437235962,0.008495346336840157,0.008497116364369603,0.0061509100640832915,0.003091445449130788,0.004530610806516052,0.0034383509696617695
generation - Fossil Coal-derived gas - Actual Aggregated_t-45min,0.002301244434558612,0.002295433897747131,0.0012932305928479765,0.001629657371024223,0.0011918594020580713,0.0017869983042655803,0.002315471088528284,0.0037441625567571466,0.0013925102572757168,0.001986692054761079
generation - Waste - Actual Aggregated_t-45min,0.003110375175617264,0.003727250521871028,0.0017044183569447,0.0012698267003770525,0.00305568523952752,0.004347139388020878,0.0023156300142072725,0.002026207709517621,0.0030210936694206793,0.0013614581035499213
generation - Biomass - Actual Aggregated_t-45min,0.0024688294973757366,0.0025945814295803304,0.0035930797130786234,0.0016885330011391488,0.00416032471010476,0.0021214898982332216,0.003067547911850852,0.0044682149993877825,0.00675315268128179,0.002723363607770807
generation - Other - Actual Aggregated_t-45min,0.004595247937416389,0.005657059976680102,0.006034305386827327,0.0018312263898799302,0.0022365806527832317,0.003110352428993792,0.0023730731956966337,0.0022740722488888425,0.0020832440060517,0.0022855630779001785
generation - Fossil Gas - Actual Aggregated_t-45min,0.009793410263191617,0.007203858776174457,0.005296760754510615,0.006241289879978012,0.005177374185098983,0.007778654033230851,0.004739270763802778,0.0016650072229078888,0.0021871988691709704,0.0024231049196205274
generation - Fossil Hard coal - Actual Aggregated_t-45min,0.0023438736974385394,0.002299557795665805,0.006591753181095555,0.0019177751279976292,0.0013971473456058448,0.003046604337196186,0.0012926827633364154,0.0021666453493421616,0.0015018758294404505,0.0022361255161522423
generation - Fossil Oil - Actual Aggregated_t-45min,0.001946432242580613,0.002263762837066679,0.0034232292939097987,0.0017802378515407327,0.0020199952023740478,0.004180137110561191,0.0033801023886844634,0.0015443124839994197,0.003643627791173458,0.0013577625779144001
generation - Hydro Water Reservoir - Actual Aggregated_t-30min,0.0031350635515100295,0.004483252222562442,0.0013685147396522552,0.0017941192700545799,0.003959921791603847,0.004104945952669368,0.0023807771491556194,0.0030267889068209116,0.0035069457883860197,0.0027767629509121436
generation - Wind Onshore - Actual Aggregated_t-30min,0.0020122507441255946,0.002189078470548381,0.0024740098528109227,0.0020118189951135717,0.0019666567037638742,0.001985582684097153,0.001583846670643652,0.0025149000865112613,0.0016114125856674945,0.0019068894237112772
generation - Fossil Brown coal/Lignite - Actual Aggregated_t-30min,0.004868440119531442,0.0028540834306331818,0.0026486570303022746,0.0029509046972816576,0.0027252581968477897,0.005434285870876835,0.0028544074924757297,0.004759112902032939,0.0025125001878586774,0.002456771580114946
generation - Other renewable - Actual Aggregated_t-30min,0.003069793031244444,0.002578412148766802,0.002160876134505088,0.00221893455575173,0.0013305095979862925,0.004614127040098537,0.0033541932344051018,0.0020861671065940755,0.003756101442158979,0.0016730597610453515
generation - Solar - Actual Aggregated_t-30min,0.010064283166691893,0.0069072123615769665,0.008727153051167988,0.004372419173309027,0.005385555317792751,0.006361642842675792,0.00889749096466403,0.006963556014672804,0.0066283797053965825,0.007501486074623244
generation - Hydro Pumped Storage - Actual Consumption_t-30min,0.002593159324147564,0.0026337703496792527,0.005565689175084117,0.007684593109490379,0.0017479391819815646,0.002297234467796443,0.00222212308412054,0.002247996770948703,0.00245220874724253,0.00205106239403176
generation - Wind Offshore - Actual Aggregated_t-30min,0.004250258128909991,0.0029088523537516265,0.00873701961664483,0.005285648467688589,0.008234564980379219,0.0064249462541447425,0.00992335410717169,0.0059383293515311375,0.00618544347367424,0.0075568958923031455
generation - Geothermal - Actual Aggregated_t-30min,0.004069790871515579,0.003783426210003199,0.0065847152923233804,0.007148501316107286,0.009266091704383143,0.0021382878712520323,0.006210968294669329,0.005174125500099763,0.00737512327398872,0.0017330408771103975
generation - Hydro Run-of-river and poundage - Actual Aggregated_t-30min,0.0029427466538736553,0.0026162552588484688,0.0021390759331907246,0.0026506993889095156,0.007561836048385885,0.002034354216368229,0.004376595266006916,0.005640384777943836,0.004962857651265949,0.004627900928247982
generation - Hydro Pumped Storage - Actual Aggregated_t-30min,0.003798852099757802,0.0023037025672451817,0.002363573497851576,0.0033425041524678817,0.0021271278447438815,0.0019192794733380652,0.00230771229797665,0.001311266005411653,0.0017284491193963732,0.002321606576507065
load - Actual Load_t-30min,0.010508049018989312,0.007295070806864715,0.005594040048405077,0.00673752075421362,0.007280767928956266,0.0067688789590392845,0.002688674112298031,0.005934652223223566,0.004783164218736601,0.004065254467093837
generation - Fossil Coal-derived gas - Actual Aggregated_t-30min,0.00456413839888387,0.004701755210838656,0.005506171235491592,0.007176379655842538,0.0034327500104118372,0.004356281636476069,0.0027809135188626897,0.001353184012463089,0.003967039699546149,0.00502659643139259
generation - Waste - Actual Aggregated_t-30min,0.0026318212486921766,0.0032078040927608527,0.001855859636227251,0.0018490850779678567,0.003992305953419418,0.002044655886524538,0.0063734883374054335,0.002716633375662241,0.002029845072887838,0.0031928619000609615
generation - Biomass - Actual Aggregated_t-30min,0.010467587714019828,0.01454950312351707,0.00883247433845463,0.009096871127252599,0.007357287308626837,0.004926382579113124,0.0037573108284486806,0.005342314822646585,0.0037887791616795993,0.005257182216855199
generation - Other - Actual Aggregated_t-30min,0.003381805704220824,0.002741228219683762,0.0027285406805858657,0.0033765748363546776,0.0050508476000277365,0.002424385809668365,0.0018166943410578824,0.0023063842973942883,0.0020437985700245916,0.003637691369938693
generation - Fossil Gas - Actual Aggregated_t-30min,0.0031543020754961617,0.003461158831511057,0.0018500277734929114,0.0026782719131226715,0.006782260590189253,0.0016333548311165487,0.003087943824950344,0.003664010171930386,0.003037788746586557,0.00166649980767545
generation - Fossil Hard coal - Actual Aggregated_t-30min,0.0019017650032278652,0.00426091630075689,0.0019059182217984016,0.002592516836570212,0.004086304238393496,0.0019457742157060237,0.0026503623838380007,0.0021454252890430324,0.002329232904531125,0.0019155022624113372
generation - Fossil Oil - Actual Aggregated_t-30min,0.006059629605468217,0.008642372677011735,0.0023964773816405795,0.0038050920693560785,0.003821436611324316,0.0019729641698893376,0.0032780752810338642,0.006904211480713456,0.00442321405821258,0.0034530182697467353
generation - Hydro Water Reservoir - Actual Aggregated_t-15min,0.0023930267560544963,0.002565275985147878,0.0017456783642119263,0.0012781867338507026,0.0032376360198104522,0.0030290268735288918,0.001494532074121139,0.0013724054684103066,0.0014505831294306971,0.0013324339578512081
generation - Wind Onshore - Actual Aggregated_t-15min,0.00158746664156115,0.0016123967584387628,0.001647615987626523,0.004883545926348802,0.0055433296010960476,0.00163545794334766,0.0018337311379727906,0.0011599109319158742,0.0019181121011776555,0.001744928203548625
generation - Fossil Brown coal/Lignite - Actual Aggregated_t-15min,0.002689423678307321,0.002765453642761713,0.0024199363598872876,0.0017911568934796378,0.0015357442658787477,0.002502683170997898,0.0036353145164898706,0.002118681984253271,0.0029186440655648766,0.0037980416727559714
generation - Other renewable - Actual Aggregated_t-15min,0.004196575648024009,0.004492991144934422,0.005875250333687291,0.004395683390423073,0.008485246501397342,0.004266329949663486,0.005344064577819154,0.003756187462058733,0.0018037429695796164,0.0044819785609724935
generation - Solar - Actual Aggregated_t-15min,0.010221832391624048,0.007109954575353186,0.013043648405146087,0.01192037594653084,0.010413599536817855,0.008962418651613915,0.009239421716896573,0.004046158463691427,0.009765418048686116,0.006359564791171579
generation - Hydro Pumped Storage - Actual Consumption_t-15min,0.002601939601423055,0.004640215618735965,0.0030462411778307795,0.0036088320139086817,0.0021608527122389206,0.0014418198099101574,0.0025575028174425825,0.0017825210307113367,0.003797698895796202,0.0027918738989883424
generation - Wind Offshore - Actual Aggregated_t-15min,0.0015476309943443312,0.0036209341745391155,0.003001516917025583,0.0012171855222932208,0.002135263899292113,0.003453712227927099,0.0016564342278020377,0.001739793185282906,0.0016831427766971104,0.002299361515179953
generation - Geothermal - Actual Aggregated_t-15min,0.015905579970007237,0.013213603397357474,0.012766573250875808,0.010832535656052642,0.00922142767063633,0.015303985009777534,0.008197125288974347,0.01208774468032425,0.008318895517324563,0.008633506430698617
generation - Hydro Run-of-river and poundage - Actual Aggregated_t-15min,0.002686178024932815,0.003572922145988741,0.0028269922741856134,0.0023232106457849113,0.0027641698648312742,0.0018196734846897015,0.0027297182639626954,0.0016166603168778692,0.0021978912295699047,0.0020769471621024708
generation - Hydro Pumped Storage - Actual Aggregated_t-15min,0.007749356552187237,0.0025933767514861755,0.003435445048882684,0.003915162578444324,0.009511341063240251,0.0065188130756268945,0.001518330377329903,0.001637343494546002,0.0014874702110187173,0.0010383658600204627
load - Actual Load_t-15min,0.020326775562774856,0.02176825803249085,0.017754632085147933,0.014731813753493042,0.01514801645425905,0.015247966806411568,0.012361920231029217,0.014204094378770606,0.014784334660565947,0.014786445251634235
generation - Fossil Coal-derived gas - Actual Aggregated_t-15min,0.0018304539475203115,0.0017693292418416605,0.001206532870682622,0.001860107083618459,0.0011143440865766933,0.0012564863356510614,0.001524879218328806,0.0013376738096039845,0.0020310842190738184,0.0017022596075275942
generation - Waste - Actual Aggregated_t-15min,0.008058869701625554,0.010076464229481644,0.0044310799061204305,0.0032276743405082018,0.005317697121125093,0.005436948290996952,0.0033221470344578846,0.007815892626189452,0.0036537967945914716,0.002081465702440255
generation - Biomass - Actual Aggregated_t-15min,0.010210516621678834,0.013835053380862519,0.012690735998083255,0.005878356331546911,0.0064622161348597724,0.008932647566529341,0.009212697166418366,0.006378419001004659,0.00498781620119189,0.009965198732716089
generation - Other - Actual Aggregated_t-15min,0.005827202053900691,0.007174216881228858,0.0032074844804647,0.004328050801756717,0.0023519991911161923,0.002853955420694547,0.002983312273029696,0.006235478365842198,0.0035574238944227547,0.006024420700417977
generation - Fossil Gas - Actual Aggregated_t-15min,0.005840404454906092,0.004471426858325685,0.0020571070468859034,0.004046242002721556,0.0015360719687423626,0.008639375378071235,0.0024271519403555432,0.0037550627626387724,0.0016936492217622572,0.0026398465402671717
generation - Fossil Hard coal - Actual Aggregated_t-15min,0.0017057371233022067,0.0017576382728384488,0.0014067410946768178,0.0014147807875906438,0.0014856717127852334,0.0015842083801445596,0.0011072468472711988,0.0023839447038117214,0.0014416266629625198,0.0011815843301116332
generation - Fossil Oil - Actual Aggregated_t-15min,0.00520492130952664,0.0071127626355973915,0.007946043589457986,0.005865791114862077,0.004946552105057435,0.002909570403759972,0.005854086624323827,0.00674047201682697,0.0036901459860728208,0.005576497941288835
imbalance_prices - Long_t-300min,0.00046358755100391134,0.0005545978989724461,0.000610087068958137,0.0003163684981777806,0.00045241907406443717,0.0004632482938568501,0.0004203235499867617,0.001004308176446102,0.0006962874009996085,0.0009292805371724739
imbalance_prices - Short_t-300min,0.0016835927658266883,0.0018825920200761174,0.0011590722427135916,0.0009155528102871812,0.0015220909761974326,0.0010306942212084777,0.0010134707448817154,0.0005190281597904231,0.0003723911761138652,0.0005600780474733256
imbalance_prices - Long_t-285min,0.0004868180995357818,0.0005764533681772263,0.0010339145284629012,0.0008943296361462672,0.001296564400997795,0.0015722533189541537,0.0006820979880533287,0.0008141808069851776,0.0007722457859335918,0.0005764617946451835
imbalance_prices - Short_t-285min,0.0004520228526130836,0.0005340909225805887,0.0007798119438618869,0.001000919143702049,0.0003656970287546528,0.0011080821211979525,0.0009281468098010919,0.0005166913610325991,0.0011253951499309097,0.0015133858213243912
imbalance_prices - Long_t-270min,0.000535230797934446,0.001017259961486161,0.00044010488214479436,0.0005207429162696826,0.000505795400468287,0.00035629314884965877,0.0005147195149792196,0.0005748209328021403,0.0005005623840205544,0.000517782262245646
imbalance_prices - Short_t-270min,0.0008990440660563763,0.0008527895288548279,0.0003257196495626431,0.0003197801975473453,0.0005157746785835115,0.0004475718272508402,0.0005045161073120426,0.001030981234077899,0.0008825723651139014,0.000673003883469562
imbalance_prices - Long_t-255min,0.00045119356490204155,0.0006604871644076411,0.0007397702983839736,0.0004484259251729554,0.000742064725763953,0.00040854922715334395,0.0004827718859034178,0.0006930293520761382,0.0005401752960733575,0.0005989781090762847
imbalance_prices - Short_t-255min,0.0010439031692126264,0.0005516578767919782,0.0004239792756795282,0.0007565897094671072,0.00123362501540214,0.0009379284889282644,0.0006201613027885742,0.0004163572301674776,0.0005396898173723912,0.0005653218330791105
imbalance_prices - Long_t-240min,0.0005526187302255039,0.0011417987086961147,0.000630021610137419,0.0014181364912374192,0.0013362490974259344,0.0004555797340167373,0.001047454424833461,0.001273394103192004,0.0012654816313279014,0.0007831071106536455
imbalance_prices - Short_t-240min,0.0011894098195507467,0.0005114385473024754,0.0004733555088316734,0.0004345059410752583,0.0003301194852999743,0.0006722281724596542,0.000905048752917537,0.0008619512018253772,0.0007969755998747133,0.0006198666147513449
imbalance_prices - Long_t-225min,0.0005388207452897405,0.0005156004383270556,0.001419362681922621,0.0007577270930476061,0.001013207375132083,0.0009042208214564198,0.000939119977113478,0.0005037351176611082,0.0007775444826928605,0.0003949816900490077
imbalance_prices - Short_t-225min,0.0008405970378062193,0.0010288344509428384,0.0004697966080484548,0.000575020832683549,0.0006590616012745158,0.0006057361680591384,0.0009492771524419368,0.00043983215479420325,0.0005780864396824655,0.0005991714997577446
imbalance_prices - Long_t-210min,0.001115754788643585,0.0007172028978111485,0.0006683795481079926,0.0016498970723077945,0.0014968310003851003,0.0015537306670621548,0.0012485370240460157,0.0005161377444194386,0.0009275772081169862,0.0011625855426482304
imbalance_prices - Short_t-210min,0.0006729011974884998,0.0007029309221470612,0.0004863569527392428,0.0005584462514643747,0.0004399230298562316,0.0009192856706606563,0.00042011655251917543,0.0009104009891862006,0.0004734292399066362,0.00028410486331262064
imbalance_prices - Long_t-195min,0.0008078294908254975,0.0008832937313595721,0.0005751948619952145,0.00047366590515537157,0.0005621589302381836,0.00048010575007481296,0.0004218050013313359,0.0008800826447054533,0.0006861533965607123,0.0005995377977089049
imbalance_prices - Short_t-195min,0.0006233578926621704,0.0008244272119924858,0.000825762628593111,0.0005919301177814305,0.0013110172589467198,0.0013095135961184497,0.000657366333046781,0.0006150769147568553,0.0006572715037559646,0.0008531462054743173
imbalance_prices - Long_t-180min,0.0006694283293891204,0.001227288609754396,0.0008624916259905149,0.0006246226868019563,0.00033687669899325103,0.0006074949656858735,0.0007152223387254253,0.0004400112824783946,0.0005337992215717122,0.0004388104817631593
imbalance_prices - Short_t-180min,0.001584890644538973,0.001875516159401741,0.0012185834814441704,0.0013281078492350389,0.0011208939755888423,0.0007608893521201026,0.00120198514281401,0.0006159467578154363,0.0010921323367922469,0.0008755238261824161
imbalance_prices - Long_t-165min,0.0004798372067343735,0.0007671920298471378,0.0007917546007402052,0.0004769880231664274,0.0007827246283887987,0.0007932163296643254,0.0005370533631774777,0.0006234046455624593,0.0004008988886273528,0.0005108302654543877
imbalance_prices - Short_t-165min,0.0018326096733039777,0.002165186303460814,0.0016642806667678798,0.001838644725303311,0.0016415807610104026,0.0011721553128741108,0.00133726809802954,0.0018875791056029811,0.0017440146711207945,0.0014528517091171125
imbalance_prices - Long_t-150min,0.0006349484613532468,0.0015776652791569745,0.00044988928798886716,0.0007280565793831784,0.00168047221841789,0.0008355845230753402,0.0004563429074629539,0.0008832809576238105,0.0008491121513062723,0.00043198913908116767
imbalance_prices - Short_t-150min,0.001196968849928453,0.0010730064161298288,0.0013709140005977076,0.0013417773123044299,0.0018187296384276125,0.0013487112427137617,0.0018442677175071367,0.0009761089962689767,0.0018197501231952628,0.0016069747487326821
imbalance_prices - Long_t-135min,0.0010442807406047905,0.0010823758570313658,0.001070823168084985,0.0011250283229735487,0.0005708999031461417,0.0009762899807928989,0.0006738673288531345,0.0007446083220105493,0.0009839760356844635,0.0008082984856971507
imbalance_prices - Short_t-135min,0.0012188117793079983,0.0011597070553675622,0.001670706133276326,0.0009449216018076641,0.0012140403572841478,0.0010810908449552699,0.0026507340286957516,0.0018618891591440842,0.0018798814042302182,0.001921014991304446
imbalance_prices - Long_t-120min,0.0019401303756121707,0.002300367980322335,0.0011479247387153463,0.0017278801012739677,0.002103290956226374,0.0008859428454717886,0.0013496578026324642,0.0009569749812085319,0.0017480192511102359,0.0014281347266555714
imbalance_prices - Short_t-120min,0.0007190008386485261,0.0006798271705629304,0.0007836272359372742,0.0010003061906345464,0.0005523893214308373,0.0010159235243113471,0.0008708062449250065,0.0009171678344878273,0.0014280990963898147,0.0014436294979341254
imbalance_prices - Long_t-105min,0.0012783685102863273,0.0009340064105745114,0.0008244406460935352,0.0007217404791943665,0.0011497396969271847,0.0011368280104761652,0.000855727183932629,0.0004797972125729757,0.0011403896964857268,0.0009911182366590765
imbalance_prices - Short_t-105min,0.0007707797699576702,0.0014870780648125219,0.0013959465492599746,0.001244928721113638,0.0012257084658449458,0.000759286916219935,0.0011441676355761956,0.0012861921824999171,0.0011720915417993182,0.001626413771456555
imbalance_prices - Long_t-90min,0.00247531824678299,0.0013965395378463653,0.0018481981958366304,0.0016865119542690081,0.0022469012247042885,0.0015885192039113462,0.0008803752018047817,0.0012941343008012608,0.00082360291965324,0.0012235412830406318
imbalance_prices - Short_t-90min,0.0009927447296553282,0.0008665070704963113,0.0010661394481230105,0.0008475485057360857,0.0010692431374336416,0.0005600955272342673,0.0008700717849970659,0.0011976600337945912,0.0008578815596656568,0.0005400631540824179
imbalance_prices - Long_t-75min,0.000878574394392217,0.0017442784815502818,0.0013435622530058708,0.0009666409372923681,0.0019572866876051195,0.001092404340626672,0.0010983830408731591,0.0006561257759308319,0.0007897833527592866,0.0006654370585412152
imbalance_prices - Short_t-75min,0.0008288108520214337,0.0007311589845048729,0.0009752179464558139,0.001139785549509611,0.00040868686696302346,0.0007943736356411506,0.0006913424980041327,0.001631109023756437,0.0009837474139903861,0.001157517685960329
imbalance_prices - Long_t-60min,0.0014245825702453203,0.0020158454536853016,0.0011416220620340028,0.0010638800791548419,0.00047891490470237843,0.0006544008981862532,0.0006302799010454691,0.000604260549339358,0.001159685932223283,0.001082649403426366
imbalance_prices - Short_t-60min,0.0013968455546587394,0.0009747903598931771,0.0012155135248240185,0.0008167710422578693,0.0011315056425019066,0.0009357937684744684,0.002106010188956134,0.0014467215593531365,0.0007575812414119127,0.00127924712805725
imbalance_prices - Long_t-45min,0.004183636109140934,0.004625990623739881,0.002071539617936196,0.0020832853433130367,0.0019268988815133526,0.0021500183602902326,0.0008370958763189264,0.0012668267790849085,0.0016595282896237223,0.001218455722869976
imbalance_prices - Short_t-45min,0.0011621065418748913,0.002483100160219692,0.0020742769573625993,0.0022568657620431623,0.0008954028130704046,0.0007503826810561805,0.0011893906428794593,0.001039604444953511,0.0014820895197753998,0.0008453766632043198
imbalance_prices - Long_t-30min,0.005815602861517618,0.006036461975505517,0.004686359931559309,0.0046457821341900855,0.0033537910557965914,0.003305961095562907,0.0032605021393819697,0.0017797801136779298,0.0019508222166818997,0.002236574104414103
imbalance_prices - Short_t-30min,0.004815214083861519,0.004898443767547519,0.0035656258290464394,0.004293550772704179,0.0032757305807081137,0.0019470039840821017,0.0020114596393796093,0.0008720485599114909,0.001033489555553615,0.0008200532620114558
imbalance_prices - Long_t-15min,0.017671363079623918,0.019122300601680763,0.011198679805886059,0.012099568288179853,0.008163460744148324,0.00897144691856829,0.006770719531420582,0.00815481146419188,0.005307301269578602,0.005728398530845879
imbalance_prices - Short_t-15min,0.01812920978191596,0.018414728663638358,0.011487387132350705,0.011205653579524551,0.010655961404074333,0.009748439027443965,0.00804855600881956,0.00780149957318315,0.007106451445346465,0.006660446447358765
intraday_wind_and_solar_forecast - Wind Onshore_t+15min,0.003023935306191561,0.0030487064462481612,0.001994732772534917,0.003235597088254508,0.0023183246918379156,0.0018619729079509852,0.0013683942800539626,0.0016900943949513022,0.00177897447293617,0.0019067484935440006
wind_and_solar_forecast - Solar_t+15min,0.005685288687608363,0.00245057678418101,0.0045674212168123635,0.003419347266870318,0.004070835560794876,0.0020315037509644755,0.001513325133147191,0.0019364232271345827,0.0028386535440972694,0.0024605505071949663
intraday_wind_and_solar_forecast - Wind Offshore_t+15min,0.006090397679011403,0.006855610785247336,0.0016951755572458182,0.004006339508247038,0.003863350617364631,0.006451841438145493,0.004751341051216514,0.0026904968490354124,0.0025189707530362286,0.005595058370159677
intraday_wind_and_solar_forecast - Solar_t+15min,0.0018865325264182501,0.0019452336529484455,0.0019531480061116325,0.0012810872542168,0.004441331038275166,0.005494867961315322,0.001992536794718035,0.0010675890951945917,0.0012530064841267858,0.003076670867183566
wind_and_solar_forecast - Wind Onshore_t+15min,0.002451143103936374,0.0023252416742649304,0.003564002095867181,0.002475035571278255,0.0014053171489094892,0.0028808013009520438,0.0023401888234573106,0.0014129458233305742,0.0011472933429754449,0.001892788453709727
wind_and_solar_forecast - Wind Offshore_t+15min,0.0030192388492723695,0.0028330522196902165,0.0038221524896598566,0.004305363403054798,0.0023324030700532603,0.004347714022274886,0.006949373985912643,0.002376573247656779,0.002823577875231422,0.0024088183474532342
intraday_wind_and_solar_forecast - Wind Onshore_t+30min,0.0037235769985027216,0.002385056062360263,0.006134389911399921,0.002873891164101224,0.0024959712606969333,0.0022432354483371453,0.005239074459706899,0.007067151151641155,0.002081965285519203,0.002463382031890774
wind_and_solar_forecast - Solar_t+30min,0.001940426994417976,0.0037317969358500705,0.0012798424258978116,0.0013178146407126405,0.003698298675926708,0.0010976089350824623,0.0010487055597313884,0.0025325717600426286,0.001493683569197401,0.0011757002507292499
intraday_wind_and_solar_forecast - Wind Offshore_t+30min,0.0038501927457837157,0.006391915516891458,0.0030778253917596887,0.002225300273521498,0.006646807783914482,0.0034076395440968098,0.0018583448125509675,0.0041717088810491985,0.00442613645347609,0.0023019160390540493
intraday_wind_and_solar_forecast - Solar_t+30min,0.005608304630150087,0.004757647425962205,0.0016822074749931063,0.001886867336997966,0.0033492092317537756,0.0017506552560771524,0.0015576204280023376,0.0011720632274491436,0.00404392884821209,0.0013961939544357164
wind_and_solar_forecast - Wind Onshore_t+30min,0.009035641376882267,0.008557758946726607,0.0059153859878133515,0.006449733709472639,0.007586205681946012,0.00495216123105638,0.007197490379555347,0.006996077022369718,0.006612976888148296,0.0025797348644882733
wind_and_solar_forecast - Wind Offshore_t+30min,0.006983295974001521,0.011311692930887147,0.0016830025041500462,0.002503166058439092,0.003408345859345559,0.0015079059912477533,0.0015196662405851384,0.0027583327693118916,0.0016415747731175544,0.003162036081881524
intraday_wind_and_solar_forecast - Wind Onshore_t+45min,0.002059688172473216,0.0037323423475008896,0.0022160247097015146,0.002648288572781894,0.003941309560050285,0.0019302337394165078,0.005018072068596666,0.004288655961405311,0.005781385354411214,0.006296299575418743
wind_and_solar_forecast - Solar_t+45min,0.0038008582803286117,0.006974173771130154,0.0013421881972155915,0.0020531813866818995,0.0011641925514314835,0.0012922626954223232,0.001921641269209431,0.002288843265396281,0.001248887652125859,0.005568433733700659
intraday_wind_and_solar_forecast - Wind Offshore_t+45min,0.004090406306876048,0.0027054425736669145,0.0036838559077923493,0.004168965255492367,0.003117786109217832,0.0027210709767095977,0.0037832951609448173,0.003281503256051565,0.0032445807513759063,0.0019502875947728171
intraday_wind_and_solar_forecast - Solar_t+45min,0.010543789534982351,0.011312944653007435,0.0057492784000205575,0.006879324034802266,0.002546042793893321,0.006362972565435485,0.0050849744955339705,0.009787808145427334,0.00749254068819937,0.006543039240510552
wind_and_solar_forecast - Wind Onshore_t+45min,0.004319223935409809,0.0032314969053229563,0.0019836761717888294,0.001542788457916231,0.001572612905060396,0.0016819984164662856,0.0035651492252087563,0.0020479995466348554,0.0014862904499786964,0.0026741400616615463
wind_and_solar_forecast - Wind Offshore_t+45min,0.00362026408314523,0.0032938421987410036,0.007447512917236963,0.0023249272794535047,0.007834380027998123,0.0025374355993499193,0.005222299521166633,0.0023740095966954867,0.003966590670081132,0.003963504834213381
intraday_wind_and_solar_forecast - Wind Onshore_t+60min,0.0014900142693311978,0.002601563536708454,0.0025430498656937744,0.0015011017064362022,0.0019257669709991205,0.0019482524416389424,0.0017872364404811379,0.001513260310847727,0.0035022085907021393,0.002716064685649144
wind_and_solar_forecast - Solar_t+60min,0.002500670726838507,0.0016886248307646384,0.0019231202869973458,0.002168537677755921,0.0014242034878107007,0.003904963381632115,0.0026050935476673656,0.003097705524673074,0.002906778746510355,0.00419583517091769
intraday_wind_and_solar_forecast - Wind Offshore_t+60min,0.006447609071603438,0.004540057392325252,0.002966100529962205,0.006879339273300502,0.0018337125667278683,0.0022801421964904877,0.0019411632693638694,0.0022091270520982107,0.002967122572657445,0.002835588692108672
intraday_wind_and_solar_forecast - Solar_t+60min,0.0030574802370510953,0.0037675065413095583,0.006487050055766303,0.0018241029316126145,0.0024687510819167073,0.0021207022181470164,0.004724426329732524,0.004885333111191358,0.0016414260849306856,0.007961100346314197
wind_and_solar_forecast - Wind Onshore_t+60min,0.003492875226759679,0.0037842075277767437,0.004489444625952047,0.0047181399003384285,0.005062715519023186,0.0043136141418926854,0.003723418100265917,0.004643697293882724,0.002802623755221532,0.005265032753232844
wind_and_solar_forecast - Wind Offshore_t+60min,0.002888653053086614,0.002557908692636829,0.0016428287403548439,0.001913278246034679,0.008554493771967828,0.002347132074265119,0.00129651268949911,0.0011461767908704133,0.0015943962849477202,0.0014469071584153426
intraday_wind_and_solar_forecast - Wind Onshore_t+75min,0.011873045959924639,0.010126563665573485,0.008148938950979755,0.009249040630524745,0.010437373648426729,0.007319827197192353,0.0061469762527558485,0.006546262074080005,0.005912275639269865,0.006803909368274617
wind_and_solar_forecast - Solar_t+75min,0.002451564343100472,0.0020853552493099413,0.0022650176715460473,0.002171487615486896,0.005404788502448355,0.0019718689472356344,0.002366116298394445,0.002956371944181683,0.005884675434761448,0.004380539990790567
intraday_wind_and_solar_forecast - Wind Offshore_t+75min,0.0069473670288052744,0.00530783660353336,0.002092589533134742,0.004568504221117109,0.0027510402326679467,0.0017402020718586754,0.0019434296654708306,0.003098179442245964,0.002623769883235127,0.0032670166012467236
intraday_wind_and_solar_forecast - Solar_t+75min,0.006410159418430339,0.001523334054595125,0.005097604005757603,0.006575356834724516,0.007053729637526885,0.003454302616422865,0.005140455276341526,0.004712575278157601,0.008641847021382092,0.004443777508986386
wind_and_solar_forecast - Wind Onshore_t+75min,0.004192151811796066,0.0043198283173187515,0.0028471229379283614,0.001639286784831711,0.002346311320827738,0.0026355248249528814,0.001662932187631668,0.002499406206145977,0.0014276716055728685,0.002480506301028981
wind_and_solar_forecast - Wind Offshore_t+75min,0.002161483447926912,0.0025773859783153057,0.0023764275123990047,0.0015325492483443668,0.003989932074342051,0.0016178683977548188,0.0017469807286179275,0.004846859872544883,0.003987786172685446,0.006270362866238429
intraday_wind_and_solar_forecast - Wind Onshore_t+90min,0.007782272053067573,0.0026791647197278506,0.0057837428069096855,0.005624998574630808,0.004941400159412296,0.007402358981140424,0.0066233610242234136,0.004363512341904425,0.005215871436670568,0.0029980876751506003
wind_and_solar_forecast - Solar_t+90min,0.0024178093937580344,0.001745240638915334,0.0021617552989628168,0.001349719842584591,0.0015429350899212296,0.0019412233920143081,0.003135307833039178,0.001563906258029874,0.0016875100864344858,0.0033604816247170674
intraday_wind_and_solar_forecast - Wind Offshore_t+90min,0.009120059212855268,0.005362226562057913,0.007736532324161089,0.004596501352214545,0.008224384502434987,0.007863858643628192,0.008499375737395894,0.007326067088924902,0.007470913167708204,0.00896295475818897
intraday_wind_and_solar_forecast - Solar_t+90min,0.018269275552622276,0.022398053371114657,0.009068724553726497,0.0077085982583084845,0.00972583009318805,0.010858846896066098,0.00924059775803471,0.013460187119024341,0.01011106571450364,0.010926525710128771
wind_and_solar_forecast - Wind Onshore_t+90min,0.004663286289236566,0.0019220777256032306,0.00504058261319733,0.006103394019395637,0.002111699307897652,0.001447623992140734,0.003729124746982052,0.0024718636084152196,0.004846070564206457,0.0014267019329804497
wind_and_solar_forecast - Wind Offshore_t+90min,0.005970359706494491,0.0028334897602453565,0.003645716920447171,0.005237537552708091,0.006423905636671406,0.0022866109375958106,0.005981047108440179,0.003877341982271901,0.004920776903552905,0.0013999953409409044
intraday_wind_and_solar_forecast - Wind Onshore_t+105min,0.00935276110419727,0.010468456705402786,0.012753799568690738,0.012346193570600008,0.00905271020821965,0.012054870116726306,0.010923840704315808,0.0074417205419958915,0.010784371672438283,0.009308999045135352
wind_and_solar_forecast - Solar_t+105min,0.005492422790446654,0.004976102167122008,0.007151796160456343,0.004142653361862358,0.003884748191747576,0.00574062308601151,0.0017677125039554085,0.005121764429321047,0.00236801026864066,0.0014302740297277977
intraday_wind_and_solar_forecast - Wind Offshore_t+105min,0.0049975091201995385,0.004109266658777415,0.005165719927703321,0.004640153003114392,0.003653299848849201,0.007834659521962748,0.003692694830971959,0.0061549940922304815,0.0077527174449842275,0.007491298907684723
intraday_wind_and_solar_forecast - Solar_t+105min,0.0029992586547473365,0.0036716408141754045,0.0022251203211421855,0.0014113607659514856,0.0014566064454688784,0.001543456831248477,0.002274763040517428,0.0021279342562987723,0.0014136401450818995,0.0018774585629694229
wind_and_solar_forecast - Wind Onshore_t+105min,0.002243025025461975,0.0049941151824002645,0.001396609713538055,0.0026045967772060975,0.0034074568817959515,0.002100974699297694,0.001631871891462879,0.0018922920716941008,0.0016328037259697795,0.002159719087252597
wind_and_solar_forecast - Wind Offshore_t+105min,0.0035427261868694587,0.002257076729578557,0.001503005111325365,0.0016806290184985073,0.004017755451138299,0.002170322060945473,0.0021490449414818613,0.0045621158571848355,0.0019472083612495227,0.0017239645370905237
intraday_wind_and_solar_forecast - Wind Onshore_t+120min,0.0130115262511099,0.014542787043457793,0.011610629303489986,0.010025479778880254,0.013718315142597476,0.011243529361308902,0.010893821415181719,0.008511528136932612,0.009407566388093983,0.0094977671262709
wind_and_solar_forecast - Solar_t+120min,0.0018266003236453799,0.0015871773115904945,0.003328248367126889,0.0018840236896223814,0.0027692066678578157,0.0011431467880702257,0.0011927478956138202,0.00269506437920063,0.0037983878367704163,0.003896045874014817
intraday_wind_and_solar_forecast - Wind Offshore_t+120min,0.0074799336248252074,0.009230332602819545,0.003630220554189691,0.006981192945875591,0.004982241757003066,0.006721375174049172,0.006409210397020615,0.010663174967434316,0.010945339431869797,0.0035171870642575413
intraday_wind_and_solar_forecast - Solar_t+120min,0.004163135304434945,0.00498774017048072,0.006905156797904055,0.005877344573527807,0.006960059397570149,0.0046069130338182735,0.006768649932748304,0.007160123505222145,0.010627914668002631,0.009357286398335418
wind_and_solar_forecast - Wind Onshore_t+120min,0.004978902129137168,0.0026276829138168977,0.003734774529877541,0.0022004135893912463,0.002169210643156248,0.0012132259487043484,0.0031095988976885566,0.001201380839700505,0.0024635462468540936,0.0011838532460187708
wind_and_solar_forecast - Wind Offshore_t+120min,0.003210575247936049,0.0019094191391420736,0.005189114347329451,0.004588585148259881,0.002693657436699766,0.003371241020728121,0.0036767404445636202,0.0018735994703110918,0.002038488887015774,0.0024354537793224154
intraday_wind_and_solar_forecast - Wind Onshore_t+135min,0.009090204796964827,0.010785184068390663,0.01175708808401032,0.006867726801865501,0.0104405694045563,0.004114838058463647,0.010671248016122263,0.00834365145479751,0.009483023622161909,0.007336527121588006
wind_and_solar_forecast - Solar_t+135min,0.0034421539004179068,0.004196568790794117,0.0030245667551444056,0.0017231874695953593,0.002893342834899926,0.00223907195126435,0.004025218791728548,0.004745383106379449,0.002502670881091035,0.0022701215750262236
intraday_wind_and_solar_forecast - Wind Offshore_t+135min,0.006830736583879116,0.002533586029968319,0.00936022008742475,0.0059909398763629725,0.006932423250411375,0.007059860159363779,0.0036956964144249016,0.004853338840621291,0.004066483240540038,0.008888698249029403
intraday_wind_and_solar_forecast - Solar_t+135min,0.011164560026401886,0.010083473250495445,0.006219883403973654,0.006624330191818444,0.01025940625059593,0.007376601022100658,0.006359054621180349,0.007109903530945303,0.004870182640011194,0.008075691417236158
wind_and_solar_forecast - Wind Onshore_t+135min,0.002453703953759941,0.00708276181661222,0.0014026009689341663,0.0027601492480857815,0.0022253499822997183,0.0038582392201333277,0.0020428164592931355,0.003889193337289953,0.0049457117349084,0.004957664234393405
wind_and_solar_forecast - Wind Offshore_t+135min,0.006865242842621229,0.009117871016154822,0.001877122330509792,0.0028494811859818584,0.004101649219672254,0.0024101017562425113,0.002325817208571607,0.004056742028125882,0.0017771480509477442,0.001695152581689399
intraday_wind_and_solar_forecast - Wind Onshore_t+150min,0.0050426058768716754,0.010743917385356325,0.005788907703642622,0.004614023808298953,0.00683846166364674,0.004122995848301798,0.005422835563647823,0.006613270533669492,0.006219934381415442,0.007010106810033903
wind_and_solar_forecast - Solar_t+150min,0.00256434345472303,0.010056730389042059,0.003185969310821747,0.003592388161652707,0.005298537459180807,0.002082669008131688,0.00150794170845802,0.0019749196031525573,0.0015161252957841499,0.0014116080778831446
intraday_wind_and_solar_forecast - Wind Offshore_t+150min,0.007424138106372993,0.007444070876466867,0.009040063996944809,0.009535107057941786,0.011380153926677168,0.009890676236478612,0.011519610823925178,0.007906841235802858,0.012619410631556093,0.010442931986312033
intraday_wind_and_solar_forecast - Solar_t+150min,0.0025764421241867693,0.0022583242550244906,0.0024144016844929866,0.002407818271896758,0.004172652443921834,0.0034213139092717027,0.0029080241924984876,0.0017167579602709111,0.0023883642471027996,0.0023401148675420698
wind_and_solar_forecast - Wind Onshore_t+150min,0.005584717006036953,0.0038524728363447595,0.0033444096768239433,0.005006558772640346,0.00372672919426077,0.004175783331895218,0.0013572977460225956,0.00166762147697591,0.0014139435710198338,0.002065372114902857
wind_and_solar_forecast - Wind Offshore_t+150min,0.0027317801392036925,0.0049170425063121,0.0026525442536476478,0.0024724565045362397,0.002264838301140571,0.002066913308740368,0.002239009919665477,0.0022551588489159256,0.0020804970500958005,0.0038850267542220535
load_forecast - Forecasted Load_t+15min,0.007324469740788118,0.010067432967356581,0.004557128014152113,0.00785157924275336,0.005960678010775155,0.004093963372150029,0.005005836597159942,0.0053929312505329105,0.008969893268025771,0.005877993814145156
load_forecast - Forecasted Load_t+30min,0.006344007520838204,0.005030320025776746,0.00747190144805063,0.0017873717031623073,0.004686804554237824,0.0055918965986275,0.0028981306459551206,0.003464492171013262,0.0033175802320984074,0.005723545296234079
load_forecast - Forecasted Load_t+45min,0.003394000298289029,0.004369353209418478,0.005442902198730735,0.004408622843970534,0.00369908009839628,0.005290026166721873,0.003436897422598122,0.0029010640521091773,0.001152658993031899,0.0014920577859802507
load_forecast - Forecasted Load_t+60min,0.008074954908077416,0.003779207597664936,0.004344938790374726,0.0022345812399516946,0.005445433750709526,0.004422337113832327,0.0048440935655635255,0.003026925790310088,0.005599669130062466,0.0034537812222314415
load_forecast - Forecasted Load_t+75min,0.002146689199655384,0.0022898331839446657,0.004487530812737532,0.0021461173944671828,0.002805303810251644,0.005281083865305845,0.0017289829953679146,0.0030389169848504026,0.0041543749161573945,0.006248567626470617
load_forecast - Forecasted Load_t+90min,0.0016528559591879456,0.0030058190415095396,0.002208607021016178,0.0033756790154275225,0.005531362111956696,0.0029390628614892195,0.005291519927890477,0.006252920224158515,0.004942255275813295,0.0060977526005717665
load_forecast - Forecasted Load_t+105min,0.001311532387855209,0.0022869437442932395,0.0015800104248712614,0.0020432388075411153,0.0019529529141991589,0.0024570438324153657,0.0026668132567037903,0.00397802559540014,0.0026517385725087477,0.0027783701802054565
load_forecast - Forecasted Load_t+120min,0.0035235822146787543,0.006029236285634397,0.002924595638774008,0.004280441639515629,0.005171177720299056,0.0026826907180602577,0.007120270333785811,0.005388530151620216,0.003469959268208754,0.006688441170686929
load_forecast - Forecasted Load_t+135min,0.0026179791926333566,0.002688189985324698,0.0024081183712012263,0.003376858724232079,0.0021757443037113263,0.002639024067451828,0.0038013084134217935,0.00405366294200303,0.0061394101763780785,0.0024633325335889824
load_forecast - Forecasted Load_t+150min,0.0013071945979268094,0.0017069141494262111,0.006122046294919528,0.0028032941796459453,0.0025642479749321866,0.005182769103390455,0.005985420232535035,0.006118282169294617,0.004620573377862456,0.0073939801680789966
