Feature,imbalance_prices - Long_t+15min,imbalance_prices - Short_t+15min,imbalance_volumes - value_t+15min,imbalance_prices - Long_t+30min,imbalance_prices - Short_t+30min,imbalance_volumes - value_t+30min,imbalance_prices - Long_t+45min,imbalance_prices - Short_t+45min,imbalance_volumes - value_t+45min,imbalance_prices - Long_t+60min,imbalance_prices - Short_t+60min,imbalance_volumes - value_t+60min,imbalance_prices - Long_t+75min,imbalance_prices - Short_t+75min,imbalance_volumes - value_t+75min
hour,0.005521528007604502,0.005459562481668399,0.004998048542254764,0.00567390198114299,0.005793520171868749,0.0065549497479232745,0.0036133896808078136,0.0038455490802771237,0.004062098602252263,0.00484413742164088,0.0043165290488008734,0.005264218256816094,0.004579317060835819,0.004323329313583599,0.0061343238214849405
dayofweek,0.004816250631907678,0.008934680206290067,0.011034341444516031,0.0034618643456669814,0.006392474245940321,0.012423956029495458,0.0035783714944527673,0.007777986795957077,0.0102873538350359,0.004093675299942334,0.008328341114808608,0.01367708138586022,0.005099185710038001,0.009613005446624811,0.015432855083970935
dayofweek_sin,0.007190256424266408,0.00657052016453072,0.005561652547947233,0.006738527160543527,0.005771104036835823,0.005188034779262125,0.010787379564825643,0.008750514342929819,0.004672753132686921,0.00990056053726039,0.01041943984311638,0.006670909269800177,0.009683836593838351,0.009260661221536964,0.00581838491016606
dayofweek_cos,0.004556467289890861,0.004852343785803896,0.010633217286347644,0.0037119344277084564,0.0041894866352330095,0.007619482814243383,0.004256430310162614,0.005746801089534528,0.012765171530336374,0.0049540623929297,0.007778833928568929,0.014731688968742674,0.005521061524979814,0.00663361243156578,0.016245520067121107
day_of_year,0.030060625445767073,0.037145750419975226,0.024191484617913376,0.029034301171748666,0.033322606048139275,0.025310421684827816,0.03239874262386001,0.035875968945765634,0.02298408929366269,0.03197531542988145,0.03787696100683752,0.03039233564434835,0.03180474149668589,0.03714418835385368,0.03233855117947678
is_holiday,0.002265921076691029,0.002059661043342203,0.0034563369830566443,0.0022669819181110142,0.0021152079720037874,0.0034810724871003913,0.003981206217041745,0.0024274680588587216,0.0029885122014488845,0.002722155768728911,0.0023651208040082567,0.003295658579983865,0.0025704741754097996,0.002446640219485289,0.0031398463511077353
generation_import - Generation - Hydro Water Reservoir,0.053313215006899554,0.05481720378951286,0.1208648986654589,0.04567013715664507,0.04902698940492701,0.11142106200824492,0.051017839700041805,0.05981012525287224,0.11253597588127014,0.06878340603853576,0.06998360292392317,0.11397677391575417,0.06397161155898357,0.06843302587169456,0.10213299868046306
import - HU,0.061240831657793024,0.06317338259943063,0.06832135913922684,0.05604613319305463,0.05670738884620369,0.07069672092616656,0.05002182586640993,0.05158141213588533,0.06380575663709896,0.05993156162771629,0.06280269690643764,0.06924158594448818,0.05777709328371566,0.05238568614976248,0.05998025483911624
intraday_wind_and_solar_forecast - Wind Onshore,0.01721836924321542,0.022695329095964552,0.0328610530388396,0.015548825887784916,0.02461141115560531,0.03468930535114487,0.022559530573278606,0.030750241871282925,0.03685117740300484,0.028718639280639762,0.03279374265905062,0.04045588210207643,0.024905176106709406,0.02896074764666264,0.03672527104104301
generation_import - Import - HU,0.05534988135381718,0.04693345184226564,0.062167520823626546,0.04715208512745448,0.04822501848751563,0.06500215579819632,0.04861203880677931,0.047785691166151084,0.06711374159801926,0.056867585430125475,0.05510978913377039,0.06835919931717217,0.05775612899046973,0.052731553005338355,0.06716512700470048
generation - Fossil Hard coal,0.0041370374855014234,0.006467938852350926,0.0035103554317011004,0.001525589171807951,0.002886038988946893,0.005084633152699098,0.002982243157330231,0.0036715711730139445,0.00422835002157808,0.0064252692421432585,0.005331973129281323,0.004233470014169143,0.005854944776543561,0.006348340903234203,0.0035679378659897337
activated_balancing_energy_prices - Price,0.003207169109166898,0.0032427145701458358,0.0018130053522622802,0.0023957885058284775,0.002131631546407789,0.0016141212769380218,0.0028614685534665797,0.0020694833692525665,0.001079997605722383,0.002748270746887556,0.002107237069494204,0.0013551345680998565,0.0027389069929968173,0.0026097808956142216,0.0015170143313400785
wind_and_solar_forecast - Solar,0.010393393379695226,0.0068108700100501665,0.01611744209694734,0.005567488975121023,0.004168256537630441,0.0089873155593923,0.011438173395956255,0.009980726084886555,0.01626593805817538,0.016483415488197352,0.02097710359375924,0.03326090729361749,0.010148032094934024,0.008634652621622536,0.023410384529328438
generation_import - Generation - Hydro Run-of-river and poundage,0.0530011665513448,0.05226934568372962,0.09832267614733428,0.05588104147811828,0.05788663134497256,0.09565819519641809,0.05789950911026244,0.058200122780282984,0.09644238923501688,0.062285325375269165,0.06605973988490586,0.09388010221479635,0.06580086728079186,0.06338790442462941,0.09068643895427522
generation - Hydro Water Reservoir,0.06537403496401384,0.06766407288750634,0.11688591431491659,0.059658267134102064,0.06518734388286247,0.10988197833381128,0.052101177341188305,0.06096913379931357,0.10276491205987986,0.0680136698196875,0.06420117087429389,0.10389866360771703,0.06781650369746058,0.06769069848069921,0.0982716303752968
generation_import - Generation - Solar,0.06880406316020526,0.07021320628805551,0.10520344578963704,0.06795159975066781,0.0762276705079712,0.09884940658989945,0.07005206478305627,0.07619479999432224,0.0956748269275995,0.07159691544891393,0.07334306435420876,0.0946646016066079,0.06884542165015592,0.07017412003607024,0.09083210779853834
100m_wind_speed_mean,0.01063719719728033,0.009422153612626062,0.006183272766531445,0.012076356408979336,0.013587304770095216,0.007682672457600347,0.005459726007225982,0.00731133426102133,0.00402632311108664,0.005412240438633489,0.005852241369421421,0.004374419702522232,0.006615105987293646,0.00988704786531889,0.005070623637974677
import - sum,0.009721754635948855,0.0044102505818882495,0.00838230165636196,0.006362984510951037,0.008094610856687723,0.005632235259337904,0.005399600412245945,0.011971059496354429,0.007087605677526995,0.008411058895013411,0.00892547920589277,0.009268184072181612,0.006204048897381199,0.006390757181688969,0.008127989419452206
generation_import - Import - UA,0.03287817187980181,0.034721921237680364,0.03975283622171264,0.030619212598219748,0.03665525858633919,0.043891340701200536,0.019706808088723847,0.024125025312561773,0.03490218272560742,0.0223279355015693,0.02346800171954419,0.032159108054940586,0.027500810070778245,0.029975235947567853,0.037448992037185234
generation - Hydro Run-of-river and poundage,0.057995238305578824,0.054485810456695614,0.09142524091992527,0.053197962622740305,0.04869641707323171,0.08548162825003965,0.055757655725406946,0.05437028818880208,0.08193810086807934,0.06345108981902013,0.058560917153256016,0.08606507599871839,0.059260660622589056,0.054434092788695126,0.07826443803770235
generation_import - Import - sum,0.009839534350889153,0.004499812199561347,0.011603176731645362,0.005882056227327666,0.005937596832683166,0.007809845877389307,0.006241197035978075,0.00869304587712577,0.006643609295839269,0.008774911333114687,0.00791136620672478,0.011619210562171247,0.008386911131317901,0.006187271547023556,0.008568663874973481
10m_wind_speed_mean,0.009584958748593636,0.0070350819564691846,0.0034130153211681317,0.003207054620101644,0.0035061044437534293,0.0035983343225816497,0.003914294612080425,0.003902127876664963,0.0033124056842764277,0.004988824842128451,0.005217328096769961,0.004001219680786562,0.005740973979642149,0.007329580520639865,0.004291445043980616
generation - Fossil Brown coal/Lignite,0.09253253645752557,0.09787620676282677,0.14455309924198081,0.08121020292653702,0.09031171850790269,0.13715872945939192,0.08609745658456813,0.09204029218421783,0.13753336552265683,0.10307921015005558,0.10229730394831858,0.13515967514319346,0.09203494205471362,0.09576727804169059,0.11833521287655457
generation_import - Generation - Fossil Hard coal,0.002795742715450615,0.00296878934538654,0.004333845808301703,0.001975889144976918,0.004410868582228431,0.003999391504212553,0.005275396258755791,0.006542934434296512,0.003975367121380259,0.004438732140294178,0.008215036825786228,0.004343743379162333,0.003562404954271187,0.004208666188276311,0.003318919807136979
generation_import - Generation - Fossil Gas,0.0367619167745579,0.03991812743736955,0.053278717568697176,0.03192114385811874,0.03541464839846594,0.04835722758685006,0.040267615884076804,0.04651680439262418,0.054269658632780195,0.04704568367311731,0.047651744702074214,0.0568292782427161,0.04356494416389614,0.043581571088405324,0.04659583319287049
generation_import - Import - RS,0.020855649407989403,0.019057742499368032,0.005730343111470575,0.030750832666060886,0.01972206636727424,0.009059275382594933,0.022041611706197728,0.019080208481384035,0.00901690167903871,0.0063824180131505275,0.005695194942452417,0.011445675007274985,0.008671648539772831,0.007299808997151558,0.00639897374033535
generation_import - Generation - Fossil Brown coal/Lignite,0.0873527163239196,0.08637900186469778,0.1403702120562084,0.07211492650111904,0.07257460246252595,0.12532584308669903,0.08577680098894053,0.08824700138357003,0.13005543269449846,0.10477863406203687,0.10440453861141577,0.1376163415539777,0.09166001420514658,0.08758854137570597,0.12486646219121758
generation_import - Generation - Nuclear,0.007024989992730866,0.008451557440208262,0.015852190042845906,0.011012047831725795,0.012239956480858382,0.01964592886925675,0.012976666798032966,0.01328049068603832,0.01578333566700327,0.012809822703384271,0.012062078875653241,0.016696843209385408,0.011471779425198121,0.011992745101879336,0.015430450910353102
generation_import - Generation - Wind Onshore,0.20628585814076358,0.2078869518181309,0.2917037593995919,0.1960281915976666,0.20624874256690964,0.2804914513458498,0.19835364698956254,0.2084622336558532,0.27358641752484253,0.20733434859802946,0.21197641069209203,0.27468010530713943,0.2075997231506044,0.20512205592007376,0.26194262264482676
generation - Wind Onshore,0.20705218794662505,0.20712128864601254,0.3036924012857489,0.19925573619408532,0.2034274973589927,0.29309878958179614,0.19741321795340627,0.20740055046929046,0.2830173900213267,0.21115331168589183,0.2122752255371306,0.2860127476003545,0.21451802642675466,0.21206473419407848,0.2709656217964948
load - Actual Load,0.06436803486608551,0.06291433185737696,0.08367121713940287,0.05091635975806275,0.055869260198873234,0.07258969307178631,0.060806816770287694,0.06466098569449968,0.07746572732785717,0.06531717654856038,0.06679925787611865,0.07865570600121283,0.06560863026435254,0.06491642718020012,0.07651267109881155
generation_import - Generation - Biomass,0.004047825413175815,0.004885043971577773,0.003456870215337403,0.002920571313217806,0.004709353939269931,0.00348348660791271,0.009881147643755866,0.01188235109126981,0.006546633137128083,0.005638507701965864,0.007486279369246404,0.005422220774278685,0.002904075395075779,0.003562898015058181,0.003533702723706483
100m_wind_speed_std,0.0029349544788165077,0.0036084265288054665,0.005963556170096581,0.005637623309272385,0.0024711844409134754,0.008539859590717243,0.004784456812352801,0.0026480690996151,0.00922432937642634,0.0027368970430743504,0.002449542894452861,0.01496272826925633,0.00229965428436617,0.0022400833293540925,0.008642727724873112
10m_wind_speed_std,0.003706856920318387,0.005447822075446311,0.006444391539373101,0.006970612060652456,0.009928171993728028,0.008829405784817937,0.004490879147873784,0.007664048320559232,0.003516974105132249,0.004505415513878688,0.0038753267964366385,0.0039098482146764585,0.004222831871737071,0.00543394259620618,0.0034102245155700076
generation - Nuclear,0.010336715850322434,0.009845881856175765,0.015105140866275178,0.015392161350506285,0.014156757283264597,0.0167418651546177,0.015327872054411273,0.011877805113705108,0.018243089217075976,0.011254095135751414,0.01233653349296111,0.017473886835112352,0.009724030338863031,0.00839781935983592,0.014852651371766114
temperature_mean_celsius,0.005324297773262515,0.0037098463988950244,0.00866939908128552,0.00409361598700707,0.0039007102015784765,0.005865984680058318,0.00664914981613947,0.005781549635281408,0.009887141543020334,0.005622228356569395,0.005782737134955823,0.011989591022545938,0.006920798628642274,0.006314883803290286,0.010340249339282308
temperature_std_celsius,0.012248631099770592,0.015357249667056748,0.007693973109563558,0.005602827295923816,0.008903658615094174,0.006580028865163513,0.006070571319129158,0.008042097855068278,0.0057718413186680665,0.005160579015852363,0.008859412270535359,0.005402600688033999,0.010650314407917904,0.012926942624679213,0.008313657519734988
generation - Biomass,0.015362002953115734,0.009141262799545075,0.013671122396393912,0.008977942654317303,0.010311896916187833,0.011653355352986183,0.009741048833848253,0.008266435464690403,0.012505933070010997,0.009508144660087965,0.00585546057629108,0.013577553337090648,0.010951082072700956,0.009087593960139202,0.016959247567014245
generation - Solar,0.08802111072462868,0.08646100180220674,0.13394854434370063,0.08069400703914106,0.08732354015053716,0.13156498691532761,0.08541118039083086,0.09102343741751974,0.1295675612835912,0.09508553802489769,0.09782074578898027,0.13480075566656888,0.09460386564728106,0.09510749906863203,0.12452091739419847
intraday_wind_and_solar_forecast - Solar,0.005125973153411905,0.007296219288236898,0.02648053548298776,0.006895986658870243,0.009344831834659999,0.02306410459311337,0.014998883713662509,0.01728098275143611,0.03930838955449872,0.020004057824029586,0.01906933632734581,0.04073454304569168,0.006566150902629488,0.007558075304255908,0.02990938141470542
wind_and_solar_forecast - Wind Onshore,0.014049595706281252,0.013692554014574853,0.025245142479019704,0.010616706665474339,0.011444612224277747,0.021417060493033206,0.010447412968198478,0.01072640545127797,0.017114023142850782,0.015017773005871277,0.014087858276783664,0.024291551879083273,0.012113177631836152,0.010741790803003824,0.02101532280023821
ssrd_mean_j_m2,0.01614487169580025,0.020190949536219704,0.019485076389686582,0.011242375128349523,0.007070486422694557,0.01697481203818461,0.0039021755691574073,0.004056280373772097,0.013036140708204356,0.016429085467309052,0.014596230035727785,0.021196578219227376,0.015956312930480634,0.013736659604852321,0.014478887050412595
generation_forecast - value,0.03435181030587409,0.03336920228120289,0.05105812438431894,0.030079403212235775,0.0328379743375242,0.051912576585455096,0.035997668046155014,0.03679752150924469,0.05233102041956954,0.04130112394633397,0.03993112486763857,0.054428931027694485,0.039184759398878666,0.03942021826843847,0.04568231656451917
generation - Fossil Gas,0.0491096043928992,0.04725105927635741,0.06982856218238521,0.04036225615511648,0.038594137816748114,0.0666782685634098,0.03679989763491176,0.04081970338415704,0.06130569254222792,0.04143655046762433,0.041225747302989474,0.062227309120491556,0.04098316057572083,0.0413156167461475,0.057459206270388676
load_forecast - Forecasted Load,0.011204382132906176,0.013478414184275606,0.016112672383322205,0.010956067501218058,0.006495523613870319,0.012885121461877133,0.00729963367387245,0.009510829956292582,0.015616110743151012,0.012326088949906989,0.014433479401413934,0.01779523114237236,0.01603254735963128,0.015739294903061817,0.025507380834438664
generation_import - Import - BG,0.0518063177485019,0.05071340318711009,0.03595913802204268,0.04743164024199359,0.04690053904161323,0.035492276955148554,0.04582838655717205,0.04507622763344443,0.03425329754965787,0.04697646547923796,0.04574602037781733,0.03942942879650946,0.05067824824841227,0.04840013468877442,0.04095911978100776
ssrd_std_j_m2,0.009221487386414083,0.0072860786816163455,0.009565909390461456,0.005302523589266172,0.004628637249072199,0.004363444785718912,0.007502714863931942,0.011190403946922743,0.005421057699228186,0.010841014709847514,0.010389422593128984,0.00820533547609375,0.00879798218498945,0.004328383734038653,0.006894689992983331
intraday_wind_and_solar_forecast - Wind Onshore_t-150min,0.006201211038634938,0.006969284698432603,0.00603342483456936,0.004229723110518535,0.00679098205322407,0.005347329012176488,0.0033535814155145546,0.00512095359871455,0.004126956472730854,0.003615145631119958,0.00777626537886681,0.004790905207734795,0.008961248359699312,0.007340098041619058,0.005155325610416184
wind_and_solar_forecast - Solar_t-150min,0.014057197864734918,0.02141121811456105,0.023318765350646573,0.010739986253756797,0.011123151387389953,0.021145681536901974,0.02110964236121072,0.019559457497831317,0.02666721596752177,0.025997346900760023,0.026259521455220237,0.027979405808466255,0.022885022496280726,0.02346142532748854,0.022393823551625246
100m_wind_speed_mean_t-150min,0.011798313564071577,0.0047915395385567765,0.005587589371642025,0.005519436503360339,0.0041855658375279745,0.004813577637094795,0.012057237913613789,0.012268301025702385,0.005411746601008417,0.012683626428341085,0.01099185689893784,0.009359641610721156,0.008617550145701444,0.0054617740402027265,0.004980081199004417
10m_wind_speed_mean_t-150min,0.014880921514573856,0.019500762754207243,0.018350973578670163,0.012436079906328813,0.01836138384336664,0.012672937843348336,0.010016380735594566,0.013460256939797546,0.011705178084695945,0.010101793894342336,0.011519477965252009,0.008345439191070909,0.012992637177783763,0.01354737491348169,0.008783115289484158
100m_wind_speed_std_t-150min,0.005093428377632336,0.004873246273381483,0.005202407154827597,0.005068626662132374,0.0038566796220025025,0.004088220691770402,0.004788114751292596,0.0032894453340741167,0.0029959408905942835,0.0064723330024608,0.0039919921969858475,0.003997097816331916,0.004256726890256687,0.005524376024372031,0.004743925125683518
10m_wind_speed_std_t-150min,0.010328466289080098,0.006068655522498375,0.008889359151262398,0.004129497290979998,0.0033246852401439355,0.004283620636846536,0.008668429262426797,0.00627278517933064,0.006105643161836269,0.013043393379164627,0.009333288219764655,0.008750590049159655,0.013822113783513487,0.009143205279731092,0.005068588421156164
intraday_wind_and_solar_forecast - Solar_t-150min,0.005732226041876856,0.006581844648526385,0.005676246487493699,0.004272338673596096,0.004665594609095933,0.004255681645148798,0.003963215953175677,0.007911728541748743,0.0068208425973753034,0.009047320920923084,0.009804173371347133,0.013389352215403051,0.003592503241627384,0.007192926243210423,0.006050414374181401
wind_and_solar_forecast - Wind Onshore_t-150min,0.009625766341815051,0.008276892588239207,0.02223762583262578,0.010195060114455373,0.010393468422878869,0.024778661129719694,0.004621004405147687,0.006864304369386446,0.026187365949903323,0.008091796910397533,0.00797047591347473,0.023086944958165986,0.008239255934996095,0.008632403807438096,0.02121981809240242
ssrd_mean_j_m2_t-150min,0.012909830281458427,0.016864439298791695,0.015559162293398003,0.012495107007435764,0.013008408299676375,0.013290113178583852,0.011590169187606079,0.016041373966805623,0.014804789014859125,0.01508556030235195,0.016486334837449247,0.013148517172921856,0.011806543105049059,0.014309550498757744,0.012100426059356323
ssrd_std_j_m2_t-150min,0.004394652085960842,0.005767906762859639,0.0091316353960392,0.006376320774681517,0.0038960895237687507,0.005431509245849156,0.004582353873802276,0.004561458994530767,0.01023871414358291,0.0035765909117162664,0.003805764342043858,0.004314336450413975,0.0036619868046955163,0.003912707735958975,0.002952516683626527
intraday_wind_and_solar_forecast - Wind Onshore_t-135min,0.018756164433683806,0.011314807685614141,0.019987566824740496,0.008965755725002965,0.0030256391930688553,0.011661206260021572,0.016281836277179537,0.009708444428010807,0.018822617531774086,0.022518920597018224,0.018689695834225858,0.024092355925226003,0.02137481002154891,0.019458114169334295,0.0278300387562158
wind_and_solar_forecast - Solar_t-135min,0.02060405294764496,0.020806992198689842,0.04592650995159056,0.019660860922347638,0.02301471647699145,0.040277364802605006,0.008111434549387014,0.012971460023241888,0.03194803023824352,0.019285084953437035,0.02109934360082843,0.04018592237477424,0.020188623281424043,0.017343131784567957,0.037542088444303776
100m_wind_speed_mean_t-135min,0.007480647883474376,0.012150191099682161,0.00943056910085943,0.010849793918708201,0.01582155613559007,0.012138359393775318,0.014337066343454353,0.017576097665918496,0.012546902734364266,0.009608772824674816,0.014339370876965404,0.011175199897172661,0.007676569537718024,0.011625543567468413,0.007809747006816906
10m_wind_speed_mean_t-135min,0.00832217518204925,0.012577280077570321,0.009693131741027173,0.005490108477342574,0.007901787670634803,0.00775234270787405,0.004317674580652238,0.008967326511471356,0.006054680818567249,0.004330415994026225,0.006325723270529124,0.007964712526521908,0.006314378134262369,0.00581511064746428,0.007017991045887357
100m_wind_speed_std_t-135min,0.005482260091157514,0.004939626004529373,0.008881759328116459,0.006060093231675637,0.005064238374509614,0.009589639494022776,0.00777003081715884,0.00815829990754719,0.010923201509198406,0.005595290512111205,0.005693346578391356,0.01142677143993751,0.003584033873034059,0.003755413685206804,0.005511918843313652
10m_wind_speed_std_t-135min,0.004032093922934564,0.003950054594567518,0.004938680236545224,0.004467450299391203,0.0035263658535881178,0.005313973859529824,0.006913709229667802,0.007575314854737371,0.011536765137185285,0.005944537779312668,0.005994677669510565,0.006264885876853441,0.0059795212362841995,0.005790118165525201,0.0067780554060750545
intraday_wind_and_solar_forecast - Solar_t-135min,0.009500807091098977,0.0073805612327705605,0.018143009757353865,0.01332911328433147,0.008174174497573404,0.021600227470349637,0.006533079956201846,0.008262386626280203,0.009778897712079924,0.0060715895059283865,0.008806865043756261,0.008329864517290843,0.007629598237959726,0.005882921225357677,0.017041565396430088
wind_and_solar_forecast - Wind Onshore_t-135min,0.005153262374050427,0.0046850067597324595,0.00794746554271478,0.002229647449810045,0.0027590775315238718,0.0050480813744636635,0.0029358458455080835,0.003941733062917592,0.006398976463000508,0.0031198907218940803,0.0033366457000674928,0.007636244946461375,0.0060377281931614565,0.0027201075104560457,0.006008885468127119
ssrd_mean_j_m2_t-135min,0.005244960046571123,0.007637379396988763,0.0039733919339232674,0.012279149110152503,0.011477230970769596,0.00421231332275056,0.013836724845874414,0.013991104780165188,0.0030577119727227,0.008972345094225603,0.012200804299820447,0.003432436920065811,0.006684063646855066,0.009598293467464828,0.0037150774240312786
ssrd_std_j_m2_t-135min,0.007530988484601039,0.0098164306316703,0.006300671683304245,0.00527531288625778,0.009284906722641609,0.006847201343553024,0.005259767270503744,0.0069398545735894004,0.007410147671400409,0.003618372584416761,0.0031145197169043966,0.005283194806914253,0.005484659089135676,0.006447316894338655,0.010937899242311687
intraday_wind_and_solar_forecast - Wind Onshore_t-120min,0.021669912680226843,0.01720950752848876,0.026070951950910966,0.025498623482650147,0.02144777599419467,0.026927767419216254,0.02533188443945255,0.0218455834176566,0.03203242587883142,0.02447538317989165,0.022406997618702008,0.03166868747471017,0.01628198069412974,0.014649121550508426,0.025309832063190017
wind_and_solar_forecast - Solar_t-120min,0.026086903568997514,0.013029166034903028,0.02338646478447845,0.02988638254001853,0.018303606155794114,0.02380341927075642,0.027668322648809408,0.018554478485639264,0.026512494745838923,0.009419588632348678,0.004075364591433754,0.01673571420260123,0.014731156039997586,0.008282050529200205,0.01926809276532731
100m_wind_speed_mean_t-120min,0.0048478892345606255,0.0032347013931857873,0.0034566244752254533,0.007884498127961706,0.006222551701965131,0.005885923638562645,0.0033568520868666385,0.003338887534606329,0.004600659003307556,0.0028284709830950303,0.003065414472314842,0.005748352230994897,0.004195904012449319,0.0027890093760088346,0.0037703591733418305
10m_wind_speed_mean_t-120min,0.017900661545656477,0.0191175730315299,0.012589856778242392,0.015722931740159766,0.013950441243580827,0.010274403099436313,0.009640479626585147,0.010025774094994631,0.00923696542289963,0.015001828074291552,0.015658570877466447,0.010668650463878293,0.0171349577671499,0.017299031677932362,0.012880696199517842
100m_wind_speed_std_t-120min,0.007434363082484197,0.004017366281083014,0.006875042963764827,0.0041798461288337875,0.003448004955968827,0.004812133301775248,0.0030667577218691806,0.004897117380762211,0.010281756724165462,0.003374703972920088,0.004499740587227279,0.007918232584997895,0.008940336560572177,0.0048901035072376545,0.0026801591602113035
10m_wind_speed_std_t-120min,0.003494224943588051,0.0042468642437206655,0.0025605468026533343,0.0021639915874111467,0.002225534947988308,0.006341784176584042,0.0021754893427819296,0.004873350201774656,0.003331730928804973,0.0041005856053579915,0.003909955373790581,0.003096670665545389,0.0023677030649396327,0.0019500638809658995,0.00631999762310079
intraday_wind_and_solar_forecast - Solar_t-120min,0.006116549217415013,0.009381207888698555,0.012919646947324509,0.005182100789588731,0.01579712365247178,0.013163594048004598,0.004367326060011692,0.011987746522238012,0.014660477371071465,0.01574534045998007,0.004236034877419115,0.003874521205369092,0.009925840313546359,0.004328594721257104,0.005727537337850663
wind_and_solar_forecast - Wind Onshore_t-120min,0.008466654562024245,0.007933928925125656,0.011371117508908355,0.003621023472351226,0.008675676323617154,0.013022202334916074,0.009961123428645805,0.011442953958379803,0.01893964303568646,0.011949008338291605,0.0118166830182995,0.017808231055943907,0.010835087191206185,0.011249908728757873,0.016582559651196788
ssrd_mean_j_m2_t-120min,0.00736895539977877,0.003459151060364093,0.00815631455629773,0.00375657476460583,0.00347211426259355,0.009713566529406307,0.0037928274742871507,0.0039430432737908635,0.004540696271777051,0.006224263278894796,0.004626542522853015,0.008943752039602942,0.009134568503735863,0.006609781207108426,0.012514725306435139
ssrd_std_j_m2_t-120min,0.009388693329443414,0.0054940819896819445,0.0060482608777383574,0.004798543744782364,0.005023403729275742,0.005387884593284923,0.003960164285468636,0.0035790996136629474,0.00664435367166152,0.004454394959875572,0.003850131598414009,0.007185219417551707,0.008093806959492213,0.004799300754601063,0.006140341558266527
intraday_wind_and_solar_forecast - Wind Onshore_t-105min,0.0073746937865084876,0.013501453922868677,0.0073950316517148165,0.011778213299076015,0.013761971029995039,0.013065088570037915,0.015351775969495066,0.019468331739670247,0.013970654851393193,0.020680885801033583,0.02149248006349808,0.017760197998853984,0.014845090051021543,0.01754215896487585,0.015030530395903043
wind_and_solar_forecast - Solar_t-105min,0.0053400115486801954,0.008072399438351568,0.01790788895033802,0.0086005864480436,0.006641999522084006,0.027532189584802837,0.028680169356026453,0.02438697046742891,0.03806314927321364,0.026791867649528286,0.0260165734967959,0.03913241551734973,0.011775558370918588,0.008128112121532468,0.02350251323413977
100m_wind_speed_mean_t-105min,0.01691850017680554,0.022472142689977773,0.01510858198407368,0.01768026796288177,0.020235644503221805,0.01606726619784422,0.016323732338219998,0.016466019295781734,0.013034950476363293,0.017403925202263054,0.02141292401162718,0.01517837682105892,0.014602112315624255,0.014741019297856837,0.011223907285850146
10m_wind_speed_mean_t-105min,0.003402406711309595,0.003887727785952052,0.012122184017309337,0.00543728013144937,0.0032810690682913445,0.016151948715327307,0.006152717548528017,0.003050240915887116,0.013729832625147537,0.0030705324131163254,0.00393960746460607,0.01018602410584208,0.003076412001439394,0.0036953203250959634,0.008552722007163538
100m_wind_speed_std_t-105min,0.0075063661788444735,0.012050531392917037,0.00941881629997215,0.01007311462771031,0.00846208759838828,0.00835633431993483,0.007113549196378699,0.010520284560130676,0.0066626046796925496,0.007474235899069754,0.009920700726543146,0.007219602818633575,0.006908982363718679,0.010841692735360994,0.010310110601109045
10m_wind_speed_std_t-105min,0.0049625418769355745,0.005762465937084926,0.003688881039714033,0.0025976305485301055,0.00583916378569279,0.003759083871279472,0.0028472167010584145,0.0027945311575804225,0.003382656771273787,0.003293906793537644,0.0034409266402417415,0.0035593731694316373,0.007444872565720288,0.010814868597104578,0.009131549575031386
intraday_wind_and_solar_forecast - Solar_t-105min,0.0068449475443476335,0.006841003522999472,0.008885843812156964,0.004475347239675102,0.005267577623924808,0.00987271701894224,0.019466289890075133,0.016439508183480937,0.02035299225570634,0.00787663561726913,0.004821708064485392,0.01978903016298864,0.007045692352754031,0.006931457679775122,0.006654117037734977
wind_and_solar_forecast - Wind Onshore_t-105min,0.0085143032392225,0.007494966111255053,0.02755327002351987,0.017986621744537842,0.013137673135292061,0.03083636417883372,0.013862647191366704,0.008300212362730236,0.02608631921464621,0.003987536572145472,0.004206884291859751,0.02138762278892136,0.009166970093600867,0.004626373625262204,0.02085685962870775
ssrd_mean_j_m2_t-105min,0.016958647723868125,0.014106651722977403,0.015484347894627262,0.010583799057818396,0.00862898400692393,0.013724238558350407,0.012316180197376524,0.012707723115105181,0.014515375430666609,0.012542559957437334,0.010812829002170475,0.016758839987844113,0.010771674286748748,0.01068001244100742,0.012428531482233666
ssrd_std_j_m2_t-105min,0.0031641603427397056,0.005668682096602424,0.005058379328444971,0.005136385256486392,0.0056167049472680905,0.004515527733621638,0.004141787033338915,0.004587109471748135,0.0039237695524570885,0.002821594138210344,0.003999811541641975,0.004191782884263603,0.005197477798595173,0.0038255719490580303,0.004564367936976851
intraday_wind_and_solar_forecast - Wind Onshore_t-90min,0.03069005945348181,0.0341243124640896,0.04102847736512103,0.02530480009271196,0.03049486558428907,0.03864089037750091,0.029421323706774274,0.03237237592038582,0.04247622440745181,0.03271150170572946,0.03295990623985927,0.04339071233707364,0.036472237045250946,0.039543125697236975,0.04719771401031175
wind_and_solar_forecast - Solar_t-90min,0.008760973822527376,0.005604912797745783,0.012784942182228407,0.00590891123052279,0.008363141861507757,0.005471992768159907,0.009246421802821715,0.005993394417801028,0.012306641642202522,0.007661473627965052,0.007791539935838045,0.011995404745317502,0.004768161409752792,0.007297219417363522,0.005436046540780808
100m_wind_speed_mean_t-90min,0.010541506665803354,0.009223397641952487,0.006717713987409297,0.009094824703402992,0.009701265281692031,0.0055039125320365655,0.005000780409119216,0.007509380506706293,0.007026244690860039,0.006986614814963104,0.006752228308607755,0.007198412944655502,0.006280506684084685,0.011599010081648885,0.007793888115105801
10m_wind_speed_mean_t-90min,0.004183544931227516,0.005860354631011432,0.0035082916795063286,0.005550487491963395,0.0035838396998660754,0.006213374310402287,0.007415613337348986,0.007730586831952678,0.008148625884087778,0.00568661394352057,0.003707767896758014,0.004434258933028104,0.003915088527248372,0.0028538244467752067,0.00523161144446658
100m_wind_speed_std_t-90min,0.009911860584034003,0.00905311709141688,0.007511024424803452,0.009509686132980278,0.009231296432275484,0.0080858783894073,0.007730707359953157,0.006711452198815095,0.005362815061234414,0.009820243382171611,0.009839559014682892,0.004661404734230018,0.008921600872865382,0.010380669669644703,0.004912722653010974
10m_wind_speed_std_t-90min,0.005137347869225778,0.006483524820030425,0.0043367952322023486,0.002445721197173043,0.0036273756457267155,0.008564740743259905,0.0033705119164478673,0.0026721805737797695,0.007859513605834081,0.0032293129736390255,0.0026619933354622843,0.004703596591521545,0.004349305056630328,0.0051449752853477545,0.003203317764986423
intraday_wind_and_solar_forecast - Solar_t-90min,0.006518696354040003,0.011913775469354732,0.02450835145195015,0.008726185042116412,0.007221282926778258,0.01577568271879136,0.008456131098797413,0.01085929114634382,0.01800948930422237,0.017903461897578382,0.023543602576886768,0.025491697739129224,0.01489556724896829,0.022706542651823838,0.025292375043871287
wind_and_solar_forecast - Wind Onshore_t-90min,0.00665159614267759,0.004836091495222036,0.01840705344226717,0.007166267522261478,0.0031888552298878496,0.015671753730475756,0.006618861285797721,0.006954276921998826,0.012448669115545272,0.005730249015748996,0.003502411680539126,0.01053839323016291,0.0043718457163017775,0.005606685567989189,0.00878565677315055
ssrd_mean_j_m2_t-90min,0.008288193194799533,0.006718758468639862,0.028050891047838377,0.011789437993371394,0.010380240217709797,0.03050637839693809,0.014578231502569906,0.012133271429136585,0.025142423203593355,0.014995485094004835,0.010381900536893227,0.025128545309766194,0.014236922599673562,0.016732836258830503,0.023584462228958727
ssrd_std_j_m2_t-90min,0.011802494933610432,0.013995270823974351,0.014542659411044042,0.011175735938511934,0.008737801462731114,0.012646435556573124,0.008560243270811042,0.008849243167867825,0.01280167745318414,0.010154059711607261,0.012324675663228845,0.013786490531187155,0.01394057619952946,0.010935627567001574,0.013594848961860407
intraday_wind_and_solar_forecast - Wind Onshore_t-75min,0.02001590337701782,0.019445086934203572,0.023287271003326167,0.020122099122294457,0.021507455449189364,0.025092758656290244,0.017610561297057757,0.017156290778308176,0.017603201519666982,0.01772424871326075,0.016390084322061738,0.022882022061472527,0.018272815769763837,0.01869960864321911,0.02546732655051892
wind_and_solar_forecast - Solar_t-75min,0.029751988531294047,0.01928377946317778,0.04658539233334522,0.02344703257497167,0.013325319451760152,0.038100129733938955,0.006058012188208522,0.0050758724227198395,0.028280867760957337,0.014562090374476611,0.010198685798124644,0.03302130884944927,0.02476772792003976,0.021754039368446682,0.0383666472978839
100m_wind_speed_mean_t-75min,0.004791869231169585,0.003754033130418975,0.005550133210137574,0.006619871724517225,0.0035255303678713404,0.008140980056090484,0.005459070065822743,0.004584071439750915,0.007492713907926373,0.005165801717228533,0.005082269940161496,0.006584277795856906,0.0047164454478029255,0.0070427586947884036,0.006685898549694685
10m_wind_speed_mean_t-75min,0.005051800532855055,0.006346879812132102,0.007558219125914548,0.00316789734257145,0.0032188755916113224,0.004332751122079571,0.0026074423399331864,0.0027600400032824837,0.006277617905521765,0.004319666967278408,0.0030279453667353662,0.003566728466334098,0.0038998679718133646,0.0037304523031634743,0.004438883832627653
100m_wind_speed_std_t-75min,0.002996730694774669,0.004685178218733199,0.005981814527982351,0.003097972195976581,0.003034810570996797,0.004128450561782302,0.011329604336759985,0.006181137572463058,0.00397470206979051,0.0075929346114280635,0.006789406526240782,0.003327437931537929,0.003290088260361017,0.0031958337900141486,0.0039810039315891005
10m_wind_speed_std_t-75min,0.0148031180974358,0.017339628816465846,0.015591608765314959,0.009989953275433436,0.012787400382381747,0.011085342693375423,0.008022731109626875,0.012596184102774714,0.012780062679754338,0.008424987480193522,0.012373203610288328,0.012420030989276881,0.01216567225822655,0.013548358092317357,0.013398437855517841
intraday_wind_and_solar_forecast - Solar_t-75min,0.03390316990462452,0.0373375296308659,0.035225510444754034,0.02134355331151164,0.026727635066665242,0.02542496976089751,0.004426369694214372,0.004587201443295271,0.006791517073696013,0.011198891019725125,0.014882850147383579,0.013601077695027925,0.02486125428277228,0.0240106736977541,0.015898164331887527
wind_and_solar_forecast - Wind Onshore_t-75min,0.0289698303033947,0.02687230587279555,0.03950857639261812,0.02661178683657636,0.02400180871772227,0.03602393767999456,0.029902469580007165,0.02768180128087988,0.039293863146929654,0.028835904409759677,0.02751335092894442,0.04155616718137753,0.027812072389700914,0.02539091624352659,0.03537201103153347
ssrd_mean_j_m2_t-75min,0.014632355497495154,0.013224819804585423,0.022712642484053504,0.01598097804284771,0.015081402822426752,0.020971908497520418,0.014311751084846037,0.015329803812739556,0.022884700482944026,0.013924736173998099,0.012663751407031668,0.021062691668259505,0.01569839680153018,0.019051994963774632,0.019801819002743287
ssrd_std_j_m2_t-75min,0.010936399899364915,0.012832602264097659,0.014345397336498537,0.01020280800783803,0.013385076415688672,0.013074022074884851,0.006871493664570153,0.00935235734172602,0.015743713819174446,0.012150613415367844,0.01077713141480126,0.0197436196046674,0.013167005619279394,0.011677401678338356,0.017542175057751592
intraday_wind_and_solar_forecast - Wind Onshore_t-60min,0.003374056806395856,0.0035191178238574137,0.025275735206028913,0.008022899563457031,0.006960438393682125,0.026015015913863862,0.004394302680862438,0.006306509500037464,0.025339079911995212,0.005307313786794112,0.006084422364024036,0.02070137707446702,0.006777075393780251,0.005079736454273188,0.021194364094815683
wind_and_solar_forecast - Solar_t-60min,0.029072203941832412,0.030498326907400043,0.03681409058190184,0.033094401616071994,0.03016219462304434,0.04651641885830031,0.023591732132787,0.021272313523615593,0.03923979607562069,0.009893115974840385,0.0143093333343204,0.03142034670384601,0.01825020060692259,0.01840651394772067,0.03148109917478723
100m_wind_speed_mean_t-60min,0.006871150028833654,0.0031461739348269476,0.005401869579414778,0.011711874480221013,0.005143851488435758,0.005174186516123882,0.006777916331068809,0.0036816469235814112,0.002988968124849862,0.002680375479126724,0.004234452836418768,0.005913079754665887,0.003955213632665619,0.005073381070989854,0.005471072217051187
10m_wind_speed_mean_t-60min,0.024344350884352026,0.025127680231962587,0.02623578053901292,0.02066059465106082,0.021309269573670464,0.02313000397030555,0.01724090822224389,0.018279504520090997,0.020240685172855592,0.017306760418287014,0.017438550797029165,0.01666797239448715,0.019841114709277463,0.018011421354145567,0.017953330112912228
100m_wind_speed_std_t-60min,0.009284041265840643,0.005522389223680875,0.010833885161689977,0.011656712160343887,0.009199233014471246,0.012786885923618683,0.008082260457708344,0.0069546766772691625,0.012444140676117968,0.005751294349851378,0.006185907496161235,0.007665278789178046,0.010092674057179465,0.008360393474649754,0.010613485117102073
10m_wind_speed_std_t-60min,0.007164636947243707,0.005911553791447659,0.004489721005746105,0.003915451513516018,0.005053562781049095,0.004952245544587641,0.003453947484640594,0.0037713798396544007,0.010056903941669589,0.0037365881511204862,0.005101038256485481,0.006567873637259822,0.004452569035485794,0.004869574685149928,0.005087773618082793
intraday_wind_and_solar_forecast - Solar_t-60min,0.014013068396899598,0.013143686803115997,0.014428467639518203,0.01811520665261196,0.0098068412436769,0.013994871083843464,0.010003652158766273,0.0046130073012536745,0.007701005707924196,0.006697479009430026,0.007234117053118098,0.0078793768361611,0.006753949730780732,0.006655247988805968,0.0072220103793224555
wind_and_solar_forecast - Wind Onshore_t-60min,0.013422660968426498,0.011908100146072683,0.008290560759964137,0.015355304391807295,0.015114635695441393,0.011606955196271883,0.00923808371256746,0.009687206290833274,0.009892433542670914,0.009491405243088592,0.009745051678171876,0.010740708050278954,0.015083039408727928,0.0157881434863084,0.01310360304618098
ssrd_mean_j_m2_t-60min,0.010007276473275852,0.009141825654893182,0.003839844190486474,0.009725535806472181,0.007366330180409932,0.0033028980549888727,0.013650243203213903,0.012488484973819141,0.0037026707748009356,0.009936140775766943,0.006331549534552323,0.003524676848187312,0.005078945447672595,0.0036236323897574038,0.003082104439497016
ssrd_std_j_m2_t-60min,0.016694258408932,0.018462128271436087,0.01735213818862758,0.02420303275559854,0.023415235140535513,0.020787883183271332,0.01839999038289534,0.022396645788423482,0.02068837033968157,0.02017745426579495,0.022639956718536268,0.023306967888682265,0.019790854470222257,0.019607473549374844,0.01877008916408522
intraday_wind_and_solar_forecast - Wind Onshore_t-45min,0.014724076638617589,0.01766912051104191,0.012541418412249187,0.01582567703304994,0.01941987678682199,0.011399261126483907,0.02428818231500918,0.026327887332489808,0.019349856205626566,0.027151035032846268,0.025766314625561792,0.015614488829422044,0.026973474575439468,0.025247194574214517,0.01672854198488494
wind_and_solar_forecast - Solar_t-45min,0.03392288027139875,0.030369879931909965,0.050179362853057685,0.010347445032813993,0.011286918257319485,0.03983565405210538,0.00583891826015315,0.004824983061080274,0.03462297958816635,0.019927155586425216,0.019515777285369552,0.045415452267901855,0.029331939037190752,0.030423319563866243,0.05111720576672957
100m_wind_speed_mean_t-45min,0.009297133831860266,0.011002911815492553,0.015009492719211266,0.010562691648679902,0.010412865452606638,0.01398346747004689,0.008017529735649077,0.006163079805561211,0.01369498876290163,0.006324678679371573,0.009227083304649568,0.012729690009437036,0.007797867814600977,0.007762627725365746,0.01327428337060337
10m_wind_speed_mean_t-45min,0.0037562216538462962,0.004210613550909329,0.005972276075563969,0.006005020628326747,0.004143178348571383,0.008213404257705406,0.0061375890515628275,0.005358773939277853,0.008153071138724044,0.005381796780842706,0.005201857548381667,0.00843160380358313,0.004466984919554306,0.0037848446536831943,0.005221378739948704
100m_wind_speed_std_t-45min,0.0038644094215108,0.004712687047423969,0.004665221050406444,0.00373463881218413,0.004442660320317202,0.0027422754836188687,0.004714798774504743,0.006488233243104332,0.00502980506741369,0.0066384387310226885,0.006884778992287692,0.005256671714032563,0.0040220088129726715,0.00465083507556119,0.004809941861578409
10m_wind_speed_std_t-45min,0.0045125387998436964,0.00847883787088358,0.012765961770415743,0.003914316104926911,0.004839197941211751,0.011268294049732503,0.00524149569624933,0.006214511951562599,0.00920259218796582,0.0062401811755864855,0.005169682305337574,0.009802282729113359,0.007632268170122188,0.009665445814331179,0.010358416740211396
intraday_wind_and_solar_forecast - Solar_t-45min,0.009272235772095882,0.0179179548904649,0.036997418995772025,0.010086003728283686,0.019914248669476366,0.03064369184995303,0.005113985456112459,0.004504894714676084,0.018504327696522525,0.005304103753603158,0.0072649250609256345,0.024005889529827983,0.020666021535522303,0.025461231721696096,0.03179567303761723
wind_and_solar_forecast - Wind Onshore_t-45min,0.0026750785650410764,0.0031830281741415545,0.005765820947468456,0.005596287900829338,0.0035583945222824698,0.009127201858020271,0.006175653567438531,0.002510947585714348,0.007862949823706004,0.009466124636238419,0.006363552081271337,0.007516807540190712,0.004404299429258572,0.003070212315448771,0.004295877714955168
ssrd_mean_j_m2_t-45min,0.015580012111262477,0.014394523413051502,0.00954875157852075,0.0094632631880595,0.00966822425850114,0.004365945504533556,0.003957062619656426,0.003888141561204975,0.002415523377571844,0.008559405261645224,0.00794158845347738,0.003235737187928862,0.019210540972257148,0.01658021878982072,0.010331356836250052
ssrd_std_j_m2_t-45min,0.0033277520450164955,0.0030999837509511964,0.015701483402968733,0.004081885398496524,0.002395126208130023,0.014715653923718491,0.0032412087299426274,0.005592038707166239,0.023068607441091446,0.005982248242031346,0.008134071117961867,0.019892063036269975,0.003090284941335767,0.0037467786391162006,0.01312852154707457
intraday_wind_and_solar_forecast - Wind Onshore_t-30min,0.007645669847253885,0.007906204943690681,0.004520528448781533,0.0037999758122437017,0.003522057043577661,0.004205593549081641,0.007825426398156195,0.0068176726096126,0.0038377602893915536,0.01192651209152973,0.011435513901611558,0.008977573262345686,0.010061710821188171,0.007536948579478122,0.006526443132333953
wind_and_solar_forecast - Solar_t-30min,0.01602550779480589,0.02636002662751707,0.014276372751875897,0.03431484341609757,0.03282304453779943,0.027605512811991504,0.02381079722524737,0.027481337634380907,0.0168554721356777,0.012730570571096904,0.017712340562575264,0.012615307250729528,0.0170111329437932,0.021585469042824115,0.016463728335336783
100m_wind_speed_mean_t-30min,0.010151534013419223,0.012460028343619343,0.010221048861378222,0.006750476855686429,0.008372000569826923,0.0072039336531088335,0.014570828470954438,0.01784659864049536,0.010961976558355672,0.01186852682882818,0.012212916346976271,0.006298064893730953,0.011598897923751792,0.010451514672224221,0.007177481146281934
10m_wind_speed_mean_t-30min,0.004944172345633888,0.00792045282543586,0.008922115296547418,0.004061080705754194,0.004808385830503539,0.004283401143116862,0.0037146137177369383,0.0043466628304743155,0.00471252269130855,0.009426796983733311,0.009760558053298155,0.008934590693883365,0.003417906512870104,0.006377364609235542,0.005798635106799225
100m_wind_speed_std_t-30min,0.00533880467027484,0.004963184189124149,0.010236313569170307,0.009961406687434646,0.010186449663327948,0.015601962679873396,0.01082664591741468,0.011310759430141842,0.01353313944376805,0.008510906069310294,0.00814953815384797,0.011908503278144054,0.004454747216153919,0.0046124610610947915,0.007915456846756569
10m_wind_speed_std_t-30min,0.016060362834658008,0.015254482096526772,0.015244049829663708,0.017178550572920358,0.01553761300901533,0.020090990001990577,0.011349308955592278,0.01224029964858346,0.015269654722811539,0.015032356061528845,0.015321299847548289,0.017676237257604952,0.017542498406792218,0.017209538693939975,0.02150697808226687
intraday_wind_and_solar_forecast - Solar_t-30min,0.01819151606061496,0.007591905593442789,0.032560865136882056,0.027164741262678035,0.018845471807726426,0.04112034825148294,0.011940424867090769,0.01062720488092964,0.03081625698629068,0.011168224598222878,0.008196229625527908,0.02252283117092702,0.016705809332022908,0.008717589757347015,0.02915735328741721
wind_and_solar_forecast - Wind Onshore_t-30min,0.010164395730839715,0.008613638034519682,0.009780691154806846,0.01122760702516291,0.006893849079016945,0.009145855610502622,0.010081179458720725,0.009790712997208175,0.012126441644177248,0.011886646817507425,0.007934712163927543,0.012191025928263115,0.011512052743255482,0.010469287940984942,0.00883842343564902
ssrd_mean_j_m2_t-30min,0.0031859889618935993,0.0033109170468906086,0.011642787091812351,0.008949478860507952,0.010759164421644528,0.017515738085090563,0.008261531441141414,0.009449278048243286,0.012123506354473648,0.0055694046912158224,0.007180835710563769,0.010955469626918785,0.006610743408322946,0.01020171615862273,0.013049668684501739
ssrd_std_j_m2_t-30min,0.002749705001949451,0.007320857580401935,0.005322870938422057,0.00714820074838417,0.009662846753635677,0.003568868706858666,0.005405459186842564,0.006763219240368926,0.004285684506314283,0.0029665650433398695,0.0038631997107095232,0.006956928125833287,0.0026499395424452814,0.003283763512110454,0.009111503266847648
intraday_wind_and_solar_forecast - Wind Onshore_t-15min,0.014962339679332217,0.009937685755052371,0.02034374906018638,0.003534909516710286,0.0029258545669801493,0.01179258545947232,0.005345527042114554,0.005987981280501117,0.013872499417397193,0.007048084554618981,0.00322462415196253,0.013819805028935662,0.00573243295652901,0.004637681674254054,0.014254651717143133
wind_and_solar_forecast - Solar_t-15min,0.0063234453677123385,0.0072814743485514555,0.021070709431951398,0.005754048301418152,0.006816625791934712,0.02055940176860895,0.008027425001973825,0.0058213124472695195,0.02554756916698534,0.006000016337064153,0.006300533019393697,0.02224292987160652,0.008490877612814075,0.00882230022674048,0.01698817200328881
100m_wind_speed_mean_t-15min,0.006738623891709722,0.008262217945492012,0.009572196650398837,0.007839221287358668,0.004747204328847147,0.009356808030672254,0.012205490259904764,0.012203425003579469,0.017816281251572946,0.015667427224330822,0.011193513210113451,0.014851611691015933,0.007108550482953433,0.005571627159170021,0.00727605294283785
10m_wind_speed_mean_t-15min,0.006572427574990798,0.006764085266254824,0.005339914589223554,0.011116154988753124,0.010050766824830134,0.0036857315698600812,0.0033658443934200476,0.003360815301164621,0.01066204212246521,0.0038797270146733354,0.0035701781090392614,0.006776844306443309,0.004634109381492635,0.00358680316298387,0.0033479614224146987
100m_wind_speed_std_t-15min,0.01317373343919462,0.01293866566066572,0.019560920702264412,0.004399644751145388,0.0071845526493998476,0.01187910942734743,0.004167093822574316,0.00555508409340382,0.008085048225482751,0.006038419432896262,0.008475222877590567,0.010980917850796686,0.01012883258329748,0.011853577173961412,0.014869201171684835
10m_wind_speed_std_t-15min,0.01595235673114803,0.011421378212054151,0.017371386091690512,0.00798474883120798,0.005953025424645602,0.009921786865132162,0.010191094576206525,0.010297033385688338,0.014562970185070299,0.01122536843798298,0.009877452058747621,0.018651759239306558,0.012690765760627982,0.012085842815504294,0.015245377688886947
intraday_wind_and_solar_forecast - Solar_t-15min,0.006880423494932984,0.008779993762618687,0.009601897381235175,0.00805372404122636,0.005161077727963857,0.018270149574003882,0.019853455332980958,0.013310509335402457,0.03552583608374698,0.004743818054505028,0.004564713628490154,0.017226029382349226,0.014019530478613887,0.014495480523506557,0.010098253939339883
wind_and_solar_forecast - Wind Onshore_t-15min,0.003431358927671681,0.00345759220065338,0.004974199312280689,0.005370409037266654,0.007378397626518563,0.007123437604799619,0.007000544466500287,0.00980966708118649,0.008477199308621494,0.004039121501331465,0.004844994626553671,0.006186488222293065,0.0038824088766562,0.00391798911400656,0.004150830634184672
ssrd_mean_j_m2_t-15min,0.005784802387666787,0.006777231759746428,0.013221753711652127,0.004319412754237419,0.00297718704113322,0.014174238584739214,0.008520696247353044,0.008845510933322658,0.024913279662723654,0.0030394155073036016,0.0031394985455735877,0.021498796325569856,0.004861462982070406,0.0021517162764898784,0.015512944604633958
ssrd_std_j_m2_t-15min,0.0023606647209326185,0.0021699943397750303,0.0097311187139303,0.003344553304996225,0.0025011956384751103,0.008140788525492099,0.002386135563877815,0.00295524531895353,0.005201627054537766,0.003425484695666455,0.008549159451154992,0.014063830110215348,0.003134862826063113,0.006689615383875207,0.00871971712760569
generation_forecast - value_t-150min,0.002335255177457839,0.0047899528201705835,0.013177668801017717,0.002730117340464858,0.003998335610931008,0.012566871935772723,0.0036366368809364075,0.005603841247171658,0.009815290669124807,0.004011026321935503,0.007985646907641693,0.008612532595961966,0.0034878247977567296,0.0030957857533148855,0.009625809334538644
load_forecast - Forecasted Load_t-150min,0.004654031421796844,0.004293676679264081,0.010444766551052453,0.004399443982292723,0.004748255575999792,0.01077262630333189,0.00603539159818547,0.005407484340958035,0.014191529836301925,0.004655618466891611,0.004915079368271108,0.009820949389613816,0.004700358217630992,0.005285166821560153,0.012100940217722383
generation_forecast - value_t-135min,0.010899760290980338,0.005030391804141345,0.0043273393745548675,0.010857950712877937,0.00710375302041939,0.004529395120029221,0.011669344777742481,0.004607928143557729,0.004012712989871943,0.012031218066666042,0.009200291039624062,0.004883935914127505,0.010992143428469717,0.005777813154360047,0.004503965999457705
load_forecast - Forecasted Load_t-135min,0.01524810771709599,0.014717698062755517,0.030103717346668418,0.00862902921254272,0.005712058963772961,0.023591463094220673,0.005801781857500828,0.0070681172950535255,0.024931003092329776,0.007196382506052032,0.008298688549260988,0.02285620508401189,0.01222797066324256,0.010754418087042722,0.02284869613659248
generation_forecast - value_t-120min,0.008401162606838625,0.009712733075842151,0.01686786830596611,0.0046395641858343875,0.004759591591924618,0.01173137802129986,0.005573092176931368,0.009021204977838352,0.02109793668828206,0.011151009735014667,0.010569512342917732,0.020528330395231022,0.011611557687630352,0.01123098869426758,0.016090413792260505
load_forecast - Forecasted Load_t-120min,0.007297879997546261,0.009683134037037234,0.0038748317746394607,0.002843527001230541,0.003953821838178556,0.002718691888383319,0.008706073189052404,0.007446754596956453,0.0062277464115122715,0.007171007700468181,0.005577899547274683,0.0060265742081983265,0.007381505956145702,0.006568457526172097,0.006497232891510066
generation_forecast - value_t-105min,0.003413834349752051,0.00503195754811486,0.0033061063449531503,0.006772614410099777,0.003719062713898893,0.0040616255258266705,0.005089273221092299,0.0053467669305046,0.004566291746868956,0.0041998551884389595,0.0048625372524875275,0.004393263027730427,0.003504450715623534,0.003499485534772248,0.003579507368297186
load_forecast - Forecasted Load_t-105min,0.008051003024290366,0.004698763013098812,0.012874912174826022,0.004366939475862637,0.0034039761242711393,0.00969205012515522,0.00491050323855481,0.0034299807070451607,0.009952068206650438,0.00530279796456307,0.0034914755089339453,0.00998527377793289,0.006656010213563605,0.005649489742332662,0.010412137399544007
generation_forecast - value_t-90min,0.0033042026749471915,0.0031027995577023832,0.005450019822624569,0.006382288367683941,0.004110500681079429,0.002894444419151114,0.0055457650935495624,0.004032968287979202,0.007455767125857619,0.003322510013636929,0.0038998981186068706,0.004488674650554913,0.004301798420579814,0.0040864642164997345,0.005251890974150229
load_forecast - Forecasted Load_t-90min,0.004424184981813596,0.0039974833642590964,0.013325980542006163,0.007336883637675783,0.009863463220142876,0.02066213095271087,0.008214448570850436,0.004757283180789727,0.016522466168680694,0.003902843114017742,0.006168494741397808,0.015238607730840159,0.005662279359232344,0.009151599941573295,0.01702419501269469
generation_forecast - value_t-75min,0.004183429364375115,0.002457358797189954,0.006565770162501395,0.00829071108129392,0.006438817496153206,0.011085166127362754,0.00799994461596134,0.002807233985993662,0.011222660830899258,0.004539203874530358,0.003068013031026567,0.006895594049670763,0.0033625047781224568,0.0030541094811432005,0.005457127231231425
load_forecast - Forecasted Load_t-75min,0.015023812285297936,0.007112732165876877,0.009825692580343513,0.006820322307081369,0.004962160984515322,0.010930716514942105,0.004557051453254644,0.003478284093451691,0.012357436582452464,0.0035869999282458595,0.003554511428524165,0.016144804335312075,0.003892616789925796,0.003017428621682484,0.011535152973534423
generation_forecast - value_t-60min,0.0045581690606522896,0.0046119204494625594,0.0038851990601278885,0.004477415944380482,0.004254502464651523,0.004110048317019505,0.005053140361414989,0.0046152952397969784,0.004495007041360623,0.004667705554840722,0.0047501578758638065,0.0038150955524497475,0.004458317565075049,0.0049960701604722995,0.004118183997408778
load_forecast - Forecasted Load_t-60min,0.007516098439471534,0.0033351781920773647,0.004387807175730813,0.007466258395579644,0.004600538209967908,0.004878000312803124,0.005068588243762292,0.0025800201515558,0.004175721894585877,0.002464812373607856,0.002952049661357705,0.0043566275179450714,0.004784170025108324,0.003981016041485418,0.005040282291181939
generation_forecast - value_t-45min,0.008578926098241936,0.007956593648659237,0.0041276897558372525,0.0034957300304959064,0.0026697732695988635,0.0044902482533343575,0.005021690984154702,0.007617500645972541,0.0054497932522244805,0.006439636167308322,0.00475417733091308,0.0046016535442086025,0.007112774852044822,0.008164777562964446,0.005053282400629542
load_forecast - Forecasted Load_t-45min,0.004624178027634116,0.004516132442098751,0.007473270481171767,0.006526688369362091,0.00538871431946302,0.00648056386735152,0.004126870979852356,0.006708077981868883,0.00795039867243031,0.004419574570234544,0.0060976358828174855,0.008998366119012644,0.007440970762858342,0.00997065110856056,0.013205319453606534
generation_forecast - value_t-30min,0.006540066857000057,0.005426734627268161,0.011655859831618726,0.007852325365820433,0.004948327726197476,0.013483377700488745,0.007627434234389511,0.00530416434565177,0.012893298905042684,0.007768299312920135,0.0071033969893505855,0.01740294814312438,0.007971289789609728,0.0052760480817960346,0.010949259432825783
load_forecast - Forecasted Load_t-30min,0.02184879173792433,0.021962237381812882,0.02879773066546477,0.016878265099603596,0.020259684084157924,0.024637328101336606,0.024274995879073686,0.0289067550439795,0.030575698157590522,0.02318541002658094,0.02576298504503211,0.026919688919108013,0.026669684279942884,0.028416881292374456,0.028024878696887755
generation_forecast - value_t-15min,0.003954865739895467,0.004308369128134246,0.004531055591050062,0.005206595665440545,0.004807452642093267,0.00460968406186268,0.009124675023640748,0.007514033430343261,0.005362757411916391,0.007497193989986045,0.008753094398671578,0.007284386621739031,0.004982995501768528,0.005961346410875194,0.004990460381252887
load_forecast - Forecasted Load_t-15min,0.02787958271057869,0.029992992121580755,0.036537274572008754,0.02276680191558262,0.025248816498584348,0.03216657868369657,0.028285890887942516,0.031411184499705994,0.03725496396151721,0.03357473914250841,0.033930208075325936,0.040207361511496856,0.024688194901857058,0.0251085055013682,0.03260644100648642
generation_import - Generation - Hydro Water Reservoir_t-150min,0.006625846202696266,0.008367767874264246,0.003612125326559635,0.01209575107638011,0.01355064584142383,0.009904198340042058,0.01305547592874791,0.01281081967290811,0.011079346996135428,0.00821570347522811,0.011033970513883105,0.009525558395078406,0.01127804303502296,0.00757361361896983,0.011894116061430395
import - HU_t-150min,0.0057831400572868,0.005408563757148386,0.0061828886805219835,0.010388287360823596,0.012282435866149171,0.007854148219743366,0.0055234070378764955,0.006441505352526292,0.005632116913948266,0.005523222124647646,0.005127238636301627,0.009021384869120993,0.005399983361530304,0.006208485452561945,0.007635407462352304
generation_import - Import - HU_t-150min,0.02240179113071281,0.008816910254830872,0.024063544035481756,0.015393475003827007,0.01397911458481758,0.024832354071957524,0.012267153416876682,0.010198354576496059,0.021914074283558876,0.013651994108731741,0.009927121741565315,0.02188100726842822,0.023351796975519392,0.011715693424467644,0.026951348388625774
generation - Fossil Hard coal_t-150min,0.010497743203770369,0.006244035685856943,0.009657661725494109,0.009421331407502294,0.007513176740635572,0.008396712561050663,0.006233181061950745,0.0031568477270402582,0.0055732306231657276,0.007495144855507533,0.006488654000859242,0.0068937275500538815,0.013170200768858194,0.009696572357788681,0.010393863100092857
activated_balancing_energy_prices - Price_t-150min,0.0014231240060453274,0.001600489567897057,0.0011649383030471654,0.0015975749747217378,0.0013672274531618313,0.001152256956423571,0.0015486592803196117,0.0014685128805558634,0.0011479853329534535,0.0019454602242662987,0.0020432806643329968,0.0013109865392514166,0.001915388407478531,0.0013448848649595675,0.0010619694124152374
generation_import - Generation - Hydro Run-of-river and poundage_t-150min,0.011108559905189394,0.00961110613668643,0.005561591417594172,0.00911048163700616,0.008617873403581142,0.005296698068854312,0.015263090354535961,0.015380856620104168,0.006421378813261981,0.012973242109709645,0.014697933039729832,0.006464344989030906,0.009568437846464804,0.008331204204951063,0.004977677109149227
generation - Hydro Water Reservoir_t-150min,0.004734349016391207,0.004759924862553817,0.003517962214105637,0.004318634495812148,0.0032511875101117766,0.0036570058795114165,0.003782285916751789,0.0029682376367918552,0.0026546546263080018,0.004331331978661182,0.004913370114896679,0.0028906053738228365,0.004505409108089225,0.005069079639203665,0.0026184102687839186
generation_import - Generation - Solar_t-150min,0.028703821234106728,0.022616266972690938,0.01921990567247849,0.016104531760680402,0.012355724402150372,0.0179152285935088,0.023477613561364706,0.021205874915700407,0.0223408464393724,0.02905888807782321,0.025014508405001835,0.022678025005972813,0.026272689780045766,0.023393725199857728,0.02007070285876398
import - sum_t-150min,0.014319412194883625,0.008712082144071246,0.017246698777627897,0.008148527529352577,0.008883163488639184,0.00848659565489288,0.007264584861170078,0.011402586398704444,0.0072584168123212296,0.005219206954176115,0.007397781976744312,0.007561677293277171,0.010088390546316077,0.006833680501357776,0.013003670941997598
generation_import - Import - UA_t-150min,0.010139582759089535,0.0038527607209034613,0.009834956604319814,0.00389243361698027,0.00545971417747569,0.004213113462272304,0.007944945646011546,0.004530437995992543,0.007911063157782337,0.010886562728090212,0.006276902347814939,0.012163892377539015,0.009897847183339763,0.00794111452510697,0.006261286627435766
generation - Hydro Run-of-river and poundage_t-150min,0.00501335065938838,0.0046169731636837245,0.004944356369052912,0.0031907020393737184,0.0036143720169811502,0.005156321141161243,0.005009033284794441,0.00475061336487147,0.006142212033117176,0.0039966062991593386,0.002902161423351572,0.007164735743022902,0.0027694375724204292,0.002697145420734614,0.005521019893902121
generation_import - Import - sum_t-150min,0.017751829838921367,0.010930768143511158,0.008985262919399247,0.0058789900375559225,0.007408154544307763,0.010621770683101203,0.0046297369587118735,0.004787032314497765,0.005845673006213474,0.006147000424666657,0.003951668364581565,0.005968175591911859,0.0081007591153666,0.005748542332239595,0.006278448883484543
generation - Fossil Brown coal/Lignite_t-150min,0.009319080781155207,0.007387165597770945,0.019982089926197658,0.005829845739212033,0.004345252628561866,0.014378007623805387,0.005819560888689011,0.004559876900973904,0.015202194948236866,0.008920375191366474,0.004597353385588576,0.012155544868852303,0.008291791968918915,0.005780014505035069,0.013028881424485007
generation_import - Generation - Fossil Hard coal_t-150min,0.0031119267551976007,0.0024226051952182387,0.003939750511963211,0.002088097475932045,0.002421261243041954,0.003767158888385438,0.0025589400515309535,0.0033002751634171545,0.003989098653117253,0.0053731524431277645,0.0053896906796917395,0.005351911663082319,0.002281613280543752,0.0029409348407257313,0.005797157947113647
generation_import - Generation - Fossil Gas_t-150min,0.007421444856630842,0.010823424642090686,0.012076920384974073,0.005513238459618151,0.006028309213790635,0.00586770550930305,0.010374254148446197,0.011858191828716372,0.008692884029762354,0.013406343491733424,0.013483855099009815,0.010749578039438348,0.008576594267236943,0.007947897891517642,0.006689833060663659
generation_import - Import - RS_t-150min,0.004164704201786663,0.005345846754488776,0.008125845745693368,0.0048028520073162325,0.004579358125836734,0.005280758512566535,0.0050106814510452536,0.004582294844165517,0.007563611203368055,0.0049411464430013435,0.007182769632223426,0.014697099458866433,0.0044323975272018284,0.005089179451988457,0.013505310008305968
generation_import - Generation - Fossil Brown coal/Lignite_t-150min,0.007335611894726753,0.007958561391418243,0.014235559457869385,0.006346538125028019,0.015771053939788546,0.009547535495563352,0.0072325818417602935,0.01543835955511895,0.005070833983296325,0.005331591475136975,0.011310138957214803,0.0069023493296772355,0.01098765906400513,0.0111744903243507,0.005113565549738268
generation_import - Generation - Nuclear_t-150min,0.005460903851504554,0.0049454460607958025,0.016455411639326484,0.003734721483226167,0.003655455849887403,0.012145516094118647,0.004168341632372176,0.004761239548155573,0.014960155546898023,0.0052049280735082,0.004120470873080194,0.015147700039800838,0.006675334241706878,0.005334183261962607,0.013494941968518106
generation_import - Generation - Wind Onshore_t-150min,0.005270193430500512,0.005111624732295695,0.011659581927480758,0.003501572644441694,0.004027162878770469,0.007451687920991389,0.002799653938272968,0.005057562357371353,0.008189256340188876,0.003792133961993386,0.004856638954865048,0.0068041394012070665,0.007933119659910517,0.006025586029661099,0.006342563768906985
load - Actual Load_t-150min,0.01591743458498968,0.013777054747721194,0.005348725742144552,0.015442965945188916,0.017458975864092282,0.007538448406616226,0.014077217345121426,0.012982415030290212,0.004149292644102388,0.01058692740839615,0.011797684499467323,0.0036693026414177437,0.013623993549179432,0.014198570755783294,0.005976405224068003
generation - Wind Onshore_t-150min,0.0028101178153542607,0.002954120047947754,0.009863401446644274,0.0038209867226087226,0.003277362535706743,0.008832080725842389,0.003921211626249714,0.003678485143770331,0.007063290413512732,0.004752206600985119,0.0072298796900940945,0.010978135989551448,0.003092164573453374,0.0038877814668760494,0.00740181581939396
generation_import - Generation - Biomass_t-150min,0.0032807812847465245,0.002874624840962497,0.005846484749743468,0.005344682881930567,0.003930705138138364,0.00608770485310312,0.005351223091464022,0.003680459697363403,0.004729899358451803,0.00400474775995599,0.003726295166179625,0.004414383413122323,0.00328376274319794,0.002981310937761009,0.003454228596589019
generation - Nuclear_t-150min,0.003109720586437106,0.002556242479656703,0.0029956586569073805,0.0024678316574184007,0.00224194036308279,0.003205395408756203,0.005883692539108779,0.0033900584986500918,0.002550734313724206,0.003951267607763839,0.003460812998277106,0.002793515234014876,0.0039751488418382904,0.003439226962485009,0.0033240464898844947
temperature_mean_celsius_t-150min,0.004085673838570073,0.00491459100611246,0.009916433209991738,0.005195400127151515,0.005261556876727809,0.008169586177693419,0.009501915301851113,0.007334888839158566,0.00725002295365266,0.0050295410414037175,0.004808489833722888,0.006626983257474876,0.004648921504724967,0.004561800180350474,0.006024628967649733
temperature_std_celsius_t-150min,0.0026659946608924654,0.0023498462623526848,0.004739693423682184,0.0032067707791611612,0.00254224393741606,0.0061439203357913355,0.00224608933651416,0.0020710207301954144,0.0041741281670888385,0.005056062468106574,0.003704782536939092,0.00326160206478562,0.005062718663248233,0.003787461190652266,0.004443135457022208
generation - Biomass_t-150min,0.01133814427432435,0.011656964556976164,0.009442899902613135,0.009169964598430851,0.006214848932169843,0.007049475817324491,0.009138989519298774,0.006222754146477201,0.005628215039294446,0.009087686796989146,0.007148786431382177,0.00846053447376471,0.010981055102834944,0.008274886523715394,0.010365992450882914
generation - Solar_t-150min,0.025169850786405733,0.019864332090064635,0.023928607469249984,0.024970508002123096,0.02414895319090647,0.022267195801337947,0.01998065404818044,0.020521689418150343,0.01912708311479946,0.02332310793705983,0.02626754637133854,0.02632052778668003,0.029683821437477945,0.02663211512844282,0.02912011472301674
generation - Fossil Gas_t-150min,0.006416750214786589,0.0047099208632716905,0.010302725021276275,0.0046212760220114436,0.005103914953679123,0.004769232734194702,0.004496465105612515,0.0045634551948624,0.006054393937898567,0.00863229690532171,0.009552410579791285,0.006469322647903028,0.004772609818583988,0.006425767803317285,0.005907398312421719
generation_import - Import - BG_t-150min,0.005066145806938948,0.008825584762889775,0.00768225850660292,0.011495413428361644,0.017284499180004787,0.01140509806447335,0.0047081689646383896,0.008706984478707455,0.007333884087227489,0.006253994088205218,0.007785129317668179,0.009349669381957937,0.005192978210820001,0.007939505442933295,0.00777943794864791
generation_import - Generation - Hydro Water Reservoir_t-135min,0.010053352660863312,0.006552550402716406,0.005957817007081758,0.009217758055769082,0.008436138784207287,0.004267410113279766,0.006819221535835822,0.005902321375559041,0.00333772454202699,0.010653666797836196,0.009804229968838627,0.006743201509492792,0.01106653201780682,0.009245875388471176,0.008550746375056406
import - HU_t-135min,0.014258084268076345,0.011908817429779447,0.024708075722700413,0.03069278879623016,0.029436401354076224,0.025674122604243167,0.02839958757590648,0.02277913462620927,0.023342441895598313,0.024845755437534537,0.025679509395049534,0.027683490403171165,0.025371712386491708,0.02641065017232904,0.025083824169661966
generation_import - Import - HU_t-135min,0.020713355470456007,0.02090730037401954,0.019298832340311493,0.009874709071249526,0.016983425652433652,0.015175207194435643,0.011059934410528513,0.017946767559915314,0.023007230977644212,0.013716648654124582,0.016169504829362268,0.018127258340478875,0.01490675726532936,0.020688476718680248,0.016412525826395723
generation - Fossil Hard coal_t-135min,0.006517758510557542,0.0035139202410173313,0.008352192235499387,0.003776699995306444,0.0031961726987042314,0.0036139530228756485,0.0036152396004054026,0.0030295259930408066,0.0032165699996348847,0.003821096571284215,0.0028239417018230597,0.0064585790271521545,0.004489196709664611,0.00342938112153206,0.007306129022530513
activated_balancing_energy_prices - Price_t-135min,0.002005043934409514,0.0021479896194991853,0.0019510472762649443,0.0019622924467353185,0.001788697353702446,0.0023523125588351375,0.0019644257459430037,0.0022785849757456164,0.0017846512344463009,0.00192448767129099,0.0023137116477450945,0.0016898976395609679,0.0017428592192808878,0.001663959265809865,0.001785248435639005
generation_import - Generation - Hydro Run-of-river and poundage_t-135min,0.008390891039460257,0.0083253815298076,0.011259174957538563,0.005564234629073326,0.005433867657225846,0.005538233901890635,0.006390732317652294,0.00547091894481855,0.005299017748640836,0.00503772953064788,0.005186409419176925,0.006222330467848224,0.008239815218276134,0.007331604147318558,0.007113374064818345
generation - Hydro Water Reservoir_t-135min,0.008779778220447043,0.010038224826814258,0.010103778576849435,0.005506370554629939,0.00811473468746226,0.010009053182351636,0.008899796473524475,0.011811357560516626,0.007010772905046906,0.006762245721212821,0.010690547963571589,0.005057584660829889,0.00547934138088749,0.007830632955155124,0.006857469169233809
generation_import - Generation - Solar_t-135min,0.022706823680378876,0.02064779609144898,0.01242279958907784,0.023952996116160648,0.02786808662035037,0.012879787250739355,0.034154464154387824,0.03806914698868059,0.027568936062976716,0.0257103362371563,0.023134316308016423,0.019088984342935874,0.022328225470380856,0.025116415397060336,0.01735946899031842
import - sum_t-135min,0.020771000576914958,0.013066485452050983,0.023172411159612237,0.023099467387954063,0.01739232990401797,0.027210047995500645,0.00947691920350917,0.007209745361213209,0.019499920641119387,0.012822584120778628,0.006652504692603543,0.021096338156363345,0.01268517837814943,0.00820115040059045,0.01946868721457048
generation_import - Import - UA_t-135min,0.03547082349241828,0.030592321857591743,0.02286278617721564,0.0237994675571681,0.017659174025116953,0.007835575443088601,0.015731776132503,0.010939339426602602,0.0059234092889946625,0.022733277552455546,0.02239454075658432,0.01338381724374267,0.02903425533112022,0.02254480816720752,0.022876795993808628
generation - Hydro Run-of-river and poundage_t-135min,0.004505273529908664,0.002898257297197688,0.003121366338848475,0.0037982430753068,0.0035900995680112828,0.006595944626783421,0.0035949074518448467,0.0038001025207358907,0.006076066791443737,0.00505214898245049,0.005858008081577282,0.007088681217761405,0.003854241524952158,0.0054151235411563905,0.005408156501152234
generation_import - Import - sum_t-135min,0.032400355874524396,0.025883344189525814,0.021664582564838383,0.03379613214771962,0.02542035014644716,0.024281682378692493,0.019951974865150986,0.01353352618588724,0.014197454600056517,0.02151051325005028,0.020308835162053583,0.019995040859939764,0.02840421310046804,0.023977843145647968,0.023597145281673875
generation - Fossil Brown coal/Lignite_t-135min,0.008275090927123528,0.006374238855329168,0.017375995551847153,0.010327088121695851,0.006771037627171609,0.014737800322000111,0.010540174440593545,0.007859184276434462,0.014306286043642103,0.01876158435175603,0.008256922905733518,0.021781032657279865,0.011309189900857745,0.008263306554330484,0.01678841504752927
generation_import - Generation - Fossil Hard coal_t-135min,0.008701844765804708,0.010220322833643877,0.004867101107640337,0.002965358404628205,0.005033168008745634,0.0035009245808641934,0.003734754453833375,0.0061649804735898215,0.0038680121197467087,0.006331934893583821,0.009856348962435731,0.007877301236076164,0.007404760385565169,0.008943383718142286,0.0045184097429146275
generation_import - Generation - Fossil Gas_t-135min,0.011178413500339957,0.014872519310703864,0.010206293962936016,0.011757035461390843,0.007538464769506391,0.00834080602725179,0.0080601579337781,0.010226266034174841,0.010030684718845806,0.008160254599865767,0.011992706980185177,0.006124471209280273,0.005285468356725914,0.008143559076281235,0.003996905769854493
generation_import - Import - RS_t-135min,0.009304343584659364,0.004188940851272832,0.01110187537663205,0.003863775980496939,0.007325335053799791,0.007306165818386944,0.007588130760639615,0.012006364903441863,0.004612816493188347,0.005150806392036429,0.013846361432719277,0.004333620283783602,0.004355309460244826,0.007749560102583927,0.007521971460113491
generation_import - Generation - Fossil Brown coal/Lignite_t-135min,0.02228158865054138,0.023965819857563474,0.017733501008013262,0.010321280979493168,0.014348944674445193,0.012736750555086473,0.013298077958694194,0.012822322537220316,0.009064155040912738,0.017250836710969452,0.021196524618120747,0.013919211567294042,0.025122035806067287,0.029231555014441257,0.017259682844633063
generation_import - Generation - Nuclear_t-135min,0.005993910166082059,0.004772682696087941,0.004610753953352286,0.006882340786380155,0.0048561449409653505,0.004772263309941081,0.005673786755884066,0.0023963873681980188,0.0027541624368514024,0.002603343262553608,0.0031298051276671688,0.0025271065085794363,0.003195919716995377,0.0033250524423736466,0.002887309322539295
generation_import - Generation - Wind Onshore_t-135min,0.004607806313238143,0.00483082230007858,0.009777848555535457,0.007359133090492832,0.009420553244330223,0.009855481411977961,0.00867903072039826,0.009289042809562033,0.010044255039807467,0.007648464365316613,0.008961536527483986,0.009224669672654272,0.011855276563415828,0.012084591789483966,0.00954767073667972
load - Actual Load_t-135min,0.007531959527012077,0.004895548154484231,0.005063981282204622,0.0047238262739183485,0.0061681971822763445,0.005452221766219736,0.004265858620572089,0.005075333955267979,0.005719229354090203,0.006804240112383923,0.0057011269215131504,0.0059487220216688005,0.0050263306462802575,0.005417627863316739,0.0051253075380627705
generation - Wind Onshore_t-135min,0.004683994052109483,0.00786597386434005,0.006117351170891197,0.012723907363557373,0.009247653005057145,0.014518899533111834,0.004805275181081015,0.005908174917995893,0.010005447863302834,0.005314900352572294,0.00497229594014425,0.007468681284259219,0.0045863782382434696,0.005083330161824051,0.0056466342368794355
generation_import - Generation - Biomass_t-135min,0.003007495642068534,0.0034523585874949277,0.00684705650622709,0.0052994377971117505,0.008124360293404607,0.00788397527563211,0.007536556689111421,0.014936395078327223,0.015843676309908915,0.0055237740468946864,0.011195956950235996,0.012580056284306921,0.0031588857935198576,0.0036085538259191877,0.008264519856320134
generation - Nuclear_t-135min,0.005511960915988311,0.007760041127658042,0.006951272943406366,0.003878955688031965,0.004846440725028515,0.005432486162506393,0.003704935269022826,0.006044599751461647,0.0059716255555977114,0.0037419645554909947,0.004070770562859252,0.00424802239969722,0.004641045394702815,0.005207445385458413,0.005979520485270768
temperature_mean_celsius_t-135min,0.008712926492886254,0.0036795618573269165,0.005031688193244918,0.0034546305233961903,0.0035542756522352194,0.005304572810035097,0.0032363341310671246,0.0033098673754015807,0.004626039224629494,0.003211645073726686,0.004326059667075242,0.004302350765562551,0.0035524267953824166,0.003286981747149184,0.005023612521450559
temperature_std_celsius_t-135min,0.0052650469510990665,0.0032221404477071618,0.006620567488215329,0.0037984732805231404,0.0034101223823263353,0.0036729590368049683,0.0039382307576488525,0.004824746740711134,0.0036451442711540947,0.003992783597349302,0.003412943072190501,0.006026008110609837,0.003993850844832196,0.003577250034643384,0.004373847610619123
generation - Biomass_t-135min,0.004148823146188078,0.0033892184245640066,0.004188945590693038,0.004428361311776825,0.00507911659770457,0.004239485550240602,0.007548748104456308,0.006653193482876304,0.006130064682090051,0.0032337445212015153,0.0036192730879520242,0.0037086043975177747,0.003396061410916445,0.0027248230858676835,0.003649319130641743
generation - Solar_t-135min,0.0227071780940023,0.017552867344071275,0.009361007697043533,0.021145752664890098,0.019989962575381014,0.009306572391458759,0.023288038819824577,0.023425117533974117,0.01312820433471643,0.021025711870985106,0.018440849509846886,0.01723002946510678,0.02361536525300471,0.018435437122563597,0.01408272223622771
generation - Fossil Gas_t-135min,0.005755486030349857,0.005413504627576913,0.005754817739831196,0.0050242346665090734,0.003809228197235825,0.00355864669363109,0.003930731796979671,0.004397214931985218,0.003452285329678091,0.003897629770068626,0.0043711788249893285,0.003159444498412995,0.003708587821843139,0.004113709541238222,0.0039013445283293323
generation_import - Import - BG_t-135min,0.010705702171997473,0.006993183965698336,0.005015853526338106,0.00736739205224876,0.005655142339917802,0.008729539840520373,0.009833981211922038,0.008639773969865929,0.006710851539120995,0.008201732070599974,0.005962967328036029,0.005445368655862694,0.006685656068795651,0.004105545320454439,0.004946985800435869
generation_import - Generation - Hydro Water Reservoir_t-120min,0.004275585811727524,0.003426932783975644,0.004435859610115585,0.005852781590483573,0.004490701959276066,0.00470134901384165,0.006035956033105322,0.005835706092519104,0.004739412825045293,0.007640179713351245,0.006001949792047526,0.006124551376338786,0.006282865992893676,0.004339221082267158,0.00446524111079134
import - HU_t-120min,0.005175015791870919,0.007332950818308746,0.0059944294783576876,0.009827346141690214,0.010222541692437517,0.005065967317237664,0.005827080311027658,0.006566382624142193,0.0063364341562746635,0.007678752928477479,0.006102793218178704,0.010022875349357491,0.0052630657991830955,0.006794335852528093,0.008428063482420839
generation_import - Import - HU_t-120min,0.010329229922121158,0.010562457550287944,0.0070513322882325155,0.010474695367083769,0.009024486524183885,0.009060122756491183,0.008281085071183043,0.008719007319461526,0.016014349668228532,0.007366358557806961,0.006984994937251031,0.01393810509886862,0.008290268643169839,0.008301765181084192,0.010775185913284076
generation - Fossil Hard coal_t-120min,0.0019532786584168208,0.00217282964828064,0.0041985725342765364,0.002870021990256646,0.0026397599560236814,0.003518331735696847,0.004146291338845003,0.00555574014454578,0.003786200780819854,0.004677918817615137,0.0043821503941144325,0.0037014749061872864,0.0021616963507476612,0.0023737747790364663,0.003932630262834209
activated_balancing_energy_prices - Price_t-120min,0.0020286488411766185,0.001652623698728007,0.0017364773188392065,0.0014336138535200008,0.0013086992043154168,0.0009690632458048185,0.0016173868995119846,0.0016426993041022797,0.001113182573971244,0.0019256495016097687,0.0016683913248045884,0.0011513296238845215,0.0013980033717452898,0.0015452542148382236,0.0010074434908410694
generation_import - Generation - Hydro Run-of-river and poundage_t-120min,0.006617985947675152,0.006200450653435837,0.011574793376947128,0.004625786210459409,0.006794875803007926,0.012779123104352039,0.012067969599833304,0.013541360859191626,0.0169134339006996,0.015169257075380301,0.015989131514535983,0.017092993211384966,0.010859879596027895,0.013433137075431659,0.016152474482776596
generation - Hydro Water Reservoir_t-120min,0.002754220196953611,0.0065829607345690416,0.005482822089163619,0.00531869882256251,0.004796465148951029,0.004251120759203332,0.006052294547363999,0.005822796224671038,0.00543007161808852,0.006802335225147544,0.0067335077808929784,0.003490438539356546,0.004299619596856246,0.006994634999622576,0.004252799746598612
generation_import - Generation - Solar_t-120min,0.011386249321512878,0.009099411090804097,0.015302291012834758,0.004749967399102388,0.0069189269926901035,0.011157811995217344,0.010757513075026509,0.012894993010300823,0.008027975250523013,0.013840354704123457,0.013514494006129097,0.01122250724793048,0.008032942982812529,0.004519738708800787,0.00740117087856197
import - sum_t-120min,0.00859955586383694,0.008645143495608864,0.00860456408285245,0.004671920804446927,0.0051066569028625965,0.008952390944712533,0.0035878566824762855,0.004193094575546581,0.011346869899054582,0.009572992966193851,0.013782290155024385,0.010421234792956965,0.008478398757764807,0.008246630371926585,0.008350613003607578
generation_import - Import - UA_t-120min,0.004175716903585453,0.00456164045454716,0.0043039805052601425,0.006520977666556064,0.012103384844122047,0.005881773953624361,0.009378564535943951,0.013159044312196784,0.008516855819929333,0.013995876951259562,0.019535142895052558,0.013725467029362335,0.004766948301403317,0.0047538321814558915,0.005434541590526351
generation - Hydro Run-of-river and poundage_t-120min,0.0054519825272655,0.005600532838490835,0.004762573954700202,0.00817986663395277,0.007057263510188932,0.002537596862873215,0.00668794112312753,0.007132021722055014,0.0063235076283453965,0.009063490739798,0.008591765736025991,0.0034071181334002177,0.007214261123117467,0.004950534801602771,0.00521633968126298
generation_import - Import - sum_t-120min,0.007148815152189172,0.005795242339539299,0.0059403883253489765,0.005354511084358819,0.00469035345762677,0.004024752216369961,0.013623920251429809,0.012322986527986473,0.01994800005948491,0.008519935084936151,0.00753224340203451,0.013037144197448015,0.005302688035607844,0.004962800041765149,0.00663900674461911
generation - Fossil Brown coal/Lignite_t-120min,0.009165267819753353,0.00602659471512743,0.019039040581526934,0.006056306159307951,0.007004317206316045,0.017850443816685584,0.005702148590309662,0.0046334838798971845,0.021148279838504095,0.006310604915044678,0.005393264473947056,0.014030628805718152,0.007430034022392647,0.0066473443362542635,0.01954616902975249
generation_import - Generation - Fossil Hard coal_t-120min,0.012256712960239384,0.010283251928834943,0.019043462101370097,0.006015763389013045,0.004975400113955402,0.012826994556351565,0.007522287464293185,0.008555220431706402,0.015219505209941416,0.015854686494916677,0.01258001997601241,0.019023592881392687,0.013957903656177223,0.010202784380002413,0.016867857772856952
generation_import - Generation - Fossil Gas_t-120min,0.008422557076741213,0.004147531828692081,0.0034615164221190754,0.006770579626210747,0.008016275423069602,0.003701630075560388,0.013016735136392526,0.010402485416434501,0.003948972536288465,0.004739074841551656,0.004334606544447525,0.005453888636633565,0.005740255958903731,0.002651115689813537,0.0033942462353365953
generation_import - Import - RS_t-120min,0.006311459276733785,0.00798182053316009,0.006837431479431871,0.005366859175394893,0.005837528569867572,0.004757490519561543,0.006368868197278062,0.004353513544333964,0.00391223000950231,0.006680112325940172,0.00786869398623594,0.0061624203752962785,0.005972548670357355,0.005948472012233651,0.004568000331094709
generation_import - Generation - Fossil Brown coal/Lignite_t-120min,0.0053317855640852944,0.005542593558941007,0.00647385685647896,0.005871892830867182,0.008078980060719915,0.007008080317958957,0.007511064954321682,0.008776092247808719,0.004896585778195003,0.004865253069000005,0.01052203324522452,0.004637107302783079,0.00901041746109331,0.007975743019239872,0.00415199615830818
generation_import - Generation - Nuclear_t-120min,0.006849182150279375,0.008242840497399812,0.004243577013894765,0.006133981851153748,0.009707845703363319,0.0032107969444896867,0.003094024713115118,0.004029901917457437,0.003359771983983137,0.0023141034341169872,0.0047183336522007265,0.003667929115199513,0.00611465491664012,0.006923357302372097,0.005599593815704679
generation_import - Generation - Wind Onshore_t-120min,0.0035416169345953677,0.003533434516640682,0.010609845598092903,0.006437628323023091,0.0028074150590799147,0.00920681755872465,0.0035363495134952245,0.002615544833988679,0.009010877505424106,0.00358211288651637,0.0032113333861652793,0.0066860824722543835,0.005441180103776787,0.004787429566025821,0.008314297139964765
load - Actual Load_t-120min,0.006310094494445366,0.009336167476718827,0.004902816669593448,0.009004507858138822,0.011169951194071473,0.004088931549758854,0.0030911107029169215,0.004027270386113741,0.014612673113682832,0.004183892143098091,0.005190709725022316,0.008962715469737304,0.005082135114782432,0.008565789717316875,0.004963801604711989
generation - Wind Onshore_t-120min,0.004331111612613313,0.003171132840758219,0.014247767517656029,0.0044121289700633495,0.004765364715860415,0.010797826037669439,0.006399091912799122,0.005012669758843003,0.0069620290589009525,0.0043190269735703165,0.003467060246412075,0.009484422025328967,0.004706057816496753,0.006446995722963038,0.005821373138362105
generation_import - Generation - Biomass_t-120min,0.003638126536491427,0.0033452167177023284,0.004435263114107215,0.006243656651300626,0.003911278373207892,0.0046360424414087905,0.0047375328394946336,0.003968237701521744,0.004457682859474971,0.005818285995010228,0.00418315750914553,0.004562062149809208,0.00575922931425157,0.003670832403819077,0.003059537980188907
generation - Nuclear_t-120min,0.00454407644654475,0.005469368488890723,0.003065784099604116,0.005920350445951044,0.006034638480557532,0.003830047099660078,0.003644092697340739,0.0026999456343514794,0.002044315609865407,0.0038805210521759364,0.004224232485689754,0.0027040795762103757,0.005001434688376321,0.004411514709003314,0.004109011039360325
temperature_mean_celsius_t-120min,0.006122492124599375,0.004346988739162044,0.016950405707830213,0.004555173694909172,0.003577051984029822,0.013864286102209007,0.0035246941325317496,0.0036179848922638486,0.013950931986284559,0.0033876055416731106,0.0029389827564682493,0.010079641393494966,0.0039477307010201915,0.007735884983461802,0.011167633411412225
temperature_std_celsius_t-120min,0.005890982344617669,0.008766732642361602,0.010432700369237864,0.004081880581508813,0.005580928281922752,0.010253850481080008,0.002547253667685325,0.002782677843118563,0.003761068461142713,0.004036380310531967,0.005239749519058478,0.003591331103354605,0.002882042283466035,0.00344119856792895,0.0034831406652867827
generation - Biomass_t-120min,0.013054149583966137,0.010916723945550984,0.0090533213500712,0.005005638894899676,0.006622266451217001,0.00524682819618829,0.008350562307450673,0.00752976676381445,0.0065871990712039405,0.012079179826141626,0.013051579243387096,0.011580018943548567,0.00872885894654246,0.006442913047477532,0.009543429504221422
generation - Solar_t-120min,0.0185896196751346,0.018906835549190874,0.025890940273879094,0.02185253187571652,0.023014418933176784,0.02423703953085351,0.02373351487488253,0.02374737583717797,0.019151972044637658,0.021075687991513405,0.02380432201909207,0.02110139658699336,0.023127666829182998,0.022360037842416206,0.014454461503890343
generation - Fossil Gas_t-120min,0.002997106182244124,0.005044844829734984,0.003606616772889538,0.0032012990077396352,0.0034128702659544387,0.003273468669231079,0.0034520472199237704,0.0075241782169850925,0.0028517855049158243,0.00884977757348679,0.009103653666075844,0.004459819503179233,0.003225519065073172,0.004357032933603478,0.002957091964624851
generation_import - Import - BG_t-120min,0.007333375037604128,0.005078358226839555,0.003443686422659084,0.003992248902606662,0.003550516753339707,0.003714484175366124,0.0042765980979711455,0.0034589769435660854,0.004358852985473277,0.00436226031674596,0.005469390504273178,0.006318566843239751,0.004252964502991744,0.0040677281378521,0.005299898429477821
generation_import - Generation - Hydro Water Reservoir_t-105min,0.003288810731291051,0.003679198611729589,0.004401774087744343,0.0022469104112274358,0.002733592120303001,0.004807216161320866,0.0027271510998943993,0.0031557578234776428,0.00450172355499285,0.003527072269172095,0.0033126584261817696,0.005488593657752063,0.0033598167140280566,0.004683801273418794,0.00414606374430332
import - HU_t-105min,0.01992936606632429,0.013616978749043484,0.016389029166406544,0.012732142896962614,0.007723698222508574,0.01769899616028306,0.021650794573028178,0.015698379110282986,0.016898048603529787,0.02262739281973154,0.02179748227368691,0.027750570565491215,0.021833941835098812,0.016408571326959644,0.022618682827218437
generation_import - Import - HU_t-105min,0.017203785122328553,0.009033159615882141,0.008251478072605095,0.010314440553222084,0.005921538922113541,0.007132344670973907,0.006815757979409682,0.007699352702635224,0.00947952310486653,0.009708832833333873,0.007716522455964878,0.00961552856453568,0.013526415979809827,0.014372963571222499,0.017305605569737963
generation - Fossil Hard coal_t-105min,0.002972841732153938,0.007027553244341107,0.0037599309624461058,0.003693312225568661,0.005926144482567906,0.003657357850490598,0.005250795767700765,0.0053822799476693035,0.005056026572315432,0.0021721525392011357,0.003987053900367755,0.0031951624536450253,0.0026528838912549873,0.0033146788754238516,0.003119769365156799
activated_balancing_energy_prices - Price_t-105min,0.001514945497775443,0.0022714178995429392,0.0011011040367172882,0.0018911778345095628,0.0017513255545186439,0.0010498574161615579,0.0014745231886172405,0.001683654452990254,0.0009165629661765706,0.0012761575651447856,0.0015167032645688322,0.0011170830183991711,0.0016586495405117602,0.0018868486139162997,0.0009534028604966806
generation_import - Generation - Hydro Run-of-river and poundage_t-105min,0.0029989859150682603,0.0032538920105232593,0.015550989314418985,0.0022788249581890342,0.0030765304607557483,0.014500419317395426,0.006636885745952895,0.0035985256815747563,0.02240516479520011,0.008080848369559135,0.003732164858325632,0.016627505665735953,0.004254524587349806,0.00462985511833017,0.014764578057744074
generation - Hydro Water Reservoir_t-105min,0.009347098603884661,0.0035158818813088148,0.006556452332253685,0.005580259665311132,0.005107237745571183,0.008447256343162507,0.011525959068618249,0.00976669221863267,0.006122277248519822,0.009225243380860775,0.00843825018073403,0.005572722494776827,0.012698392482026975,0.00980460037253215,0.0045226133879186815
generation_import - Generation - Solar_t-105min,0.03413064159741043,0.029300356814172118,0.03321705890863086,0.019802557470466126,0.012949054834105482,0.018631844016374088,0.026910112747340464,0.019410423223336692,0.028396380692196545,0.03372616840444971,0.026471063310018507,0.0337470799604198,0.040900546096178006,0.03859424892748939,0.03355288163758814
import - sum_t-105min,0.011853393581681302,0.005884318787642315,0.006579026821298612,0.016908878242647914,0.006990416342566278,0.010786835656430412,0.016305245875148103,0.010048646126917447,0.01207526145453994,0.01825507998001558,0.007436734833092487,0.013656625023439119,0.009899989086606638,0.0066866044595481075,0.009323240567113089
generation_import - Import - UA_t-105min,0.02381372045027092,0.016056247811713546,0.022294513809007186,0.006254952485300237,0.009764151101730931,0.012197544272057713,0.0071019068224450164,0.006490329224747257,0.008564056100860739,0.009545421644346788,0.007954633809873485,0.009026331728236983,0.021404486909508705,0.018982246104671502,0.02216268309174484
generation - Hydro Run-of-river and poundage_t-105min,0.006406169716890872,0.006585913428744732,0.003337740105134799,0.006782144907389011,0.007073636886096438,0.0032407024052154157,0.005464835203290931,0.0057587915056692505,0.003273704768219659,0.003787256498944771,0.0037984152448752866,0.0045946873320463055,0.003520242213162419,0.0035515774061835826,0.003119308158275089
generation_import - Import - sum_t-105min,0.008230445166816935,0.009375888802107511,0.012262108377930417,0.009753593417379306,0.010123834724800872,0.015805114472605054,0.010394676428724778,0.0063230352895213855,0.018043207607235674,0.019811742786623655,0.015514425189851863,0.024610211099148727,0.010557135195133014,0.009308448426323593,0.01797684096638477
generation - Fossil Brown coal/Lignite_t-105min,0.00626935064274494,0.005360656979125452,0.010394916523182474,0.007672095342626562,0.011609346708477915,0.009496266615169589,0.00829341905126057,0.005150016220693942,0.006154529574627304,0.01381222646504466,0.008086800292745465,0.005881812378262111,0.011696887150501425,0.006834771670048212,0.006856506136156668
generation_import - Generation - Fossil Hard coal_t-105min,0.002354441405545913,0.0033005018921394365,0.005340488957666821,0.0024924256631857133,0.0030079354422596224,0.003752828380698702,0.004921252774658569,0.007578471527744114,0.0057371821999167875,0.007635891423211433,0.006994755015781265,0.006384041094437635,0.005218230524653336,0.006350461566868034,0.0038432950214555605
generation_import - Generation - Fossil Gas_t-105min,0.0056090656059685105,0.01201248520388981,0.014465485726803309,0.007670802403603375,0.012993334345781477,0.014516265165599179,0.011921751608497289,0.011649561541842558,0.015490377769921907,0.00890898586831463,0.011936777990838891,0.013152160318451933,0.008653466554409532,0.00877796684543864,0.014792000232904683
generation_import - Import - RS_t-105min,0.0040593275800356425,0.003755372427522161,0.0038336805144963365,0.00616145788558606,0.00694795213433099,0.005871592812336985,0.012496064206716255,0.008259145835487288,0.007269807229032494,0.014706093824446724,0.01221712011109048,0.013498270826581574,0.01346283453326032,0.010393047049687083,0.016432600317355536
generation_import - Generation - Fossil Brown coal/Lignite_t-105min,0.006925563081402288,0.008465336607041535,0.004857538604370348,0.004326588293468376,0.005464850265124369,0.00804668876824826,0.006049524640659001,0.004909838849158405,0.006858838315698449,0.004600297603497893,0.011551405088830506,0.005790049153973086,0.0076710847524452674,0.008024148893745406,0.005911826676966484
generation_import - Generation - Nuclear_t-105min,0.0033146948021530987,0.002535777569486527,0.0030746707251928457,0.003336429238411256,0.003383057142803409,0.002642794695037537,0.004504998737118285,0.005599360451626126,0.0035761691318293744,0.006219568588592665,0.005242544955057383,0.0034668937855276455,0.002620387652732461,0.0037748086610927202,0.0026915381547216273
generation_import - Generation - Wind Onshore_t-105min,0.01937777008212288,0.0240255774895777,0.013272093293024227,0.0182881327427458,0.021929283887933707,0.011022531355829415,0.017568140828574542,0.01646570496093773,0.008720311546330777,0.012311057063168845,0.014097094448196004,0.006558425717350474,0.016002586394410174,0.013596591534194886,0.010759605856288544
load - Actual Load_t-105min,0.010704324825317598,0.009295320820892811,0.006352158606918238,0.005484317413757253,0.008456634126858261,0.0062856525806237185,0.008153833986347309,0.006479340561434583,0.0062369802634984805,0.005782492322832695,0.006513503242542356,0.005175651411846048,0.005593881662654894,0.006799608631710726,0.007030753561513847
generation - Wind Onshore_t-105min,0.00983791137408116,0.012678536776511463,0.006648471163342037,0.015613016630726633,0.016916978241017205,0.011603072218556007,0.010488548813663328,0.01342397466795228,0.009180256371151245,0.008644964521143265,0.009203572591341072,0.0045770686869345805,0.007450307424202038,0.010485864412094087,0.00586423673662648
generation_import - Generation - Biomass_t-105min,0.004010884897090364,0.00498409072010827,0.006228643811908114,0.00472977401042499,0.004381221036419447,0.00830739054123478,0.004905312618136122,0.0037765481931335216,0.009145594280431397,0.003307792754277898,0.004065901305963962,0.008949834251831816,0.005236603494320661,0.0049300686482492894,0.008464643573537614
generation - Nuclear_t-105min,0.009006126138323453,0.006213111254168325,0.011423970026080497,0.0037244851492469026,0.0038735931020783027,0.007557161327144058,0.005573187533380405,0.0034344442605797666,0.006289395301311743,0.004065632754955004,0.0034347885802999373,0.004717388402090364,0.005712879597020219,0.00608800442746724,0.006869928389263805
temperature_mean_celsius_t-105min,0.007663415118400735,0.007885096681831783,0.0034509470581360804,0.004862713605498357,0.004127701392768359,0.00314536574001977,0.00506218710648227,0.00535390110284061,0.0038273106891028876,0.005608444606943521,0.007474611356519745,0.004227196077789813,0.0075307048114214015,0.006959603030849393,0.005041789620260716
temperature_std_celsius_t-105min,0.01805119694257155,0.016729178815898194,0.008711356963945321,0.007246446431605818,0.009879094057645489,0.00433943687710871,0.006159152742742663,0.005564866825238823,0.003824629393229543,0.006002626348017884,0.00445091740740645,0.004634128275835224,0.013362398416616997,0.015177295689041784,0.012679697089733964
generation - Biomass_t-105min,0.00364474810316392,0.0035705011158966046,0.003329472350762444,0.0037068066569918303,0.002890497267817409,0.002687591619208263,0.005998194746796798,0.006668620126592941,0.004482033652788232,0.0038521966581793092,0.00430429672068567,0.004481029804449122,0.0041157046978601815,0.003554672588426911,0.004077094556014799
generation - Solar_t-105min,0.03849459190107882,0.03009888073624461,0.03754937051713932,0.03539738516241778,0.03178092882025521,0.0308324372463685,0.04174692287109792,0.033032462881703396,0.029194244634833014,0.0355721620090917,0.03132653004141503,0.023530501404718962,0.035210171447484756,0.024838100333639885,0.025770237545133568
generation - Fossil Gas_t-105min,0.010805929991072844,0.006944162271083769,0.01422058892552741,0.009485574152124173,0.007150272688522819,0.014213505817933765,0.013393684983904678,0.011053644917706152,0.011383031456449316,0.010586205994601187,0.0044725251582895,0.009512170843539253,0.009844371713959845,0.007324584338693967,0.010121255157029736
generation_import - Import - BG_t-105min,0.018063211046275684,0.013049607754444878,0.004329269404806837,0.005497083837817627,0.003896523177897734,0.008848387389662093,0.007727666531856812,0.006246202193007776,0.004022442331067623,0.01827713495660282,0.011656439851649339,0.010671219153052334,0.014956196290768276,0.012070815686907736,0.015346200247455272
generation_import - Generation - Hydro Water Reservoir_t-90min,0.003988370870462859,0.003927488846770302,0.004899814925100145,0.003904316206571366,0.004870382459432222,0.004289542074122437,0.011329727432719665,0.011349790741620382,0.003382567396392915,0.006605380088745733,0.0040506136901058195,0.00337374165169431,0.0035096073731219805,0.0035215373323107995,0.004159014492810002
import - HU_t-90min,0.013840935843305488,0.0050403197285058925,0.008464544662179833,0.01456880034160713,0.009296150411071891,0.006947996362338017,0.015170884937739174,0.011442063669028358,0.00930978072421567,0.0136805881950786,0.009067369286603934,0.011060224608237149,0.017051799577680868,0.009906138358755924,0.016373927597305736
generation_import - Import - HU_t-90min,0.008642997104174356,0.0046707141470542415,0.009715093807987614,0.010763715312772548,0.005543178662133414,0.014319048913226651,0.010000160691528436,0.006250147164511873,0.015451104591302283,0.015027461168399895,0.006042751748955197,0.018483085496452986,0.011535964227719887,0.005430865160233225,0.020834231009048382
generation - Fossil Hard coal_t-90min,0.005376522036018286,0.003769305379530124,0.003844045579477097,0.003501194709392166,0.003495879992749451,0.003596003717124404,0.003950411389666442,0.004446857685805298,0.0025815278106141475,0.0040118860308575675,0.002769979093411166,0.00385900745973413,0.004975223441229901,0.0030751875178557384,0.003062284542816997
activated_balancing_energy_prices - Price_t-90min,0.0015698655407585845,0.0013814874263239289,0.0011213233100561412,0.0015567235530384096,0.00134547135589105,0.0010062382341056945,0.001452109935360113,0.001532191005434015,0.001346507807492344,0.0020984120605207863,0.0017143119191403002,0.0014752309259001776,0.0017531217701134665,0.0021958049472673336,0.001983350016013901
generation_import - Generation - Hydro Run-of-river and poundage_t-90min,0.00538847436474498,0.0032423501738594496,0.010614232280171108,0.004567207839219919,0.004911035554454884,0.008427612515362852,0.004060845377634109,0.004614626068569123,0.007140623692928784,0.0030238584373212234,0.0028521383124843853,0.007807795460165395,0.004833625854858838,0.0034836909778723567,0.00564198023013796
generation - Hydro Water Reservoir_t-90min,0.005260985536818225,0.003605926950274352,0.003027192093079066,0.01299382015808078,0.011985150157124735,0.006734686768504616,0.010750211315340494,0.009193643057281407,0.006657578402972831,0.008996418381769927,0.008133424518147876,0.005461995202749676,0.008634612140594982,0.006832051796423912,0.00595803523556242
generation_import - Generation - Solar_t-90min,0.004610401072055538,0.0036216447369406524,0.014797287365028751,0.008526064440855408,0.007050868049858081,0.022000850709362568,0.005939852238449021,0.005263384947200393,0.02082379401155049,0.0035126189443872137,0.0067709907179903436,0.013276874807095737,0.005285643335071654,0.006614253509866103,0.009648786005443982
import - sum_t-90min,0.020836038657757853,0.017319940011735525,0.016472087514193844,0.017836715329674915,0.012501631114224438,0.019214292222979566,0.018863314228241508,0.01825258691932686,0.015942197240960923,0.013695180439059186,0.01691704715918786,0.016030889808935172,0.01841491903372844,0.016655708503123607,0.016098908030079427
generation_import - Import - UA_t-90min,0.004811255944383447,0.004495319744504741,0.0039544947949367495,0.008436140283600253,0.0034308002776524517,0.007613038093376418,0.009143544029135227,0.004364681648808528,0.006468054900740754,0.005294305826300843,0.004253594063433639,0.006396388955470684,0.005446929403448849,0.007267214082581632,0.005116558054178313
generation - Hydro Run-of-river and poundage_t-90min,0.008677254380643717,0.007433190022730742,0.004521747776088887,0.003788152609435201,0.003370830688460046,0.006759499725313162,0.007402554366170534,0.0060746867769471465,0.004227431822570907,0.006333774914512105,0.004060741107772628,0.004585618219107346,0.006490769950845788,0.005037690938051128,0.004102311380825995
generation_import - Import - sum_t-90min,0.014097304408302534,0.012558559575951221,0.014945468738684213,0.010815884618534255,0.008904111985681083,0.014418265757209156,0.0027222112161871337,0.0029446151411630125,0.00972719466230228,0.008939097255559319,0.008570197921488443,0.014407609922244774,0.017225696116631297,0.015597944526877655,0.019062266552045
generation - Fossil Brown coal/Lignite_t-90min,0.008511438216381065,0.0057545378179329415,0.005808020085871249,0.019428502968545217,0.00851988393710053,0.006759548986501614,0.012948447341295832,0.006531824873976461,0.004866119351176167,0.005259887791684377,0.00491419341481378,0.00923829732100421,0.005976146666878776,0.0043928744636396,0.00517836779812933
generation_import - Generation - Fossil Hard coal_t-90min,0.011959214393864387,0.0073337126458791315,0.011367269442580437,0.014846300853416323,0.0122636041007936,0.013767559239408,0.01760014352109283,0.01469446636363864,0.018184720730409026,0.012204352395609021,0.008898599418113008,0.013685121177695691,0.008932727600331418,0.005189419607493619,0.006977294368894945
generation_import - Generation - Fossil Gas_t-90min,0.00498866588060855,0.004053432448050444,0.004753957108999259,0.007174251301028562,0.0032323404269254752,0.005306940599079098,0.010898392524605243,0.004842072901332812,0.007810678871399432,0.00610155667111394,0.0022241660960484067,0.0040861479049181075,0.004357895959201414,0.0033865418982250046,0.004198292294298881
generation_import - Import - RS_t-90min,0.007442979942752572,0.011783015808468918,0.010467432141678728,0.004125758345973736,0.004429245217126663,0.00328091792008172,0.004313299982218268,0.004885396446323284,0.0036450969818652085,0.005517036193529975,0.008911215408370482,0.008993612353646313,0.011019470180523058,0.012496662414418097,0.0076312063802979535
generation_import - Generation - Fossil Brown coal/Lignite_t-90min,0.02612093270814512,0.028019341343344422,0.02496885449264664,0.03493989497845178,0.04023312318092212,0.035825862050291105,0.025939836482109967,0.02974112405542837,0.024516553611378184,0.019350207002658864,0.024433572789857864,0.024250788307093898,0.020825869194326514,0.025774180120555684,0.026518679682703807
generation_import - Generation - Nuclear_t-90min,0.011910117961230753,0.010237779065872019,0.00804222903441223,0.01037159469176504,0.010241609030969243,0.008249242657941068,0.006806880239710153,0.004829778455006818,0.004726525737070915,0.006579149311132255,0.004960060472992836,0.00624241395385252,0.008459458238336083,0.006915672673044355,0.007585691392151602
generation_import - Generation - Wind Onshore_t-90min,0.01477562108350321,0.01367827939905692,0.014505059549352155,0.012648342515531113,0.012833525831993028,0.013318192634527805,0.014964517434211302,0.016507530741931987,0.014600159073081159,0.016374675011596992,0.017253573006295483,0.01837379915076599,0.019892204497558852,0.017858367713721235,0.019407142285475857
load - Actual Load_t-90min,0.004699883966630296,0.00794018074601263,0.013468128812844952,0.004936536418073957,0.0034726244576886527,0.006692297646637598,0.00940802955215986,0.006415949051670395,0.007973837428314937,0.003478656894794767,0.003579737749140804,0.010656752638780746,0.006548136274046556,0.010525714821415021,0.014749490068126762
generation - Wind Onshore_t-90min,0.014126695903360086,0.018373803703696467,0.008709312183385918,0.01803213150436477,0.019974123430631152,0.011541498782142298,0.01795045685057994,0.017776451406942215,0.011008834036998452,0.014875812642698293,0.01736916906220722,0.007802022236096491,0.012786629964015446,0.014852543088134553,0.0053737465471840554
generation_import - Generation - Biomass_t-90min,0.003361726741113671,0.0025840962354914156,0.003692754620178448,0.008446351538132148,0.004653767165043974,0.0032140561317000904,0.004812021508067118,0.006592137686190199,0.005052849431455797,0.004535095344157526,0.0038788432238070526,0.0032869841921664717,0.002927281214657796,0.00317606653243638,0.00332525667400796
generation - Nuclear_t-90min,0.0037236704914757864,0.004707367793084814,0.005807764234250498,0.004725861030005035,0.0049899950615763375,0.0058158499942546765,0.0042639865794262734,0.005806725288784946,0.0060827958149830014,0.004258063676548772,0.00426790327999538,0.004662923365434835,0.004277531999683561,0.005073988102427393,0.004556839956259864
temperature_mean_celsius_t-90min,0.00543958048568129,0.004465617316545831,0.007652210826025112,0.009652852596078447,0.007804228341408816,0.009955370462306747,0.008826259960776952,0.007804691590781659,0.010154019329599577,0.00544394769601422,0.005190337420590368,0.00708207747952838,0.008282031113478297,0.005751671815927693,0.008225861057722455
temperature_std_celsius_t-90min,0.0043934007438597295,0.0036752974602622997,0.0036796235056876865,0.009976306881691925,0.013375484962154587,0.006346544215815356,0.005070375722599692,0.005305693739368508,0.003921663583974578,0.0031370727411604094,0.004392821686295605,0.004590137403807376,0.004044363084032739,0.0033030350291633113,0.003764607551386689
generation - Biomass_t-90min,0.0055923554665528175,0.004011311399084661,0.003184352945114824,0.0028839856557685835,0.002542110176036658,0.004239096880673202,0.005515681532833696,0.0024625306934021865,0.002804890520738354,0.003088027046351613,0.0025701307565598767,0.002937378995304243,0.0025569145534745986,0.0020072257739698215,0.0022930471144443345
generation - Solar_t-90min,0.012882924368233944,0.018746971325512278,0.010199869636813673,0.020443305002387207,0.017980929682358694,0.011101135183736914,0.020545454989216522,0.021204044773650822,0.011228803546746349,0.023635704383748818,0.02435827764216083,0.011399999029257743,0.021259415671436726,0.02600349918176653,0.013880403270588431
generation - Fossil Gas_t-90min,0.007583948657807923,0.0031883727626382096,0.003323570985023025,0.013022755641362892,0.006498492354372502,0.003325106312193384,0.005019215370033634,0.0028589908514722994,0.006007017639039987,0.007269609654562373,0.0051231959570395705,0.004340179307451762,0.008064501377909436,0.0030441108042318773,0.0035347161744793995
generation_import - Import - BG_t-90min,0.0033098616274888854,0.007511497856678034,0.010408767913359042,0.0037838032583948833,0.005300134786765739,0.010962858029702148,0.008647680074839627,0.0051557240794700195,0.004858468237537181,0.0042357744418113725,0.005072805324858564,0.0062618562708739774,0.007247998098493554,0.007744921187859291,0.007421829904754304
generation_import - Generation - Hydro Water Reservoir_t-75min,0.008211803845838857,0.008322656513544644,0.008045118518530216,0.0057563599801897,0.00582956847208834,0.009506495940042442,0.008684687415034205,0.00805027123124455,0.010876222073424287,0.008732697351406842,0.008837321284358041,0.009158914777020981,0.008264940240765099,0.009902293129576719,0.010671326505336766
import - HU_t-75min,0.02279579590825233,0.029778259441791306,0.039140310601695094,0.019658782727725338,0.02327359710746532,0.03426436026114971,0.010240940334786501,0.012689055378519698,0.027377992880428793,0.022413460500902146,0.023345443930462353,0.03902090576768387,0.02426710915111471,0.021498346835731354,0.035630939240027144
generation_import - Import - HU_t-75min,0.017591126057173823,0.011994137047899131,0.00910068936193784,0.008507105521057384,0.008259032059762831,0.009829758987700188,0.006078853316230379,0.006045878902364165,0.011985658792882986,0.015457628978347203,0.012421284615520563,0.017065572842853725,0.013374982060038747,0.011004840688496187,0.017825893038541835
generation - Fossil Hard coal_t-75min,0.002919803333980326,0.003515876328692684,0.007948282373181428,0.008012255257934385,0.007697630869981367,0.003439104402117664,0.0045735326740395975,0.00435606476754765,0.00800571179826784,0.00449006263100091,0.003669861638407383,0.00680087526313946,0.0029628794989785094,0.0037757089616952725,0.004829722484093509
activated_balancing_energy_prices - Price_t-75min,0.003190173242604942,0.001997725200827972,0.0015705492596753174,0.002821462682879428,0.002597862988873203,0.001162543132675637,0.0024412922858755336,0.002404586991158794,0.0012304240703595042,0.0019164873770973828,0.0023480027860782685,0.0010911629416305005,0.0022879224648731907,0.0019123976296723413,0.0010736475354196954
generation_import - Generation - Hydro Run-of-river and poundage_t-75min,0.006505116393029311,0.009466835467470446,0.0036928807059430253,0.005587232641695664,0.0046380910592470175,0.004005657496487402,0.0035438686190054796,0.0031656314043468684,0.003517263976301308,0.0026538671874623107,0.0038790254081850434,0.0033546297996908834,0.0061052116704941,0.004472592085212454,0.0035005109260298466
generation - Hydro Water Reservoir_t-75min,0.0028069210698185997,0.0035413952930075537,0.004104280954617024,0.002502978677242936,0.003009357985960378,0.006207392838465921,0.0024570525836802516,0.004244981125922095,0.003728782926536951,0.003148275866355107,0.00335624267136518,0.005526450928884969,0.00259047478373855,0.0030271658444344213,0.0028197651813670747
generation_import - Generation - Solar_t-75min,0.011752894831064623,0.010780858263125992,0.018429880995656275,0.01073975809397416,0.015117982548978033,0.01429473250830597,0.011844744532259938,0.010022255167270486,0.018902366194262867,0.022066449915568227,0.019398035322374198,0.025591449342493435,0.02095398561109323,0.022375139900279464,0.02959908425033791
import - sum_t-75min,0.016855230811081128,0.014708326695699724,0.010364770852986111,0.02978684591499041,0.02548727509368473,0.02363313110025774,0.016389765822308618,0.016503984808816312,0.017726646627859735,0.014916169275307766,0.013371336329350015,0.016623173376574416,0.013795817107838957,0.01165704955687761,0.01624104976087415
generation_import - Import - UA_t-75min,0.012153009214878694,0.005463443742750769,0.0045073641054787,0.010527945847616137,0.003374702247683672,0.009980710825344432,0.0028736150995136997,0.005803943517805237,0.0039161460916529904,0.008259832578376518,0.0036667093460164323,0.005220681261471327,0.00586736124046547,0.005731486178869091,0.0065014093737809165
generation - Hydro Run-of-river and poundage_t-75min,0.008704002977307028,0.013017309697752354,0.00790000559622149,0.008488758582359878,0.007701978496781521,0.006683353117156002,0.018987671535025584,0.017260073246659884,0.009631537894918437,0.014731375347924769,0.0171073473119759,0.009712033926998629,0.01329762352486432,0.014712302075246953,0.007788486116405693
generation_import - Import - sum_t-75min,0.007792143565391598,0.005307176748243364,0.012546501642791554,0.011821779784484534,0.008067186796370378,0.016592299234580936,0.006129075023258337,0.008511489570446428,0.009004931873969326,0.004163400349256335,0.005026131034916034,0.008912413364363601,0.011843764763943,0.005977876995772931,0.013407141213802105
generation - Fossil Brown coal/Lignite_t-75min,0.01094855991024815,0.008553715325140729,0.019391565690777497,0.01863136773929,0.017748351595073472,0.020250202566967346,0.008581475349901212,0.006726537106238538,0.014206693206870114,0.00871707819698895,0.011761924271471798,0.013130844382001669,0.008243047978074174,0.006615137037089881,0.010153974933724384
generation_import - Generation - Fossil Hard coal_t-75min,0.007093198128975928,0.002958146405442676,0.008125109492568299,0.0019267369928056724,0.0018780239995667216,0.0029008045977425355,0.0030434461942713824,0.0030242290702766892,0.0037835107518476435,0.004232214013012708,0.0025317365804362452,0.003268758656733553,0.007022597026691073,0.0043720115518517556,0.002285433006754488
generation_import - Generation - Fossil Gas_t-75min,0.009008305645089422,0.003217899990915612,0.008021542289789067,0.009685234293609029,0.009652472870491351,0.011898040274147207,0.009179095893690828,0.005961518296471695,0.006679249930078185,0.004924532757022462,0.0036484279594697,0.004724467297717637,0.007946689874072035,0.004079177754656029,0.006488331903932704
generation_import - Import - RS_t-75min,0.01061173354138191,0.015899375201748625,0.007461564032594879,0.01611770340602379,0.01717015959616401,0.01151996476448403,0.0066583290679063795,0.0065120693514600135,0.0035641535450595258,0.0052595047121358224,0.005718903605063133,0.004008062706692727,0.006195235977294942,0.007039934040132721,0.005419286304452044
generation_import - Generation - Fossil Brown coal/Lignite_t-75min,0.006222953859811241,0.007706959400667983,0.01607030189381658,0.007955529184844636,0.007171818177645037,0.016623274129371566,0.006341238545785928,0.008234920853199584,0.012315157874494616,0.00704418481151879,0.008650223605019618,0.008633953373187979,0.007283793058840274,0.007971168283882434,0.007981857703075548
generation_import - Generation - Nuclear_t-75min,0.004645767029955095,0.001983119184428233,0.0030807591997063354,0.006283944859643157,0.002943142784882184,0.003459025316109205,0.004747384322303787,0.0023743301850710735,0.0033188015081141204,0.002139455618418239,0.002095299313718897,0.00369610465864389,0.0036786349348876682,0.001836418967895952,0.002026695387517975
generation_import - Generation - Wind Onshore_t-75min,0.026290327961338334,0.028133799854549578,0.03178520972406841,0.02109302481911436,0.020660072559432592,0.028782649768942063,0.02029809951752395,0.022820311220362783,0.029769725283927982,0.028169251068029554,0.027340708714022183,0.03539538364232976,0.02984501423300708,0.028643220223770187,0.03138236900675111
load - Actual Load_t-75min,0.010114802266834887,0.010002924458975031,0.005747431480383966,0.004203508051861718,0.005547301635449003,0.004985404831236451,0.004865795195929422,0.004673980906454744,0.005953804307118844,0.007628585933125578,0.01169536604408131,0.004903243890106751,0.010067420602243147,0.011457211633227417,0.007028025756164425
generation - Wind Onshore_t-75min,0.02164448876690585,0.019900276832442613,0.028823779915110207,0.021004393148294186,0.02370921544887824,0.03157150885651936,0.019757912648350612,0.01986336890747043,0.02793139954776052,0.02165206427160956,0.02277740801017353,0.029733383583297836,0.020656125973597228,0.023036932165257894,0.029163458176859423
generation_import - Generation - Biomass_t-75min,0.0030149527751927962,0.004237483004246883,0.0052015412659159495,0.002208573978793083,0.0027907190208566134,0.0029856391764883482,0.00343084538133553,0.003176259933826884,0.007326030119136704,0.0036001172759963537,0.003484998197709501,0.0035342638803217597,0.0036720328066330694,0.0021847153198896194,0.00270333707989937
generation - Nuclear_t-75min,0.003266382391891966,0.003182430883462075,0.004395450950417399,0.0032129568947630105,0.0038122092260525734,0.005919559951705423,0.0034283217849879295,0.004184066867805086,0.004479618373371522,0.0036816486505376815,0.003721422320621059,0.0039841692278469055,0.005664412718135282,0.0029597055392068796,0.0050024909873473
temperature_mean_celsius_t-75min,0.0033365139983325205,0.005773558250170027,0.003661650892183388,0.003709136305056745,0.0063729960149285034,0.004404775108778267,0.003871847776006689,0.00448669114058248,0.003548517492306928,0.003592944218989601,0.0040750141722382975,0.0029353027695515265,0.0038026954866390954,0.005499246782111186,0.003474343205516561
temperature_std_celsius_t-75min,0.0028787978612654116,0.0023948955355208453,0.003359546610935013,0.003146955093631732,0.004462814318185337,0.004093900105495777,0.010694512295791355,0.01035477255279693,0.012386047857118682,0.004479577484329638,0.01256831153616804,0.009903569486409651,0.003851046991216208,0.004399975371971778,0.004509048717922269
generation - Biomass_t-75min,0.011597461970661242,0.01632905089482665,0.005322821595422284,0.013048582921968773,0.015739383969744836,0.004594952552451104,0.006340912536661563,0.006035264490441478,0.004484421803548685,0.005728778955075541,0.012557437157331151,0.0069032324325203264,0.010926466650889779,0.009872616879700218,0.00836162834359925
generation - Solar_t-75min,0.004034070299994653,0.0043146917284939265,0.007045213988973046,0.004863777607212796,0.004880458099383759,0.006502351554619964,0.004706108218856798,0.005338775869224264,0.007056057552962912,0.006895926320910803,0.00595936735228679,0.005586384535556135,0.0035648137406624303,0.0030439244117628733,0.007197939992169267
generation - Fossil Gas_t-75min,0.004070437344888887,0.0039561123860021325,0.008546427745328402,0.0034139090071967073,0.0031213427294642317,0.005298254785588142,0.0032437948117662358,0.004118513219409579,0.01004739722814702,0.005002310372758075,0.002771647182009474,0.009416719140128408,0.0057367643073766884,0.007707663102421066,0.010801506668209185
generation_import - Import - BG_t-75min,0.030300426044355844,0.033172558210790154,0.028847100081729877,0.027704701726222993,0.031158529566360813,0.020049586433247897,0.023762970871001016,0.02770511819876265,0.01628425382055866,0.03025511664579608,0.029212096363844465,0.02204365102130032,0.031417903339257466,0.03045332599219182,0.02485064666310791
generation_import - Generation - Hydro Water Reservoir_t-60min,0.004382552274902082,0.005923826372545477,0.005495487027732452,0.00392297742555138,0.0044885396364079495,0.00866511366609484,0.00617961306397774,0.005120477665782573,0.00760384552794676,0.008344492831402022,0.00634277931970837,0.013392884026536194,0.00526573376724491,0.0047523164605645435,0.0070954617799088735
import - HU_t-60min,0.007234928290839889,0.008127873900312806,0.0038832174590133946,0.010321223815560642,0.011960438799407712,0.008654220192867797,0.006709932732464949,0.007417201571035093,0.005242452591010078,0.006782851496896456,0.006846478102834453,0.0038134999895501095,0.007130415792082204,0.005989360975469026,0.004152517724852714
generation_import - Import - HU_t-60min,0.016206408750935226,0.008467325117644578,0.005708986579691554,0.024910284805817355,0.016222553606827204,0.006245122565262136,0.026929241968671705,0.016194078079556674,0.012076867287236382,0.019321332741554214,0.019391269355041915,0.014749884122400544,0.018880421688496428,0.01706218253412226,0.014142678187563434
generation - Fossil Hard coal_t-60min,0.003085396447651874,0.0029321773124120227,0.004061183841582533,0.0031218982389073064,0.0027067681386033654,0.0037901840854210602,0.004098286252756224,0.0039960390414053104,0.00426164976110158,0.003546147593169735,0.003439556793169686,0.0029961037021698756,0.0034078638198799353,0.003284557843122457,0.004961050903832074
activated_balancing_energy_prices - Price_t-60min,0.004228566050067457,0.0030669199282710906,0.001818170595616607,0.003907229895339696,0.003910233604867244,0.0015421513538053091,0.005766516838935786,0.004779998424561199,0.001802729116767523,0.00453084612370003,0.0032613092739338756,0.001979579269260739,0.004060772718330555,0.0033551500976118404,0.0017070191188129655
generation_import - Generation - Hydro Run-of-river and poundage_t-60min,0.011933647836549426,0.00972404455533797,0.007142886138661197,0.007124534028749622,0.008096770703621588,0.008389213453657476,0.004731900156772099,0.004309328949690098,0.007796698978062523,0.007762409884686349,0.007945512344575035,0.006959393193047163,0.008197559869578982,0.00578140602438134,0.005459298504470098
generation - Hydro Water Reservoir_t-60min,0.002574752506892082,0.0023704537201592758,0.003135121697918976,0.0022226820153955487,0.002170116687248083,0.0025548514035408517,0.004114693430645275,0.0024053527761425356,0.0028574740885533175,0.003034844788982355,0.0020481018994742044,0.0030671202497508146,0.004629253641140167,0.005703228578367998,0.003289347403978354
generation_import - Generation - Solar_t-60min,0.01226005826612527,0.008124152803564356,0.0202272611411463,0.013327244290994713,0.011340437097635004,0.018378370383160474,0.015473113660234957,0.01569904232781846,0.02293000779146314,0.014022992620848527,0.019945654042203387,0.02444246077653952,0.012503183166940289,0.00915755892004745,0.01420928001388529
import - sum_t-60min,0.017792863340429902,0.013502788590991258,0.0067996175108582975,0.02718791706569027,0.023128382982387848,0.01473048351804755,0.02951604407807463,0.024545124731303075,0.016206943762601442,0.026631086473498725,0.019990648550992772,0.014987281455883931,0.02040989074969548,0.018797046092811458,0.01718879777248003
generation_import - Import - UA_t-60min,0.01134368297220135,0.01235704590601381,0.010361807764318656,0.009508726457010197,0.00715570471047431,0.009796693261540953,0.015674308872812615,0.013848021213707398,0.0060922333937378425,0.01845188248854538,0.018085801119429562,0.009920217208544272,0.014586990025520209,0.014865936192538357,0.007507276157597517
generation - Hydro Run-of-river and poundage_t-60min,0.009116272203915287,0.011989673582513205,0.019273415638603183,0.004082185435988322,0.0063128441423550615,0.013554621140754307,0.00318734480621697,0.003938927294171663,0.0111209158169695,0.0032354912346127095,0.003524469101925206,0.010927592204292524,0.007552607947865908,0.010620271503990806,0.014581960326450826
generation_import - Import - sum_t-60min,0.0170850734814303,0.014321262762959122,0.018300835353686123,0.01975580896111205,0.018306527612487116,0.01876111553264491,0.027728973314233372,0.020754221099759888,0.02099388371060195,0.02771456441536793,0.024110666768363445,0.026801220891655247,0.021232207290977384,0.018011349957492713,0.022147465629510407
generation - Fossil Brown coal/Lignite_t-60min,0.01298326095903758,0.019319606662611476,0.017927597914653235,0.018336857220419917,0.021905189440003595,0.02284389626833581,0.01491692930568388,0.023270981304871385,0.0232699905140762,0.008584887711222108,0.012257919353884063,0.01619550363635062,0.007758740877550735,0.01218916055723821,0.010218263841634325
generation_import - Generation - Fossil Hard coal_t-60min,0.0042744153694548,0.003938586954851417,0.014856530517339707,0.003104403119856215,0.002946788304319398,0.008920836147960472,0.003708348682259384,0.004119446775748656,0.010463735427116263,0.003744862021121662,0.003507320331518713,0.009589961719582788,0.00492310739579716,0.0032802147314205284,0.007907560982566793
generation_import - Generation - Fossil Gas_t-60min,0.003984543926284459,0.004418444671552607,0.004041969420244527,0.004443195615196601,0.004565505858246979,0.0065536832456919,0.005810955386887144,0.006647556686715688,0.007155147401178056,0.0055293414475818285,0.0073773093203017195,0.006753210293307347,0.0034177875411439515,0.003240207100217049,0.003283891358577421
generation_import - Import - RS_t-60min,0.017600271145369335,0.02092950905438556,0.008141091849884105,0.012916340649069753,0.016702974145518964,0.006580624662258856,0.00984177403384092,0.01358085952420879,0.005952708973913104,0.01669894893631317,0.024276565798234513,0.011787042384086817,0.018074268497170122,0.020700383444076577,0.010266142216154548
generation_import - Generation - Fossil Brown coal/Lignite_t-60min,0.006210186198837619,0.01029119183325929,0.017616254010019476,0.00597628246879276,0.009253309660878586,0.016017697459064947,0.005688233442182536,0.005916131516942187,0.009906310289879912,0.004995237953333344,0.005987668006579043,0.01100725986208272,0.007744261070729408,0.0100246097420968,0.022028383218914312
generation_import - Generation - Nuclear_t-60min,0.0036810497553278767,0.0039016081057261544,0.0035487844790932288,0.0029650472515098726,0.0030673832927368494,0.0040499235541263945,0.0030543242036610535,0.003167884787084404,0.003760706372907407,0.002435884553822234,0.0024451297825007715,0.0038684535005068027,0.0022818219638098755,0.0038279729678379225,0.002074394453533678
generation_import - Generation - Wind Onshore_t-60min,0.03986091041137115,0.039497473153402095,0.04516410656287917,0.04327295677026268,0.043516246662387854,0.04951794578531917,0.042069940755027346,0.042533080049819545,0.051917054767312946,0.04471742552871001,0.044565162142484044,0.05263050621078583,0.0430210708247032,0.04320347166090505,0.0491376129858254
load - Actual Load_t-60min,0.0052696356175356415,0.004102567028934572,0.006054612793470369,0.005411756337615998,0.002554720014677514,0.0032492808336033363,0.0051788161186996145,0.0037248195647953254,0.0061884263828178515,0.003992533338254816,0.00456934067421389,0.0033105838532369487,0.0046663758316208255,0.004232138429962106,0.0043467588807670834
generation - Wind Onshore_t-60min,0.03925514700428175,0.044495089472795374,0.05181906622229144,0.04128332749471883,0.04731793657314847,0.048558756437007106,0.04323999638401438,0.04826499047332618,0.05603050948993769,0.04623668096179608,0.051453994059071195,0.058761690687621014,0.042908085367642346,0.04305256717403245,0.05383187098748749
generation_import - Generation - Biomass_t-60min,0.007629741631993966,0.005379649490270822,0.0074935897528193894,0.0032809552118742433,0.00524197244179868,0.006070447384670843,0.006556911831490652,0.006655280551767646,0.009470523384030344,0.006047861853314771,0.00742686702064384,0.006711568787810393,0.009211975085996528,0.009382595782339194,0.0071835678702705085
generation - Nuclear_t-60min,0.006855660496014934,0.004510695698058953,0.0018323989236439502,0.003370749211450857,0.0020705615031183697,0.0026109965402756645,0.0031638322924845853,0.00209732053613493,0.0028076146580383464,0.001868577555483057,0.0018264504168027998,0.0024016762549133545,0.002621833498608339,0.0022422284374315495,0.001851599938052459
temperature_mean_celsius_t-60min,0.012045031675115751,0.013804760401803833,0.007868837638947298,0.004775109628250902,0.004422934475996613,0.005148250034548255,0.006780847096395519,0.006493131503535551,0.0062965364544361364,0.009049469272602324,0.008953664659056813,0.009353130386440171,0.00979724239529969,0.00800043897483556,0.009333578118727018
temperature_std_celsius_t-60min,0.005450674975643778,0.005035559857109547,0.006115711669655866,0.0056775831991581075,0.008076637352285615,0.013592545528441406,0.004283417131062379,0.0054277304636871125,0.013086734076850917,0.0029587065963996794,0.0033379713778041377,0.003302072123804464,0.003968976163592458,0.004362247461986044,0.004906196630975501
generation - Biomass_t-60min,0.004772779520966651,0.0046167830353870155,0.007136360377749952,0.0035620438157520765,0.0051524661231596835,0.008127960055629956,0.007808921169998939,0.006401497124934849,0.00534859233807947,0.0050984684895083775,0.0034675590223087055,0.006561217727979056,0.0035770323491051384,0.003705087141755939,0.006334709804856175
generation - Solar_t-60min,0.005651837528643227,0.008949871750133752,0.0178318121280754,0.007056831963746731,0.011231175038337824,0.01998263897286415,0.0138814319515659,0.020526159201632255,0.02129854944864928,0.020314245696965372,0.02795869888359448,0.026146670811653165,0.016935408295750676,0.024817234250210277,0.022114803148528154
generation - Fossil Gas_t-60min,0.0033544232422746062,0.004120328407053421,0.004975965919739792,0.0031052917590750437,0.00455361704317238,0.00534895239539037,0.004776257450870617,0.005229084945360228,0.005037421232189445,0.005791976051630627,0.0056885922027569225,0.00789731798485991,0.004361338121285371,0.004951609805706539,0.005559945523566057
generation_import - Import - BG_t-60min,0.006288551632645976,0.012892829011572758,0.015828570303572632,0.006834265401463654,0.014031618788001651,0.015911979834381782,0.01008826175950162,0.01621837927308661,0.01577102112218108,0.010327816898010496,0.014538756468948122,0.018465402735106183,0.01439413606191738,0.015238240397295159,0.016633003941042262
generation_import - Generation - Hydro Water Reservoir_t-45min,0.014984937145287404,0.010668455630026073,0.01652703072481381,0.019471256602730136,0.01930451767806153,0.021368257195528713,0.020872945928334958,0.021155189389020963,0.020296167920168955,0.019246682403230807,0.018980395846723695,0.018537026280420834,0.019454324517970235,0.015488420424935612,0.016065341398214514
import - HU_t-45min,0.004502477738709786,0.004403922679124662,0.006593941559223822,0.006147349649720809,0.011416271197333117,0.004792716228475911,0.02106623349206211,0.02108042535994173,0.007853269909031952,0.020405708855203555,0.027837472857223475,0.008534783236937073,0.00859808325214351,0.01125340767236412,0.005767594507873583
generation_import - Import - HU_t-45min,0.007237267628062909,0.020172522318885968,0.018668670967970685,0.009261854564551869,0.012088400804826961,0.008463302709154163,0.005483768307663922,0.010273973009316251,0.005843839482662588,0.006337881008443219,0.008905332572460792,0.008935743456579076,0.00899133564967633,0.00785033532336456,0.009361549730736442
generation - Fossil Hard coal_t-45min,0.007008582796130213,0.004968614920107939,0.003288356525099516,0.0057762322840035265,0.003918821042241689,0.003292962127014107,0.00360795969308856,0.002715447087614848,0.002963571410125951,0.002821582515774935,0.0030029549182654593,0.0029041470831962213,0.005087953403623033,0.004438799178593399,0.0037017135975620477
activated_balancing_energy_prices - Price_t-45min,0.0030287970643623793,0.0023474273407027794,0.0017056486160036003,0.0018867338376453518,0.002575721394030097,0.0021497791767124,0.002018697656117183,0.002156355389035525,0.0015590836353791247,0.001778586104992428,0.002006496353627881,0.0021085764201707207,0.001980678762633261,0.0019376719320598568,0.002990364897515974
generation_import - Generation - Hydro Run-of-river and poundage_t-45min,0.014758208172774175,0.012224412388211932,0.012253072740873904,0.01431130942478012,0.014020564180820656,0.012243920158953188,0.015408236483657675,0.015188809274754021,0.011579830811440843,0.012800358685734864,0.0110563192707923,0.014701688510933309,0.016705517392438196,0.011752616417888022,0.01725033345074189
generation - Hydro Water Reservoir_t-45min,0.004328090385992254,0.0033313651571952505,0.004334617375278924,0.007941996493959323,0.006990127707009151,0.00782529199511373,0.004382176898501711,0.0053879506543089515,0.005870158847108542,0.004537714424728165,0.004798637465710271,0.0031435788412209147,0.0024558948754165614,0.003248646463533078,0.0038290720723962294
generation_import - Generation - Solar_t-45min,0.011178762821643432,0.008242771841144532,0.015240013638293021,0.017811916246122564,0.015812136624590495,0.025105113069032087,0.004344324556632728,0.005403474313602146,0.009328506010826458,0.014430779812599211,0.018668844730069394,0.02517913949395006,0.023689970951912984,0.018960252694785594,0.024770606721012882
import - sum_t-45min,0.010887348209698756,0.006364489960219544,0.008393492211012927,0.00431276201710898,0.00465317715045785,0.006327363334603433,0.008206501338903762,0.007252066873899821,0.00983543272256793,0.0122862577195192,0.008167854446008278,0.01443553272416466,0.009992609630251536,0.007011006763934347,0.013135998738420312
generation_import - Import - UA_t-45min,0.026826070928946136,0.031237851422993117,0.02634693110191438,0.022308907876215926,0.030757154908409575,0.020468772557091144,0.01452180756839516,0.020628972357997554,0.014733632334857248,0.01433801141978256,0.016233543315733186,0.017953092307283442,0.021786058782774488,0.02612893160172098,0.024477157310837355
generation - Hydro Run-of-river and poundage_t-45min,0.013334453912095342,0.006982302949133328,0.01353725004678563,0.011010301879658072,0.008052910066797267,0.011809584573027677,0.0069977864068951024,0.005938623516548489,0.006039587025295532,0.008786101454417803,0.007450641986513801,0.010874745678607724,0.008368925507231324,0.008782990728666847,0.011658920694164408
generation_import - Import - sum_t-45min,0.0338492760353547,0.026255520664730282,0.02093448985478608,0.025937637096116305,0.026864755066824727,0.017411845591079327,0.01512949952146846,0.014248189514335536,0.012958156965862144,0.023335560831876136,0.016513926824758527,0.019703397216163467,0.026058930857034285,0.021708459060835593,0.023435563732753507
generation - Fossil Brown coal/Lignite_t-45min,0.016345825909869747,0.009342591049872681,0.011512065045535565,0.0075446206832089045,0.004051986018068419,0.011659986175545782,0.005436503708229793,0.0074547145250835455,0.004282179867786908,0.005313239527602491,0.008363508372972318,0.006512842426984207,0.0070711890150741965,0.0038128648269284897,0.010559482283773833
generation_import - Generation - Fossil Hard coal_t-45min,0.0028382973337575095,0.0037246613513943886,0.005475917775751441,0.004529184549632191,0.004799571088170069,0.005522997740702067,0.007571461551968241,0.010470545434160159,0.00972773193800822,0.004382116844493794,0.01084978786893771,0.011295428803190588,0.004300213940521644,0.007341678635566495,0.010456743276678025
generation_import - Generation - Fossil Gas_t-45min,0.00991196569262047,0.008422751608847649,0.015270551338628138,0.0063998573514427335,0.006457179904962231,0.01744304867619212,0.006405176249781107,0.004800108878599985,0.013770421756518773,0.0027955209340666445,0.002818291309985341,0.011950162426159296,0.0038636594673835136,0.004400010766272317,0.01028049851328251
generation_import - Import - RS_t-45min,0.036409558204293715,0.038911444516212215,0.019255165484864847,0.017445449458949953,0.018049857400270413,0.012488175207807217,0.007306776599623845,0.007809338238866985,0.005390106691005712,0.011314222385321045,0.014034089366628906,0.00630628777986567,0.020569832557986955,0.018379806121520233,0.011901073221069964
generation_import - Generation - Fossil Brown coal/Lignite_t-45min,0.01236060505383648,0.006212885235014255,0.011067590586597361,0.005255687575648608,0.0045157397855682575,0.013655858229646468,0.00427440712540374,0.0059954474453479635,0.01800272731395671,0.0056399023089161344,0.003969663408124234,0.008287227864009764,0.005614064913112088,0.004543760723365267,0.012567358396745476
generation_import - Generation - Nuclear_t-45min,0.00410312032146112,0.00483375981183417,0.00868550616525681,0.004745695534292281,0.0019834683661592864,0.010287957825792546,0.006592734765959903,0.008254747959726956,0.012462203107024833,0.008146820842724991,0.007594715150917182,0.0129424201219299,0.004649362954059143,0.005270686510608357,0.009402282927705528
generation_import - Generation - Wind Onshore_t-45min,0.053478592110433966,0.056056964969247926,0.09004227007515146,0.054627557669562524,0.05693090233934345,0.09297471401595976,0.06302518043144391,0.07023516778368503,0.0964386362656951,0.06891292463662103,0.07331093647484523,0.10021573537801305,0.057815616433566905,0.060066745840536895,0.08824586758660735
load - Actual Load_t-45min,0.006433830927853705,0.00636875861758017,0.004734170459691086,0.009446232088241231,0.005569302012190747,0.003318123346538414,0.012228068835524027,0.014995085704646045,0.00386248700834949,0.012284760541100696,0.011868962700340489,0.004849513188267793,0.0066180308751097525,0.006357856373961226,0.005253582261622796
generation - Wind Onshore_t-45min,0.061068949989276006,0.06045324528228957,0.08087132035673131,0.055009096123627386,0.057319745217801026,0.07572898270981386,0.05944596689555328,0.060845020806184036,0.07567328123026527,0.060806211666746095,0.062483222560491415,0.07587586331472267,0.06549484780884814,0.06486382810102077,0.07602187649835833
generation_import - Generation - Biomass_t-45min,0.004453721150607635,0.003271418414788627,0.00715734417724525,0.00692268798051191,0.00527298388602864,0.009045574418307296,0.005625724955138139,0.004474223680359501,0.004156935122626237,0.005968340773626551,0.0034376970630837604,0.0025111763542299743,0.0037264498034246573,0.0033572312135672746,0.004145592146569243
generation - Nuclear_t-45min,0.0033269512471671304,0.00257654380290478,0.002202133795752161,0.0022081382969954574,0.006524570298439358,0.0023631028112463355,0.0022661470168495726,0.0054266606289456835,0.0028687310065137234,0.0017597025567865786,0.00284018048037251,0.002574412087395103,0.0019834045298180174,0.0029876145827111033,0.0022247221573397837
temperature_mean_celsius_t-45min,0.004382436645417329,0.004253096581553109,0.005728857081270689,0.009554808327997308,0.005930536944826599,0.012260784715268529,0.003540407283438981,0.0038523794116554198,0.006678139248961088,0.0048786459055481825,0.006087170714941749,0.0059773695791081995,0.004538833473619889,0.004123111815877565,0.005338026530890915
temperature_std_celsius_t-45min,0.0069023275911822566,0.007442218063972177,0.011452418829228919,0.004716055563071677,0.007222879840683163,0.013030186087780749,0.0043151628623426174,0.006336246919352561,0.010515860666353547,0.006107118910028248,0.007455159915709373,0.011212885403401741,0.007097212970408691,0.010160224878205327,0.012416520613776811
generation - Biomass_t-45min,0.00543024965128177,0.0044928403073145095,0.006627254114547213,0.0053564726588200525,0.0051236214774880865,0.006126077353633718,0.005341789726514435,0.003895807783269447,0.004395959331395716,0.008590525041168803,0.007447942047487743,0.011697511383576057,0.007542216825252581,0.005260518287008381,0.009385680137988857
generation - Solar_t-45min,0.008060702192880853,0.0047094824335445085,0.01637594087871548,0.0086675799137156,0.005228151132869243,0.014497096945851808,0.005689542090256509,0.00496472583114064,0.021130828197347,0.004660142313638062,0.008488912666674878,0.020912251013302012,0.004791950983888683,0.008993684823835793,0.021786393101792784
generation - Fossil Gas_t-45min,0.0093517893379003,0.013254401357247843,0.024093026502171596,0.013091603798093274,0.015229872120260552,0.02670275546944322,0.012378130002496619,0.015630647159239744,0.02750602080919998,0.011236809593548969,0.01504187063230347,0.021015060472680487,0.010461567811507849,0.01278564219530017,0.02019968241254901
generation_import - Import - BG_t-45min,0.019399721583671634,0.021727919667431705,0.01290824432457157,0.012732682858266344,0.014819728715156088,0.008561032397182316,0.009030883146890118,0.009321313062464469,0.005563097356695451,0.012605122063087492,0.016360325532528804,0.012463590087849297,0.016803749292666908,0.017290960143833217,0.011977959591560648
generation_import - Generation - Hydro Water Reservoir_t-30min,0.021659173691732578,0.017254880459651758,0.029021705938637753,0.011390784034872922,0.008488843236993488,0.02401139579196024,0.01259105676402396,0.011143783232718306,0.030450989196819135,0.02078698627911217,0.019439217095976347,0.0305553867771996,0.02085263963926627,0.02311499301558797,0.027185856569733005
import - HU_t-30min,0.032883876218254955,0.03636183534422889,0.027257041453505736,0.03550927779520862,0.04485679210427224,0.034042462192126546,0.026668046259743276,0.030988261754464473,0.032258676566925715,0.01661983709566721,0.0225388340293066,0.015805376338757924,0.024442942941452203,0.03087974343510723,0.01914544440129248
generation_import - Import - HU_t-30min,0.027870772089780074,0.031938260980081394,0.03919649391025814,0.022271269947730616,0.02572285805770662,0.037985628832713704,0.021423635184022714,0.02422444335120963,0.03327782467917859,0.020233781503600768,0.02392296850330604,0.034152286451600955,0.031528001365368256,0.03168385850710911,0.042396140888071386
generation - Fossil Hard coal_t-30min,0.005792585397281073,0.002483857769859242,0.004506324658592348,0.002768674555486541,0.002476672632714326,0.002334616556554465,0.003584039912384469,0.0029286853366866125,0.003030942202611186,0.003243388802060508,0.00305692150276991,0.0028594548469154687,0.002313700329117637,0.002391540189107218,0.0024197038427555525
activated_balancing_energy_prices - Price_t-30min,0.0014544289387140453,0.0014475060827762718,0.00162658512196532,0.0016414131527089921,0.0015665731174631218,0.0014167918763999979,0.0019496311211455576,0.0016259571683467583,0.0013668912919715694,0.0017478862579500855,0.0019643338411769948,0.001272508622621899,0.0025639687559450976,0.0018671242794880527,0.0014802621046109152
generation_import - Generation - Hydro Run-of-river and poundage_t-30min,0.014000257483625319,0.013209479615963573,0.025086740504760202,0.012105123586385162,0.01182149612356443,0.023538442510107414,0.02019214094218114,0.01986871326121036,0.024999729669783845,0.016662333643507735,0.0145045875754804,0.02676706613420538,0.015759336773746326,0.013028432338032872,0.022717166391172213
generation - Hydro Water Reservoir_t-30min,0.02635718654387165,0.023531605711164957,0.03159635905691539,0.024243215426729876,0.02216509175311876,0.03125677966911462,0.02069380202172033,0.019129992697962735,0.02493702568777371,0.021671381810941966,0.01958982235912117,0.028245175449788804,0.026011740179208574,0.020794950977695407,0.029798158875637457
generation_import - Generation - Solar_t-30min,0.012442485254945495,0.007636957518272538,0.01818313916857005,0.01628952859970741,0.010354729419426804,0.02298955955796555,0.009327970215312235,0.0052633724617535335,0.014825761886404961,0.010454289131614131,0.006465880408872181,0.013210873387926994,0.01005197302009219,0.006856258912023577,0.011334397665748838
import - sum_t-30min,0.007723136074650256,0.0109779821299162,0.008544359018589603,0.007435499987255753,0.006297940870690581,0.0120484904263958,0.00851802418974694,0.005636789059431976,0.011913693838562722,0.004077898546821416,0.008781792588044481,0.0064488524579005575,0.007364626109834376,0.006347480940953574,0.01482160897787253
generation_import - Import - UA_t-30min,0.0076956824415065055,0.010758468886058836,0.005752047454072454,0.003941226070542626,0.005655693415327732,0.005174500060587888,0.013902860391790456,0.01390625319226092,0.006868589746038197,0.018416598379997595,0.014279876863266509,0.008907046611628175,0.013885725619671576,0.013794682405103231,0.0114317625728072
generation - Hydro Run-of-river and poundage_t-30min,0.009252173863338611,0.011011704165081028,0.021294414217933082,0.009380475538619067,0.01029092355270177,0.020663497450790602,0.01328574267035583,0.013894929176487495,0.024387584628496824,0.009735580859225592,0.015617229538678657,0.02331030350981018,0.011794535545894177,0.01331022250897513,0.023781682879802247
generation_import - Import - sum_t-30min,0.00783027584741285,0.00784964469302895,0.01570212008940598,0.010494484956710948,0.007046926040071412,0.006907496770962552,0.014576927295420318,0.00912128120765601,0.005939326647097914,0.006360727473674175,0.006324867863663712,0.007019290619894946,0.011979128911691988,0.008594571858657219,0.008440813924436952
generation - Fossil Brown coal/Lignite_t-30min,0.029122238390380518,0.02856321455241414,0.04009547501904308,0.0209863391063991,0.013303134961708565,0.035470667198853334,0.030510312115358828,0.02237916293455055,0.04285098626064064,0.03152677647967357,0.023538731273642043,0.05001093846256845,0.023688144320389255,0.02243515557423234,0.04138074670359492
generation_import - Generation - Fossil Hard coal_t-30min,0.006829458155087196,0.0031575406364927404,0.0038509934505054845,0.005061068010745657,0.0032867143853181915,0.003457014521205565,0.0034668369922415537,0.0023360961335129105,0.0035488901189692115,0.003347518413720536,0.0019337008063776012,0.003058911930850627,0.004103966318585207,0.0030945884020729866,0.0030424819952750114
generation_import - Generation - Fossil Gas_t-30min,0.0035523275851001017,0.0029554839397515024,0.005124324830362525,0.00315061724489442,0.003990514628800156,0.004128088952840699,0.005107307658061473,0.0044728364160764615,0.006150760333566211,0.004253395966410608,0.0040629253883872705,0.005392687724965072,0.004473227385521113,0.004376961465563909,0.004376816288418922
generation_import - Import - RS_t-30min,0.00850441330151807,0.004607826235483117,0.005270724475736643,0.02435810054812464,0.0160640323554544,0.022124509969129576,0.00402775026065683,0.004635263354350172,0.004344386959444819,0.013203866105239286,0.017936949931684466,0.010339096433199302,0.004043393013312198,0.004637667577437242,0.0035616086411873766
generation_import - Generation - Fossil Brown coal/Lignite_t-30min,0.03728854958845113,0.03393419518941664,0.04528968636953505,0.021902830631330288,0.022508476905743008,0.03814954544010107,0.03592849538923474,0.034474619066982994,0.04516467440684937,0.040153642194864,0.03889152008271776,0.05386017832922516,0.03695225492725149,0.03222348416317254,0.04543359213684744
generation_import - Generation - Nuclear_t-30min,0.0052244871185399685,0.0032932813430772965,0.008005481078652565,0.0021488434212478752,0.002625587733739394,0.005227882631223111,0.0022935282587932307,0.003152495363570779,0.0027119999024935166,0.004105650301814819,0.0022977882666200457,0.003969916432752371,0.00244185039738295,0.003802029345952178,0.0044906888855284705
generation_import - Generation - Wind Onshore_t-30min,0.056862184088036886,0.05561765152398163,0.08818534091021865,0.05614950574809336,0.051925983539462324,0.08677087344415486,0.049542935064178895,0.05071632701114868,0.08403390065405983,0.06021579029094573,0.05713443594239652,0.08918609235435725,0.06445142391388071,0.06000480263459758,0.08708521587867289
load - Actual Load_t-30min,0.0041111665726930365,0.003648609477664195,0.017546998489648104,0.003971684198505954,0.004387886700736999,0.01774455809670508,0.003996570502894883,0.004083341715919233,0.019852217718260363,0.003831603678765532,0.004253453619482116,0.017669683809828713,0.003970060884685153,0.003997552086494352,0.015242116221168544
generation - Wind Onshore_t-30min,0.05138622976615443,0.049966035365912834,0.08931613313825801,0.054509150048822445,0.054346184035432996,0.087920676108115,0.05597525621211389,0.06103834552443004,0.09079877916059922,0.06333309159181953,0.06585682740155607,0.09458472319290741,0.057823417469859126,0.05564491853640357,0.08566947003552923
generation_import - Generation - Biomass_t-30min,0.002440745180936119,0.0050669192384975754,0.006273643172615721,0.0030200547369063314,0.004781274683675292,0.0050026359698754274,0.005418778647828731,0.00407698550342775,0.003261138840420699,0.004056833975793779,0.004192357723988607,0.0030198359793630514,0.00328848692131578,0.0045039784039654475,0.004636866299595567
generation - Nuclear_t-30min,0.002189275972485575,0.0031407648643362335,0.0038275963453402255,0.002514709677150222,0.003733102300885548,0.003122093244739858,0.0022393888226629314,0.005587893184665973,0.003445143272088444,0.0036315611390136835,0.0064025476876056475,0.002425323338280606,0.002313058397953455,0.0025668693456700566,0.0036100618832584815
temperature_mean_celsius_t-30min,0.00790803933035386,0.004799195738774869,0.00825531894438609,0.004592583309204201,0.004781974202298443,0.00879226497893069,0.004323389206954744,0.005140563199767712,0.006055467742512064,0.005321721814209013,0.004794352066131978,0.007734014613641193,0.007516262106166323,0.006503374822321348,0.01282918182692083
temperature_std_celsius_t-30min,0.0042762215719126286,0.004351978538762751,0.005134859868127023,0.004802099200158409,0.008778605104929966,0.005636455068757641,0.008190802676188469,0.010903273734773393,0.004259436168936191,0.008118263875556295,0.009864442292848252,0.006304714872996556,0.006002519142170058,0.009645598068782419,0.0042386379457609565
generation - Biomass_t-30min,0.01622355218737357,0.012335755813173364,0.018316636102113988,0.007219456212464138,0.007480615781674715,0.012975280515627673,0.0075003918612073905,0.00600825940453069,0.00695384577852883,0.010593976340020048,0.008979734809679939,0.009803299784958653,0.01478005870980087,0.012729447146120947,0.012688864986401312
generation - Solar_t-30min,0.021761430813348852,0.014599936662410983,0.011740219234852703,0.013810089671052992,0.009108420958171336,0.011985968869546924,0.018400593124075385,0.01981264669221855,0.01234272464903188,0.028041105342737866,0.015918344333163987,0.01286873091376765,0.016767517117856186,0.008645352657332751,0.006597594304165028
generation - Fossil Gas_t-30min,0.009420113454158127,0.00661807713593862,0.00644510732490744,0.011865585163322976,0.01112951426069776,0.014434739902877481,0.019127529631368816,0.016533068669865314,0.013846423767856322,0.009733315189962014,0.012449689265617053,0.014471621626522392,0.010658617574241361,0.00928341876608465,0.010996870428258717
generation_import - Import - BG_t-30min,0.010626333156978944,0.004050697491322353,0.004208793530644471,0.004024400994877169,0.004330021605084084,0.008743683721735578,0.005795305029112569,0.004129456332858695,0.003920183458703832,0.0056573998216263134,0.005064773381588566,0.004035186003493891,0.007846527453308227,0.004268137196602765,0.003667070287086972
generation_import - Generation - Hydro Water Reservoir_t-15min,0.028884473559446632,0.025403502541899797,0.048945411740676945,0.03204422626859741,0.030493237908784068,0.04892528052306079,0.030642649747605902,0.032129362873965873,0.04887284739005554,0.036647837383585284,0.034237962077168047,0.05149833471616148,0.036652303854498317,0.03471154776384355,0.048204162865804395
import - HU_t-15min,0.02010314181717695,0.018739367056448828,0.029505498766899108,0.013951022581418329,0.013217358823640097,0.030156066834191732,0.003714953688468995,0.004385702661807955,0.024504241582442774,0.021287016142026913,0.0163192413020879,0.02733168647059938,0.02201829403555894,0.018070900887585593,0.023265128883940632
generation_import - Import - HU_t-15min,0.02126012869158876,0.032395096461583305,0.03634586710555596,0.03226522540779843,0.039706468138319906,0.03878972642784538,0.020102945881153574,0.02762009055922681,0.024579716504867975,0.019614308305668602,0.029746624041254107,0.034223484611633465,0.02778373381601341,0.030006233671709195,0.03302695351463626
generation - Fossil Hard coal_t-15min,0.004928981783097698,0.004660740207054914,0.005519266168317699,0.00304548153225187,0.002592116922258356,0.004274560726993513,0.0041443141087656845,0.0040332928386123965,0.006284214477680507,0.0037013519928223103,0.0044842605363555775,0.004953904865164077,0.004016530928172869,0.0033805356242601193,0.006109662907067105
activated_balancing_energy_prices - Price_t-15min,0.0021282197996522426,0.0023184063409953525,0.002109500300439322,0.002522706814781486,0.0019877361638455113,0.0014646626274152368,0.0024744784781833003,0.002780764186523811,0.0021467352745744394,0.0021467781923878632,0.002493132474981394,0.002414247426449947,0.0018778916693772772,0.0022228535784033737,0.0026942987394140802
generation_import - Generation - Hydro Run-of-river and poundage_t-15min,0.014318841960084682,0.016204637052112957,0.019612890127144057,0.01902767100041092,0.017212953760628806,0.025179474241220304,0.015552155131590552,0.014489150900670211,0.020079110520746325,0.019348561822822376,0.014818425442645094,0.024459763598424614,0.019921976856858238,0.017978990277952106,0.01938451796205118
generation - Hydro Water Reservoir_t-15min,0.028387512821238487,0.027591720767391963,0.037232162421700195,0.02097755113565654,0.01793625841463654,0.033985193139596956,0.026734814883873696,0.02546823867897183,0.035181393982358256,0.035016571031650526,0.0315998269788106,0.038873870535637255,0.030198933071485953,0.02617014129972813,0.03353163269649667
generation_import - Generation - Solar_t-15min,0.009650846604636172,0.005939908487052889,0.005312351347260119,0.003664296834351262,0.008145502448467595,0.006662299418580006,0.010899339471741314,0.014235402918828185,0.008581480252063556,0.019995636300707702,0.018920904751939815,0.022913048667112888,0.016811278576918994,0.01097704441985843,0.011635532883461565
import - sum_t-15min,0.018482052791903698,0.021138077418887406,0.01139829820934483,0.022069387930940137,0.02491173072591482,0.017861387045995797,0.011011269434453425,0.01229417558316527,0.005341341386995737,0.010316800038242946,0.01189713775018754,0.005001320778496847,0.01474080436204531,0.014846895262115141,0.00838736264367253
generation_import - Import - UA_t-15min,0.017669492838379482,0.014207618446291235,0.025537062938848977,0.015507494506193325,0.019829224158660508,0.020419508921215312,0.006180334562365033,0.006018411101507809,0.009596753903971147,0.015624409029907837,0.00929903459682555,0.015384553126816173,0.020891837128074256,0.014816185378487716,0.021364654720142425
generation - Hydro Run-of-river and poundage_t-15min,0.006917972822571755,0.013929731370997615,0.005826173414959953,0.014097520574423924,0.01817729615913231,0.004045008315659288,0.009131877601525049,0.014669642000146269,0.0035149354857348953,0.008543654830536979,0.00965298199287372,0.006223155810041135,0.010671041783658438,0.013684959937236271,0.0030685887872859896
generation_import - Import - sum_t-15min,0.012583107659089364,0.016459330231824425,0.022815259532566416,0.01813276284949734,0.0188325344425175,0.021516754396453053,0.005017004634029945,0.006589407481003945,0.010490238258829322,0.004002720078327457,0.004563605632931285,0.007595358264032257,0.010074683271461254,0.010110257177890162,0.010708947950020956
generation - Fossil Brown coal/Lignite_t-15min,0.054033169943257235,0.060956807469716295,0.06750663026189431,0.03878971792943776,0.04667420022352599,0.058824572301469744,0.030451874813996256,0.0448481742333388,0.05467411986202933,0.053501807091059166,0.058265599900623785,0.06833951983466978,0.0540411669916939,0.05648667428374756,0.06589972924860195
generation_import - Generation - Fossil Hard coal_t-15min,0.010165924576111138,0.008267078256743844,0.008284235706423716,0.01102944850642234,0.01096502225950826,0.009308975275939815,0.019580560306698316,0.01782455894735176,0.016068652063841,0.01717774104315322,0.0138692344660667,0.015453119209967553,0.014384856736287475,0.01415711529739201,0.015770893996348605
generation_import - Generation - Fossil Gas_t-15min,0.00921591400890793,0.00790197873834768,0.014067680695479794,0.008062928055809607,0.00979991074593272,0.010062443503147733,0.010671903266600566,0.011742349219821336,0.011012959880536072,0.010229414610004824,0.009703671708934962,0.011092357186687878,0.008408391645605433,0.005367205232339074,0.011775775900890949
generation_import - Import - RS_t-15min,0.04274010252999142,0.03715273943443936,0.03287394120544923,0.032224127051886174,0.030155224804024328,0.029370498167911138,0.008302223603821404,0.007479324052859738,0.007673420709685161,0.025058880708063953,0.02552409371554677,0.02710768282681238,0.03306272448222444,0.02786440764926374,0.024652213158085943
generation_import - Generation - Fossil Brown coal/Lignite_t-15min,0.04373780297004123,0.047316953531684705,0.06411052516574273,0.04628833934910653,0.047163795340457,0.06632573121367022,0.03722494607389672,0.04095010076502513,0.053638320642814506,0.045191029482288286,0.04967195601807907,0.06408306297409581,0.04799594763922505,0.05248971767176408,0.06328448988023956
generation_import - Generation - Nuclear_t-15min,0.0047082469872354975,0.004057586689121763,0.002467773769415544,0.0025345858207840594,0.0022453144515338294,0.006365731905332723,0.0023757512255961045,0.0035424209983614787,0.007476587412383651,0.0028977091113238204,0.003077857028652943,0.002779707821284546,0.002334381920650685,0.002320814919093209,0.002554045417582188
generation_import - Generation - Wind Onshore_t-15min,0.017067106878355845,0.020765812321187696,0.018745516659066198,0.017199669997009552,0.02081011099731768,0.014511215468752198,0.014038717921837815,0.01929425879698101,0.012084843316217302,0.013423797518742503,0.01352970386199013,0.0058285293859416925,0.013365184956826853,0.01343233791579405,0.008506037222068698
load - Actual Load_t-15min,0.004880110044234243,0.005654914996922514,0.01267109412193895,0.004649986301108583,0.005975917401396145,0.009426805958282785,0.006423477004740562,0.006991399337617622,0.009552760236350879,0.00832970990654212,0.010301152044170522,0.013415510636827093,0.0063340805740526775,0.005550944402916685,0.008025045129314321
generation - Wind Onshore_t-15min,0.006310738006373867,0.009091772109091834,0.0063478617556647805,0.006840791814071963,0.01005565996644873,0.0051955830473044105,0.007756911743643286,0.009997288833914354,0.004874070510712954,0.00610045827201975,0.007030077252838964,0.005404670512006305,0.0054506220114453755,0.005339555081445724,0.008012410510033078
generation_import - Generation - Biomass_t-15min,0.007422340519187855,0.006272046598200177,0.004676782596401609,0.007201707017171429,0.003951848717275425,0.006372897759731131,0.007957719287456711,0.006766482769189224,0.0067431630260762175,0.004984850706121506,0.0035887856444205683,0.007981051201625632,0.005124234968163364,0.005116622116756844,0.0058993841676619925
generation - Nuclear_t-15min,0.0018677351947380316,0.0018633751790339374,0.002995200034735717,0.002584917980548198,0.003673697650262511,0.0026267235010641343,0.0019937094051319946,0.0019514104796799073,0.003467831926351664,0.002168352732779567,0.002090341876134744,0.00574357934747195,0.0028373043609567503,0.0020165684967230393,0.003718005721274494
temperature_mean_celsius_t-15min,0.008805873119552415,0.01306669694260927,0.004813835102317171,0.008452246925851796,0.01222724258172093,0.004420902628470685,0.012411043028958374,0.011598644184992736,0.004011747002287393,0.008759516740509298,0.007960024767686263,0.005503902893144186,0.009710018772420882,0.011359847346352581,0.010412795005715451
temperature_std_celsius_t-15min,0.004889584720895073,0.006531961638109351,0.004167473436635191,0.002869454277679324,0.006589129482862063,0.003745005484351168,0.002721667010719102,0.003874889583135257,0.002596484239916208,0.00410245337411834,0.008253942572582672,0.0036287648716752303,0.0031800990903202548,0.0028530787607178353,0.003413030143476135
generation - Biomass_t-15min,0.00844909637638193,0.008653803642157072,0.004046857637080393,0.008999873147004109,0.008572832248435589,0.005281344916274975,0.005581164203456922,0.006495654037949862,0.004917582825941281,0.005254677036497015,0.00497687230075826,0.004886835511712888,0.00440113972670224,0.0061440002980598365,0.005894026134174055
generation - Solar_t-15min,0.042852853753603995,0.04043932463647798,0.056215816775918935,0.030317041588328722,0.03024034280120395,0.05122036740090698,0.022791537347075064,0.021486392800085012,0.04948973809462041,0.032957784153717515,0.03033901827427326,0.05079202297527809,0.03929086681658009,0.03606048070377437,0.058969098374946044
generation - Fossil Gas_t-15min,0.005033805176044553,0.0029706213479416873,0.004286493013054951,0.0036337989284820653,0.0031399213180666264,0.003622195338818301,0.007209084873891698,0.0047058119313178395,0.0028188267712957894,0.017691235110660272,0.016810155287597807,0.011481550122794943,0.01442612660884879,0.009944305336626711,0.005573153936835297
generation_import - Import - BG_t-15min,0.022350624877064545,0.026215439846622758,0.027287642538751242,0.027889901204704075,0.02999205416078621,0.028749968901138345,0.01842852828316245,0.019909557350896646,0.01779514907835983,0.013670199808155302,0.01837319785873842,0.01878039955744316,0.020609127376344988,0.02087771706614876,0.01991589090359048
imbalance_prices - Long_t-300min,0.005280248847403527,0.004091191978966435,0.0033898988366609047,0.005925960216390195,0.003539812319817429,0.003087424612829807,0.0065852265984831316,0.0038852878996943046,0.002330433542541414,0.003635752469549516,0.002822192327427956,0.0027074035000397884,0.008401191472432401,0.006072636579991013,0.0032757699045432675
imbalance_prices - Short_t-300min,0.003404295615003093,0.0036561881281769503,0.0018940867892558231,0.0023585922982929334,0.0033831408196414257,0.001879208030420159,0.003235833628605178,0.003039003540898193,0.0028993021583264634,0.005681152239987568,0.003576473862731291,0.004454556948476238,0.00355763083205602,0.004551753309963715,0.0024833160404832597
imbalance_volumes - value_t-300min,0.0047649875786337365,0.0024448596910942796,0.007808199992549135,0.00413122196459517,0.0035941585891272323,0.008786885632736812,0.0014099553909310315,0.0015425607126596788,0.008095973245801361,0.0014555350979179593,0.0018532271651711199,0.006318999063290448,0.005212333876494085,0.004718826999342127,0.00933884255994917
imbalance_prices - Long_t-285min,0.0033317086370370816,0.0036165161504350465,0.0016432857913450788,0.0025816537765595057,0.002295881747243584,0.0032009676209597726,0.003416524255553668,0.002874880891498151,0.001594983747847607,0.0031719869900016418,0.002029286699137174,0.00248898045768874,0.0025347931075866653,0.003121532713993929,0.0015399747334274706
imbalance_prices - Short_t-285min,0.003969559923110409,0.0022483128179104383,0.004456807073574964,0.0023826207096749384,0.0021629202647345663,0.002367259807947903,0.00241055930967741,0.002445782329485155,0.0041224205366955854,0.002213488019548322,0.0018144579341710595,0.0038554601880541666,0.005538340379958328,0.003201641579180432,0.004507388765829091
imbalance_volumes - value_t-285min,0.003408894849046192,0.0028840242199203205,0.005757285941246664,0.0015204556119920198,0.0015485260724753972,0.004616680787308724,0.0045635435569547555,0.002828918111047642,0.002964432931468764,0.00242768532123182,0.0022523210906465465,0.003082438868735153,0.003646023655508543,0.0028055623354548516,0.0023769150330208502
imbalance_prices - Long_t-270min,0.003308249686315321,0.0031609947619253946,0.001811443622210618,0.003488382425368059,0.004154363756295424,0.0037052253488172936,0.002105797226934101,0.002254691482730323,0.002305561334776314,0.003517335800857381,0.0030717196748419155,0.0022531313249564847,0.002116339164269448,0.0019132348887360422,0.0016621650052438782
imbalance_prices - Short_t-270min,0.0025909725501223873,0.003049461981314835,0.002222137221193407,0.005104922063430422,0.003701879751171873,0.0015664704399537186,0.002582011272687197,0.002778046115520397,0.0019812347382844563,0.0030786507532138785,0.00403232646543438,0.0024690428205440184,0.0029738625585737284,0.003222272652025822,0.002140005718671091
imbalance_volumes - value_t-270min,0.0017975554382019254,0.0015241175424016546,0.0030428248932976203,0.0034197828922806366,0.0032988859809189534,0.002155648354225832,0.001918777210571534,0.0019415147603749573,0.005681053425465507,0.002076725299047098,0.002194844586956208,0.006863237206192935,0.0015687493005125362,0.001110220548381335,0.006120141612074804
imbalance_prices - Long_t-255min,0.004174977059283265,0.0019402204583775528,0.0021405142557432556,0.004527214465800171,0.0027542191359315213,0.0030264038588297807,0.0024110733104582777,0.002509441609411738,0.002081471721317939,0.0068538192910655195,0.004128214298379135,0.003154126139497748,0.008267601065592316,0.0053136552303269585,0.0024514591854913306
imbalance_prices - Short_t-255min,0.0022525310817310355,0.004148214280045068,0.0025509803688494232,0.0028802010632434758,0.0026055958336701226,0.003493149263141959,0.007491571386819487,0.0039357569060289276,0.0046421896015936,0.0024759172157746436,0.0028241091858817527,0.0024718839232878054,0.0026530261899752076,0.0028354089173635655,0.003256589881104446
imbalance_volumes - value_t-255min,0.0037262104587362046,0.003619220521535908,0.0016979699556470677,0.002269107898693619,0.001594190915981926,0.0015357525319656133,0.0012054899769686927,0.0012714833109139362,0.0021392040199644954,0.005901321283367451,0.004721441955458431,0.003791396269309189,0.006723105255863629,0.006397596971553867,0.005198846021380177
imbalance_prices - Long_t-240min,0.0016071171580608733,0.002508172175665095,0.0021460201774852975,0.002718050568381841,0.002651607603769662,0.00300626007271876,0.002390415230609506,0.002811820630908187,0.0020967236030701316,0.004302194259322278,0.004580548113406621,0.0036451013541741305,0.002310175658281423,0.0017181779289512633,0.001844178979551998
imbalance_prices - Short_t-240min,0.0018576072212081272,0.0038373313650390626,0.002540463386048032,0.002770935640361131,0.00317968079639877,0.0025553062653864344,0.001649845075753312,0.0019003557719611307,0.002340328559251475,0.0033351903799580212,0.002533255407481022,0.0027155551660312085,0.0037737500835046374,0.0032807089938451097,0.0018992453297478277
imbalance_volumes - value_t-240min,0.002589724849006416,0.002270902350586766,0.0027590193535015715,0.0035356448176917183,0.00355857123469832,0.002540468468059771,0.002401992746839824,0.0015136781484216045,0.0019755565686541557,0.0017408655555955193,0.0014253561886889657,0.0022028884687879326,0.0014729996955895786,0.0013589404358053797,0.003684821001880209
imbalance_prices - Long_t-225min,0.0016313426452024941,0.0028304416852297436,0.0037873214766850653,0.0025954931750079594,0.002428805152043424,0.0024491400214601525,0.0041795186428735176,0.0023628748941468985,0.001728987802474876,0.0026681239525360068,0.0019922752561747073,0.002059584533558791,0.0017813769493436667,0.0022946666953789076,0.001931390791451463
imbalance_prices - Short_t-225min,0.0043609259086942985,0.002843280097825609,0.002105354442425778,0.002865017082928716,0.0021998854468719175,0.0016434470214658178,0.0019895596132309947,0.002064741943194349,0.0017649746159499955,0.0026136786270503764,0.0023249805211216883,0.0020002884178079512,0.006297724868522892,0.004239269823933341,0.0043904699595696
imbalance_volumes - value_t-225min,0.0020496945142385245,0.0015299831382089906,0.0022672836310521235,0.0012358216378076463,0.0013500107422192969,0.0013697343559580589,0.0013833848255117118,0.001544495320606984,0.002174524076141097,0.0012476592766541331,0.0010683655065295739,0.0014569365781835586,0.001890056220733868,0.002034045154944579,0.0015423115169742232
imbalance_prices - Long_t-210min,0.004472246356375763,0.0019567686824984777,0.0024737971393083173,0.0029174493143164,0.0022079197772773116,0.001890349509916632,0.002719114262223229,0.0018074917547010046,0.0027744192518603084,0.002153800890989032,0.0022510482927824713,0.002344692177820434,0.0034080679986027464,0.0017654710363040067,0.0021987122790087595
imbalance_prices - Short_t-210min,0.004545229013551762,0.0019019172143202923,0.0024364217402344365,0.002568442929384673,0.002799831726759294,0.002362259234194198,0.0016309412912949455,0.0015720878843494574,0.0026722023547069967,0.0018240977066843697,0.002135676441328201,0.0012708081851908447,0.0022163914167285838,0.001665769018882429,0.0015222929226235919
imbalance_volumes - value_t-210min,0.0016218676637508905,0.0021749529432199778,0.003953881879511755,0.0019804126757153426,0.00311253358897352,0.004213540733150921,0.0013378984362452683,0.0012939512335451583,0.0027742715094318557,0.002319589643958807,0.0017345958207006333,0.002773301704630285,0.001520218342510816,0.0011044654740707074,0.002137301750379265
imbalance_prices - Long_t-195min,0.004474881773875495,0.002089672367656931,0.0020145132810616816,0.006482040019197484,0.0020532631785708873,0.002030696458665261,0.004328937978835711,0.0021429797933230363,0.0017517430511452402,0.004623032766055531,0.0017298748333984123,0.0022453411320593657,0.0040590927620542065,0.0018822828759152799,0.0027817625151947143
imbalance_prices - Short_t-195min,0.0024158741735918737,0.0030325682486250114,0.00258076575800942,0.00416338661060945,0.0020188694162858382,0.00203662630251082,0.0036155517697020515,0.0026043141494883457,0.002116812035406383,0.0016596118664592722,0.0030604728117113495,0.002404024750814642,0.0017843196739663653,0.0040117716486420246,0.0028723795603218605
imbalance_volumes - value_t-195min,0.001994467248440287,0.0014700923649379547,0.001869574885338352,0.001833559105909444,0.0027664200000067467,0.0017375278053077636,0.0024204355873080202,0.002041634832696218,0.002345812368010911,0.0015120827884102254,0.002023190045425508,0.0017761809154000047,0.0019304753375658948,0.001694333564835688,0.00213655734910364
imbalance_prices - Long_t-180min,0.003304089959767225,0.002858156400752705,0.0016201869490623721,0.005593718348625771,0.002147451684436419,0.0014794982969158355,0.004314105145261919,0.0023043356959979062,0.002183884829088129,0.0018957006676874925,0.002238231929713038,0.0019173502013900361,0.0026599174120888166,0.0019861410766775405,0.0015500712783593827
imbalance_prices - Short_t-180min,0.0026721903880484207,0.00858582577654488,0.0027024468279578284,0.002642870668182013,0.004484147063721821,0.0016859260370533774,0.0023274793493965264,0.0033408364344195435,0.0028474213581175718,0.002286812357013332,0.0036754700019414484,0.002316876541561214,0.0035739654493927445,0.0059143291343843885,0.0020811735385923387
imbalance_volumes - value_t-180min,0.0022527253704497526,0.0012977267151188699,0.0035207817428618,0.0021591728576413516,0.0016669732277023285,0.003964194957756263,0.001540515947680433,0.001413117929330383,0.003196923935212453,0.0022695659851633535,0.0020354861676041766,0.003964903634529037,0.00259502048225022,0.0015307471501910185,0.0030095186801800083
imbalance_prices - Long_t-165min,0.003348723092145519,0.002115274589832552,0.0016296570900531152,0.002069802986184641,0.0024132299558223165,0.0021755838395679347,0.004270488829517262,0.0025482908123667584,0.002199853234067632,0.004917119019661186,0.003594965302106175,0.0024456016742108204,0.002175697201652838,0.002261700998786637,0.0032921169604028366
imbalance_prices - Short_t-165min,0.003216915703829713,0.002570135402638698,0.002799874078168301,0.00435112266660326,0.005480359926285018,0.005117647971761471,0.002841900463969978,0.004185465765407571,0.0021685552761000508,0.0028452834419899773,0.003044187170268742,0.0029975218631277585,0.00355882350594311,0.0036952134389139244,0.0035672112641686906
imbalance_volumes - value_t-165min,0.0013025741845110587,0.0012009331047074738,0.002125374029195882,0.0016813926226786863,0.0014328166985940669,0.002315796389397519,0.0018529985707770038,0.0012184823896200215,0.0032049136685578785,0.0014096921766677043,0.0012772125272883842,0.002416473474839222,0.0013894363470094504,0.0012548404555782326,0.0012630952622853329
imbalance_prices - Long_t-150min,0.0029956784759730226,0.004371384595155178,0.0018686878248345238,0.0017540691240541264,0.00282818397475603,0.0018110516908502632,0.0015188068521963488,0.002157231055935199,0.001512997944880624,0.0021026415902924782,0.0017727884683336015,0.001493960060954123,0.0017873660892882982,0.0017447466625214929,0.0014033105348298706
imbalance_prices - Short_t-150min,0.001660085988116677,0.0033511732224960726,0.0018092596088408754,0.0026079324619131513,0.0024623368155489516,0.00262175366129668,0.002233426771227187,0.004546075656064204,0.001764026678822802,0.002720003864440514,0.005728560196075705,0.001524012862562813,0.001942309091201423,0.00193888960596189,0.0015836274363118718
imbalance_volumes - value_t-150min,0.0016916350817177772,0.002729517640633276,0.0042633692357017024,0.0026338553537352707,0.003951375254542654,0.0040075215046344965,0.004523716809057987,0.0047687281364251245,0.009369546729802097,0.0038266124555166245,0.004215630568392953,0.010373595880061657,0.002696894397628739,0.0025901078867993305,0.00881271097237186
imbalance_prices - Long_t-135min,0.0029871888130833073,0.00710405522803012,0.0016367198840075616,0.003036074808704598,0.007805843636728241,0.0015521917954553145,0.002553801715391728,0.006450651342459878,0.0019394396176819555,0.001697727453903326,0.005019906921494112,0.0014059926115951385,0.0018693202882031983,0.003443109302528683,0.002573310697047418
imbalance_prices - Short_t-135min,0.004205335861137428,0.00371016995955506,0.0024039951478410726,0.0022909550638532893,0.004795816298961654,0.0014095051166768827,0.004326496413282257,0.001827252258271983,0.0014335913038512444,0.0018428891107978415,0.00347084557584094,0.0016090495565140373,0.002320326571865735,0.004863949832812978,0.0021735816089926913
imbalance_volumes - value_t-135min,0.005657006268747864,0.00465158449968203,0.0043899271195959955,0.00319943191145785,0.00249866384359666,0.0015722795370722907,0.0029922403141135873,0.001697035229712128,0.0013778944188993592,0.0019815132458288645,0.0020825752404578565,0.0015269808925213511,0.0033918032799310823,0.0017198189249379397,0.002385838507370863
imbalance_prices - Long_t-120min,0.002009754950707702,0.0035581633455603876,0.0032202798630551117,0.0018846032813937654,0.002804255455150724,0.0017261635160530204,0.0018749021693711255,0.0025307043658201567,0.0019464415520885011,0.0024118022789834867,0.003080944623663072,0.001459972871676939,0.001820107487643554,0.0029142301086662885,0.0014033432932064897
imbalance_prices - Short_t-120min,0.0028397520492897,0.0022164249578599995,0.002587990865843494,0.003172393391814694,0.002368598622171703,0.001679014500152789,0.0018540337131089473,0.0018395803964303924,0.0014746634242555957,0.0018483297939646945,0.00182681251156464,0.0016858782346789666,0.0020927969591539295,0.003044597782783967,0.0018605109771558546
imbalance_volumes - value_t-120min,0.0016939740256493678,0.0017792497734785684,0.0034640257222245054,0.0027116117826755043,0.004354950141065274,0.0019379819179303013,0.002009681938715403,0.0029897797454068497,0.001976207876482704,0.0014036398473599547,0.001379956416103596,0.0019337902997235545,0.0014068668541635247,0.0016567359000555372,0.0028867674108741994
imbalance_prices - Long_t-105min,0.005741219361683762,0.0027426025142153775,0.0018778610743845547,0.0027980401643189906,0.003709141015104251,0.003104831745116826,0.0034857263002202217,0.005487814676253038,0.0027074464191150583,0.003161568630297097,0.0037231704566333974,0.002383000214067579,0.0024911727177682223,0.0032738401394553874,0.0024491797305900035
imbalance_prices - Short_t-105min,0.002438043299175206,0.003410371177580828,0.002301763574294455,0.002406891504547275,0.0017042208482598653,0.00166705962046899,0.0027932292318621423,0.0021927843965113426,0.001551109825440676,0.003142533453964461,0.0018565308255720082,0.002658302164816632,0.002983870057106003,0.0020169196037750224,0.002054305033118176
imbalance_volumes - value_t-105min,0.009832891539212142,0.009449174171022605,0.013429132288198161,0.007424379829933969,0.007255376149075971,0.01029553250406616,0.005271583918318356,0.004907689538492832,0.008900764100984816,0.005225686936122656,0.005277171957426617,0.008004569271903164,0.007750538894470083,0.007524837205817676,0.010529511187251046
imbalance_prices - Long_t-90min,0.0023581651073541253,0.003309770445349841,0.0020201629160092123,0.007721259856448341,0.003053628176512916,0.0025580749802156786,0.0018220792737013197,0.003456723279320613,0.001691761605426109,0.002844885532080298,0.005034784370022863,0.0026542516524946224,0.0034970622717564767,0.005572176492227981,0.004017056679833331
imbalance_prices - Short_t-90min,0.003307164336032656,0.004677710448838297,0.002297482849917287,0.002417987110853673,0.005416360334613273,0.002717115006421409,0.001883634003264433,0.004199667669112387,0.0019718586433209568,0.002252959635564366,0.005560070049523347,0.0022039023202250975,0.00277913200292096,0.007883203207669795,0.0030120793815262914
imbalance_volumes - value_t-90min,0.0034473422915616537,0.002641115492611789,0.008490055857422704,0.007295694093023485,0.00618884317154334,0.012384591346679371,0.005069614686908608,0.0036769002491200808,0.009202995736184676,0.0040790903457473176,0.0032895726434026074,0.005938739565324795,0.0035805906844234413,0.003319385030143167,0.005402287200373394
imbalance_prices - Long_t-75min,0.00215708704034688,0.007641247036507593,0.0025895204732014464,0.0030538584117166465,0.004296629453923742,0.002055264269266445,0.006833095469864929,0.002129475025040847,0.0019355559431592723,0.0023545443705120165,0.005487858455056994,0.003911682519303213,0.003092424525183105,0.0080140253440768,0.004359154844862132
imbalance_prices - Short_t-75min,0.008893598783608467,0.002620938799758733,0.0023926354846953474,0.007199015020465595,0.002940248232822341,0.002308336970988421,0.0037157450386985148,0.003062554740012274,0.0022278386120649428,0.003974701366238605,0.00273342701171714,0.0017934913305152804,0.006034775348045514,0.002887829953981054,0.001595143138378262
imbalance_volumes - value_t-75min,0.005571084811512264,0.0051163106198710015,0.0035348422016832047,0.004125784343266787,0.003567208058361416,0.003801768801257822,0.001973805254096078,0.002957516013183977,0.007757139849712985,0.001949130438185648,0.002539514857302038,0.006598561391801923,0.0035196499185535684,0.003538784126293649,0.003831926184569966
imbalance_prices - Long_t-60min,0.007948207589328377,0.0030190314221219977,0.0022867140905291307,0.0024677836986677446,0.00658054795443104,0.0029686096728103167,0.005965774147469347,0.002340127516549131,0.0019430996947655786,0.014002089946916384,0.007662345924338297,0.004982326700827798,0.0036527889488143046,0.003601382447614924,0.0026441103133529394
imbalance_prices - Short_t-60min,0.0032096421745714,0.006135573329240287,0.0032859756443876903,0.003324413032142729,0.003571090626826788,0.003598219008201113,0.003210257559918318,0.003452429926383047,0.0034947167206396445,0.003738559633618024,0.008041847352401873,0.003003410916022858,0.003535170029449148,0.0029347172665711695,0.004238734189962998
imbalance_volumes - value_t-60min,0.006481529730961484,0.00363717660920247,0.01722944322888361,0.002717372892647518,0.0020744565483173574,0.009868684395769378,0.003360454539066268,0.002833082379240295,0.012605531259985583,0.010293092447936943,0.008801599724771222,0.016840729529008967,0.0053119324470535505,0.004679974990250684,0.013944351617858047
imbalance_prices - Long_t-45min,0.03791263848896779,0.024169995373667916,0.007318076836028922,0.013323883796736482,0.0044229891591785414,0.0024220457470000836,0.00554057338257553,0.0036510406947700175,0.0025894719938778506,0.008896891477033932,0.0039556985774027,0.0026169222790204004,0.015656972284894436,0.007889653890182672,0.0024287200743638095
imbalance_prices - Short_t-45min,0.029410940300134827,0.03985024141342729,0.0036304432189858743,0.0048830416038535985,0.01542206289263595,0.004106297075299267,0.0044697266802377275,0.005306462234774188,0.007120889205590856,0.0033371862016902012,0.00782615511784752,0.007831161236419575,0.008899254338696665,0.015780994267133794,0.00318136601692936
imbalance_volumes - value_t-45min,0.015668969694488624,0.015658444512926507,0.028396781491286674,0.007827977717996419,0.0077505299724143694,0.019889946613970096,0.004638813037472573,0.004824412174304598,0.01658323068925597,0.008384047654675668,0.00805856196924833,0.016938322226546006,0.012454362792886513,0.010432467756030746,0.018678612042583607
imbalance_prices - Long_t-30min,0.02930713917446701,0.01606115921969831,0.003365783350527181,0.03823622953502127,0.025133923569293982,0.009057170640984382,0.017383252704099506,0.006836549853378209,0.0030403626636725674,0.00956025805930767,0.003953685218468309,0.002800983255402741,0.010205614359239917,0.00445822969813662,0.0024934733501875144
imbalance_prices - Short_t-30min,0.02175308402124574,0.03527456143325253,0.0029822599039528086,0.031707652373006566,0.04532732141437009,0.005633145014529873,0.00933316857817408,0.018633440674148006,0.004078282078455232,0.0058337782100679764,0.01458518276461109,0.005012055767339916,0.01141125509750782,0.01936351237175404,0.0030547673803803265
imbalance_volumes - value_t-30min,0.002522814631714937,0.0024430111462697825,0.024689029783563455,0.010793579797586971,0.009577985341784369,0.029275285813113443,0.00274505598687756,0.0027421862088203852,0.019852351169509348,0.004010251771987896,0.003980432719887176,0.012668079111821499,0.002786998762465373,0.002389517718920615,0.01267281362524227
imbalance_prices - Long_t-15min,0.05966105416946812,0.040129021030232255,0.006335184750065309,0.0580273529654296,0.04004541737071486,0.0047038372507931855,0.07310784050868097,0.05075437749984485,0.003925538766034606,0.04390407489080098,0.03149793481241795,0.004597924663972662,0.03169779175428084,0.01766857599125069,0.0041437348854015
imbalance_prices - Short_t-15min,0.04179564066771127,0.060703973197618326,0.0038963338481153185,0.04491573820592021,0.06093338372999278,0.00418022595237062,0.06028371800763125,0.0704756885177776,0.004288876141552464,0.03376414484504494,0.045043516343241205,0.0034887846704368714,0.02436193737456824,0.0328721082848715,0.004624066028200104
imbalance_volumes - value_t-15min,0.04628252697562675,0.04385770290784603,0.14180680455907713,0.04835724696175021,0.04429407399615593,0.1326076146644409,0.05200745851366082,0.05262147985323099,0.12948732931230916,0.052810256208176726,0.04942987205163808,0.11818702980136732,0.05061820597478072,0.04998137339082314,0.10610617643187288
intraday_wind_and_solar_forecast - Wind Onshore_t+15min,0.02298121585919762,0.02798296202068377,0.04963777997836587,0.029425977217037144,0.031889659273059805,0.05502545158228895,0.027974288885307032,0.025941240558662683,0.04828120965170092,0.027793369784259996,0.0257042568955294,0.05202563482406549,0.030402620083410513,0.03025801247333584,0.049910545822625864
wind_and_solar_forecast - Solar_t+15min,0.031393077356158754,0.019176338475836018,0.018485012241730145,0.007866324950542548,0.006400789248975343,0.005598397932748867,0.010724807038397784,0.008585392965273058,0.007158820221049609,0.012647385657091946,0.015248644631585194,0.015885432508373924,0.02841044216415321,0.01845954475575127,0.02626946970570134
100m_wind_speed_mean_t+15min,0.003170355404377915,0.007055683257734927,0.004299618675730471,0.0035248221434258085,0.005912431534045709,0.0037810708193346727,0.00459236687005614,0.007592399650577761,0.0034496144252771045,0.005150454523214648,0.009312226782365542,0.0041329721112992384,0.0037285030873063078,0.005374589946945662,0.004497231711702625
10m_wind_speed_mean_t+15min,0.0257247728323091,0.029065434171527158,0.024153922216210048,0.022377558977249464,0.021529843479154806,0.023505093361032778,0.017569361952835608,0.015097450750312418,0.01601792777313676,0.01775238239223836,0.016772277992844465,0.021430430461967263,0.026004931226256304,0.02538832640973851,0.0261806900765514
100m_wind_speed_std_t+15min,0.01047027180939267,0.011829812665957434,0.012134853694282357,0.004554599193554622,0.004578089684527185,0.005038009958581825,0.0037238844030816837,0.0034891322431794833,0.00678549119575473,0.0072284011359265606,0.010854447853547753,0.009216350871229224,0.009189061172019137,0.012081852168761543,0.010787549039715487
10m_wind_speed_std_t+15min,0.007504422179281619,0.008913311425501887,0.014933646818826673,0.0026021677897645075,0.00596388884801172,0.006960616624195154,0.005954062086031627,0.010464206660970376,0.00940312772509401,0.006348261042578088,0.009153626897590585,0.009965638306836354,0.011053790835343535,0.008934717869800806,0.008207450752175646
intraday_wind_and_solar_forecast - Solar_t+15min,0.051570985557045784,0.034135328701493564,0.06228706750299898,0.035671234818211814,0.027286486860743024,0.04831035199530015,0.02671471441742324,0.015160245077044237,0.037010817791437146,0.02726018029807892,0.019895923388568916,0.048113856963958826,0.04690411105981911,0.030048047685886557,0.050837692716523636
wind_and_solar_forecast - Wind Onshore_t+15min,0.04361848635508795,0.04103916407295037,0.06645249228016473,0.03386829459815635,0.03756972029498138,0.060815783251848186,0.03188176463173295,0.0346214837252046,0.05617097591317725,0.036647064573877286,0.03812416928066523,0.056390777685737706,0.04216008523340861,0.039953930874791696,0.05529406354105231
ssrd_mean_j_m2_t+15min,0.020488697224413044,0.017095085424494755,0.026805097554792157,0.016752472540392773,0.014200067911107908,0.022074884634726913,0.01143127649766393,0.007937857112247003,0.015280044340710447,0.0113438980049541,0.0068969163722294976,0.018644858617509044,0.017554297395574396,0.0144593525553596,0.024852494760532865
ssrd_std_j_m2_t+15min,0.016121803297610312,0.01014776790178439,0.015098673397384119,0.005419165330062242,0.003640751150536744,0.007400776437716559,0.0034932679901612572,0.004145804538964058,0.005641473144181873,0.00866982035039473,0.007483475618038938,0.010979520592030894,0.016901991764963896,0.01138391324350914,0.013855660190864
intraday_wind_and_solar_forecast - Wind Onshore_t+30min,0.025973037307725464,0.029995552958571352,0.049035924328054536,0.02992391169258917,0.032082751928261134,0.051810850212466904,0.032001149483354314,0.03415863637187431,0.05187738958990667,0.03178665695640666,0.03275918626006751,0.0525108828820521,0.03229662615375128,0.032836295047891324,0.05011729492584709
wind_and_solar_forecast - Solar_t+30min,0.01602627774807297,0.007171610546709417,0.010032352624060877,0.009856302220318412,0.006961377129120592,0.011241429036908812,0.01569979726503243,0.010426949323678854,0.015560671456798446,0.026586079040309414,0.017259067125967704,0.021787293377157766,0.016702299542259425,0.009067491151407012,0.01787679516441858
100m_wind_speed_mean_t+30min,0.0038307732481043786,0.004892254615981756,0.0030602034144358186,0.004054575545902025,0.004743525213896646,0.004474868144405718,0.004874494507277631,0.005854083253643694,0.004073547945407654,0.011503377138502401,0.007896255856663629,0.004410934539777372,0.004599856797399298,0.005468537212273077,0.003957589327898859
10m_wind_speed_mean_t+30min,0.0079276181336445,0.012476369382391567,0.008129529225040188,0.009189644962592865,0.011141263136595626,0.012229332789358522,0.0047645444813861106,0.003922908252789057,0.0036936809913004254,0.006435960367794905,0.006194897955996566,0.006767271812457693,0.005566969538955163,0.0073255138182685186,0.004029062430323392
100m_wind_speed_std_t+30min,0.010617928972682421,0.004341858907215396,0.0020518280726309966,0.0030103723574902686,0.006054620029192847,0.0029427852073777103,0.005332576574890481,0.003090116897879483,0.004279583440060378,0.01076358844050219,0.00865644898814935,0.005009782467230252,0.0070952127624477725,0.003970831521290165,0.002208394317908642
10m_wind_speed_std_t+30min,0.002204205243529941,0.004552692288175422,0.0031042798645867153,0.005057279078900592,0.007796043292104514,0.0038959239266332588,0.002737766000756153,0.003929715346417652,0.0032074224165862687,0.0032042123897958845,0.003433803532509046,0.0034932159671479893,0.002797118874361672,0.0027968170985268443,0.003078050917318251
intraday_wind_and_solar_forecast - Solar_t+30min,0.03273834804294165,0.034313904140217344,0.040648337234160864,0.03296632249330287,0.03458941159392998,0.04205802233840222,0.020687304023915203,0.023072643500694538,0.03051180255854797,0.01679169584389274,0.016128090191552473,0.030919486790604425,0.03094467762867862,0.031136397224036046,0.0364093478997238
wind_and_solar_forecast - Wind Onshore_t+30min,0.040058772074087756,0.039735094013190975,0.055652507129008884,0.03378502715460491,0.036882521863502916,0.05609024614942609,0.021028572943883772,0.026777640159547447,0.04884174395343871,0.025933855873707216,0.02743857540396857,0.046675668971038246,0.04004763052798808,0.040371781005029334,0.057327177541141285
ssrd_mean_j_m2_t+30min,0.007611138872858646,0.00721074884842892,0.009652863430063007,0.005285174101921257,0.005807106118343654,0.02408275007698103,0.003728871384058948,0.002909479962369005,0.017248993906559918,0.007032123628519912,0.006255553806688113,0.013565044613431382,0.010028294107032707,0.005871538860625151,0.01332282958457654
ssrd_std_j_m2_t+30min,0.003625190200007637,0.0057983930143454925,0.014761357045426849,0.01034972785920081,0.006340990959000919,0.017661173049884384,0.003501017220851281,0.005235610297770109,0.010984167541697388,0.004369310291000147,0.00705102327336499,0.011291028397215996,0.005527335506858435,0.004148845517455811,0.012649189864707295
intraday_wind_and_solar_forecast - Wind Onshore_t+45min,0.03708455884289288,0.033800468665227526,0.04024392039603845,0.041118777701660295,0.03396296315495783,0.042707814357345344,0.041881942114734554,0.04341189914778806,0.04802868237305665,0.045243417429614054,0.04014370361120382,0.04393250693962909,0.03855541575938696,0.03625216426275438,0.0440872511182024
wind_and_solar_forecast - Solar_t+45min,0.02243941948705583,0.013147040377785742,0.009474318447271798,0.017667976349053788,0.008784366278633457,0.010095729660697543,0.010937160277091606,0.005978200852115151,0.0052394536514889295,0.013666017917838417,0.014944694995308965,0.01260021759405936,0.02633878612688568,0.02342132830945775,0.016332201395380254
100m_wind_speed_mean_t+45min,0.00794640330702441,0.008978297727813696,0.019126936858781845,0.003746128903572753,0.005633273422501589,0.01860082430672628,0.006923156149008719,0.007310656171696792,0.020367811268384686,0.005997679301513017,0.0070558301710482284,0.02042109357978916,0.007512554106089283,0.007894829315042443,0.01803392304953377
10m_wind_speed_mean_t+45min,0.008741914038546383,0.006754341527319412,0.012680207262592376,0.006654157066090192,0.006845589767523052,0.015260910394077655,0.003560552362178896,0.004703522875279305,0.006237994815226557,0.004181251207319292,0.00433460834158177,0.00868843730164008,0.00351242063198697,0.003683353068783617,0.008827316140911534
100m_wind_speed_std_t+45min,0.006084882288731023,0.004313207946190119,0.0038844142292550716,0.0030453398305726295,0.0034652314051786563,0.0035062045840713835,0.00302129552678889,0.002873345455587696,0.002753208103120414,0.0027313412546764084,0.003481337942102982,0.004552303598302387,0.002864539219888684,0.00320003425878167,0.007070282287780628
10m_wind_speed_std_t+45min,0.005562211673626734,0.007717457986891532,0.006016236458199273,0.006171474007221036,0.008144765167233345,0.007200226662952445,0.00532448532982471,0.007674998486798358,0.006568200965439246,0.010993934209232975,0.012996227835779849,0.00613721015160263,0.010702533923395095,0.01144183966991841,0.0050945505824347495
intraday_wind_and_solar_forecast - Solar_t+45min,0.008513664728423465,0.006791208540885236,0.02035792784174555,0.0064920358815620605,0.009826432860599197,0.009920999277877854,0.013990934170120454,0.0078835259964726,0.03499405451793609,0.006355308716021682,0.005425914139649876,0.014488645790581359,0.0066642988915968995,0.007586562220316409,0.013611115931351378
wind_and_solar_forecast - Wind Onshore_t+45min,0.018361772590404144,0.019199738629642523,0.023115972366882488,0.024977197354217422,0.028445510527410078,0.02924313674349105,0.02571282994968351,0.027180446922851844,0.02897855960665038,0.021752562930225396,0.027870980283871177,0.028058075498207474,0.017838735430872475,0.0212960507942189,0.02231406468496425
ssrd_mean_j_m2_t+45min,0.011040202130043326,0.008892658585857135,0.014543690145656001,0.00623650736523723,0.0063067887729885115,0.009257157221043599,0.006797970197578252,0.005063148038592771,0.00399630707552069,0.005586111339071067,0.0047149258895642565,0.007519320518738823,0.012225906940519053,0.010813181013440044,0.014513585756110843
ssrd_std_j_m2_t+45min,0.01072040329176525,0.01417348064669568,0.004666684585419716,0.002606530298506186,0.005327946244600753,0.005323998412313813,0.011348368343684342,0.005552982917635745,0.018052390320484845,0.0039722222109217,0.0023871196635913065,0.013420295136867936,0.009739126944565215,0.008762769634347934,0.0032271283744339596
intraday_wind_and_solar_forecast - Wind Onshore_t+60min,0.012923947484629024,0.01979809268115787,0.02785243045305833,0.019591435792863196,0.0224367484919203,0.03161565189500107,0.02358119626881262,0.027470846340747812,0.03063092358718859,0.02381255302231875,0.027323504459694958,0.03486206391826272,0.017221951736515622,0.020852486927673452,0.027218726316990797
wind_and_solar_forecast - Solar_t+60min,0.015422884733139654,0.009060150758747113,0.006399629511906824,0.027698217225901316,0.0189326649232753,0.01004439972926616,0.02170371604792308,0.013972842896873772,0.00481347313863057,0.01133566223251546,0.004719947164871883,0.005150744223210495,0.009137667993349169,0.011118444904936041,0.010610524550003901
100m_wind_speed_mean_t+60min,0.02180579296487849,0.023613106933797097,0.02662244081969402,0.007913341942632542,0.010725597933633252,0.019778972430109207,0.007924644377657388,0.008009061977136299,0.024608957776192257,0.014037909025428235,0.01391290964774089,0.023615292607573793,0.014284675414470257,0.014502795402984702,0.024347502897539015
10m_wind_speed_mean_t+60min,0.008149645939811307,0.003864930844572427,0.008360657952852079,0.012029526106576668,0.007586859295297472,0.011832406439032639,0.005643648768405228,0.002843270805982797,0.005836768853884678,0.006461372369725723,0.0029773774886689354,0.0048251148919971456,0.008610564034727758,0.008303633847463061,0.007959248275737992
100m_wind_speed_std_t+60min,0.003194352863876702,0.0028494848488443835,0.003951385531564483,0.003871895181325499,0.004994567449743045,0.0043948548123189535,0.0027414768836088116,0.0026063202594887114,0.004268858046256355,0.002136337575832954,0.005292642171330954,0.0028200677355849847,0.0022956168578534743,0.0024436266263364813,0.002940714250196834
10m_wind_speed_std_t+60min,0.004745768927470635,0.004082482953250291,0.005112771392577997,0.005933885908181765,0.004681196821777121,0.005001065569245839,0.006296194614966225,0.005364508893980201,0.003945669656030986,0.0030036097284883,0.0032478585079607,0.006241497741076273,0.003136294043356429,0.0037510477424757484,0.00458596383375334
intraday_wind_and_solar_forecast - Solar_t+60min,0.031706312369555234,0.023741983729691128,0.0550822533085011,0.03328807822370436,0.030440250719620962,0.059502339602564465,0.03135955720677157,0.027520774258620803,0.048654834188753736,0.03819772243720945,0.035216823224793185,0.06064945971127599,0.030007017914002062,0.022034642351283766,0.045656154918367976
wind_and_solar_forecast - Wind Onshore_t+60min,0.024199251904821723,0.018255879040953004,0.01909269292211684,0.012425555670793982,0.008905867036293785,0.01380773755122209,0.020971967604316886,0.017421555241646274,0.019326304962771247,0.026748271286836826,0.02348522363472148,0.024057338413331308,0.024320183906937017,0.021985328440336162,0.022377973829656183
ssrd_mean_j_m2_t+60min,0.010491298392880708,0.004563308187331131,0.019702130968042183,0.009940179754838028,0.007777963021730102,0.018481400528275117,0.007528587490862265,0.005444168382938187,0.013995178095879964,0.0031338477429526394,0.00733843121308746,0.011983259821136016,0.004602405233862556,0.00298921294595317,0.01692532103395206
ssrd_std_j_m2_t+60min,0.012768084504998115,0.008937769332987955,0.012937875379975594,0.008172230671911166,0.008246892952010967,0.012673942242494378,0.010012192150155898,0.012435737229767256,0.017840621207120422,0.01386565972295648,0.018794836751330878,0.020019946145013817,0.012601559393136995,0.01473146677751356,0.016562199024599978
intraday_wind_and_solar_forecast - Wind Onshore_t+75min,0.018779743359460553,0.011963896531995487,0.021678969961958502,0.01419998831533303,0.008356906676348445,0.01525825932087173,0.017655640651355498,0.009886051255423809,0.016545025221144895,0.023907453960433485,0.02018581989928498,0.01932854288550152,0.023211258404371618,0.019284868578775784,0.020152503246426933
wind_and_solar_forecast - Solar_t+75min,0.007370692568561935,0.006065291275311211,0.01864196843485115,0.006767840052373685,0.005647812815810539,0.008982477364897932,0.008742860143705912,0.013541181810585272,0.024515573970415063,0.011030423030977544,0.009012672391592787,0.01886397642447082,0.008516968945303233,0.0061146348028923965,0.010219438919271852
100m_wind_speed_mean_t+75min,0.015944142023767198,0.0135462134907375,0.024106666080026116,0.015052689374964756,0.013177507207605231,0.021846564519801177,0.01350936492918845,0.012835623308230425,0.021104035043070325,0.01928924767015269,0.013441715839802783,0.02211522755002079,0.019342725243672247,0.0199318700435706,0.0225881058113373
10m_wind_speed_mean_t+75min,0.0081455041346926,0.002785412544679616,0.007425202567876113,0.008566532179649585,0.0029898860130597314,0.0035347336412962704,0.008782117889937581,0.003077663888204825,0.006005398117486039,0.006197506818582496,0.002128218267049533,0.00733669377231854,0.006058209811589151,0.0025874428646118445,0.00613669747404856
100m_wind_speed_std_t+75min,0.006832101379575761,0.003960562584285072,0.0062960421374791626,0.005609828478718555,0.00428435751024881,0.004050863787666458,0.005486589470561739,0.005258109234870176,0.005459949233338193,0.007670478430190997,0.005158110800069039,0.010850932817120337,0.005350819646829223,0.006655075535280048,0.010330637693827157
10m_wind_speed_std_t+75min,0.005085518182102078,0.004562277970131561,0.004021681206648282,0.003460971798826904,0.004507866630807257,0.0034512659785841606,0.007170073999524902,0.007670002958657278,0.0049567779167300615,0.005756674016896056,0.004882768394744744,0.005579034827864234,0.0033008264115915154,0.004296815621813039,0.003445453921398439
intraday_wind_and_solar_forecast - Solar_t+75min,0.011591690277513408,0.015993263956498596,0.035806295230722755,0.006926894425625506,0.011779612124908453,0.0351043117325753,0.004519649169058539,0.009157298728023306,0.03301651553955162,0.006527340659864421,0.008847860080713872,0.026951340323590558,0.010710946849484572,0.019962433066772065,0.03174862730392488
wind_and_solar_forecast - Wind Onshore_t+75min,0.016913462006450573,0.01963665652219629,0.021342582696583123,0.016452131284517234,0.022263950544278488,0.016728241273493042,0.014844028593797702,0.01905608458880124,0.01694706063232297,0.014958009670699539,0.019399109162332024,0.016604235749058716,0.027455524597557315,0.023195564656489295,0.021912661626214684
ssrd_mean_j_m2_t+75min,0.003945458330860219,0.004200447774721397,0.010052903246443748,0.006171503836968441,0.008600121534258506,0.015031120296174776,0.012093476893991465,0.014885832161191501,0.016910722079271183,0.009807971025948064,0.01391663638929458,0.01625625095082796,0.00804771773030734,0.006315231980745011,0.008970199307033909
ssrd_std_j_m2_t+75min,0.01566501680858346,0.014571399007880246,0.012209481359219353,0.009388338268319784,0.011853011486062314,0.013816015932425216,0.004131571291352884,0.005577201517036883,0.006927502023041598,0.008424961777189878,0.00899751355297667,0.013012167835462605,0.009485151436993647,0.00900181455854181,0.014329134615894872
intraday_wind_and_solar_forecast - Wind Onshore_t+90min,0.0160295212957426,0.009551297526013514,0.00899123921811406,0.015730027291825537,0.010772683050217892,0.010154590042544442,0.012874028329679276,0.007544449094129959,0.006156911237507302,0.010063157992466586,0.01060014958686952,0.004157674884874723,0.01354687948840001,0.012304465704917675,0.011038793816408998
wind_and_solar_forecast - Solar_t+90min,0.02490977124677738,0.018443299629783725,0.017932788511156105,0.023154272401056004,0.01904881947535614,0.016068538338047802,0.02501206004625419,0.016215425845217395,0.014098800346237112,0.021049612538392465,0.021508770273110715,0.022394322165724588,0.02828211672996986,0.025271014300757087,0.01903343606846465
100m_wind_speed_mean_t+90min,0.01731208328298817,0.011538808277284261,0.013691234255395103,0.007619649890153596,0.003431993333075411,0.011556839427375962,0.020282789216798845,0.013073143500718289,0.01660470678466663,0.01884619518951513,0.015279474991591997,0.018562008734945266,0.019165023707966612,0.013433123214806074,0.017419805144298153
10m_wind_speed_mean_t+90min,0.007426653384609381,0.012374272778653904,0.008288775208609878,0.004083682610278629,0.008181779614559218,0.008660974875467218,0.005469755975798762,0.008547247264930774,0.006696251292050874,0.009357417631646967,0.012111761281275904,0.007556711098673986,0.0072429329344777214,0.010933401811766089,0.007091916814519209
100m_wind_speed_std_t+90min,0.0030373490327074253,0.003982655986652389,0.004143163531937262,0.003956608978629447,0.00415565831185927,0.004435945116037146,0.003943317983345281,0.0033880209732305958,0.0036453161131948944,0.004214766307118935,0.007356261993052613,0.004516517801419809,0.005556745019366645,0.0043281367536455945,0.004448047060614044
10m_wind_speed_std_t+90min,0.003991908309713608,0.0029384599656782483,0.004614489191007124,0.007455160518209596,0.008435386677603674,0.004633217636208428,0.004755529840583335,0.006807438429831563,0.0039976772447603256,0.004151690141906329,0.0067878638565453,0.00762597822425505,0.005925171450210655,0.00898902974579687,0.009947149373558204
intraday_wind_and_solar_forecast - Solar_t+90min,0.012436840730722907,0.007903054651753337,0.0280787615129957,0.008026462181122043,0.009196935057501833,0.025147843819228,0.006297788535266591,0.005451838695453773,0.015805792077328077,0.005743810222145839,0.005942248979960823,0.012774355446916161,0.007578935077519645,0.005972692233612179,0.01508591690690082
wind_and_solar_forecast - Wind Onshore_t+90min,0.010480914383831077,0.013938635098442318,0.0034487786536410566,0.012144177435668098,0.010435855595118483,0.004246673247796707,0.016904084092531774,0.015009901870478643,0.005816041433356986,0.011758304178241814,0.010385653722245479,0.0030037127234391506,0.00887105788475128,0.008447855282836371,0.0038665728128385126
ssrd_mean_j_m2_t+90min,0.013478220437151321,0.008580576830707287,0.020886236853169975,0.01242342899274081,0.0044617277275210655,0.01706540922867498,0.019083804675843568,0.013445681668701581,0.024854777906730307,0.023580739538680062,0.01864733416389754,0.02890991429731366,0.020500024751063394,0.017928838571907364,0.026156580849929015
ssrd_std_j_m2_t+90min,0.0042986433031292105,0.004016471827693749,0.01778241222691577,0.008256012631303747,0.008788782203540905,0.022174628828950518,0.00583503377735542,0.007425112239230657,0.015937393746013186,0.004221279514336857,0.004252529890540245,0.014582272472893237,0.007081857979195774,0.007994020426035604,0.01812789194274228
intraday_wind_and_solar_forecast - Wind Onshore_t+105min,0.01366175758704776,0.011294732296322763,0.006409925532283523,0.012615647601298406,0.01337047850358067,0.01054638211460042,0.004276597495983879,0.0030781852253476245,0.005524319451924384,0.005541160665632106,0.005513210050005,0.003459124236524076,0.012892001212276228,0.012207040687955669,0.01076353717026359
wind_and_solar_forecast - Solar_t+105min,0.007404002689470872,0.007090083938932366,0.009039022513486998,0.016674992862754152,0.01692962999523297,0.014155928701569792,0.018093050455063348,0.019827102033188566,0.014995823258621385,0.00987116734405572,0.012849380721323541,0.011426108821047819,0.004964899305859944,0.005924816841472421,0.006774352640786674
100m_wind_speed_mean_t+105min,0.026135722885344877,0.02229555813415709,0.013351866105389491,0.020331669872277417,0.015778207818730152,0.014698143065041223,0.018934691093254515,0.01878974047889642,0.017752087023795868,0.02433538096531993,0.02254451535899716,0.02135630760617096,0.022774562566628447,0.02322790268281824,0.022801515147963074
10m_wind_speed_mean_t+105min,0.005297064323580344,0.0075433972998216635,0.012622630769845274,0.004075548238302417,0.007125054835276388,0.013378422740177484,0.0034584550143237037,0.00547599300719412,0.00968305773139582,0.013200644128153726,0.01350788894724974,0.018349068313345925,0.010537684478316805,0.010129014980448573,0.015791593796591768
100m_wind_speed_std_t+105min,0.003596556952821629,0.0036098405317061405,0.003642929565292434,0.002499971357861796,0.0025625162025589817,0.0026413413339523685,0.004324182771584674,0.0041624064578427355,0.0034366478951942552,0.006717396365854541,0.006135634260952429,0.0056069869868151725,0.004861305109709747,0.003978117858172482,0.004641692393526333
10m_wind_speed_std_t+105min,0.004319955814025946,0.005818978997865088,0.01630522388256213,0.0034356064802723266,0.003782074564161576,0.015395562290672387,0.003574371397706727,0.005784141160171885,0.019823328206104635,0.003779614819383042,0.00838569419597934,0.02035450849357585,0.007130287931035127,0.008314100534350246,0.02084211851082
intraday_wind_and_solar_forecast - Solar_t+105min,0.03134774541076331,0.020869450236470584,0.019788112403068225,0.017472939468229014,0.01819450224675529,0.019643982775771292,0.011778005783402478,0.014597508107384784,0.014912288824823918,0.017570897576777496,0.012825913050157397,0.022490762623392585,0.01934570822585374,0.01136219770472053,0.012096412512968528
wind_and_solar_forecast - Wind Onshore_t+105min,0.00523800260740245,0.004376642341360253,0.003633423367411524,0.0029156093186820725,0.0023496192080701803,0.004430656349344645,0.0027711185389161985,0.0031297038204374985,0.0052594918716931715,0.0035562776259339445,0.00433224481164325,0.003917799235662528,0.003096854719054818,0.0030382382865573165,0.004003802820175338
ssrd_mean_j_m2_t+105min,0.005349624525286345,0.0023418805425825208,0.006085380694625201,0.011915674835501704,0.008609192097301275,0.014854866701789433,0.003395415881583176,0.0045813429310292125,0.005382470181453755,0.002276787313818886,0.0034838002572232653,0.0063918187519466305,0.0038844385940665234,0.0034577135792478657,0.011870763591927243
ssrd_std_j_m2_t+105min,0.004832251715894017,0.004579021111156181,0.00502750081087288,0.005066434080898034,0.005335743861258379,0.005494177355991269,0.004086160786058827,0.006202763034623786,0.011648765728794388,0.005971615351802029,0.005111839172779582,0.008784818140262359,0.0054231322413979795,0.0049909608416910485,0.008025486007009022
intraday_wind_and_solar_forecast - Wind Onshore_t+120min,0.01668155375401693,0.012312898048337956,0.028092037000809797,0.008938178913060256,0.007321716037149599,0.02351874774010503,0.010284217796925076,0.01220715356220353,0.02229647452519566,0.01759870250476524,0.018263736568318565,0.029303806301846636,0.018392728598621035,0.013999558302435617,0.02478085448616184
wind_and_solar_forecast - Solar_t+120min,0.016636439547990448,0.012222236205635,0.004353229096017458,0.011497528960745967,0.006848246633246617,0.006426193867988332,0.008825111950264726,0.008056626979121575,0.00826682340530897,0.007173969359268085,0.006146893518707657,0.006072779005246275,0.013719184817616224,0.007015267827684056,0.005004823634427453
100m_wind_speed_mean_t+120min,0.011123764971423953,0.005891988307598695,0.0040892656995474685,0.01652436648690491,0.012808930495295499,0.005206508032198144,0.019614899039097508,0.01591717684231844,0.003458022055415,0.01079052369637793,0.00694161743503355,0.0036799106813705292,0.010622460114756904,0.0046945074689992905,0.004465493890661492
10m_wind_speed_mean_t+120min,0.006798069418779051,0.003035443242351903,0.0044489732909278245,0.0066498827390059885,0.002819171228027699,0.002837813610232843,0.011394808230463696,0.009468006538527333,0.0062092833333790625,0.009546531274099834,0.008071547684643519,0.006533744574422599,0.007347060705758395,0.0029115618463829377,0.005350089237141901
100m_wind_speed_std_t+120min,0.006635172732054343,0.0036644107253725904,0.008566117457349719,0.003112692986083857,0.0026785299480798132,0.004797803418146941,0.009902476948322147,0.007558753466568305,0.008259810397283218,0.008217023075383622,0.006852779441878738,0.008239807724996353,0.0062464913239000455,0.0025189502415332754,0.0063857278427349225
10m_wind_speed_std_t+120min,0.003968164887397507,0.004591839774482651,0.004689803546490111,0.006588640940312871,0.0059447855867110775,0.010785691499761014,0.006505045514142694,0.005268264246649778,0.01080767113201,0.004720528213074431,0.004682837506773922,0.012667225562054227,0.003299625970766897,0.0038111454226709613,0.011315242726246651
intraday_wind_and_solar_forecast - Solar_t+120min,0.015410626237768156,0.00868137555557405,0.017784196825428807,0.005430718326513442,0.003621718164360573,0.01678035023062057,0.012581263219479296,0.008083644333026314,0.014827682514442131,0.011946771140610508,0.007300704130637314,0.016969489781287848,0.011219422297379425,0.008467017715655856,0.017996148379112127
wind_and_solar_forecast - Wind Onshore_t+120min,0.010141842148972501,0.00620693573450626,0.009696550714070327,0.00834088989412703,0.01115283828995598,0.008080068177659995,0.00987018788781279,0.013950880561591475,0.011525300954029262,0.01729784800807829,0.01558801126693379,0.013853183940816962,0.011035747960100708,0.011699291988252753,0.010900008504842844
ssrd_mean_j_m2_t+120min,0.012396423103113193,0.010812273600437038,0.027229000316976452,0.005711824054716999,0.010524691277161765,0.026326038170216635,0.00749450393064717,0.011006073683107388,0.030217135242186485,0.007857678991053945,0.01273057759123185,0.028761468831668024,0.013558103843592108,0.015351991901072325,0.02839842032094384
ssrd_std_j_m2_t+120min,0.004301888411219352,0.0029978686296708475,0.004014121454179985,0.002994588968242624,0.0027221360408680086,0.004034450202943844,0.0034550016334524117,0.003038457889539586,0.004049549531779121,0.0029937236087425843,0.002817398391128336,0.004213327464828069,0.0037423713884998052,0.0030417762273846167,0.0044469634705201315
intraday_wind_and_solar_forecast - Wind Onshore_t+135min,0.016579842001357974,0.015549783991998993,0.015555120600620285,0.014896596900125587,0.016603779061006206,0.018078329778763873,0.020164023361880026,0.024392938417819095,0.019892563991811586,0.02152896054556186,0.022316173664446978,0.026265635575837224,0.02347683821141254,0.023227714305023257,0.024547129194535954
wind_and_solar_forecast - Solar_t+135min,0.03764488026229083,0.027456434236300994,0.029835125855650405,0.016080818373680812,0.006326901515809368,0.01938075190791278,0.016332506606646348,0.007202560777324834,0.021711649180797394,0.029359312987653537,0.01806253608543193,0.02743575110504753,0.026486594038025942,0.01837468952254858,0.02430316944698643
100m_wind_speed_mean_t+135min,0.007592502885547219,0.008237436607851123,0.004053502767388181,0.010407103470512083,0.010534813384482731,0.004120187224707934,0.0142783351293765,0.01012135787563966,0.002878941815064536,0.0061563665899532225,0.005602535762923253,0.004686378012659588,0.00831613739736622,0.0071841633574658776,0.003710867335767034
10m_wind_speed_mean_t+135min,0.007534661770740058,0.0043286390788480275,0.012625272280325589,0.004558144836704741,0.002883374838275813,0.008472150524290555,0.002885530409967487,0.0026106599856470895,0.00707494454859625,0.005575159380724017,0.0032895998405110733,0.013452911795913678,0.004996876736064451,0.004059501713807549,0.007783224320182853
100m_wind_speed_std_t+135min,0.005570867463360628,0.004470423180837315,0.009405073826747412,0.006451199593262572,0.005979988250659971,0.007051153005639208,0.011307494218261127,0.009578799730890751,0.012176272660788526,0.010370768052060157,0.012572498907094996,0.01425854667117892,0.007445017138945332,0.007249235227780446,0.013026582593956846
10m_wind_speed_std_t+135min,0.009217736857677664,0.008090714010839292,0.0030236705860470464,0.009975662707927768,0.013401971834331563,0.003566526999461985,0.015593437493490455,0.01477009025010193,0.006381055647856556,0.01122746318951249,0.010260377263781265,0.006115422841765394,0.011557319617204485,0.011287572197740814,0.007863726357215455
intraday_wind_and_solar_forecast - Solar_t+135min,0.008086658038853785,0.010642171688989038,0.009244067413310403,0.01156736109603662,0.017080019722572615,0.008001200676276313,0.012443727912714166,0.01472286719593103,0.010066176680596981,0.009058164241741906,0.010939983284702975,0.00910036603136814,0.007182106671098154,0.007108471731773534,0.008210703206852486
wind_and_solar_forecast - Wind Onshore_t+135min,0.0063619047983702335,0.007289199781315802,0.008754637095113139,0.00732514541310411,0.004499900786056969,0.004721626958453271,0.0046217508216032,0.004692161780796596,0.006261072552522819,0.0052323503117122526,0.0064511213435162066,0.0056613255250777,0.007541190886870027,0.011734461388885392,0.007242286808723293
ssrd_mean_j_m2_t+135min,0.004924803850852186,0.004613550581061645,0.015828294912891578,0.007227934467373416,0.006755768603225079,0.022468085455999244,0.008140992588167136,0.009423681604911508,0.022817397288561553,0.006272049878158214,0.0064187521243293305,0.022598450062272603,0.0045072654452324055,0.004850526711756174,0.015763032555872997
ssrd_std_j_m2_t+135min,0.0030111258219540104,0.005212966384052777,0.0164028374939071,0.0022609003037277944,0.0030000271390763374,0.015555534585378708,0.0027898002393212666,0.002487887798857628,0.014872913280509237,0.0027921299125591758,0.007296653548135509,0.011364290421959595,0.0037533742109681044,0.004854582561078132,0.008486732435823796
intraday_wind_and_solar_forecast - Wind Onshore_t+150min,0.04216725257696817,0.04338821061840281,0.04755825324351463,0.04428388108231593,0.04483736169512122,0.048240854729192505,0.05257105366763426,0.05155991114488279,0.05471266181301326,0.052133985941356514,0.05222490945237223,0.0558845778881805,0.04330592929896375,0.04277220357372426,0.04859531401959248
wind_and_solar_forecast - Solar_t+150min,0.008183214506672812,0.009473237230033647,0.011146193322849286,0.008691862985468106,0.007963033679603541,0.010416061357944272,0.007332956374916875,0.007582574304087757,0.008316881430417084,0.004932437498298896,0.005988661260102845,0.006926681888940947,0.008609759197453968,0.009808500622806604,0.009846853170063697
100m_wind_speed_mean_t+150min,0.021154942180073702,0.02825642830914876,0.03305412001164223,0.020692685511989113,0.021093168797669933,0.029749771310278447,0.015627678092278073,0.01768119512100384,0.028063483493671812,0.012201209187376662,0.01226832057403044,0.019342163796012755,0.017114275787214864,0.01913035019513336,0.022918993811799737
10m_wind_speed_mean_t+150min,0.017684591852797894,0.0121184293683109,0.01665721206966555,0.018928782790902005,0.015924171242579176,0.01883719778363593,0.014115370659149449,0.00990942284463381,0.013088038998441335,0.014217659619163896,0.010668016715570047,0.015045965067656653,0.01428823881014705,0.00829635492759553,0.01610897473563091
100m_wind_speed_std_t+150min,0.010299518281910423,0.007635639617232528,0.003054681046978658,0.008210003746404255,0.009361973599756311,0.0032185070004652518,0.010631646248784819,0.008250489469493914,0.0038274269518331037,0.005536292456110459,0.004339096473227983,0.0029647200689046256,0.003881018500342179,0.004185768269134371,0.0026238214711210616
10m_wind_speed_std_t+150min,0.019618586795884768,0.0157553325003646,0.0033916009089225555,0.011184716370458772,0.01126109779192484,0.0029490429474558367,0.013901547044231848,0.011643320093553485,0.004192516246642299,0.013473928023209738,0.011298396998678071,0.0027852219510104987,0.01507332037211745,0.011932706133346073,0.00950096758644213
intraday_wind_and_solar_forecast - Solar_t+150min,0.014169112729026892,0.0067228174448630395,0.01791441138133814,0.0047004400286621145,0.004755990660575321,0.009081919479569479,0.0066629056941362565,0.008865993810795772,0.005916218481216674,0.005264440626200553,0.004485930982065838,0.005016955477655756,0.011881979076763173,0.006670464207183613,0.010302775253276195
wind_and_solar_forecast - Wind Onshore_t+150min,0.009788164607674845,0.010423573697684332,0.02121696394511673,0.01022279910166253,0.011281899432215142,0.021697914982563817,0.011518161091662477,0.009962387356896215,0.020477121642703423,0.00850109577269177,0.007701823394570965,0.015302577029757231,0.009575717549756519,0.007352921757428703,0.014272707083026035
ssrd_mean_j_m2_t+150min,0.0067321727992275555,0.006361552751943236,0.027940855543129146,0.01081642421882134,0.011031601302616763,0.035105811086308676,0.010659800364940566,0.010905004390842805,0.03281979973398848,0.012933209194030496,0.01340195765219687,0.03753992572234711,0.012556435951999447,0.010005386111195549,0.03141910001815176
ssrd_std_j_m2_t+150min,0.01473200251974049,0.018434201896390733,0.014476493887996185,0.01601928757497808,0.01562503794640361,0.012643668759337742,0.016631027251693013,0.01690348868604633,0.012103238633761067,0.01788350745146454,0.016660738396352827,0.009561422031198162,0.01419918710437196,0.01487641048680598,0.009944779432913492
generation_forecast - value_t+15min,0.03478521445438673,0.03839578861545306,0.06428082798043033,0.03775877456367016,0.041529971868963914,0.0626092195756355,0.03512568850450043,0.041544268117198954,0.06288899515692901,0.04219328502028657,0.04532934504657169,0.06605743361180066,0.03490289303494501,0.04203263815952232,0.05541017920922604
load_forecast - Forecasted Load_t+15min,0.006670130914192668,0.004866985042721126,0.01754962845018508,0.003915591396986201,0.004046091005447977,0.014480647076008608,0.006025228273287212,0.005590537632747328,0.014457808722487243,0.007124442319161062,0.006716597712314069,0.022173717764933827,0.00495554119793087,0.00662939172291226,0.018513642206980877
generation_forecast - value_t+30min,0.012931342021980527,0.012757597181748225,0.030448679262335646,0.01668775292203645,0.021385614320476747,0.03644594097541994,0.011209572706356995,0.01640719106650067,0.0368213216377626,0.012666893357312801,0.014484591699889278,0.032611953247927886,0.017762022710536257,0.01862073155573671,0.03342351130876341
load_forecast - Forecasted Load_t+30min,0.006953486866315871,0.007200025681231637,0.004185554714727914,0.01272999573233028,0.011420263955715427,0.0030402028100816095,0.011376027741549478,0.007416933344771678,0.002715479700040305,0.003410947727714131,0.004442603771595259,0.008685420864829211,0.004221247589880477,0.0033548550883854204,0.007361160717431631
generation_forecast - value_t+45min,0.003866502458247851,0.003623227653808499,0.004155544787344297,0.0034656879164231213,0.006330267574627214,0.003998496253010671,0.00976933701554026,0.013743695022503744,0.007274263609957416,0.003550962547215022,0.004640814062542632,0.0035208629997823663,0.0037448574108547633,0.004714956007492219,0.004674115604403283
load_forecast - Forecasted Load_t+45min,0.02210674462114548,0.02707952812588337,0.017609626648241828,0.023056827271647082,0.025004631076953956,0.022607060114867635,0.021001220811169334,0.02157908198525547,0.019121274560777238,0.020863849232140637,0.023000103642669273,0.019653995902529347,0.019632362420728897,0.022665529171179515,0.01890943968037027
generation_forecast - value_t+60min,0.004987583803497387,0.005268326697453176,0.004592573502890445,0.006676305290894561,0.007200419169123052,0.004408578612928977,0.005077681080321781,0.005045188546105351,0.0048380527289518796,0.008631281462265179,0.007451291175058941,0.0076213239715289096,0.007001724644951537,0.004909806033781933,0.005860259230768861
load_forecast - Forecasted Load_t+60min,0.013733847983330178,0.013100855606931873,0.022953728305781625,0.019054605090248516,0.020073422078899967,0.02891058453739606,0.029628974448904045,0.02666665252338862,0.03261917837413057,0.02986664527183166,0.027129844373062952,0.034777042133617216,0.020452163591637144,0.02402777476306801,0.030898109215748263
generation_forecast - value_t+75min,0.011783094439252637,0.012569637442633393,0.01371498035723016,0.008222278845474648,0.00488502193475506,0.006717525386198758,0.00843222671651165,0.006652838818243197,0.0041396315680676705,0.004739992147850785,0.0034570550020162046,0.00431056282298232,0.00839142448148516,0.012171079599829682,0.009766773453266068
load_forecast - Forecasted Load_t+75min,0.03500565726282366,0.030768035362299998,0.04180833704322868,0.03082367119193077,0.031787356749149696,0.03915833596733864,0.03448457493254682,0.033451741954224415,0.040232499726465906,0.0312471472426696,0.03275721774440899,0.04397711641842034,0.03480673442472471,0.03312343356001656,0.04282649315432354
generation_forecast - value_t+90min,0.006609841016564133,0.0041994056968956105,0.006943903548599337,0.010873077071532634,0.008176479233820828,0.004391582270585786,0.006163644704993203,0.004056102265669324,0.00677649426076033,0.003811252158400748,0.005547261636447729,0.010303166322875769,0.004421432917137281,0.003454453753425696,0.007845808829765702
load_forecast - Forecasted Load_t+90min,0.0070378099488802946,0.0037371305302076508,0.01820858471590509,0.004279887287504607,0.0035836045304686193,0.013428497166100896,0.020707422317631428,0.018436376464334898,0.025665315707452466,0.026371534941819846,0.02500405079111806,0.03386364508990664,0.023246206152361993,0.02067688232345972,0.02760170960240066
generation_forecast - value_t+105min,0.017008648437680678,0.009941600711783394,0.016199311890257376,0.00798614720067053,0.00691538116864831,0.014416977938810305,0.0036418048387749876,0.003129172669889158,0.006948052970255958,0.006309199493342021,0.004777878438360858,0.010986886933496863,0.011169931601257758,0.00873319326635101,0.0160335797256339
load_forecast - Forecasted Load_t+105min,0.006419486240542028,0.010139214931091373,0.008648485890587835,0.006412768342343043,0.008780005807653651,0.007242088893144682,0.005633229315388235,0.007199652090335803,0.009332431838956837,0.011931495079872548,0.016915362972649745,0.013313967076552217,0.012421747627202422,0.02217287909128936,0.0167763202884089
generation_forecast - value_t+120min,0.013197195284219561,0.010282527892515646,0.009725529827607148,0.011674504348303345,0.010118303458279115,0.009875390152534236,0.00838502987582251,0.005655253723747592,0.00659726506077277,0.00436189326515705,0.004671499165408022,0.005311779613184626,0.013524842040052136,0.00872949936859004,0.009386471913813694
load_forecast - Forecasted Load_t+120min,0.006909522743482967,0.006932559192917324,0.0064142659050739894,0.008583207290990913,0.004937780362419289,0.004895237984535924,0.011702537000433949,0.008748077086482226,0.0048618288952602595,0.005007844470374039,0.0034691691288710443,0.004326606137085036,0.010313227236889362,0.011122815273274682,0.014869915158255026
generation_forecast - value_t+135min,0.015138950814808708,0.016851312513128505,0.015661796551776207,0.00871140100291359,0.013823925767967012,0.012514377274951584,0.004765833294968615,0.006777395766082918,0.00906922697005939,0.014542573683676892,0.019592097683977044,0.015199690426306915,0.024389197435237292,0.024356289898729303,0.023029821388219716
load_forecast - Forecasted Load_t+135min,0.013085334332979983,0.01591530823060748,0.008913690694575052,0.01113797687467013,0.011363748834162834,0.010493953941202562,0.012231474461403196,0.010261896088071808,0.011825180249616096,0.006440856464614626,0.004736580857479566,0.005324561780791555,0.0065628055087713615,0.006335089170357605,0.010383312430625666
generation_forecast - value_t+150min,0.006364475385878905,0.004776313328788092,0.007311999204106542,0.0045751833912381695,0.006226007328277774,0.008793420859796243,0.0050645082003266,0.005036320786486612,0.004426215332696302,0.0050569524009843,0.005280008210073902,0.005153399787701346,0.006873810776452956,0.005825539065206613,0.006770621100888093
load_forecast - Forecasted Load_t+150min,0.03033528101554839,0.03526879771549647,0.029748455039545662,0.02296723906891566,0.024245357323306963,0.024605183984400356,0.020866506415215553,0.02250842814608768,0.02152229002979584,0.01818128307494044,0.022195725083256547,0.01841423667775234,0.015296184821650969,0.01188712669967208,0.01361339824966126
