Feature,imbalance_prices - Long_t+15min,imbalance_prices - Short_t+15min,imbalance_volumes - value_t+15min,imbalance_prices - Long_t+30min,imbalance_prices - Short_t+30min,imbalance_volumes - value_t+30min,imbalance_prices - Long_t+45min,imbalance_prices - Short_t+45min,imbalance_volumes - value_t+45min,imbalance_prices - Long_t+60min,imbalance_prices - Short_t+60min,imbalance_volumes - value_t+60min,imbalance_prices - Long_t+75min,imbalance_prices - Short_t+75min,imbalance_volumes - value_t+75min
hour,0.003881994351240792,0.0041462791281487625,0.015429209386613366,0.0021071868756762343,0.0021552394529271626,0.02026758613523998,0.0026154291805141837,0.0025797910952187523,0.021372333509309102,0.003382277165816049,0.002081179128566873,0.025396348450361074,0.004354793217483347,0.003922978488706576,0.025455291268829797
dayofweek,0.007086332707167457,0.005203760706790945,0.004063912018144038,0.007079754220119192,0.008474403053659443,0.004870388722416465,0.0065767843360863484,0.005157629416280599,0.004887367603048915,0.007310191237730578,0.004767147470454802,0.0088872351693135,0.009347285159630701,0.007152147115004482,0.006059127485426871
dayofweek_sin,0.004862571779543941,0.0029771507500699953,0.006103162900701136,0.002996233681641115,0.003926627052813274,0.004524471192948113,0.0019400413728917557,0.002122916649061608,0.00542137473312232,0.0014673569376677732,0.0017182574331714021,0.00674259310261732,0.0022044292568630225,0.002087591499396012,0.004978505534223587
dayofweek_cos,0.006555058634552552,0.004441531948759803,0.005974873804487288,0.003432740613552596,0.004762769504892276,0.005467956436674285,0.004166337804672366,0.0033711071263514895,0.006442832043740054,0.005182022326247534,0.002657593259395071,0.0073791329239466,0.003465748212092876,0.0033418771978504084,0.005823655725918798
day_of_year,0.009141200790199946,0.00948649007646236,0.009227164650104897,0.006785052904394433,0.009669799793064158,0.009533002558272528,0.008456952032945537,0.009774517280227882,0.009112423937374842,0.010326324874808052,0.008998180195841997,0.01277859814484782,0.00843998034181095,0.014528611518398975,0.013263920278302976
is_holiday,0.0009811604121213121,0.0006523125991318466,0.002088919519804449,0.0005831414493504781,0.0009506304795631877,0.002092076056602309,0.000930089414713052,0.00075046886199857,0.0019448144445732396,0.0008639721266890774,0.000899152455795047,0.0018190220458805014,0.0015229870338444016,0.0008396083547967237,0.001795545606093583
intraday_wind_and_solar_forecast - Wind Onshore,0.006067399449353615,0.008230668834901735,0.034079429192628595,0.009155553213800885,0.00411542772546818,0.031097921417996985,0.0034974005218600724,0.0066781092057699425,0.031153509127801952,0.003521859917222173,0.0027576807603493306,0.03328134402706928,0.004352952211170077,0.005368815694258956,0.030534687797771767
generation - Fossil Hard coal,0.004839354541851208,0.002786076321086057,0.011446382381371223,0.005210363149730256,0.005429549374966882,0.012963907557772473,0.003316629390883918,0.00929692377851461,0.00947025262506213,0.00598478522321966,0.004650161912257317,0.0113676187468227,0.0050059277707478035,0.004051035944750765,0.005824781353680009
wind_and_solar_forecast - Solar,0.0016064820175106433,0.0027205229442943163,0.006152306632137879,0.0030231953107340815,0.003778051267456732,0.003894463207836907,0.00313542685797438,0.0012595204176340075,0.009090740823405212,0.0017672591989230568,0.0019236199404967919,0.004238731101864687,0.002910921534622503,0.0014622847089131028,0.0031487567181231954
generation - Other,0.0026125895085278897,0.00416097653824545,0.00766814131052638,0.0014813557866341397,0.0020254282132009392,0.009798406523477752,0.0008910939137626883,0.0008308835903441718,0.006867545025677828,0.0007049461776823591,0.0012569593691002866,0.01013149754395272,0.0024619296211822075,0.0022044380040279065,0.0101911868815223
generation_import - Generation - Hydro Run-of-river and poundage,0.04149477906693937,0.0446950506571302,0.08349176649888977,0.04439522478238359,0.046845941685525756,0.08563944727944181,0.046671795760426904,0.0394013293195203,0.08149816276622004,0.044398936145589686,0.040337105774553496,0.07527596739737055,0.03879357813080424,0.04148524833106785,0.06545829606987535
generation_import - Import - EE,0.0007920662557629612,0.0006372830492955472,0.005602458955225302,0.0011317393817221273,0.0009647407490678006,0.0047521792947081845,0.0027721990062855185,0.002051818611456838,0.0050171800598909615,0.001916368684876943,0.0013388787342482828,0.0036073601921088995,0.0031018095738254486,0.0016475025074032602,0.004390395587077364
generation_import - Import - RU,0.0009200558774900855,0.0007492522921857017,0.001235122309454141,0.0008308301175602537,0.0005507068684255501,0.001756583544661794,0.0010568628120090579,0.00030516093611140607,0.0016895933349021562,0.0003453625355969052,0.00036100503265475934,0.0022281149662644567,0.0007290763458804577,0.0004834964287551884,0.0016846974548971048
generation_import - Generation - Solar,0.0018085732695088837,0.0025897357807275513,0.013026808901064214,0.0019452951788789506,0.0021251820317847885,0.017392366369400405,0.007093058968592232,0.003671206246741349,0.01607942036134773,0.007034949401349877,0.0038811172031555543,0.01132784430438187,0.0024950428730044225,0.004713695783138973,0.014787589568644762
100m_wind_speed_mean,0.0021963857847631515,0.003255953552248684,0.013897419843916169,0.0013173379880629455,0.0026439074099816936,0.01370692956725543,0.0021887951540812763,0.00482736589423439,0.01564043750075507,0.0014545188103566033,0.0032652239719493537,0.017636941356409808,0.0036278949326224393,0.0017187910739864946,0.014266646915093589
generation - Hydro Run-of-river and poundage,0.046457711384733556,0.0411838117325824,0.06823067879227893,0.0401642447293998,0.043360036955542455,0.06278629841137445,0.03646717463847017,0.0355932375030352,0.06241240349049622,0.03830464429379208,0.03256050789620926,0.06186995067691896,0.030606759090180277,0.032013058150300824,0.04890254743024707
generation_import - Import - sum,0.014073070510683464,0.01230983016533719,0.08058522443799301,0.010380322853350662,0.012049432418920333,0.08159473979962058,0.01396124576035072,0.014412788639339851,0.07586966592259706,0.013870414867560611,0.011402146714448462,0.07533183116838336,0.011915552650461904,0.011167123377759708,0.06759626972582192
10m_wind_speed_mean,0.007776481654651434,0.005264040515678061,0.013065742305392633,0.005217202523550441,0.00847702284463594,0.013551141696581908,0.0036787970382429194,0.006089568908796536,0.010513056659023277,0.00981062890895737,0.005450998940999852,0.009483919950173003,0.0030624484864092663,0.003484520798567246,0.01293327087230864
generation_import - Generation - Fossil Hard coal,0.0010950652661936146,0.0037878706186456838,0.017598984064534307,0.0020274440209395836,0.0020215856441373036,0.0199947013471392,0.0035171366462891456,0.0010055111917472459,0.022256952063238713,0.0015256181727791045,0.003754620811901987,0.02396099923516158,0.0011628382387874581,0.0009414610520680071,0.016800939608860064
generation_import - Generation - Fossil Gas,0.009416349390128744,0.007927732909200132,0.004136099938605185,0.008401337231676735,0.009946943213086342,0.005012263266438822,0.013681914594315458,0.009828381789498962,0.004781107958882785,0.009320808823715197,0.006664793412441214,0.007348064989833801,0.007161715945680044,0.006982320174640335,0.005917018261166959
generation - Other renewable,0.005907776508526695,0.003737386758994035,0.02248770806162065,0.0024341467786789506,0.0033749414367073315,0.01900869303746731,0.0018954825272667222,0.0029022653650954454,0.014520741873391672,0.0022633719121040487,0.0034951849053950356,0.0151867044869432,0.0011615123293750003,0.0023634266024448606,0.015792586240975653
generation_import - Generation - Nuclear,0.009546018830129469,0.005699842189671471,0.00673704663267381,0.005994473957565788,0.007678023766013211,0.008370821119147876,0.004771817039944835,0.004314390383598947,0.010215116161525657,0.004840869386476697,0.0070754080678598254,0.009878683478725406,0.005436865147436037,0.006726667414593976,0.002865201829242778
generation_import - Generation - Wind Onshore,0.021937629690684843,0.025288939751044383,0.16674061554395303,0.027941240005078725,0.026331057355433587,0.16337441217969173,0.028514049288489333,0.025951620619627646,0.1606107605795114,0.029085032272867465,0.02761042181677385,0.15064597808592953,0.026372599055248427,0.028193449356695054,0.13425295537814963
generation_import - Import - NO_4,0.0070398854561008195,0.0033227109882182047,0.03604976962186629,0.0021452256475004107,0.0018736074938716456,0.03744390266713162,0.0025787405035283956,0.001548835144948498,0.03251829293867922,0.0016694725626778108,0.0023478607386550722,0.034392481433198556,0.0011762742538642215,0.0017129245650030498,0.03129962590878131
generation - Wind Onshore,0.024344820727470507,0.026530773746955675,0.1482831479157321,0.02732800336080254,0.02406103626280674,0.14805514662398492,0.02430625441033044,0.022172813562232475,0.14358358818964917,0.02756243781502417,0.02265187433997562,0.13488868530030595,0.02305390987755527,0.025511434076470323,0.12615731426194543
load - Actual Load,0.008411658142373199,0.003501443467154331,0.0034197294146233615,0.008726094454581472,0.007860808487323538,0.004169102818432293,0.005022610653242736,0.004315917072961383,0.004960872686395305,0.006994250960291538,0.0031839348735957173,0.005592432398640085,0.004945718863007642,0.004356513855780577,0.005202000930192298
generation_import - Generation - Biomass,0.007128167904520524,0.004850769873294666,0.008856532204905307,0.004316436447961678,0.005253035079800611,0.011660317052101164,0.004448668318389536,0.0064160583566724655,0.009742724740993537,0.004368542139438432,0.004896892597711485,0.009908391366863726,0.005899223266937042,0.004254691660243224,0.010435172104747835
100m_wind_speed_std,0.0052265969484033125,0.0035451701383135514,0.002871545368736406,0.0028487003976188133,0.004356336087195814,0.0027106877427504512,0.003881183472655721,0.0026514307257275503,0.0029248354015903714,0.003794182844910779,0.004080842057897826,0.006534738579704026,0.003933533393972539,0.0029811797188090167,0.004322441705549863
10m_wind_speed_std,0.002265815983784705,0.0025681109190936694,0.007142775024529556,0.0019573573602735903,0.002884526018943461,0.007073912607422244,0.0038057104941626677,0.007798347635468417,0.009257067096226819,0.0020596424228172053,0.0028934334236837456,0.009500609486836765,0.0014347189470597641,0.003299889894772605,0.0069309092494622745
generation_import - Generation - Other renewable,0.0021035906064653317,0.0019360943150152393,0.015547202671861668,0.002472654981718733,0.0019286297992262007,0.010482645803574997,0.004433600662551044,0.0028292308341480066,0.012710141645286058,0.004682655422826884,0.003000586123489484,0.015719216110669093,0.00230620082294638,0.006009634209858632,0.006094427674932376
generation - Nuclear,0.002096789465310849,0.0030134976911849664,0.01403988378307986,0.0017253697031237606,0.003578842660141163,0.015805867724389827,0.0027113573681106116,0.0043886778405794755,0.019812825695251376,0.003010978107762767,0.0035948367396749746,0.015709704091791538,0.003975787728316846,0.0016900205871349953,0.013399887457956538
generation_import - Generation - Fossil Peat,0.013303772587736603,0.01399572545918636,0.002568665347453134,0.010051560077597969,0.012000976712137344,0.005650164571350615,0.01656147178960964,0.01704246534392587,0.003512510635846411,0.01266257852158742,0.013937956263136585,0.002862260143241656,0.013636743050031328,0.010999627933488227,0.0029196213307905055
temperature_mean_celsius,0.005214324603717159,0.004004527154378593,0.017206867217522813,0.0035305249341454326,0.004280487789456856,0.017591313315511798,0.004271753111901035,0.00619411266442512,0.017351342632973683,0.004484726143040461,0.007392276603961363,0.013090821156603852,0.004458371009597613,0.006833082715667843,0.01202193470729253
generation - Fossil Oil,0.000918342071597749,0.0017426956782546766,0.0006838541442891994,0.0014978058228389273,0.0015307427577663476,0.0005912035064618806,0.0012596481006912654,0.001265310891541958,0.0007418186503155653,0.0008539303771867708,0.001140603800286044,0.0005626599326748192,0.0007237568163359356,0.0009776911539056527,0.0006481854079581808
generation_import - Generation - Other,0.00105252359596426,0.001413285466019488,0.005970639529830805,0.0010091183964643733,0.0008427246387991545,0.005882495594236389,0.0016134905956748753,0.0014442614273975777,0.006579025807819562,0.0006467669082570638,0.001343600568932402,0.006353693227324584,0.0008781038316300425,0.0008169973009978549,0.006148376126874879
generation_import - Generation - Waste,0.02255823577153751,0.02138877741212491,0.018034303867511425,0.018194495721720157,0.020494474887527758,0.007332108638635873,0.01854008874536521,0.018112874387443297,0.0073130878555584785,0.016149220251041697,0.01906643301490476,0.0066719038752435155,0.016153381522669406,0.01575562778292806,0.0059577496630292895
generation_import - Import - SE_1,0.020181723550464086,0.016531572203850372,0.27061620353744364,0.020920886724896264,0.022133483438607073,0.2716925518129719,0.026669661484658717,0.030502568662341217,0.26308916277624667,0.03036175368900922,0.03229745419771644,0.24379548221686856,0.03216914422728587,0.033821122368972285,0.23708481841627507
generation - Biomass,0.00394911000893444,0.004265065116668211,0.005877720721295191,0.003710952847808585,0.0037044434866979827,0.006640851548858336,0.0021755633362417937,0.00333433019983228,0.00529468630671277,0.0031254483619380267,0.0018625094059370895,0.0066580204149195195,0.001167061267164911,0.0023054007758569243,0.007671570252019592
generation - Solar,0.005561572897961014,0.002999562295918622,0.00704706047954096,0.007762567409175972,0.002530745870557439,0.007457973640892305,0.0029858321456468955,0.00315780853416436,0.009004728444415378,0.003024569519044064,0.00518616244930763,0.007702120312026068,0.002953353136205351,0.0021754175684911845,0.0038683837137477896
generation_import - Import - SE_3,0.004857036697534568,0.0045108316757341525,0.0685588504767511,0.005033560526742803,0.009284448502621672,0.07134841473744018,0.012659625898908415,0.011981301813299068,0.0724057842940092,0.011979029903246556,0.011369273958465783,0.06564616804872639,0.008325231167294988,0.012381211321175215,0.0574442425276502
temperature_std_celsius,0.005246328097138758,0.007773807081344785,0.005429335970835609,0.006971859590968961,0.005149613147036235,0.005161371108835738,0.010004842408321566,0.006594655385343685,0.006770131591743848,0.004934698889506763,0.003887191187117594,0.007737312815349242,0.004878174046311869,0.005452914860943565,0.008918208051373767
generation - Fossil Peat,0.012821852559300169,0.015371638629192603,0.009825164667650824,0.014486255112438812,0.011725100373674649,0.007306643832751434,0.010058221072918969,0.010781953282433279,0.008132668313550312,0.009750068988909334,0.010493452320530196,0.009946236786148801,0.008135391653922852,0.006624645436597348,0.004724683528809692
intraday_wind_and_solar_forecast - Solar,0.0025122285636452945,0.002543883020645808,0.007322926357577671,0.0035894121769306365,0.003499499547469327,0.005523195356872747,0.0051751776644759955,0.0029301059777499176,0.011041878299110977,0.004020632736763219,0.002526816013601092,0.009961806876061019,0.004306719280286415,0.0024892586779023985,0.005966481083640247
wind_and_solar_forecast - Wind Onshore,0.007601783898366193,0.0038105075164680782,0.038962027464513084,0.008650890584332955,0.0050530198177002605,0.037817310630884095,0.007888900320184234,0.006784487761393393,0.04113576944294618,0.00813147819502774,0.009463677603835095,0.03764688086620299,0.009361555570474593,0.013066530844020235,0.036992647438295535
ssrd_mean_j_m2,0.006067618183384184,0.008567561885487521,0.01326950374495209,0.006162278971780324,0.005144288936979137,0.0178929699446453,0.004806731071483227,0.00154850933397654,0.014900186528277118,0.0037617565522450607,0.005544758112475392,0.015685246400127653,0.003769735043795663,0.003052911743427103,0.016434553724313447
generation_import - Generation - Fossil Oil,0.001302964312888207,0.0018643848667766179,0.002029585975948521,0.0015355774510298942,0.0018438523426775647,0.0018602348867707405,0.001563840295018963,0.0013722377458798291,0.0018725240093840512,0.0014639600172577046,0.0019238601233737428,0.0011055531297211943,0.001322371993311208,0.001692961094147904,0.0010964462965405346
generation_forecast - value,0.007252350702157856,0.007551291750579821,0.005739552652232306,0.008066920309858687,0.011683117844644585,0.0026019134230417648,0.009200835790863494,0.008143387800417259,0.0030859459906168924,0.004568768544344493,0.008421283790998131,0.009675093971143724,0.010147702461617883,0.007331314088180079,0.0031068180012180165
generation - Waste,0.03065029180997226,0.026389377790801517,0.007244765462135547,0.024617063257388508,0.025400909066083843,0.003739389633810788,0.021040029038285866,0.01934819087955839,0.006246282298649021,0.020004592199311447,0.021737239758003853,0.005628351341354573,0.018391597018169704,0.016928927906323225,0.004911225612078852
generation - Fossil Gas,0.004941053046401066,0.006547133184605627,0.02550186430044414,0.0027061215765679662,0.002789915410529375,0.027329897419578628,0.0028955879399163676,0.00288203634529134,0.02231457221729215,0.002434218944151098,0.0026754120674668228,0.018937397356610746,0.0026036638201157986,0.0025771917294150626,0.020052079958550167
load_forecast - Forecasted Load,0.002678534588523689,0.0027112407548775083,0.015186358739301796,0.002299172439481481,0.002847446301360833,0.012419487050865428,0.0020586988371206305,0.0027378206435382706,0.014811623750079888,0.0027655219034859327,0.0017927962599660532,0.013866988355381181,0.0024727295239736122,0.002661264238032345,0.015130612719221972
ssrd_std_j_m2,0.007539453327339288,0.005636004456722731,0.016229238441526832,0.0022638506584854667,0.0025507097760746546,0.016215043578100448,0.0030325605247016937,0.004445692848439649,0.01463676731448504,0.001221518231088112,0.00299219398479751,0.014442063590715407,0.004963144483859651,0.002333871086558702,0.018340768741909416
intraday_wind_and_solar_forecast - Wind Onshore_t-150min,0.002407916999843337,0.0028106924405437894,0.004565781473225798,0.007414835069708715,0.00530260727404675,0.004917290605951166,0.0027085087207278776,0.002626036138951804,0.006382215271408768,0.0022166624730366492,0.0017495570226751624,0.006258125484964694,0.0024220727028932743,0.0022537260988051457,0.006724448099631445
wind_and_solar_forecast - Solar_t-150min,0.00911657787387594,0.0028806158287779907,0.010831494524900336,0.002800107725244743,0.006650055070895178,0.022827082010815503,0.003946026519256975,0.004222804633363467,0.015801909404865002,0.008636858137324453,0.004227888341147263,0.017567282265576068,0.001845838385488605,0.006508100556296995,0.015567097466575433
100m_wind_speed_mean_t-150min,0.012248046515273017,0.00963748879074592,0.00995213439323561,0.00812835950031149,0.010203782987919113,0.00984220150623014,0.007088191687023937,0.007909217457316117,0.007910484877496855,0.01000916818829137,0.007568960603533924,0.005339085835090373,0.007669625409092987,0.005123963147538688,0.010406861856507021
10m_wind_speed_mean_t-150min,0.002661184437229167,0.0019304026763725232,0.030746474224688427,0.002244273900769258,0.00216170201125351,0.02751661826170857,0.002269197625772108,0.002339698463961099,0.0312543259707636,0.0025979984193354537,0.0021528855339365692,0.032156705757392046,0.0019540483109403792,0.0018205190655580736,0.031343661971230175
100m_wind_speed_std_t-150min,0.0032187838415338775,0.0019479476613232692,0.009643326247423829,0.00306047784666589,0.0034202317461262057,0.006343226804801816,0.003030729156967027,0.0021541995001698525,0.0078965107700933,0.0012602393995898638,0.003202895797427118,0.006342621929626603,0.0020881290020915914,0.0013916547064927727,0.00845899268680023
10m_wind_speed_std_t-150min,0.0019528078678431485,0.0017728720332238481,0.016910919183726038,0.001541561902075955,0.0016036205297600644,0.010911048658876097,0.0013934953731331917,0.0015511454253155535,0.016719727350369796,0.002051240197226434,0.0023416779886877067,0.01384247134294128,0.0017168482247143402,0.002540048967990515,0.01103647590345372
intraday_wind_and_solar_forecast - Solar_t-150min,0.007825232557857291,0.0055999642834067345,0.005349116393979785,0.006167463123623747,0.005003190976545739,0.003701701632493723,0.005563208716545887,0.006865019011434924,0.006011118520327727,0.007716784108793945,0.004029796218697357,0.004347113202188666,0.005615504793691798,0.002731930966178879,0.006052672034693387
wind_and_solar_forecast - Wind Onshore_t-150min,0.004152740134843043,0.002337139370711668,0.05187485164718237,0.0028727899431614788,0.005454482197121252,0.0586778279550781,0.0045915148072272136,0.007396919674440142,0.05620103144919267,0.006157480957828739,0.005627407788839264,0.058995948875555766,0.004205986057349946,0.005235564407983475,0.049553249667253114
ssrd_mean_j_m2_t-150min,0.0027175178501147455,0.0012594786019189995,0.006490138345377886,0.002803219649787934,0.0017631500759994197,0.005697881412830611,0.003380948178426479,0.002032553285576796,0.010930101972977354,0.0018792312822697567,0.0012610365546534012,0.009163786880690169,0.0034499336099215725,0.0018003533938456258,0.007747909840374632
ssrd_std_j_m2_t-150min,0.0018221348406482535,0.002033078875081628,0.005806970078240738,0.0026049683839555653,0.0015447111078137823,0.010478633095364785,0.002172698635278266,0.0016519155751248036,0.008503473619701253,0.001441996941679463,0.0018188896144311001,0.00844953529682607,0.0018756444433920478,0.0023274369217169805,0.00676329341976907
intraday_wind_and_solar_forecast - Wind Onshore_t-135min,0.004122687058657902,0.0029561304804774408,0.008080013920331112,0.004145677136498307,0.0028591087799813976,0.0032378266022133175,0.0023624953051325404,0.0022967634585220366,0.005803995749462046,0.002408406925438612,0.0023302674574770207,0.003537963002174365,0.0041030486940253465,0.0019403431608977825,0.0032787170083288402
wind_and_solar_forecast - Solar_t-135min,0.0055708468426933,0.0030773093054905303,0.01626517325444729,0.0014663425835320823,0.005534894450269348,0.010137375935834825,0.0023262686017112627,0.001552327528904712,0.009721325581136626,0.0013495440451468995,0.0021103509440536074,0.009330866153344686,0.0019061590789774528,0.002326425708906754,0.005254637324036594
100m_wind_speed_mean_t-135min,0.004449999722692609,0.004460577613482201,0.0057713730933637635,0.0018025634678756433,0.003825364082122178,0.004992785087017182,0.003234168876489093,0.0017640658497639378,0.005163441422413598,0.0020247960445149145,0.003119973813129036,0.006341894911670352,0.0016003157356110477,0.0017973141298398333,0.009065531642427231
10m_wind_speed_mean_t-135min,0.0016710910920937749,0.0018147639724760722,0.015067972544165968,0.00652307670492155,0.006592200101269555,0.01613180352229392,0.005140094416805368,0.0034096951717228876,0.014310635524394457,0.004311844485616802,0.0031670944890133798,0.018391195896227147,0.003091196495114673,0.001636236936426485,0.014564299886886147
100m_wind_speed_std_t-135min,0.0017640729878341404,0.002181762846782476,0.005989867215215781,0.0017685035610538761,0.001699434987710447,0.004831113412305342,0.002538200528200605,0.0033127379469871806,0.004492058057496252,0.0026788146063281603,0.0028493410069067976,0.005834659429077874,0.0031666237740014366,0.0031845131749232676,0.00482761843895014
10m_wind_speed_std_t-135min,0.009577515761586256,0.007608362476075854,0.007679162363005162,0.00590320294745834,0.00860656186068627,0.0046962699069226805,0.00835511859662074,0.003410557704973371,0.004599760382165186,0.0069633114960702186,0.008197859286365542,0.003676197435866925,0.009544816083056504,0.0048815941918383034,0.006996442700779881
intraday_wind_and_solar_forecast - Solar_t-135min,0.01192326706770109,0.01078403957026967,0.005642514480011868,0.010368197971169139,0.009269445678699412,0.007137278091617191,0.007384209734515025,0.007329694989064592,0.0034418537660403674,0.008632511211670135,0.007535387176329096,0.0026231711030514546,0.006983490744205483,0.007000417469724198,0.003038708958321877
wind_and_solar_forecast - Wind Onshore_t-135min,0.003455970468423402,0.0031894008001017936,0.06704775604818497,0.007273835808690052,0.007831686667865143,0.06544049115403322,0.0080579519400344,0.004668305852726007,0.0674992727712961,0.006657173816412979,0.003739653020739297,0.06831224741549523,0.006186239308393852,0.005891962835550658,0.06150166064292716
ssrd_mean_j_m2_t-135min,0.007601317120846943,0.004651224235739391,0.0149444522565027,0.003163033644830648,0.003914771794596163,0.017080974858021365,0.001771922746270775,0.006136768161248256,0.011084705197175936,0.0030657571173978793,0.0015980712570071774,0.010260756234485597,0.0016391290278954785,0.0026877063552383333,0.014787088958459208
ssrd_std_j_m2_t-135min,0.0019185551954160474,0.0031332907948290085,0.004578016109247983,0.0018266127660563143,0.0023388266268357257,0.0038603511110268302,0.004161265920600272,0.003858733084381129,0.006832799127052567,0.0021768672267171497,0.003570562180722391,0.007724330269185884,0.001888216224630014,0.002135470042054294,0.006956026060390286
intraday_wind_and_solar_forecast - Wind Onshore_t-120min,0.00617357048986014,0.0038253957083761634,0.010027182542922673,0.004168169314518309,0.005507313004509342,0.010565160681231646,0.0012070851082416993,0.0017898160777452857,0.00800703983499261,0.004667548284618533,0.0011836333601895604,0.006090193258731233,0.0016188081575000978,0.0016019312843200168,0.005258468818578876
wind_and_solar_forecast - Solar_t-120min,0.011558945147844496,0.010114707326720236,0.006912199206938567,0.009333734405750874,0.012295266204338986,0.009695190479535086,0.006483086438313876,0.00931926279657273,0.006700792781160999,0.007682798217370873,0.003865025492041241,0.009090132654422631,0.00745617946256425,0.005702422306167136,0.009204271041677202
100m_wind_speed_mean_t-120min,0.004764785870982905,0.002094134472168662,0.002621254540811833,0.0030881793882435887,0.002783457147699664,0.0045382439270326815,0.003137330376495811,0.0024771569443855696,0.00514138955881981,0.0025978430164605017,0.002789462574990466,0.0043141684784495735,0.001400699225176595,0.0018137329597448116,0.0056114244121599766
10m_wind_speed_mean_t-120min,0.004718939503793081,0.006386489311196783,0.004337558169573185,0.003294966503984142,0.005268848974884349,0.0039447936836950245,0.0039010285357285283,0.001439523134675781,0.007107658218400275,0.0024459376916820476,0.001983446985720093,0.005011708722058757,0.0019820553260017277,0.0018409907805142893,0.0031643711520864598
100m_wind_speed_std_t-120min,0.0043567844852359485,0.0025336368097405282,0.006507019743312412,0.002500526041999365,0.0013640725964228296,0.006510872285643927,0.0022683656213439464,0.0016463142181059993,0.004673498175183795,0.0018343153563734375,0.0015134473227012676,0.004700586621076581,0.0031097101353307153,0.0016261250177444708,0.009313568519055024
10m_wind_speed_std_t-120min,0.002418932934960594,0.0019393173602798015,0.005678806769428775,0.0029606538954558346,0.0016921742441199966,0.006082731223619703,0.001941705539416489,0.0034802726722559783,0.005515162587013038,0.002162687140370053,0.0018205686410996194,0.00848351341009402,0.0011271107293009664,0.00461691038056506,0.005498052152378478
intraday_wind_and_solar_forecast - Solar_t-120min,0.01010675311212617,0.008939719971604063,0.0057457622894407905,0.007341004716399766,0.009312659136907315,0.0040308471132484555,0.006295900547433121,0.006573894988745451,0.004618921829863211,0.0068527205469054026,0.0060683387838253115,0.006404248887986796,0.0022158413052021614,0.00755223187073716,0.00425892830889643
wind_and_solar_forecast - Wind Onshore_t-120min,0.009064587052802381,0.004170747375428619,0.04800280062675665,0.006337777828464823,0.006234755079013667,0.05779035863777972,0.0061875531595906065,0.00877873004077992,0.05433940107878152,0.012555280662563745,0.011245751939844922,0.05165733164962148,0.009074530640733429,0.007382960424834891,0.050925937106774656
ssrd_mean_j_m2_t-120min,0.0038610143843434345,0.0026401866098203753,0.004617466267372947,0.0037598190321878064,0.00237111335282907,0.005741539138100052,0.0023843406432206395,0.004077715742472378,0.0037466576278802678,0.0017975676617043063,0.0021483276232320348,0.005016050967889896,0.002238203719745343,0.0018019565392442018,0.0072588424995701645
ssrd_std_j_m2_t-120min,0.007673164778152568,0.00782051183618387,0.008118558066009427,0.007304449371644295,0.005540710118357311,0.012419213184781256,0.008800014462445688,0.0060943369081942365,0.007736252541246358,0.005460256447109714,0.00718121587560745,0.009464109492175339,0.0036172732838313094,0.0030253142695793257,0.011997501598962117
intraday_wind_and_solar_forecast - Wind Onshore_t-105min,0.004418074589002572,0.00983800161947147,0.007120584280150069,0.009777316084446284,0.004429060619540906,0.007473629720321696,0.0031242710842052475,0.007785766507537915,0.007016583359687502,0.002120750697944459,0.0019484961097625728,0.006943263095632574,0.0014419296379742264,0.0017042140186686082,0.0063774003090511545
wind_and_solar_forecast - Solar_t-105min,0.004318078210872045,0.006427965896524256,0.0043252847418179955,0.007495424217355321,0.00928150560503127,0.004789956856846402,0.006192626814554387,0.002497188415577966,0.0038886150873469207,0.0030902284316345003,0.0021910301931460483,0.00517550999435025,0.0014575539154184297,0.0022279460104780357,0.005376004108306916
100m_wind_speed_mean_t-105min,0.009766267955552395,0.005685027583234898,0.002784012306912473,0.009920628099891474,0.008513910603279896,0.0026643032428071366,0.00563682778515431,0.008308648031183112,0.005658740848681191,0.008536876850519548,0.006121200412709641,0.0024927461400347964,0.0016713658472899623,0.005821177569279826,0.0034968343106402244
10m_wind_speed_mean_t-105min,0.0024251325018676655,0.0020899560506504712,0.005513410214556643,0.002820213465449797,0.0023130977246300973,0.005043848035577866,0.004343243477283522,0.002577886738716188,0.007295013255756203,0.003452918616269017,0.002566286108068624,0.006856827072252599,0.004732381230661303,0.00449912230145128,0.0038520790225516064
100m_wind_speed_std_t-105min,0.01116179439746702,0.006740180274271552,0.01366995274565852,0.00732485229462327,0.010046652705404994,0.012063179806958943,0.007806779798767821,0.006769412374604144,0.009463666936181312,0.0074436682767045565,0.00927840458551509,0.006179220495476329,0.003825946537585878,0.00331948511197686,0.007193535794306854
10m_wind_speed_std_t-105min,0.005152210549253141,0.003525581112779037,0.008945062305967439,0.005568709865095116,0.005125697810803104,0.01042426096778945,0.004363978943301845,0.00664654427451444,0.006178179881579126,0.005065764261958066,0.004382393530335321,0.012802451161880526,0.002655623483924501,0.0022554054280089987,0.012921430811315077
intraday_wind_and_solar_forecast - Solar_t-105min,0.005919595260820643,0.007850932704954175,0.01764538702798018,0.008222109954062034,0.004939297734483262,0.019392633207033213,0.005031492235684709,0.0037042693554394644,0.01468693122361583,0.0018163505157183409,0.010263766905176453,0.012865284174855333,0.0066911685436207334,0.002748401683960765,0.012849243942881002
wind_and_solar_forecast - Wind Onshore_t-105min,0.012216660392572522,0.013121406016819492,0.023229300988692556,0.008387032432307024,0.013481543599249562,0.023453464715901647,0.011364321111930621,0.009182241484066026,0.026281602154806023,0.008637564533990371,0.007792102419825824,0.027015786831922014,0.008509111381683851,0.0042319438216040055,0.02229782219286426
ssrd_mean_j_m2_t-105min,0.00949738799575789,0.003421659998839459,0.018655924271792173,0.003668263745967124,0.005652227775366555,0.020048479505028808,0.0035850816026322717,0.003431842377613066,0.01870706037679338,0.004149207367474446,0.003044868805431179,0.011415719403263665,0.004585317649172794,0.0011904325132290978,0.01334328976427787
ssrd_std_j_m2_t-105min,0.001778534396318662,0.0018378753781698833,0.004509814287368499,0.0012043349456102987,0.0012453035902490227,0.004240837170434361,0.002001805183779652,0.0010260075146616145,0.003803831508714211,0.0027528631713582287,0.0012157172930551496,0.004742431559654506,0.0015487695911742777,0.002265359843348051,0.0048374782895170935
intraday_wind_and_solar_forecast - Wind Onshore_t-90min,0.007023377068172522,0.004800434371363735,0.004706371024202781,0.007322590672069054,0.0023308075386930796,0.006810747053881641,0.005923805618938786,0.005046490585178617,0.008074804680371016,0.0027454141602302118,0.002862174342313665,0.00648236691891384,0.0022256258056459048,0.004519526389578459,0.00528150841268689
wind_and_solar_forecast - Solar_t-90min,0.0022004426789098944,0.0030638584063462987,0.006435021078468708,0.0022497232628279564,0.002915289332519137,0.012539241655342266,0.003846546720773404,0.00552277552675514,0.009224667336296078,0.0016717017915177622,0.0016874222500194947,0.006433200750396282,0.0019684315388185498,0.001817218804462982,0.007107101014338695
100m_wind_speed_mean_t-90min,0.0020536729022396683,0.001529282497633517,0.02204686249603401,0.001504658045987526,0.0031734884686666193,0.01871709717936028,0.002727823358115984,0.0019934648289417966,0.020520331274165072,0.0012520850339660682,0.0014832603242011827,0.025774718976579607,0.0031746796414254277,0.001105802633938879,0.019255197482721996
10m_wind_speed_mean_t-90min,0.018810686270604494,0.012299178707195097,0.009263350801691559,0.010655521634711477,0.01289408925430689,0.010607474474898482,0.007682941376337112,0.009657334407012969,0.011853890625483473,0.009147306601371384,0.011692211942114226,0.009894856123137287,0.009017367542546707,0.00866705659555737,0.00962087284242807
100m_wind_speed_std_t-90min,0.0017868565123571897,0.00538301004479581,0.01203878551039088,0.007598431525264459,0.0035477326401633035,0.008981994777212093,0.002272134502498375,0.0032511420663668103,0.007670100202039976,0.0009199784449670005,0.003629100682886019,0.01047456316552143,0.0034325008356836406,0.0055852817946833964,0.0069988759540719914
10m_wind_speed_std_t-90min,0.0053294131659909,0.004140029408125884,0.024029943998903035,0.00854789420291445,0.004693634077317256,0.026634767098781594,0.003856681217734149,0.0057058200086576106,0.029013070948189123,0.004938400194436326,0.003275693914909027,0.024016207105538343,0.00420138354417054,0.0036094078738983628,0.021943835838130327
intraday_wind_and_solar_forecast - Solar_t-90min,0.021574402752739842,0.02426691987859522,0.006952038031868142,0.015735033955672408,0.021386032771587453,0.005966062846564455,0.019680307070724667,0.016249985167276465,0.009340483765077807,0.01732456480502151,0.012566950956279471,0.005737678841158225,0.012434490628915228,0.01615134877953824,0.005070545990718529
wind_and_solar_forecast - Wind Onshore_t-90min,0.0016188329589285786,0.0029948030541090704,0.029291168042975185,0.002069211139094705,0.0016620505283244712,0.032281424867018356,0.002143186060762673,0.002329009906761485,0.027245580764720216,0.004803271079816113,0.0032356434230868558,0.0238985124532137,0.0018455244688175298,0.0014148997608081117,0.0289913645328852
ssrd_mean_j_m2_t-90min,0.0036033288822764006,0.004359113200516731,0.0053632308618489334,0.0024850979307157106,0.0033949774016236917,0.005814381708598376,0.003984471377028967,0.0081927419540948,0.004979640742548327,0.0018449713003737998,0.002594185153823673,0.00821692252831508,0.004721050951739017,0.004292060716332344,0.007695082888516481
ssrd_std_j_m2_t-90min,0.0023289195553234093,0.004993125853173751,0.0047970708674779415,0.00483147056022608,0.00269224142497842,0.008502963943057693,0.002937259574121754,0.0011240009262432978,0.011775065260095289,0.0041768675992025234,0.005415647711117345,0.0037249012835209212,0.0013810873891407028,0.004426990711609505,0.003867744901119295
intraday_wind_and_solar_forecast - Wind Onshore_t-75min,0.0046203046383468515,0.001651541838321009,0.01992924061701342,0.001527824031084947,0.001990365967816615,0.018568669682790643,0.007452468544812291,0.00399456667861034,0.019447048997171805,0.00482071652878949,0.004171872397321522,0.02139169746749394,0.003619098510433304,0.0015038771669721883,0.01607718163527534
wind_and_solar_forecast - Solar_t-75min,0.0055644431427572276,0.001950471038939213,0.026852695848356235,0.0020036555914666678,0.002021192849022327,0.024249390791956104,0.0055369448923884195,0.0035310428753209636,0.020445333147883504,0.004781475431620492,0.004840333639251185,0.018975442647515592,0.006136198492495169,0.003253181646260373,0.023575066277815495
100m_wind_speed_mean_t-75min,0.004591116071968827,0.00518009836341298,0.005701002161129508,0.0023520297742725235,0.0030183142047635557,0.00485584595898672,0.004059739688134868,0.0027176099706748575,0.004674716307742528,0.0032508170741257347,0.0021337746538057445,0.005147884057502779,0.0026558607288097846,0.0074361509378868505,0.007607060352148437
10m_wind_speed_mean_t-75min,0.007669187888393935,0.007141258003437088,0.014651003829625552,0.0060770475634342345,0.004883064812125667,0.015122994386823848,0.005398594460204549,0.004477217831851249,0.011238810875162016,0.003467367591539187,0.005443797179696048,0.01769573113599654,0.007574906079393259,0.004269312100951083,0.017995542960023158
100m_wind_speed_std_t-75min,0.005921337186295787,0.004440272936036308,0.006652445123304915,0.004267242639746087,0.004186215801000799,0.008737631570998928,0.004577190481750221,0.003826418814876888,0.014718244372968911,0.0016213466908811824,0.0036302595544307225,0.009156296457365898,0.003370768229509849,0.0014429804722785775,0.003563938952951503
10m_wind_speed_std_t-75min,0.003953715228766669,0.00629716826179174,0.009273829469726479,0.005845810538616206,0.003367888711509295,0.011132055321184452,0.005821080424453612,0.004407521194963919,0.006830442769663932,0.002077401243892439,0.004981573225464672,0.011087884462369402,0.006679915411072216,0.0019490457518468248,0.01191593690800073
intraday_wind_and_solar_forecast - Solar_t-75min,0.005255531939270441,0.004211126532155504,0.005474455422488972,0.003154760512515168,0.007011871363563842,0.0054030039266581295,0.002359123909588561,0.0023689095851786987,0.006221554113373713,0.005449831402882409,0.005561722022828689,0.007900288857625127,0.0019331705809779577,0.005420595464305734,0.0059385038050222645
wind_and_solar_forecast - Wind Onshore_t-75min,0.004119319227768756,0.0016013506184835932,0.038345917487356926,0.004461221706344077,0.0034844223652689835,0.03964959602689032,0.001616889398865169,0.0058853489278753845,0.03721964027251215,0.0017712978529207247,0.0035777349798117937,0.03238019227742916,0.002854752201345491,0.0049528637280163825,0.03688807139293567
ssrd_mean_j_m2_t-75min,0.001692579978313006,0.0014860028615917714,0.007374033607753518,0.008411992781446316,0.00397840245248517,0.00830166554501193,0.0018390564620731312,0.0035728584178359598,0.005416738207489863,0.0019795989776366695,0.0015339130137190296,0.005762150082089647,0.0032994560743682087,0.0019204748810352612,0.007263290863966177
ssrd_std_j_m2_t-75min,0.006990191931487061,0.0060660245751132606,0.007592572464782279,0.005901644573372323,0.005852277442894774,0.010631236035329493,0.006810900486180799,0.008531559202150674,0.011877209492304246,0.005627034811113845,0.004158801325582317,0.007904437876470183,0.006173857212074836,0.002219990189395048,0.006497834921719914
intraday_wind_and_solar_forecast - Wind Onshore_t-60min,0.005592595173246082,0.007967306829665175,0.02063758516946109,0.004742842922370983,0.005610049584420835,0.023141551508535484,0.004360212315265017,0.004282734007610998,0.020539386286065563,0.008243256286066753,0.005491612932000862,0.012232238904834958,0.003765620186715296,0.006311948263770034,0.01907828297074593
wind_and_solar_forecast - Solar_t-60min,0.005087908466048247,0.007004027466959087,0.004513925119648775,0.0037974120583967306,0.008544830032617029,0.007243795788984699,0.01480795528058661,0.008033046434844267,0.006655014957432286,0.0095055206118559,0.010725713712861762,0.0029023034506117256,0.010787654056301107,0.009199027869843121,0.0054500308006518025
100m_wind_speed_mean_t-60min,0.006899844104715157,0.0062182846554114804,0.008094704872688454,0.004054466582219419,0.005661704660185933,0.005531912151556753,0.005195676805789617,0.0029332865210817544,0.004629919122619867,0.002168846069131632,0.006371718267371761,0.00631231560814922,0.0026344874706719567,0.003270422249433977,0.004676152616806121
10m_wind_speed_mean_t-60min,0.004528021506805089,0.006302409652758797,0.020063227770286175,0.00914198303762305,0.006612577948704711,0.018269885427893314,0.00536418540109753,0.0054121641328347325,0.018621216188153086,0.004328339999847231,0.007431041996059548,0.017058000098681077,0.00757149028529966,0.005412018518987679,0.017219742354755
100m_wind_speed_std_t-60min,0.0025637552796906674,0.002936285169630537,0.0018924300516853236,0.0024754349501286015,0.0027162469663912815,0.001910405756712862,0.0021889278476483016,0.0022292846456402914,0.0019214959591208754,0.0018863211767197754,0.0010848566616916743,0.0033790596140188425,0.0031946116579210865,0.001707425279850213,0.009994566546401984
10m_wind_speed_std_t-60min,0.0021080501197552623,0.0010495597452909351,0.006278597290523976,0.0013343109119897463,0.001569861285136767,0.005794329839869533,0.0018316042788114827,0.003370557465455022,0.006230547702673903,0.002159095414528565,0.001945864448309294,0.004052105117072017,0.0009975032690921354,0.0016104178403893456,0.005002478032000908
intraday_wind_and_solar_forecast - Solar_t-60min,0.005140389775002717,0.006712890421040356,0.009384461641027884,0.0024271073798590804,0.0031171580687259846,0.004840998548031053,0.0019744856981892553,0.0018598271355131147,0.0045197365508975055,0.0034762866113319433,0.00361075018428528,0.005411109741195105,0.005188497777070552,0.0037032296285524355,0.005973828549824247
wind_and_solar_forecast - Wind Onshore_t-60min,0.008003570570785087,0.008873587186722943,0.024863580814479973,0.005849062911365764,0.004630980978426351,0.02342103519624243,0.00439091501713915,0.004298788672207593,0.026746304106069145,0.002419607928020014,0.0021606716899259483,0.021958884558437603,0.00242164317966035,0.007441454573170631,0.015568426010631357
ssrd_mean_j_m2_t-60min,0.003760236534862088,0.004276949076185701,0.0035131250758640817,0.00628942609045771,0.0054949958471879655,0.0035652066288530478,0.005284723827163361,0.002010840643509255,0.004231304797340272,0.0013417144625597146,0.001720739604133996,0.006594598823423439,0.0016722718393702963,0.002182275719950212,0.0039456561382176
ssrd_std_j_m2_t-60min,0.005723164402172188,0.00670681635461915,0.004820675150509487,0.004773329777418326,0.005814916605781036,0.004204510695177305,0.007045153145791119,0.005216797617445991,0.0069392051420290955,0.007592099955567391,0.00827924991263717,0.005961308543097402,0.00572727250566686,0.006664626852474612,0.006551620624442876
intraday_wind_and_solar_forecast - Wind Onshore_t-45min,0.01145440274966495,0.013649084407574265,0.047184268759854604,0.015110262877598871,0.016598012323440343,0.04907000653230352,0.014884909075324686,0.01550157929359557,0.04452098326158011,0.011914062882828149,0.013086150160379475,0.04135390088149143,0.009648018134568701,0.009469859988952521,0.037091464682103836
wind_and_solar_forecast - Solar_t-45min,0.007347967080982926,0.005300825821104809,0.009144926518565626,0.0023320054259106655,0.003614643520882964,0.005695926009668255,0.006205058528703376,0.0021254000655062553,0.005532824992777364,0.004907990042833262,0.006298616725271131,0.004821305875442704,0.0025498013991855258,0.0021062204160575675,0.004891534503572984
100m_wind_speed_mean_t-45min,0.003900372057212735,0.004364950999912708,0.003397697724369209,0.0026169707759727315,0.0030392880046128993,0.006560761789143726,0.0044742855043723466,0.007767567738024809,0.007574538280976413,0.0030250336698336468,0.0015327486828948622,0.004968764000397642,0.006473615875853283,0.0027765260748137733,0.0037498265531157814
10m_wind_speed_mean_t-45min,0.009132221933148684,0.007641857864111444,0.0188452824570486,0.006490340390051187,0.006740426641321392,0.01610360201351432,0.007535928814351792,0.008502826672414813,0.0177056250580863,0.007227981548981916,0.005678114634345547,0.018732065762087587,0.004104178443563797,0.008253767441463424,0.021153939446905495
100m_wind_speed_std_t-45min,0.0028897720814984496,0.00270627483474982,0.009259887312754471,0.0027456449216570035,0.0024329797436066654,0.009578585415595626,0.0038282012756098993,0.0018346083766023185,0.015095026295268326,0.0026349208000647196,0.002023615239759238,0.012271702801532228,0.002012930694339957,0.0037252890367481086,0.012371647771040443
10m_wind_speed_std_t-45min,0.0031278378420247464,0.004446608077942073,0.0047617885647596265,0.0027124427737671795,0.003447777684099492,0.008022685983938573,0.006740471118988353,0.0028681878143124776,0.0062340453044816965,0.005154928449963336,0.0035660609773440796,0.003605459733702446,0.006705753265647218,0.0037225194038574046,0.003513839972560163
intraday_wind_and_solar_forecast - Solar_t-45min,0.005656074634807737,0.002975395226445926,0.014565150366928719,0.00409342834520794,0.0022587034962718348,0.010362032422704942,0.0026150591421319406,0.004477671121872845,0.01808783943561866,0.001911803328714086,0.0016466378027457723,0.01646225476042309,0.0035966387222870254,0.0021392990384010773,0.012293450046956422
wind_and_solar_forecast - Wind Onshore_t-45min,0.0021513081096302357,0.0020015650075943087,0.009976690253221931,0.002033657760817732,0.0019280596885864725,0.010478301100512908,0.0024546827262176977,0.002656167093653494,0.01285970835272019,0.0040787515586525845,0.0023285533228925032,0.016959743258525124,0.0019086679180454666,0.0033616382950858678,0.009990314801540081
ssrd_mean_j_m2_t-45min,0.001768676994124462,0.0019944992634418667,0.008768961287474668,0.0021308361882261123,0.0020047735467323947,0.008108638545396389,0.0010354829719549344,0.0011611896677686674,0.007359674526946037,0.0009298361386661327,0.0015195474727761394,0.006362754206476893,0.001621976489879927,0.0026275958234728025,0.004972409959671495
ssrd_std_j_m2_t-45min,0.006605404447262118,0.004794768503474188,0.005652780873738152,0.0037985559461994854,0.0023757489116833313,0.0056462678945263176,0.006259859701451205,0.0039442657588224395,0.005424868071441779,0.004866709708636336,0.006140833946934435,0.005167315772055872,0.00386078346501472,0.004549785682640504,0.005226344081609568
intraday_wind_and_solar_forecast - Wind Onshore_t-30min,0.00890924941884441,0.0052678610922293955,0.04178514136545709,0.0020162374887385255,0.004629805618955742,0.03873989602745132,0.004535443947992462,0.006834089797652269,0.03975091356836492,0.004658318302361295,0.007601537550741341,0.038027262495175816,0.0038776957682530337,0.005899100257869577,0.03668524580361555
wind_and_solar_forecast - Solar_t-30min,0.0037176260407968584,0.002250342501627529,0.008955585601565872,0.002961186040609391,0.003407619915284158,0.01058915671515615,0.00488535602275806,0.003478738501893531,0.011945263581510516,0.001461901745171872,0.004847800684572576,0.008836706832569917,0.0061889809375243205,0.004273969133733771,0.006896198715581704
100m_wind_speed_mean_t-30min,0.007033942853923691,0.006341985477123672,0.017336076609877637,0.004050678043476182,0.005050040063564665,0.013306456936985341,0.0039349839044448345,0.004518875148140068,0.016576045161211823,0.003205115356542933,0.0014051033970417849,0.014289189624789287,0.003899406226954511,0.0017010144216947083,0.00975146252389095
10m_wind_speed_mean_t-30min,0.002346810150485908,0.0035104102524965127,0.019368280624465113,0.002198066565870931,0.00182941561532607,0.01804698398831533,0.0016617587651076066,0.0023031230270062226,0.017004311194759793,0.003583156940090703,0.0033016424961006124,0.00956743506343264,0.0028869064060836535,0.005841463421635126,0.015416913646648028
100m_wind_speed_std_t-30min,0.0029921106089359456,0.002546665962359839,0.019953862129186747,0.0016269528112379703,0.006189570190326776,0.016617000017216922,0.0052800913626415424,0.0015513451939623338,0.014357599513349669,0.005843403578601283,0.004146461067573,0.012858762305670098,0.002557092131741115,0.002612064693809316,0.012274607716914033
10m_wind_speed_std_t-30min,0.0026240523784954346,0.004645662078111172,0.011615319647047727,0.002764237418981793,0.0038240457729953052,0.01336240530106079,0.003324345319719214,0.0023262386545070514,0.0072520320665062175,0.002337706974773937,0.006941637287818594,0.004962252045683272,0.005173940194164515,0.0035645516192410014,0.00978801822747846
intraday_wind_and_solar_forecast - Solar_t-30min,0.007669477205607109,0.0026676712284206586,0.005141552312162276,0.0032155012249495485,0.003305160723869449,0.003918094476046462,0.004860274583457795,0.004041292770300061,0.005406973074279449,0.002053707131192823,0.0024108841781121555,0.006157490732874067,0.0017099945004235906,0.0014505698915681933,0.005572004162060693
wind_and_solar_forecast - Wind Onshore_t-30min,0.006658954399303184,0.006286732292111992,0.026996215964434668,0.006557640816019557,0.00415857705232338,0.02874780285269662,0.005043575049832725,0.004273724936690996,0.024000038228579795,0.009569810063982003,0.0071492233978497095,0.022065483585043694,0.008165239412293886,0.0047173528734929275,0.024439692614847446
ssrd_mean_j_m2_t-30min,0.012878543268801878,0.011994474800041644,0.006612780978410228,0.008886898898275831,0.010727699790892074,0.0071523986758329555,0.006870783797428885,0.008011000908940332,0.003270493143454587,0.007542742108082166,0.009425812027731809,0.002707130816017525,0.0059944529974127365,0.007147626047873928,0.002831872488211957
ssrd_std_j_m2_t-30min,0.0038664163638441095,0.0022883556169417717,0.0035093803135587223,0.003395599207208761,0.001825364560345406,0.0025493752990723806,0.003187209017562054,0.0024816462616126956,0.004236834257666487,0.003843542239449562,0.002653992422950978,0.003798511192908336,0.0015356747400373935,0.0018303293594872229,0.0028056275591952728
intraday_wind_and_solar_forecast - Wind Onshore_t-15min,0.00513324832524313,0.005572588212337223,0.03107566957452218,0.001559397975892523,0.005492233283843234,0.033876639122943746,0.003123407093804417,0.007509792092343559,0.028077066791927792,0.005209121775103995,0.003424016057623618,0.029841760952112963,0.0035890849845418415,0.00411608168092971,0.02779314766342122
wind_and_solar_forecast - Solar_t-15min,0.010553567950239085,0.011792927772417897,0.012968257545231609,0.015152877590619028,0.00865058940119343,0.010616275428001245,0.010915576260394516,0.012293487541492142,0.01351953992259223,0.009492208055969968,0.007658843875979073,0.011069846988844802,0.006405098574130534,0.00928007874499599,0.011965740100735275
100m_wind_speed_mean_t-15min,0.004901711740455085,0.007541402934113517,0.009464441243675537,0.0021955793353936313,0.0027530239160187195,0.013665819326874043,0.0020822182299580164,0.0015951842910706092,0.008933224105421687,0.0022566737089764503,0.0038347849898273125,0.01183581031263293,0.0038393880431285654,0.0025821576270209333,0.010081611997518848
10m_wind_speed_mean_t-15min,0.005321203724843144,0.0058279683460189064,0.010072253125232238,0.003488298013697204,0.007027670252890857,0.012591618232982,0.004604079595226267,0.00214131774962334,0.012046108711743728,0.005242655745864795,0.0016348455515721413,0.01562807854143466,0.004975709786805964,0.006645770342342985,0.014019818265831418
100m_wind_speed_std_t-15min,0.0069817920546647655,0.006043879002389076,0.002590516896390909,0.0037858562628971413,0.0022410314012704475,0.004786226261268439,0.004986486160261847,0.0027399800051380223,0.002723896671504917,0.0028109088469727792,0.003429612776059912,0.0034378917067297153,0.0014487199185714416,0.0035638248792911327,0.0029814216267129725
10m_wind_speed_std_t-15min,0.005036932287523769,0.004075079468835611,0.017218530187114084,0.006078587897200123,0.0035488643580811187,0.014212653276807033,0.0047334745365697015,0.006274130263277584,0.011623210029749316,0.004428014862201963,0.0030814231857020785,0.01583498796693311,0.0015292025914027364,0.0035491744908963483,0.014509524956092718
intraday_wind_and_solar_forecast - Solar_t-15min,0.012165480837524228,0.013733387862230302,0.003495964025887588,0.007547848643339421,0.010510087065478728,0.004264234168302209,0.010298365442431533,0.010398185145138995,0.0054435187477138245,0.009831793524972455,0.008466730960351925,0.01193465567099065,0.009595361604680875,0.011964744831799181,0.011136092437947808
wind_and_solar_forecast - Wind Onshore_t-15min,0.006851922595466022,0.008864740780594729,0.043622084859760435,0.010612410330604689,0.00938339467409969,0.04609923928971693,0.009908497464639367,0.007014634957066846,0.04582215414615348,0.00885674107385148,0.008063475088190898,0.043879234661988446,0.0075133533334346796,0.007737777548231861,0.0409889206295411
ssrd_mean_j_m2_t-15min,0.001535966056613688,0.0018362266267154155,0.011203471660802733,0.0035725729214100286,0.0017674410860329317,0.009503405331925023,0.0023386006912751328,0.0037758352120763447,0.006932549072187612,0.0015108899102760916,0.001895671755773037,0.012444936336338287,0.0032323349534183594,0.0025931474360386345,0.014150307412084657
ssrd_std_j_m2_t-15min,0.0021071573013996384,0.00244321439963187,0.014213078269269317,0.0019795503295058554,0.00180550390244116,0.012413950314679824,0.0021304107859040473,0.0033538288946438114,0.012500586053705773,0.002254541905947917,0.0021152399262155085,0.014274552782597311,0.003151988914195499,0.005140346655283793,0.013085480151516095
load_forecast - Forecasted Load_t-150min,0.012124956878426019,0.009976057333879311,0.010523826139684387,0.008325324926561734,0.009539656319771894,0.00750012028324636,0.00908794712803865,0.012019655439835332,0.008175376466671878,0.009936256314500498,0.01149515524119488,0.01020108337900922,0.013054180297348695,0.010827272669754166,0.011231480854090477
generation_forecast - value_t-150min,0.006260620899163768,0.003557675331194332,0.006295185736387794,0.005158006374166689,0.0034343815993997853,0.005713502148009866,0.00765788424463608,0.007267293622109719,0.00742104694275622,0.00864630188508454,0.0019184052978774844,0.010538028682414734,0.005238641866730177,0.0023872203235059714,0.008308404073784914
load_forecast - Forecasted Load_t-135min,0.005068971159451394,0.005574932975665433,0.019693014166376088,0.0030237953614296203,0.002352264976212609,0.021736834872417603,0.004391301078896504,0.0032298723486710516,0.019047592352173525,0.003693941818048188,0.0023106505443573726,0.022394636280820123,0.0020461957833720133,0.0015069214348186505,0.01619926199989277
generation_forecast - value_t-135min,0.007819404907091666,0.007009775917969818,0.016587778357595197,0.005904671159892359,0.006340594215384272,0.018897803209878473,0.006027248067814071,0.0045975150763697455,0.01610279956335458,0.005376225555005476,0.006199263564740249,0.008756528881351188,0.003535343869287317,0.009364637731319818,0.010375996881150058
load_forecast - Forecasted Load_t-120min,0.003169336013168504,0.0027478221696001126,0.0373045343918493,0.0036839196591790823,0.0024651264071928834,0.036335389584535735,0.0029222362568270908,0.002600780689259409,0.0374885210233042,0.0038384027979645905,0.0027865684401913314,0.039029852357227356,0.0016057593934506258,0.003617159184841512,0.03394615925103426
generation_forecast - value_t-120min,0.0060510789381823995,0.0027337241078190574,0.01264462032931624,0.002726513769815938,0.0027340448197705884,0.009830932194320668,0.0018436075863346559,0.0016544663287259027,0.0139903061461373,0.0020154649097335097,0.0015994179657645873,0.01051558831660077,0.001788823287382911,0.0021977400602427224,0.009449214123846104
load_forecast - Forecasted Load_t-105min,0.004143268920050104,0.0018358917139876213,0.014495041098940419,0.002599185928605948,0.0014505759752482844,0.015287256924469148,0.0016895975759052817,0.0021283922866315377,0.02002951555221807,0.0010879779373854034,0.0018028983803849315,0.016510610722820274,0.0009459297681169118,0.0009758766884057195,0.013670534348235378
generation_forecast - value_t-105min,0.01596501338794769,0.015523224479722557,0.03155068784103787,0.017208237338294567,0.016892811734622228,0.025412239627868986,0.013857469695270993,0.016845235792643506,0.027459404559536778,0.012540931263887615,0.011951116707952679,0.02792719079872768,0.011460315303251263,0.010452607179473489,0.027370279477414442
load_forecast - Forecasted Load_t-90min,0.00808185537344616,0.008415730547938437,0.026820735010770022,0.009258273509682112,0.008270836351963226,0.023328376661025687,0.008456476350853335,0.007501602451742656,0.021260772512439872,0.00925008936492668,0.006467033358676417,0.021659756474604365,0.008149069448030786,0.008759356734381073,0.0189701127584558
generation_forecast - value_t-90min,0.003515287446516595,0.004738181163205809,0.012670339812655584,0.0031395155983700534,0.002338948373009771,0.014928297851569369,0.00646809697018034,0.0037342553378075538,0.015622525583232346,0.0023633020026391023,0.002190479750086524,0.003057583516565273,0.0029724588562639836,0.004614900075437618,0.006703016427387411
load_forecast - Forecasted Load_t-75min,0.00775712283042958,0.010115788644306121,0.007335406252979738,0.008526645616273526,0.005965197019544575,0.008303228905635479,0.00473340859520249,0.004461681830686075,0.007030346912917594,0.006875210603416235,0.003977780418214024,0.006196747334997781,0.004507667477388168,0.006487579411064872,0.005726450501326326
generation_forecast - value_t-75min,0.006304146770233274,0.003401094545293745,0.003161142519084933,0.00257761854245291,0.0036471980802889447,0.004157954920225165,0.0024057349523245648,0.003776507060021686,0.0033104655232891675,0.004033584044564122,0.006318750350903428,0.003138081061207231,0.0013845233521735736,0.002870197134540831,0.004158520689183206
load_forecast - Forecasted Load_t-60min,0.004757590525508931,0.003459083392514003,0.00808973810576208,0.0029339571398031695,0.0035127450537620463,0.007066602003896264,0.0028979349689634546,0.0032639751456099474,0.005938999360409753,0.0013347645545618435,0.0029290759987679847,0.007091613162180693,0.002803106845514776,0.0030603958270285147,0.005999813610258571
generation_forecast - value_t-60min,0.003262491466813685,0.0028817193580434834,0.0045942700071973375,0.005711543538441219,0.003741559598970639,0.0036122309268057508,0.002236548168966806,0.0030177552987279343,0.004169157853282286,0.004857204316655043,0.004468129373737611,0.0043378297716549245,0.005045063650315569,0.0038689274910075257,0.0042015078891054145
load_forecast - Forecasted Load_t-45min,0.0056304368187255985,0.005561864519811934,0.023394185100827598,0.0031778054223104845,0.006441630549399634,0.019397669130528813,0.002231905596142951,0.0038509579566161846,0.020646200169390796,0.0020800453526117054,0.0033427298997339675,0.02351043713735271,0.0052496461763551,0.005949358275865961,0.01926072014073725
generation_forecast - value_t-45min,0.005243054363883402,0.0031957125088501927,0.019773721079647658,0.0022716563365574984,0.0037638477527980286,0.020572550811455585,0.0074729555055382665,0.008032724266129661,0.015356127168466628,0.003221119185829593,0.0070546516880567655,0.014929568287363509,0.006438808667327976,0.005373169670598145,0.01845841532788472
load_forecast - Forecasted Load_t-30min,0.006894290745993203,0.006813241275812288,0.022909767852776895,0.006072965461282365,0.004340779867464334,0.018561933492150275,0.008961487449596461,0.007016706135949789,0.020441758239734098,0.003718825944581113,0.005201676529351971,0.015026739593489765,0.0047996983221746635,0.004834793136583357,0.015547329728011391
generation_forecast - value_t-30min,0.006739636149999569,0.011484673466784443,0.02023764993935765,0.004403809159550292,0.008049125840916532,0.017122026440818446,0.005669374980345311,0.0031956329829326935,0.018216801491653313,0.008503105910454906,0.007270695075193544,0.015387948879651957,0.0038267816628003858,0.004804574725748807,0.0162430416198913
load_forecast - Forecasted Load_t-15min,0.004909217903282325,0.007544534079898768,0.01700156845971287,0.0056845244959343975,0.006776934623907436,0.018131517596539196,0.0032584267592774266,0.004757198452618468,0.020641375187238735,0.003945448203932756,0.004984824317657513,0.017966126415558392,0.003764892947059707,0.007912695021732362,0.01722792577688233
generation_forecast - value_t-15min,0.01399067303762422,0.012656953440651705,0.008355324712454603,0.008619702255164157,0.009657313644780516,0.007920192249919637,0.014454761386819882,0.016529540421426646,0.00963446167139773,0.006992922918170507,0.01224678804767609,0.009712087212668849,0.008864970443290076,0.00881801765000273,0.007637849877311965
generation - Fossil Hard coal_t-150min,0.0020158899594837293,0.0019117447661546976,0.008780372116263606,0.002414764342073795,0.0020503459531610135,0.005218856779459202,0.0012448747674816331,0.0013688886684121826,0.005920635223138561,0.003297612593967642,0.0023723508671246235,0.007723969427119301,0.0019679925830532736,0.006069079264299944,0.004606089315047939
generation - Other_t-150min,0.004001884169556433,0.0032520057614110554,0.004685911696033145,0.001872544172578273,0.0017900803416923737,0.006875073688959674,0.002499786274469443,0.0019569474123500184,0.0038315136689570863,0.0017661382023998159,0.0012331030955701862,0.004465559170304914,0.002040746619752099,0.0010683784490594236,0.007215408972006117
generation_import - Import - EE_t-150min,0.0007459916437015863,0.0023882564515915875,0.003780127308287774,0.001415989066226757,0.0007940891458817987,0.005163863116002176,0.0007567967757795486,0.0006327845693726886,0.004862439281510888,0.0006506992040919784,0.0008294278617913733,0.0050063891823519955,0.0007558154833477602,0.0006402864214733199,0.0051775930600124415
generation_import - Generation - Hydro Run-of-river and poundage_t-150min,0.0028737794028857026,0.0049892560975495145,0.017892959324824913,0.004889018656660482,0.004725187449690566,0.015612868959600746,0.0032575947183663915,0.0027276774552083224,0.013582826587102317,0.00430851374012218,0.002242994737756817,0.010113098055373484,0.003872725541137697,0.004493676795449574,0.013130715234423405
generation_import - Import - RU_t-150min,0.00029991648707391506,0.0004890550271300072,0.0006922162915820991,0.0005440754297378589,0.0004263062416470689,0.0011464473571195413,0.0005273600819646162,0.0004102966663270422,0.0012765572076315266,0.0003605422349504579,0.0005012001707094455,0.0015538407966241721,0.0008845576662060921,0.000629420767787451,0.001254593721857418
generation_import - Generation - Solar_t-150min,0.005754635602468625,0.0014119247432258816,0.004269357353088708,0.007887501662422438,0.0017786609325921745,0.005310427190124756,0.0016189336352090322,0.003422994684362493,0.00802171947255556,0.0038767987249775614,0.003321180612911121,0.011285062786293565,0.003979778049395463,0.003032368877498811,0.011209945594502188
generation - Hydro Run-of-river and poundage_t-150min,0.008617765650029469,0.0021268337903293287,0.005036958840161788,0.008892428971714253,0.005534073008126143,0.003926721427595112,0.0074509816682075325,0.004109391292715372,0.0038792497504055064,0.006577117650092987,0.0034258544944041204,0.003526191951597866,0.005980512629241275,0.0030258018662534594,0.003879402805209793
generation_import - Import - sum_t-150min,0.0035547758350767253,0.00447395688835968,0.02504443822457688,0.002468981752036143,0.0015546463365062665,0.010080674044322223,0.005553446749046998,0.0025975303847371265,0.010471676306784502,0.007670564376467155,0.001316501765691328,0.015091847366340517,0.011804625956667224,0.0068035512997448675,0.024181138515647037
generation_import - Generation - Fossil Hard coal_t-150min,0.002236223294370575,0.0016641278436018182,0.0030554748952931732,0.0033638633770897287,0.003709694040779141,0.004466364648919353,0.0009137542216203655,0.0019069155656668499,0.004045808391187734,0.004964530664379708,0.0015697019990848276,0.003708422283967593,0.0008848919281408598,0.004246949805819895,0.004227385577974473
generation_import - Generation - Fossil Gas_t-150min,0.0028964130464985373,0.0016383401466655413,0.0055498210335281324,0.0046581624913924315,0.0017548040593107998,0.004233738209708463,0.00312279720006336,0.0016669083105794015,0.004511856689954584,0.0015777567465091807,0.002197694179405971,0.004693101918979664,0.0018790818067791406,0.0015064410537834192,0.003953820704863915
generation - Other renewable_t-150min,0.002878371375756615,0.0038063663272941994,0.013093628966438701,0.0020432796394545677,0.00259904962694236,0.010441116157278885,0.004014171362650813,0.0034177138438881228,0.008322108808300982,0.0015764747407602045,0.0030328637768268435,0.00957886164467527,0.003266527234154381,0.0016210052301626093,0.011354610490070628
generation_import - Generation - Nuclear_t-150min,0.0027801482204954484,0.001729418941315089,0.01702684640478401,0.0020028271335130513,0.001684630190315147,0.015534982021463292,0.0016760588118627311,0.003034502889437135,0.016353022210376367,0.0024844276664775862,0.00524694198378711,0.01569774478587351,0.004861622408483527,0.004856106297753285,0.0159844272062619
generation_import - Generation - Wind Onshore_t-150min,0.0031220547246120986,0.0029371908058526516,0.013742189472650353,0.001481510100928972,0.006711826468923391,0.007035932514742853,0.002589705173715174,0.002908401705479264,0.01273370406979302,0.004113175274098466,0.003341435070954958,0.008258898026688256,0.0032566259916711714,0.0022616054626223557,0.014317640332272277
generation_import - Import - NO_4_t-150min,0.005681378750374279,0.002338007363346378,0.006647556578061995,0.0018723799665849583,0.0018515048414938064,0.00834050070426565,0.0016453764506277366,0.0019828526876990507,0.005981298103742574,0.0027949485147603353,0.0013902565906151949,0.005699354787493689,0.002326809112798628,0.001327421308385965,0.008432626724785224
load - Actual Load_t-150min,0.003312455074119498,0.002870860092415569,0.009030351587563927,0.002702999202803767,0.0031979726364515953,0.008408094832449933,0.004396730584298894,0.0029431983225804287,0.0032189883902592554,0.0027851829814972006,0.0057186303313283135,0.005960529599178699,0.004124959864484481,0.004126414070789906,0.008820562229338975
generation - Wind Onshore_t-150min,0.004373564679807714,0.0014439705522522673,0.012745337250808007,0.0026510499915320907,0.003193970112810348,0.015225438795379886,0.004609765699082345,0.0018039594568745087,0.01479294860441496,0.0023199653467699476,0.002675959036401764,0.01972364991078939,0.0019236903921464545,0.0012707486271228846,0.017430486907149316
generation_import - Generation - Biomass_t-150min,0.0021044974492217534,0.001687968813949965,0.007226261943731515,0.001303247982676112,0.002844683304232376,0.0073141113097372,0.0011306025596690007,0.0025274466045939335,0.0033834339855420693,0.001831376020982134,0.001323882052263741,0.004846581753974533,0.0024072440336635735,0.00141051515279014,0.0027745688420181976
generation_import - Generation - Other renewable_t-150min,0.0024370082069081036,0.003061192881807074,0.00998917042942776,0.0036374283932173058,0.0029068974034366876,0.0075320416515533,0.0035342907707763514,0.0022688048000439947,0.007681448454946804,0.0030688766853809286,0.0031654240133620988,0.0124868346940857,0.001721627523946154,0.004263924722188677,0.005992870793366365
generation - Nuclear_t-150min,0.0023946976764746067,0.004842786939465441,0.013439074028923642,0.001974590893290042,0.0022938432792819867,0.01158276199033935,0.001580148104159889,0.006205454164817638,0.012688453532093262,0.001870025546708348,0.00136249741725851,0.009668448374843137,0.0019067270371906488,0.0018343646929270107,0.009472584512277536
generation_import - Generation - Fossil Peat_t-150min,0.009015155477274675,0.012077344338991679,0.010909025088927592,0.008478254842972092,0.008396387143118772,0.010933161231449048,0.0065643516573763916,0.00760625065737986,0.009327057365404243,0.0036469733441508653,0.005858811359030369,0.006109615256398683,0.004753713480982697,0.0037049281660824817,0.006766031643805036
temperature_mean_celsius_t-150min,0.0036271922732121313,0.0029593161332668386,0.005983930739075731,0.002844297188996279,0.0029863010791596027,0.005419917449409695,0.004051735332803219,0.0034577286157364143,0.007736398800916504,0.0031568490582831146,0.006756834321429778,0.005901141834564441,0.003407127135555129,0.0037269676629948663,0.0064036475728553345
generation - Fossil Oil_t-150min,0.0007887856699676376,0.001392810635981732,0.0022692818417945093,0.000863084541715807,0.0012618202922687943,0.002649046319479112,0.0016006445436796638,0.0007676731738406488,0.0012764197236360814,0.002079115234344499,0.0015404264179087477,0.0018756871863965898,0.0011438471491671861,0.0013843835668558313,0.0035801199140623793
generation_import - Generation - Other_t-150min,0.001986530868362934,0.0040768833286829245,0.003859038601708562,0.0019999877747141,0.0011701484823715873,0.006132471734621504,0.0024815349252603485,0.0017232328567606601,0.005221382868437331,0.0010473656578676583,0.0017361922553918703,0.0045270211194324474,0.0032554678776832587,0.001621104029119124,0.003463650841697017
generation_import - Generation - Waste_t-150min,0.0031371100256510544,0.0030011802872177214,0.01848857203105581,0.00634829650595293,0.004260875064828724,0.014461035139654996,0.003931522048093029,0.005632829307660359,0.013378910144834662,0.0027173443239917106,0.0023555300246916886,0.01987052191991188,0.0025074642059717007,0.0031058000649227323,0.01804545744601637
generation_import - Import - SE_1_t-150min,0.0044773867898366005,0.0016837812304383987,0.02715414678893285,0.0028023579509899718,0.0051064976792549715,0.02741478906050179,0.001133712905641321,0.004708520181425115,0.031093514103093186,0.0024944957761754267,0.0037720330560857746,0.029333936634080602,0.0018820617546662106,0.0033656620865167497,0.02616480723147106
generation - Biomass_t-150min,0.005139570420033124,0.0032906688033090175,0.0038927750027017965,0.002929324702542999,0.003327751687148293,0.0042851712853534995,0.0032098261058777096,0.0029301738683110445,0.0039019863040314247,0.0016966496110162551,0.004257969698065608,0.007262808451690944,0.0017107886489511656,0.0028410685206908966,0.005319751064589582
generation - Solar_t-150min,0.004096534491740215,0.0027583490750876082,0.018812836475204677,0.003023551923846753,0.0017621509871163425,0.017714342772844248,0.006936476919079723,0.004077354975793241,0.02199642667610533,0.002751162091727565,0.0018906232534841366,0.014764783588172577,0.004429525112550436,0.002447341192415706,0.016265643390244805
generation_import - Import - SE_3_t-150min,0.007425555717161842,0.00844117098012066,0.022875849407755597,0.003766301266165101,0.007719525257369241,0.027469997481595784,0.008108651216149156,0.0036156942981324393,0.03119531268705032,0.0034842813101913636,0.0027743042351896746,0.026117504607827868,0.0015487240054371796,0.00624608947849265,0.023246982418262632
temperature_std_celsius_t-150min,0.006639196704671122,0.005093543480444169,0.012607582344891852,0.0035457441243470383,0.005156344390783488,0.008819578924832967,0.004480901073715358,0.009264376350154634,0.011652844947726407,0.005702990736066568,0.010184772554355731,0.01435767525807023,0.008681410081924697,0.00894149491521955,0.009975770542198916
generation - Fossil Peat_t-150min,0.012033557417242264,0.006078961736828205,0.005334561809693696,0.00742446204693988,0.00835971406212775,0.008710885863518342,0.008164391128011629,0.006459089647076325,0.007838054300671502,0.006692976939462824,0.009298018873188993,0.008129882666926278,0.0071551709823033886,0.008664003244368359,0.00931880054922658
generation_import - Generation - Fossil Oil_t-150min,0.000735852748936395,0.0006686731928604104,0.0016358085924757688,0.0007285852114489444,0.0005299356734772119,0.0020488283202939215,0.0005184084119300678,0.0005959740752306289,0.0022827719393917504,0.001193946765185501,0.0007004048220516097,0.0021830700265390987,0.0006105726482162765,0.0009578258714018376,0.0022247997870640576
generation - Waste_t-150min,0.006806426999131873,0.00443051510195437,0.006773927145601192,0.004039778412821761,0.0032286146144753047,0.009007270662143128,0.005599948206194313,0.002542493053472299,0.0055823823781283866,0.005580379441518744,0.004189115762811525,0.007375487959122438,0.004421765432665779,0.004506150870681267,0.005077384180339322
generation - Fossil Gas_t-150min,0.009669473462708992,0.009009573245508364,0.013086098563966517,0.005823043575801421,0.004699756905940376,0.010774144118797267,0.0063871347666208745,0.006899075405839539,0.01061052637884859,0.005515131349347939,0.003390194173232885,0.013474443365421394,0.004619574931552051,0.0017199454414380852,0.011528168339063996
generation - Fossil Hard coal_t-135min,0.001334637067466474,0.0012551161810524718,0.009829642962024081,0.0019262946993221703,0.0021317565569406722,0.011483501505073946,0.001720546182074031,0.0035346534533018713,0.005765962760473485,0.0008004993040638056,0.0024870701043000734,0.004933035341582581,0.000995437228564697,0.0009537331389165047,0.004080087839533917
generation - Other_t-135min,0.0017678129522778363,0.001301500002077546,0.0034755989408440653,0.0008036176409641485,0.001347095089647155,0.003452274746978219,0.0027608545058537856,0.002086433213535656,0.004528305782318171,0.0018751942547605722,0.0010864014595254048,0.004247236462535511,0.002797767240619578,0.0016183275929165576,0.004308951080234692
generation_import - Import - EE_t-135min,0.0024754812352766747,0.0013754699410847024,0.005487659735801571,0.0008113543536376255,0.0011112582186772215,0.004912292082444765,0.0009004717860570963,0.0013487963646307435,0.006333419136004523,0.0006810065770738731,0.002010033809230663,0.006266154058976099,0.0005472221597148064,0.000583147260949545,0.0035171509054125636
generation_import - Generation - Hydro Run-of-river and poundage_t-135min,0.0043520096980983,0.0022953848225979526,0.013667391558970848,0.0021098519692686465,0.001988492865206581,0.01174697808273777,0.0017468952481672203,0.00224221163732534,0.01716722431575181,0.001307576154928597,0.0014698527250820916,0.010614842858551498,0.0061275466725128356,0.0027846033713162795,0.009100209885678851
generation_import - Import - RU_t-135min,0.0012497704662528123,0.0010517446758243239,0.0007316203932932695,0.0007665383406487081,0.0005269463111596906,0.000841609386599913,0.0009339708165771299,0.0006515869930490226,0.001015847852356046,0.0006795458573487849,0.0007811653318536287,0.0009166493616066873,0.0006252991614373968,0.0005374918567067653,0.0007497368886633922
generation_import - Generation - Solar_t-135min,0.011401962105763231,0.00815808312766967,0.015891157958190887,0.004317126771975381,0.005872874024989869,0.017562065596313913,0.0038743617615295987,0.008388678077142686,0.01672036363609368,0.007284219205015688,0.007562987749777676,0.012484431552857132,0.01106497572248918,0.007566215177212144,0.014414374903630232
generation - Hydro Run-of-river and poundage_t-135min,0.011856323402156704,0.011039010096385027,0.007871490997466027,0.006792113013050766,0.0075527442560251075,0.007518164805143897,0.006651118027875782,0.003961654758562702,0.00484075933312306,0.004941495758863311,0.00570899998067398,0.012068958193223806,0.0036420865859087144,0.003181862956254918,0.01526629231395782
generation_import - Import - sum_t-135min,0.0031898463151464967,0.0036393328102694794,0.006838588627317222,0.004338306140100031,0.0018016469488884468,0.004398462543813366,0.0016007373209158686,0.0022946334795924486,0.009333532463888333,0.0017448849066131515,0.0012478214822709219,0.00783738425085903,0.0015840199908850536,0.002192134954694666,0.003469702736943873
generation_import - Generation - Fossil Hard coal_t-135min,0.0014458064863697472,0.0012725556604588064,0.0034477548256963927,0.001626602687086688,0.0018436032732489593,0.003593643738746323,0.001925179058307549,0.0008464639835594881,0.005007647830605492,0.0008185556106070635,0.0008550040423634755,0.0031617393110482226,0.0008089457377072904,0.0007270552559605221,0.0028290407440988473
generation_import - Generation - Fossil Gas_t-135min,0.0039394328596317795,0.0020625888236136232,0.009995508162264742,0.0026674962610668445,0.002024088692272926,0.011222364071832544,0.0023362921852067304,0.0029367516630791216,0.008660856648644768,0.0030703255571243064,0.002133314401379721,0.00784489426516666,0.0014297977638875637,0.0031457603258533027,0.008207633834179433
generation - Other renewable_t-135min,0.0032025907788722917,0.0060839863655273805,0.0191825621717835,0.0037841232512146232,0.007299508508513099,0.017017993446497712,0.00239874448950286,0.0032166217024850994,0.013259621412467823,0.002969977211937021,0.0035666551460526537,0.015957872170140035,0.0032019827977565,0.00141854431781735,0.022523226945464558
generation_import - Generation - Nuclear_t-135min,0.001088046387568511,0.0016568539326481187,0.00664567680300388,0.0010729460046813983,0.0012122046573863371,0.007066853968979558,0.0019012774856263378,0.0012339536506660806,0.009003823984545306,0.004019659062505525,0.002922099370307137,0.0073003710932825925,0.004002209394610872,0.0028444937723215843,0.005476717611741151
generation_import - Generation - Wind Onshore_t-135min,0.0020197659018037937,0.002867193538164429,0.016725940862762058,0.003326826143262224,0.0031690853230365973,0.017455936071884934,0.002162972057014713,0.003021601707010632,0.011817654833270354,0.002223543314702681,0.005798459878125869,0.014356445060446277,0.0019206966010851829,0.009464606982059195,0.01493449354844779
generation_import - Import - NO_4_t-135min,0.001624838872839291,0.002047002504860984,0.006449507464771159,0.008525180220633047,0.004519094352348475,0.00499528447170087,0.004913022827705845,0.0015282178208253755,0.005705324674428084,0.001929958681118478,0.0067007657272515645,0.006621957736734657,0.004192202456337782,0.0015767030114966474,0.002476771804400414
load - Actual Load_t-135min,0.002573781994111414,0.001826674590809489,0.019539454934420063,0.004992694880929776,0.0026164006831190818,0.022255642368356348,0.0016787444509518536,0.0021242043938418647,0.020921515448470016,0.0019806921034960395,0.002655219728991142,0.01986269315212121,0.0015890504405485899,0.0013651646882164954,0.017382643364966498
generation - Wind Onshore_t-135min,0.0023190861888288056,0.010592152048226125,0.009798606113650748,0.006033408167424568,0.007461598109257466,0.00973063718649064,0.008458696071793384,0.007197436932925484,0.0069941658930074485,0.0032243383370205267,0.004994588543136615,0.008062598994850418,0.004716308819129153,0.004509939639576259,0.009658522846038978
generation_import - Generation - Biomass_t-135min,0.0010563324908637241,0.0012099990279830308,0.008878055569070056,0.0025347878019572364,0.002161649656322879,0.008144664263694722,0.001203359395403112,0.0011678422590430274,0.008882739228050923,0.0019059725669794715,0.001942904981855463,0.0059386264598242635,0.0015330014967048556,0.0011519231671181843,0.005889189112072927
generation_import - Generation - Other renewable_t-135min,0.004843991899877437,0.004403314919125478,0.008633042112007388,0.0032977743765095512,0.0014326222743752622,0.008451638627906504,0.003043634964222292,0.0016602164872947468,0.009390924368199194,0.0030857720242424874,0.0034883834454176393,0.011088507795106124,0.0019084174431282007,0.0015579433081404658,0.009109922123399884
generation - Nuclear_t-135min,0.006529915829374658,0.005599058534161031,0.0029499948669981678,0.004274398909812589,0.004849781718847226,0.0030772030214385494,0.005297336476414785,0.005607521899715721,0.003175225296768076,0.004392086745792767,0.005744757391075836,0.0035643446671606398,0.005676104206770106,0.004943760281523282,0.0048038547038268
generation_import - Generation - Fossil Peat_t-135min,0.001651829660614112,0.0012677022650522502,0.011055345759610645,0.0009478934165326791,0.001782194361306665,0.013584461223435937,0.0012082261345556162,0.001860106174934117,0.007373086769806832,0.0012626935219905136,0.0023617748362339624,0.01238397557620192,0.0012667406897598993,0.002123790449990338,0.014994925756618614
temperature_mean_celsius_t-135min,0.0028927856842938127,0.004775502621407213,0.010336799705526574,0.003089910321821662,0.0036820749670507667,0.015387787681102055,0.0016142309610204394,0.003017532757291974,0.016930860845670394,0.004009156230735243,0.00346983513278019,0.011140818372465219,0.005994972697591947,0.0067525436477080805,0.011869361722252506
generation - Fossil Oil_t-135min,0.0012156213388188916,0.001040376278506301,0.0034811805684439607,0.000534147660558574,0.000979098606295338,0.0038388354229100512,0.0006996836304251702,0.000654070419576783,0.0019693267701186416,0.0003799689991225819,0.0014125199542677365,0.003015005174469479,0.0004216853089828874,0.0008966114221743738,0.0030469195426630906
generation_import - Generation - Other_t-135min,0.0023151926871560137,0.0018301225711029475,0.002184046073277841,0.0024523923660381116,0.001899208893359173,0.0016317445814274833,0.0024566757575834115,0.0025046860464008206,0.0021190387584736074,0.001185544586910737,0.0033553336031427535,0.0017616367619912126,0.002832868549747218,0.002339973096134145,0.0018761020737190393
generation_import - Generation - Waste_t-135min,0.0052999944311613945,0.002640408883766213,0.01623062621713325,0.004404399922981611,0.003115498490044047,0.014190588756982835,0.002837523892071317,0.001987868107361464,0.01403199294166916,0.004131749889998901,0.0020450458190662173,0.019913114969473098,0.0034021108717861353,0.0027912397402660646,0.017957211685934452
generation_import - Import - SE_1_t-135min,0.003325602225861985,0.0027804446574627947,0.025225476317566064,0.002430927810396895,0.0045650046515256695,0.02651494569694296,0.0027429426868366136,0.003925154974744146,0.022239727102176404,0.0024270060824783286,0.002272249311910855,0.022037733707402366,0.002842980647024888,0.0021325401572571535,0.017354073676840925
generation - Biomass_t-135min,0.002377769038081624,0.0015888260378378617,0.0038441295371794697,0.0016672627475732042,0.002541355072593433,0.0036562593669223135,0.0014208204052147267,0.0014335582440726284,0.006194023532174469,0.0030450203133823377,0.0017924136475467095,0.004696879776856804,0.0020977473010079847,0.0020114578147254177,0.005036926344890844
generation - Solar_t-135min,0.002077808447940697,0.002611451256530927,0.012402124261621792,0.0024277734164279536,0.0015980867649759603,0.010232023157324875,0.0019488958630659,0.0034686502382901383,0.008309807848985657,0.005404157209341065,0.002021779510151191,0.004226376396891282,0.0022261949251558234,0.004765452288338566,0.008107127922836297
generation_import - Import - SE_3_t-135min,0.00695538932258205,0.005469046247890219,0.008023796929322998,0.006898977921242476,0.009449415463655896,0.006729264304273102,0.007660438571503619,0.00627527303790157,0.006881845882700873,0.010490753050244167,0.006941545919486088,0.006644166228431459,0.0106271219336777,0.006315399702613831,0.008202541040332563
temperature_std_celsius_t-135min,0.0021600171701676345,0.001885750011597338,0.004764074730609764,0.004959170793936721,0.005416368004238393,0.005075726784223662,0.00252101561494419,0.0024891459174024248,0.0037261584056650465,0.0071745247728732696,0.006791989105287939,0.0037141188271398277,0.0030820218560379544,0.005241269619524246,0.0036336442989613714
generation - Fossil Peat_t-135min,0.002873683730183984,0.003275482810061476,0.004276620564327459,0.0015709537123008773,0.0019167625028549081,0.00373703302436661,0.002266780850551186,0.0025604154527081847,0.0031775968440397265,0.0019726978215749112,0.0029914013815650832,0.0032811813337721104,0.002945746188637713,0.0036501946204007254,0.003997810088665574
generation_import - Generation - Fossil Oil_t-135min,0.0007052505534347801,0.0006156124212361646,0.003135212246392712,0.0010787182172007305,0.0004413904624416318,0.003249371981888544,0.0004988291666732607,0.0008092657689092881,0.0034143513066228477,0.0006898697198976151,0.00048643557826287065,0.002717339678813005,0.0004423473504830326,0.0007077800279590747,0.0017040539297750001
generation - Waste_t-135min,0.008432694814711794,0.007109247462489293,0.022509309127068264,0.004013730576228227,0.0038165907027705543,0.021713910265782035,0.002769896259926895,0.004918038670572059,0.013439420947666803,0.001635792341928493,0.0032667689298004916,0.014708285744913155,0.0031794731958293596,0.002065945992776587,0.014465995722770459
generation - Fossil Gas_t-135min,0.0026501124798841147,0.004539388910518028,0.006600165128900699,0.005292059328817231,0.00416522199595056,0.003730827482624591,0.005537188544545643,0.005108768207615867,0.0038195450761922983,0.002774969642144697,0.0027367568204117562,0.003202747599866598,0.0016026014841281722,0.0029188575073312677,0.006338099533164495
generation - Fossil Hard coal_t-120min,0.004528718570320052,0.0019189332268356339,0.008141740873063099,0.007285251200431958,0.0050364025481158025,0.009536198533925927,0.00411606401365134,0.0036211429006361867,0.009987071577928873,0.008698734995094128,0.002016118501060191,0.009789304916550463,0.00612699826984317,0.001603281765385418,0.00863617311778944
generation - Other_t-120min,0.002312091841282381,0.0010643205867053212,0.003718651044426224,0.0015848893430215867,0.0012122261409908788,0.0036817062417903797,0.0008591894797259556,0.0012084869555142176,0.005281546761427307,0.0013086741422919203,0.0010161831324876401,0.00456214257877582,0.0010546818595048536,0.0008669960537472434,0.001313103623813845
generation_import - Import - EE_t-120min,0.0008723578619365071,0.0011211611608352996,0.0010001509266512585,0.0007648837146043661,0.0007392149964701957,0.0010350255813883678,0.0011159887659923698,0.0005191559998215177,0.0011057713864782955,0.0005197057103816007,0.0009995093558127336,0.0009743329197779075,0.0017040990675013744,0.0015930351322385832,0.0010702815946513056
generation_import - Generation - Hydro Run-of-river and poundage_t-120min,0.0018813652540281963,0.003721198392326187,0.00906595690399081,0.0033841219199550777,0.0027821000274186646,0.010704328597523271,0.003983673168277164,0.0018679114356182254,0.003749172890066802,0.002144797421999556,0.001404039911133509,0.013382798240145348,0.004250980644363154,0.0027625736954762486,0.00403335128623985
generation_import - Import - RU_t-120min,0.0009938209793763236,0.0003246332844659605,0.000594844267073313,0.00037104779293872526,0.0002997385108228059,0.000441584349855475,0.0003616406966086032,0.000604126403490227,0.0005683537486102637,0.00039008256641454866,0.00032385076120434775,0.0013175344286719336,0.0004037651640768445,0.0002898417477725843,0.0006829419094274272
generation_import - Generation - Solar_t-120min,0.0035871379456111755,0.00240625436051414,0.013334121585852926,0.002452627200342249,0.0021988705791804934,0.012039208231810334,0.004018147094164305,0.0014146573807365711,0.01190929640943432,0.0013386783759360696,0.0076225756793428445,0.012813632451778176,0.0012251605286048744,0.0018806961660702655,0.010880937681391515
generation - Hydro Run-of-river and poundage_t-120min,0.0033648517391916357,0.004460642678452132,0.016711916245370956,0.003221315225795479,0.0026369341393624383,0.024795376892780042,0.0033992705283727672,0.0022502133346197295,0.016827895648020785,0.0032064786964892847,0.0027429157619371838,0.01568388792326732,0.002483801949307235,0.005247394597994571,0.022332765214159736
generation_import - Import - sum_t-120min,0.006773683088762482,0.00428224501138584,0.006523120419500628,0.004283962149887884,0.005278024669497882,0.00566376569368731,0.0034298371007662354,0.0022280287207740914,0.00886421709291426,0.0017859786941107814,0.0020114271617785564,0.008228833959117764,0.002440772974124684,0.0017427026676900823,0.011378294732184713
generation_import - Generation - Fossil Hard coal_t-120min,0.0031124419269663124,0.0024104688666757284,0.012650288358796388,0.0023377973151800686,0.0041380000617755285,0.012084933867852669,0.0027242846871113214,0.002799923934711842,0.012363059257797432,0.0037009751653458807,0.002555246462022467,0.013424387790844776,0.0017144170103929354,0.0017011740362081582,0.009929015323054045
generation_import - Generation - Fossil Gas_t-120min,0.007813226692960598,0.009229139143142674,0.004207028449092831,0.00800466886742288,0.00964139057819557,0.004722974118725688,0.006381263279268751,0.0066670840304504965,0.00460991376065067,0.0033745217943592252,0.0036922164360294117,0.004550383076228172,0.004041169388608978,0.005588602910456757,0.0069878433130143094
generation - Other renewable_t-120min,0.0025313458331511357,0.0019443009583140736,0.013796538080277969,0.0062017737867317915,0.0026351769495798864,0.012047820952051551,0.0029125640630741144,0.002439915318286694,0.014479546186899825,0.004286038723997763,0.0061224603159244,0.012994963759661913,0.0043041121733895125,0.0028688440869391344,0.006731646148651634
generation_import - Generation - Nuclear_t-120min,0.0048630755690937805,0.004159045739332214,0.0043370656151346335,0.003555556147446623,0.003709011273291253,0.0034158557301670954,0.0020935234575481447,0.0025398046788084514,0.004520858933095951,0.002278816216763062,0.003821605756332531,0.004326449825777218,0.002222229698643787,0.0018518965420407766,0.005320304928787664
generation_import - Generation - Wind Onshore_t-120min,0.004770921768365952,0.004328385834502115,0.027285560019910917,0.0020662746520210933,0.0060364434465623165,0.027343245469848624,0.003792480613149564,0.004407845432680915,0.03125035129097523,0.0033388067126982153,0.005447360017700703,0.028504390469170176,0.008477391320448079,0.005802344967050886,0.03056160607788479
generation_import - Import - NO_4_t-120min,0.0061677252268432315,0.0022171802233388006,0.008281960985506884,0.007379811629369215,0.004859380065367759,0.009201309572847663,0.004191368417109971,0.0029394393633119763,0.009932368272715394,0.005878471404666925,0.007719909573872428,0.009593295210488578,0.0065462564785229915,0.005185449234493717,0.011667366422967462
load - Actual Load_t-120min,0.0019516390007120207,0.001978658956558775,0.004205600320079156,0.001774577546545288,0.0027168571735560363,0.004140067568851237,0.0032772284959673927,0.0013531644727227104,0.003866732283553574,0.0014846012923771922,0.0016564879501916039,0.006453363942415308,0.001263254172873758,0.0009688062582014254,0.004644589640266531
generation - Wind Onshore_t-120min,0.006735453712064327,0.006552560384017852,0.020998409076921236,0.0019860204373180748,0.004363305937309633,0.01889187890231551,0.0032339359231806954,0.003830646763556615,0.014812958874936158,0.00444687825266783,0.005371403570562506,0.022515079947188498,0.0012630583843547356,0.0011190790138316516,0.018931230624380988
generation_import - Generation - Biomass_t-120min,0.0018608294189752996,0.0010538941837164657,0.005255396437310992,0.001997267416075374,0.0011487144790601179,0.00569768043075328,0.0013328949284241388,0.0025746534908507785,0.003929260221695586,0.0009043037345045377,0.001524240828211532,0.00454141021650139,0.00101860775084441,0.0011681804246555885,0.0031076437065971733
generation_import - Generation - Other renewable_t-120min,0.0026070886545312534,0.0022146508679434193,0.00580271968897307,0.004881878835282847,0.005330056411854457,0.007041113438586762,0.005399692599057062,0.002558744028582623,0.006443819911162791,0.004674293023530481,0.004043402115402387,0.011250237166836086,0.00743718434125185,0.005801366972204505,0.008473364687155935
generation - Nuclear_t-120min,0.0029616804529873663,0.00205992665293158,0.005638292834279127,0.0016161202875364324,0.0026082464269875346,0.005479255386293517,0.0017504636746014058,0.002048929553740436,0.005556943041932755,0.001405116518922881,0.0015625747880858398,0.005845470638250845,0.004280578296078602,0.0018517598741991889,0.005588883759613964
generation_import - Generation - Fossil Peat_t-120min,0.003406640589630115,0.0010656522693643638,0.004678215838212054,0.0022187192808305555,0.003461836269494597,0.0059741145365551345,0.0052980820516095265,0.0013399468587624596,0.007760652339784429,0.0011056160496495976,0.001871281818736861,0.00923681634820241,0.004796270995713712,0.004062085228944852,0.005439623660771759
temperature_mean_celsius_t-120min,0.002051985823591167,0.0025258392445975915,0.0071035564397343475,0.0025027958673235844,0.0028657941364472208,0.007493935206475726,0.0018337511162208103,0.0022421283231506095,0.009931053539094136,0.0014099162339798567,0.0014256772417375033,0.008554837476855027,0.0013211592602287397,0.005518015169582213,0.011463448874977075
generation - Fossil Oil_t-120min,0.0015030925640794521,0.0015447772241313942,0.0009613549170080659,0.0015832547955833434,0.0013724292672625325,0.0007159447225642452,0.0011120414811286992,0.001428314145847878,0.0014146885856380323,0.0005457083005398999,0.0006684762515624243,0.002561238093103384,0.0009396558478963471,0.0005559223385978385,0.0011894140703734592
generation_import - Generation - Other_t-120min,0.0017993297288784334,0.0024878958206136304,0.007618334415670915,0.0037932844638016833,0.0020356973971429396,0.008081566130047577,0.0021554363195327823,0.0015201905566832466,0.006739359215447621,0.002210865048887172,0.0019258705140173334,0.007436421788534062,0.0017569000632061034,0.0019972156631774853,0.008659171626821262
generation_import - Generation - Waste_t-120min,0.003484717528629517,0.0035959505066048224,0.006920718998313532,0.003318154568069076,0.004225125957334967,0.00929100140139053,0.002871178660651708,0.0025769493705138304,0.012062964903678221,0.002851759740419766,0.004158634232364421,0.008004741898181237,0.002672014444652632,0.002904693289679926,0.006444241053814039
generation_import - Import - SE_1_t-120min,0.0030164820549907745,0.002208751811359434,0.012109667132623144,0.0038830781067936185,0.002574634711010731,0.014249660252076865,0.002199796441892431,0.002620505783675981,0.012072961004740592,0.005822227641755489,0.00207457319579035,0.016627529906807468,0.0036884479752261543,0.0023128990220184277,0.011222337712479203
generation - Biomass_t-120min,0.004551941945159342,0.0031390135134861338,0.004409649207724214,0.0021825184886868102,0.0016482387894902785,0.004104002885113004,0.001556208694158613,0.004311938746637679,0.003962340342714015,0.0020942985436983577,0.0021777635084863503,0.004200244080525181,0.0026722986894578186,0.0011961925597969128,0.002568586061608585
generation - Solar_t-120min,0.00923239388782531,0.002316588844099897,0.007713174414558125,0.00828524146755808,0.005743625726689061,0.009623105846440012,0.0025808268761793444,0.003204806288909822,0.002710748844536283,0.002399165349057057,0.00199795707956946,0.0049151093995533305,0.0019132671003108043,0.0026184165706524707,0.0038958689626651904
generation_import - Import - SE_3_t-120min,0.01194889422191045,0.006927675868559163,0.014683456264392589,0.01605179155455039,0.007752889074996347,0.01709735024976544,0.011014117958329734,0.010498814942971876,0.012226539475959726,0.01102092087283529,0.00979525053675752,0.009940970616500636,0.011621191465434095,0.008678165378158156,0.005405665576743559
temperature_std_celsius_t-120min,0.00491036893758428,0.006961034613412267,0.008042904361962429,0.0014781115981288054,0.001954503681231472,0.005452365685909285,0.004558064458920853,0.002009369830752803,0.005500628993376267,0.0010575705423152614,0.0042302195984193535,0.00574051183409756,0.0035207897289151334,0.004674225252852921,0.003983860699423531
generation - Fossil Peat_t-120min,0.0028430011545715387,0.004643795450538164,0.0026695755039509096,0.0038058204070657666,0.0011754341997402662,0.003298323120599889,0.005805439590971218,0.0021512870969236245,0.002940984219500024,0.0014720757647237405,0.00467283831336681,0.004438797994056586,0.0033396717896557676,0.003909910367670818,0.004998890065238356
generation_import - Generation - Fossil Oil_t-120min,0.0008161999559202116,0.003061589732981702,0.0010283004429035999,0.0017440913837144763,0.0018710679773744233,0.0009510293972624169,0.0019716650975438485,0.0020980196403615993,0.0008059388210908765,0.0010941540569949666,0.0011541509911296543,0.000872114519464958,0.0010476068149455385,0.0012896005025686463,0.0009112643578299498
generation - Waste_t-120min,0.0023994419446535177,0.0016644618363152403,0.01011639297198144,0.0025927801957141127,0.0022231040304059205,0.015219650999511941,0.005194872580192168,0.0039359743100349075,0.025901599022836307,0.008256982646074903,0.0016159544425377135,0.025271140432480025,0.004696787700635468,0.003654282569017596,0.0185420871067422
generation - Fossil Gas_t-120min,0.007651309301762012,0.003155073300957156,0.010543947117562312,0.0039030341610232426,0.006050041222420987,0.017494450898404467,0.0025540009424075832,0.003196651734835541,0.013895285392180086,0.0028698092989161523,0.0023957039431552404,0.014064159901230597,0.005058652950858232,0.0038700119150889803,0.01614803319913335
generation - Fossil Hard coal_t-105min,0.010636750393081457,0.01106926055625081,0.003118057001829584,0.007888875458098483,0.009437063192366622,0.003073680489246726,0.007603525550453924,0.006199066049419343,0.0039765968977444575,0.0060237661073078924,0.0023973683632964368,0.0036254412776470417,0.005910017270041862,0.008330461568024475,0.0050040594947204226
generation - Other_t-105min,0.0007755531026123208,0.0012035101350711557,0.002230565225931059,0.0010863091874889505,0.0009410485105258886,0.002683453221389982,0.001264722078500995,0.0018965962102697631,0.0025432603078652393,0.0009382583189972138,0.0009345552182799111,0.0028583281381106647,0.0007041300568760107,0.0009492827690427532,0.0028840428754629104
generation_import - Import - EE_t-105min,0.0022045552433337433,0.0008021258490084619,0.0017291601897136389,0.0005091954195069093,0.0011254476443232021,0.0017314217130045791,0.0020344423968417687,0.0005167257336761395,0.0015273794936852027,0.0012675469092455387,0.0005997328307604448,0.001688727470860158,0.0011192875086817365,0.0012004671503682402,0.0015724018390842502
generation_import - Generation - Hydro Run-of-river and poundage_t-105min,0.0017422873147015707,0.001814794344489428,0.009779147480316169,0.004328373592884418,0.002555462151667598,0.01157230447881011,0.003022284245136234,0.0022313745748135717,0.00605870509053102,0.002355214415559658,0.0018644509339646902,0.010933174831683573,0.0035241411613333184,0.002900491163640709,0.016318683704534123
generation_import - Import - RU_t-105min,0.0007147626848063737,0.0012576263815863057,0.0009730515775702315,0.0008000942269095504,0.0005084767222056712,0.0011218441741322565,0.0009060087898023994,0.001061526758945547,0.0009314605403858423,0.0012654691009956877,0.001077595819690032,0.0013375751625549128,0.0012278290726535487,0.001133669360426211,0.0008714511990406209
generation_import - Generation - Solar_t-105min,0.002237284607195306,0.0020639630089604,0.020076136866002344,0.007488200715786661,0.002782448134839342,0.015805457032598495,0.0030660449870647424,0.002077697427539533,0.014897916915622773,0.005362749181236723,0.002791444338974543,0.01404482189945702,0.0015117907447788639,0.006599082797172741,0.01495252584190166
generation - Hydro Run-of-river and poundage_t-105min,0.003008848405053868,0.0040020200239814585,0.005325167586630414,0.0018870305712160302,0.0026746752286871925,0.005271341092721286,0.0026263284423330333,0.0014161263433757085,0.006852170102050878,0.005179832994352182,0.003112544220244672,0.005358183506665228,0.004151535696905739,0.002610225846606909,0.0054513395137691985
generation_import - Import - sum_t-105min,0.0014106072883143098,0.0016478272553970329,0.014494980645285977,0.0011238333652942175,0.004137561107825604,0.020122249296473455,0.0013181903936413165,0.0014516125539958012,0.015409361126134172,0.002017317398531304,0.0014387404875651556,0.00796355830434186,0.001293846120528542,0.0033358431632752854,0.016536945797016415
generation_import - Generation - Fossil Hard coal_t-105min,0.0027519664719984575,0.00406671605948577,0.004171364327226911,0.0009339509940555217,0.004199225611810107,0.0040463325860037,0.006101240081115975,0.0045995067533949625,0.0050226048915616274,0.0038067111611417206,0.0064701292516547255,0.003748176059974867,0.0017044322489800834,0.004641714652061637,0.003841024034874863
generation_import - Generation - Fossil Gas_t-105min,0.003754959932406564,0.003279707753871776,0.007237682343067718,0.006439037800142614,0.003137611113375897,0.00654747720485102,0.003055724497499341,0.0018160712593271455,0.00913178017303835,0.0025771070976552436,0.008550080386494302,0.006706495452806848,0.0034071334263608153,0.005370211155124707,0.008672099333304687
generation - Other renewable_t-105min,0.011829251361852585,0.012950043963181088,0.00470557906955969,0.010783592493789912,0.009332956414968067,0.009058644716868002,0.00789829395655579,0.013277533046413737,0.009332808428851421,0.009026655227467926,0.009851500229335215,0.011916710138728377,0.0076644003758265175,0.008419729584769811,0.010850593820519863
generation_import - Generation - Nuclear_t-105min,0.0020948108390471134,0.0018787363078303088,0.0028802891178820573,0.0026428778859417437,0.0019591249184450136,0.003675663686088228,0.0017973950999748923,0.002215069080466492,0.005564119292233954,0.0018674180495199834,0.0015954076409780101,0.003179870643601589,0.0023387403844631082,0.0013857667301872426,0.0025080883664707018
generation_import - Generation - Wind Onshore_t-105min,0.00476544568101167,0.0024902867001728736,0.019464815714716678,0.0030621323430991654,0.00266366917949199,0.02459581390231324,0.005416386576187506,0.007755110177862662,0.02321672035875963,0.0039905409266493734,0.004773951695472079,0.021567733346950262,0.0065482576456997775,0.0022117876116717525,0.023939831131104598
generation_import - Import - NO_4_t-105min,0.0021274204284527512,0.0012096725932010486,0.00760984815939446,0.002431555354630291,0.0020605143766179025,0.004013710379173972,0.0021573750503162048,0.0054165545080413725,0.002734087532315243,0.001959557672586925,0.002815888266262846,0.004289179521369988,0.001664450579318327,0.0018224707138473377,0.004877863095471184
load - Actual Load_t-105min,0.0028797299337943514,0.001149053097155047,0.015893350554855714,0.0017661842552242888,0.0024156855379806074,0.014526795200799825,0.0010942673590267446,0.00139436520000163,0.015753111670452655,0.0010421953085105998,0.002977633782229532,0.01537609905510908,0.0012385421848721307,0.0015127228965457107,0.012341815390711417
generation - Wind Onshore_t-105min,0.005923636749243087,0.003940093681381768,0.02851219285609477,0.004204856696645947,0.004125740698909795,0.02973754243274743,0.006747216224641307,0.005120088813382609,0.030981546214392437,0.007278813111031923,0.006824471724077739,0.028436591274978128,0.00601577517556143,0.00845302441451713,0.02665877800708404
generation_import - Generation - Biomass_t-105min,0.006421517447774022,0.005145240245935384,0.0026338736308280206,0.005562054074471234,0.005768627814059983,0.0042723407889857295,0.0032670692463016167,0.005081215850285389,0.005640171742081748,0.003419028868158364,0.0035794981054201,0.004112644307198934,0.004147588886677113,0.0032615524306887664,0.005332271492154177
generation_import - Generation - Other renewable_t-105min,0.0055888739168713075,0.0017398933448129128,0.004511602916792071,0.0024600114651891544,0.001966865045211762,0.0034990023265836496,0.0021027099717884994,0.0021949766382754208,0.0035728776242149253,0.006544348290160997,0.001001595266890945,0.004135262672161843,0.004424699184980564,0.0015262875485358336,0.004196067103154746
generation - Nuclear_t-105min,0.001343113563213592,0.0018659282417247596,0.0032620746840011632,0.002241884626769661,0.0016251413957675141,0.003111282362329803,0.001491737661385205,0.001090786622124142,0.0027613146770513594,0.001550883848181627,0.0010874024271251984,0.0026213107983253394,0.0015210684481353383,0.0012265534140897217,0.00302246800803141
generation_import - Generation - Fossil Peat_t-105min,0.0041244823116048795,0.0029368054209126058,0.010783761797792977,0.0010759315580992279,0.003624299119082934,0.011826279744898784,0.004210731982780885,0.0019045203448004031,0.013415396283060545,0.004605456908037013,0.004867608011081757,0.011336648843171133,0.003027587972888796,0.0064921056404907635,0.010878330142103095
temperature_mean_celsius_t-105min,0.004164295936149756,0.002419724866922479,0.006479911675472977,0.002610630126619071,0.00550995178629205,0.0073921828003440165,0.002137544635911581,0.003452559835572174,0.009611640689050545,0.0030906903253617203,0.004306566235690752,0.005738042624348055,0.0017432374129139135,0.002666457971606178,0.005952401564037245
generation - Fossil Oil_t-105min,0.00039587321914530096,0.0004383854498584583,0.001317728628121813,0.00044098225246671065,0.0007713019640067386,0.0016411847064982793,0.000440829318722308,0.0006168103032987346,0.0009053374911350147,0.0011938801126161708,0.0004084268247684122,0.0005114600041783888,0.00047435345058158875,0.0008996138249822252,0.0016249027326912255
generation_import - Generation - Other_t-105min,0.0009516112290521051,0.0014405099165123829,0.0015324393903269993,0.0011276817746720554,0.0018172074462454474,0.0011198004426969418,0.0010814081760718182,0.002024552940240028,0.0013192112121796526,0.0005015924208123579,0.0013307191999815586,0.002374797251848577,0.0008723254344532449,0.0005324390357203015,0.003058021125918458
generation_import - Generation - Waste_t-105min,0.008740684549002254,0.012324303728439191,0.007322838073567255,0.009004338602051576,0.010346196955259814,0.006527504893259902,0.006511742884645173,0.008781630562305508,0.0061237710324876385,0.007883215094450861,0.011782571263256613,0.007328520675508116,0.010943116301088594,0.006279029721514917,0.005548260711773764
generation_import - Import - SE_1_t-105min,0.00208570153191431,0.003649988954350192,0.01184594968851178,0.0065837180804719534,0.006444543018253171,0.0058451684206011125,0.003005807975631626,0.005396898717051954,0.005657684062577573,0.001387803711910692,0.0025990418137862435,0.005099985244163804,0.0028437826226891047,0.0016599494881133978,0.005195331264103515
generation - Biomass_t-105min,0.002135359471482843,0.00400648482062752,0.006213775049043306,0.006702185352238302,0.004242503948560625,0.005313599296698158,0.004459112669688693,0.005155651687216959,0.006234749810685571,0.003933962020990293,0.0031244916295481745,0.004149020992610531,0.004764128438112038,0.0038186110687126983,0.003246752196554553
generation - Solar_t-105min,0.0048147529760244655,0.00211633195396098,0.005194899877016723,0.0029734849377576894,0.0039043593300593783,0.00721093452826608,0.004247669769033337,0.003050006215256872,0.0063367104522712905,0.0026556701137410528,0.001320360141460924,0.0066777824986957056,0.0011287489366468436,0.0036273088742163964,0.011217643766925902
generation_import - Import - SE_3_t-105min,0.002500277738177374,0.004771840493296623,0.02490144514605345,0.003801802593827233,0.00292297450226215,0.02277257074357476,0.0024151354560408437,0.004547475417641181,0.018264463679398206,0.00359076829803962,0.005866978925703733,0.016297849704307737,0.0073500624501057245,0.00760097489652253,0.01740961796796182
temperature_std_celsius_t-105min,0.005223775217467847,0.00545803355877797,0.01876379116968019,0.006412501220034755,0.002822209198022847,0.01669587652832706,0.002747559378811843,0.002483700968027961,0.014137405338464306,0.0028919647050738603,0.0017659819904661163,0.016033729829854564,0.004137807040979169,0.002531110519899812,0.018956520039428142
generation - Fossil Peat_t-105min,0.0028011759848250222,0.0017084657226841954,0.0076745177581324245,0.00319302762895677,0.004705587996806571,0.0061714788863146165,0.0021350806840159746,0.00148569007898584,0.004414639911192353,0.0010972002971216738,0.0014351926579631708,0.00654653331208101,0.0017321569293564493,0.0012646240575016918,0.00816275033149941
generation_import - Generation - Fossil Oil_t-105min,0.0003871314837901991,0.0003374475771130392,0.0011431045050171633,0.00046778047128765365,0.0003798004957480998,0.001228581382578227,0.0004912866243214466,0.0007488275585183146,0.0009124635833507,0.0003191050503810402,0.0007758092212756651,0.0009801961319521979,0.0011179943684953174,0.0008482977247431336,0.0010266220769062785
generation - Waste_t-105min,0.008397280786259216,0.004934227552816082,0.016013434846143353,0.004859652421753708,0.0035258901324104956,0.017541498944288834,0.005472246431863595,0.003852863829452872,0.03035529632511316,0.005642186571078128,0.006507788393202645,0.023506858875451144,0.006165974474455652,0.0089121184343594,0.011017108627864218
generation - Fossil Gas_t-105min,0.0022553201933460513,0.0022951634537253084,0.028423689042509068,0.006821255375543842,0.005335284869843236,0.03087284462749085,0.00721036688406457,0.007135566092823865,0.02467078639133251,0.004128021637568964,0.0066154297915527425,0.029181825373787433,0.007161331581410195,0.007811809793780412,0.02881935599677672
generation - Fossil Hard coal_t-90min,0.0066898873382597234,0.0041747398103616435,0.011872449469377898,0.000945970763380501,0.0010801463638878204,0.012658383411588148,0.0013778062611809218,0.0014109238064220334,0.014366183576130424,0.0015754980347816173,0.003505753316625487,0.012535208799876272,0.0010333998951791727,0.002082450398544097,0.010193294688215247
generation - Other_t-90min,0.001411010350620245,0.0015572300509084016,0.0090852108726167,0.0009375289039089693,0.0008548792922212556,0.008440245020905422,0.0013545513293661314,0.000776597391080486,0.008905091228945821,0.0008476603992751279,0.0011476884046178384,0.007790043212655292,0.0013842790131081983,0.0011879476095782594,0.007503568132167857
generation_import - Import - EE_t-90min,0.0012545446098240517,0.0008203498615994249,0.003158953883918002,0.0009258218307440984,0.0011899528515947396,0.0028527185710900084,0.0008444648497361413,0.0010413156574286405,0.00225621549457901,0.002155745689145988,0.0008206125954038726,0.003023480983756599,0.0006929151529475348,0.001271832309804722,0.0019142645449937844
generation_import - Generation - Hydro Run-of-river and poundage_t-90min,0.0022505708394985505,0.0022674325361385856,0.01795117697348178,0.001599850365242105,0.004427573700884523,0.017887860953022028,0.0017141747425936274,0.0019449556775380187,0.01707783389443648,0.001705430931655826,0.002821128932219608,0.016360025522115393,0.0019600149002626495,0.0029682510169791385,0.015182330133866344
generation_import - Import - RU_t-90min,0.0006972503818653877,0.0003521324136683859,0.0038132734501268714,0.0008395157509989985,0.0003765580221337359,0.003559046268812381,0.0004504589868363382,0.00027142963420965317,0.0032796805299585684,0.0007196860231654227,0.001035498850082945,0.00250922448729807,0.0008142501682013971,0.0005648301876613005,0.003437554219504818
generation_import - Generation - Solar_t-90min,0.008697305393608985,0.006471032028872287,0.005867360283572452,0.004354907935765368,0.003908535996053615,0.005907280911436828,0.002233811389283801,0.0018153736242584274,0.005018405325557069,0.0016912828751519556,0.0027049975903464655,0.006607068788303877,0.003035398833028239,0.0015778302811506818,0.009501335918932454
generation - Hydro Run-of-river and poundage_t-90min,0.0016082774294976616,0.0029094508490506996,0.007426852063162641,0.004883428169385297,0.005317574500075352,0.004796656066115247,0.0020324262649710364,0.0018280747563549085,0.004193813791562207,0.0022661506425265543,0.0017954314529442855,0.0035338894213000458,0.002933648435199757,0.0037606456606590656,0.004647203528902651
generation_import - Import - sum_t-90min,0.0038947958401688537,0.0034107054461433106,0.00848564683694076,0.0018948666110841258,0.0013192701716154716,0.004291613172320695,0.002333083394639289,0.004258953729444329,0.004232092845833904,0.0018412751983378256,0.0013165535222166226,0.00442662949891519,0.0026337082002260105,0.001875936877246204,0.004750205159998586
generation_import - Generation - Fossil Hard coal_t-90min,0.005653253815951757,0.005851381350021256,0.005411968119777157,0.008943972869805293,0.0063589611066272485,0.008177309165825136,0.005366821667237673,0.004483811590253026,0.003563034944318133,0.006813964718719944,0.0035279613702269897,0.006549379416654119,0.003511241737774981,0.0020187467924852173,0.005708713762534899
generation_import - Generation - Fossil Gas_t-90min,0.0027978869691960427,0.003227820931599126,0.00264437442657254,0.00271611845877851,0.0023864167153528795,0.0025202577226991706,0.00405382566517801,0.004429154052377271,0.00335370682753819,0.002270429412073099,0.0022427752610492463,0.004812876555318894,0.0019275739461490956,0.003981163733838912,0.00261523966364075
generation - Other renewable_t-90min,0.0028705732983708003,0.003636790153093898,0.010934614635039907,0.003933709213694442,0.004218767424240468,0.005857922073864302,0.0023497797054224064,0.0019961137379714273,0.00857239046873292,0.0015781110123289181,0.0036448837752150213,0.0069030846885234495,0.0023669528648024426,0.0042259937837712865,0.0069099611234123585
generation_import - Generation - Nuclear_t-90min,0.0015808048673632128,0.0019057941050568844,0.012624196981385467,0.002860245144793225,0.0021452539712118438,0.009441555868586875,0.0011494717525392844,0.0031325576613306792,0.015976041064539457,0.0013830971798324753,0.0013584190856154236,0.01015061020894791,0.0014820157853141609,0.00423546006034303,0.011383747674466576
generation_import - Generation - Wind Onshore_t-90min,0.004908894684227562,0.00551700106944918,0.015383095926474197,0.008458562276176963,0.0061274221191852125,0.014284371455898509,0.0034481705802609213,0.00816135228240637,0.015448712609591894,0.004655971263964602,0.007366584125789813,0.02039052392399026,0.0078124168689059845,0.008465077556938922,0.021413521527007106
generation_import - Import - NO_4_t-90min,0.0019706090725130705,0.002379104526080937,0.012616938543360448,0.0018163570444291962,0.002606163238283955,0.011802773832663661,0.00160774256843888,0.003021798377970299,0.014691213209734997,0.0019853398964287407,0.001492941356105348,0.01377230799201061,0.0019072907491395198,0.0045024980289172165,0.013290340911131352
load - Actual Load_t-90min,0.004649100536571495,0.0012808464817103413,0.011519790203352386,0.006185076365465648,0.004425260199634067,0.010124331445527787,0.006317614035651786,0.0021057795925219125,0.011647278003789608,0.005087432448559411,0.0055706021440889795,0.003995131472938226,0.001736999656016451,0.0032699181579009745,0.004428534459199
generation - Wind Onshore_t-90min,0.004972874276842049,0.004375970058571511,0.03958721190351571,0.00589755204004814,0.008632017515701591,0.04127975287241861,0.004519017396785784,0.004846255656433641,0.04544788612198772,0.008206772517783975,0.0037755001284749596,0.03784708516745559,0.004054161125524843,0.005003053084248677,0.030626387206313666
generation_import - Generation - Biomass_t-90min,0.0027267333955692265,0.002350252148965865,0.004086680571570014,0.0017779336289833623,0.002597739913395344,0.004062719276967983,0.002007361011384091,0.00113673413151173,0.006532909931938775,0.0030065031647429803,0.0016978725649514671,0.005738857306700084,0.0013655700297514387,0.002034693969731961,0.003422471402218434
generation_import - Generation - Other renewable_t-90min,0.0063655259241495515,0.004122708390961634,0.012225985161619974,0.0025157159759164644,0.004121956457791384,0.007862356275822723,0.00609512578261274,0.006063627346520661,0.007513108488596118,0.0029770969627006707,0.004593255234969547,0.008519883306137671,0.005025852158271391,0.002980976563774675,0.010721455016503569
generation - Nuclear_t-90min,0.004033096929214594,0.0013730940532359454,0.009147702940455929,0.0021540404841343844,0.0010228246349229266,0.009709244832993135,0.002985116549470149,0.0024302747403635292,0.0059674989347840894,0.0011808349097755127,0.002717495576491274,0.008536844290654698,0.0009203623179453757,0.0014089768485059722,0.01157558378662361
generation_import - Generation - Fossil Peat_t-90min,0.003356752422049425,0.004095341684907908,0.0036051436305669995,0.006791937903297366,0.0035899816797282254,0.004280225865024477,0.002756906629059813,0.0029388563620086645,0.004295630271774826,0.003267050217735232,0.0029449032037900907,0.0069833202330919445,0.003573267396990559,0.00341988111190949,0.004697631354436453
temperature_mean_celsius_t-90min,0.002448114141694532,0.003274026865423366,0.007499135507081519,0.002691407459356924,0.002920861995416999,0.008234870574984598,0.001570334318276764,0.0012064993051692809,0.006684622356536693,0.00371925390953038,0.0014427455235316415,0.005220507425817231,0.0020266882051703304,0.0019038355848344964,0.0062473782164488515
generation - Fossil Oil_t-90min,0.0009558013416472022,0.0009744828125476488,0.0012895815307344379,0.00140104734979559,0.001280844614502712,0.0013743424692356711,0.0007059067185826961,0.0003421423054905972,0.0012436762202792124,0.0010873651997502164,0.0015620210002343811,0.0012935475444386384,0.001084404738306148,0.0014687188886409784,0.0013098262395052416
generation_import - Generation - Other_t-90min,0.001005212226132244,0.0010566116062955188,0.002880487336637543,0.0012168667583509886,0.0011422064614396276,0.0022073034677760005,0.0010229226969427146,0.00080805005134755,0.003907898639318319,0.0010918165240159396,0.0010571586523501538,0.004636766494131734,0.0008738580330336844,0.0012857343933042103,0.0025039619768704143
generation_import - Generation - Waste_t-90min,0.0027557047566413076,0.0033294267445268134,0.005439700756853199,0.0020219470889292095,0.00411299240633889,0.006930406935818155,0.0018854844466277428,0.001661498639988622,0.005658255694260333,0.0021315783196237136,0.0017904403374841423,0.005184109593771609,0.0033409202050643217,0.0030489710979254596,0.005940493252417582
generation_import - Import - SE_1_t-90min,0.004856598160450176,0.009311531294340966,0.04599254467955325,0.009395419513373781,0.009538630703711533,0.053174216670391614,0.006906016752051073,0.008960338967610369,0.046164231338097717,0.010362428857857594,0.010942051850011921,0.04201790441267076,0.008805359357087582,0.009346576875424943,0.03732179412292316
generation - Biomass_t-90min,0.002314194845620477,0.001853957080856162,0.002762746822297231,0.0019514014689821124,0.0019582574251879805,0.003079716187466602,0.0020508396732994926,0.001927594730572764,0.0025367470689507173,0.0011693005017655196,0.0015503401674236558,0.0018429282138040435,0.0008447742860980725,0.001377328267873736,0.0025285077397279566
generation - Solar_t-90min,0.00271113494363874,0.0016034087768784957,0.004904524838586439,0.00274332495097201,0.002403819305783145,0.006976105851797911,0.0017558410219216966,0.002635314097018636,0.004576716598207526,0.0020712827689712866,0.0020921447516041667,0.007524717407752178,0.0018469023148509223,0.005317924714938272,0.0074861019623167525
generation_import - Import - SE_3_t-90min,0.009723486134298583,0.008145150204363745,0.0050422772871679625,0.004820766012937384,0.009576965562067927,0.007868992900587728,0.004568952514567172,0.003968434157599404,0.005987254571793528,0.0023979449464795835,0.007462668432352075,0.009659989432429029,0.0022709527103504,0.006112928849201125,0.006153582629049361
temperature_std_celsius_t-90min,0.010812254314316988,0.007744377952571086,0.010539767327456501,0.011423681207608751,0.0066706173126867725,0.010150612014571379,0.0073473795814184084,0.007804945637708442,0.011837787906755694,0.004989952314092079,0.009403550702214488,0.01073215717064386,0.007994384106483267,0.007750897473102669,0.008261467242366961
generation - Fossil Peat_t-90min,0.0026411372275290433,0.001744197517174655,0.007034888293132099,0.0014466418182673805,0.0024581352066288674,0.006086148840980059,0.0016623599540353097,0.0018156660971344535,0.004741587228928438,0.00120766240149851,0.0022795788046651067,0.008479797168946788,0.0013438928268151358,0.0030482344972479042,0.009043931876236457
generation_import - Generation - Fossil Oil_t-90min,0.0004664140130295209,0.00023786741171315384,0.0028242048509700907,0.0007878777662137964,0.00040623472704362485,0.003682542976894183,0.0003749707589627178,0.00032521296262910226,0.0030530757907181395,0.0005244585298066795,0.0006129767204423047,0.0026467218013604,0.0004275942876780903,0.0004279082434488828,0.002423919930727152
generation - Waste_t-90min,0.0035168663068786826,0.0030180738750877935,0.009683969908921427,0.004951259730680249,0.0022469009017877396,0.0038999310859126127,0.0023730144260298404,0.001920793878556651,0.006632449567909134,0.00701417890427183,0.0017131843967902113,0.0035949706422907183,0.00163874716765622,0.00292608582631874,0.0054856936654132365
generation - Fossil Gas_t-90min,0.007599744588129397,0.0016353497623199473,0.009276574262185023,0.0055805694625396425,0.004845423203588325,0.007668221597617958,0.005477623014354322,0.0027276704522155343,0.011201837505897856,0.004627467175363563,0.0024571256121080297,0.011859844877850264,0.007529366292903432,0.0031482580538868205,0.008732758384387125
generation - Fossil Hard coal_t-75min,0.0030301707297739995,0.006328203244076576,0.005381065125939585,0.003451619986907872,0.004145903004682623,0.00251580345693128,0.00392204173909704,0.0031758521581341484,0.004712125244135677,0.0013772657325366708,0.002971740678003698,0.0035360910693989353,0.005333766563329846,0.00624401319923345,0.002941999520855461
generation - Other_t-75min,0.0017820475524094946,0.0029383478652457596,0.0016590054314690405,0.0033990402204499334,0.002237145741909444,0.0017692557202226454,0.0016890323797972542,0.0019525257844306906,0.001770330075738002,0.0015180929607795405,0.0013049315756816214,0.0018181662721726752,0.0008418457955415306,0.0007625263548659405,0.0020143782103077684
generation_import - Import - EE_t-75min,0.0005890543330340279,0.0007500180615440968,0.001132182840665564,0.000841885903516868,0.0006949141347488421,0.001325696355784885,0.0009495453772215114,0.0010659500117235438,0.0010981994902244877,0.0018173806602444528,0.0008345291625400932,0.001932792816039182,0.0014402582889670157,0.0008586547003760643,0.0014968639219033548
generation_import - Generation - Hydro Run-of-river and poundage_t-75min,0.012859679590409996,0.017286495767380984,0.006418302368212608,0.010815597726519627,0.012572333484196861,0.006159092035259164,0.01413117938360665,0.009740079542607418,0.003911098284754189,0.011455124118363243,0.009773714100185316,0.007191917557678607,0.004786432686065382,0.007770854606344074,0.005242016764169307
generation_import - Import - RU_t-75min,0.0007148950254309057,0.0014714388081338257,0.003689018102711998,0.0004902261342540442,0.0005247087734824163,0.003031731378985569,0.0009043254606804112,0.0007153949139083125,0.003779757424374111,0.000994947119266726,0.0006241669105613426,0.004023025089059956,0.001018618067377247,0.000572656705807276,0.003347955546574667
generation_import - Generation - Solar_t-75min,0.0037848788302144386,0.0038079944531637013,0.006235327877802775,0.005336802165678819,0.0041597383682237705,0.00693840728559644,0.002139213245453675,0.0041945539341095356,0.0037250155647291193,0.0027294474115769846,0.0016259824298908824,0.003374860197189264,0.0016673747000390904,0.0015142970580272958,0.004590282290612322
generation - Hydro Run-of-river and poundage_t-75min,0.0033583825160840206,0.001869493913288352,0.019844253992137965,0.003031579626442863,0.002764382911391294,0.020664168389354018,0.0037131534736736284,0.0025214714774338064,0.0187607069571975,0.002952649896771618,0.0035180802068980484,0.013884175098217384,0.0026214450740349093,0.003027334046200849,0.02084892217356537
generation_import - Import - sum_t-75min,0.0029976785543177585,0.003932440727694484,0.03646194217249286,0.0034374342767423513,0.005063801480027905,0.034788982559810396,0.0052741012409237556,0.003955973334001101,0.03213497184391599,0.008388432406027277,0.0038639180139107337,0.03041970071475953,0.005708857144500143,0.005007645434241567,0.036172606384032406
generation_import - Generation - Fossil Hard coal_t-75min,0.005030249224495492,0.0024415611234990136,0.003419809460203396,0.0011636499859459947,0.0025382517646103226,0.005471099477050302,0.004318694635585416,0.0012095733404630664,0.005895787910674698,0.00108969047767323,0.0009493289218269751,0.006264170090882544,0.004308965403935872,0.0011463779058167346,0.00356504774629866
generation_import - Generation - Fossil Gas_t-75min,0.006127908518064942,0.003180339081452985,0.0031734996563109233,0.005831007750606659,0.004843355657867505,0.004764018089550973,0.009183518323407042,0.011840037172525627,0.008798921460249402,0.008067275356275785,0.011782495595255113,0.003190048795549956,0.011243365118600196,0.016165363925043495,0.0042817225136859635
generation - Other renewable_t-75min,0.007161516956773994,0.007300716001251203,0.0062128624704200774,0.0022583087553553014,0.0071921533925014955,0.005948536530882848,0.004796988970207167,0.002921280113174589,0.005978986503225542,0.0033612315876948742,0.008635972181734359,0.006170902366407972,0.004385306097593457,0.00466084871620842,0.006945212326911133
generation_import - Generation - Nuclear_t-75min,0.0014658972603296262,0.003566261522148693,0.007574234535495634,0.0016153998354493525,0.0025923398992599685,0.005953587535281258,0.0011777849073503148,0.0024451648350141113,0.011634278331534006,0.0014359030284377353,0.0012991455591798058,0.008800973810328287,0.0016023562685295474,0.001984370631852471,0.005166772694967222
generation_import - Generation - Wind Onshore_t-75min,0.014482317314414104,0.012728970213858702,0.04701328746869694,0.006230419520474243,0.010118392311262141,0.04461049921493395,0.012501063487019565,0.010295298009777071,0.04371453177707144,0.012463663029717282,0.01046760276837449,0.04280143374032923,0.01035169607144053,0.00901501755256686,0.03889967660665206
generation_import - Import - NO_4_t-75min,0.001577212913238725,0.004977162548915658,0.009864964917876933,0.006285827270792652,0.0030334032303358073,0.009619425009164843,0.004620145743450849,0.002297791256257824,0.012767865724668809,0.003163934958554819,0.00424364460765355,0.008314363611425506,0.0042645785113427336,0.0024471156760582746,0.006735494871161791
load - Actual Load_t-75min,0.002571151307012769,0.0018703387600835413,0.010994758834647655,0.001606607153279242,0.004114000919543287,0.01063643463284825,0.0027931014590249106,0.004238592974194035,0.009745825450016014,0.0012558076424902538,0.001858283912789375,0.011446773515112,0.002857797198758817,0.0016113849301545998,0.009230388674313871
generation - Wind Onshore_t-75min,0.008147239628859097,0.005404539754533289,0.02266521761554759,0.002936489460857956,0.0048141656188881825,0.027849144980558776,0.0013603064536468993,0.001531370864639939,0.02888041121473361,0.001473571636555846,0.0030643485090349715,0.028506798435249947,0.0011015726978880593,0.0013528698361845101,0.02564954283273255
generation_import - Generation - Biomass_t-75min,0.00639188457344062,0.005376590088909325,0.014019612587680058,0.007754266013223969,0.004424350965906342,0.011714102123878547,0.004460989416953453,0.006435291877676718,0.010921246700221673,0.004541260780028097,0.002433682587348358,0.011714608845870316,0.002588266736369405,0.001281227395760311,0.010927287502174294
generation_import - Generation - Other renewable_t-75min,0.0023010012867071055,0.002487638628717832,0.009755776328064484,0.0018783135616890832,0.0034477548806635242,0.011970865956049239,0.002353243638161075,0.0014739827642006277,0.008949311930271505,0.003078696530665184,0.002129095867111346,0.011111258821511,0.001409269116530595,0.0019168143084730218,0.01145535965570707
generation - Nuclear_t-75min,0.003815589268329859,0.0019353846792455442,0.005606438262930169,0.0019560706502525136,0.0017469625027115398,0.004030903235972801,0.0014947581050346343,0.0012814699292253522,0.0041305067810717445,0.0014905126444297138,0.0012040233034931588,0.004856693792656188,0.002047138000947598,0.0014071531790564222,0.00356897622782526
generation_import - Generation - Fossil Peat_t-75min,0.0028908659916050965,0.003100519725237973,0.015623937747557647,0.0040767986864848355,0.0024772510224502185,0.012803851880884395,0.005035402090256411,0.0027562358214581763,0.016044665435008938,0.0014489542193837225,0.0031641910878815907,0.010813117759942543,0.0035926507352851333,0.0013598578920229443,0.008806552676720458
temperature_mean_celsius_t-75min,0.002531171169426443,0.003915456471291691,0.006196280133115579,0.0028563308116463302,0.005216808530145499,0.006019247305341196,0.0032142333329502437,0.0026176418588436264,0.005143809696515745,0.00323157509722796,0.0031346808688936106,0.0053126552657649885,0.0045450175361072525,0.002777745422446969,0.00573138426449259
generation - Fossil Oil_t-75min,0.0004016124827237491,0.00036893591603393363,0.0019574428403152525,0.0006106953616590544,0.0005422555990667207,0.0027706273009589495,0.00038669542086523735,0.0005449166586358842,0.0010922129484270044,0.00046742261334156867,0.00038573227465417404,0.0017529555549044744,0.0002825885031215876,0.0006984732866878858,0.0024942777303811
generation_import - Generation - Other_t-75min,0.004616090061565046,0.004699288292682468,0.005858479581875144,0.003606159364318046,0.004689852648298256,0.00610789880746961,0.003769446608959697,0.003878225513513371,0.007092946804608801,0.002708776481945279,0.003560502489728606,0.004537888893115451,0.0020457681915167997,0.0035528185888360894,0.0036672075363458133
generation_import - Generation - Waste_t-75min,0.003897640967116786,0.002365424111225366,0.0050813594271348845,0.0035861189595320867,0.0034313221210991287,0.005200647779191058,0.002368475328270506,0.005242299151047519,0.00819938910590281,0.0031934408942797744,0.002412187672746086,0.008945877701818063,0.003680765218901797,0.0053595254923634456,0.003882682969607231
generation_import - Import - SE_1_t-75min,0.018482821384212002,0.015398438211122993,0.06497135715611511,0.018260818801354616,0.019954127552628053,0.06169702912373759,0.01669309314228303,0.014737613704463002,0.06464247552794404,0.014380291817506077,0.018078066866786684,0.059661880635248965,0.020302402127708775,0.016955168254789897,0.05784277153098082
generation - Biomass_t-75min,0.0025727260341359397,0.0022223155115212306,0.003189144137188123,0.0011112555163190335,0.0019234805779715315,0.003142814289090893,0.0014838289479376953,0.0020126403294234477,0.0027757181827928433,0.0009180894135483868,0.002368269145673594,0.0028433394206795128,0.0020551360974968703,0.0013016397434084865,0.0034832074465866755
generation - Solar_t-75min,0.0086327901991026,0.008910918189008953,0.013371520691958723,0.00401237640493855,0.011283659663869912,0.015559388464233052,0.002567146866137591,0.00599577804821547,0.016590984182519607,0.005101749165085494,0.007490213778190082,0.010974664806984948,0.0045727954633293846,0.0075838023724209055,0.006860825944102544
generation_import - Import - SE_3_t-75min,0.005740288594912272,0.0027058069834893102,0.022498086541316298,0.003427901930135704,0.0013148741929558127,0.021836082612382596,0.0014231322952800837,0.0012578639007596165,0.023585627667140216,0.0016684065684609095,0.0019116675072441468,0.021031545423553327,0.002155795347971434,0.0017316551097765114,0.01647940525325248
temperature_std_celsius_t-75min,0.0032349321785654864,0.005408863536727949,0.010917504793622357,0.0021334671917256857,0.0038215755401088247,0.009265253886942446,0.003984627909236224,0.0037428378718182102,0.01160179809214992,0.002284827751727903,0.0029236412963704766,0.005900969688644636,0.0027970580781220633,0.005343140363518614,0.0030275712069365
generation - Fossil Peat_t-75min,0.004509780991177649,0.006710905756714056,0.011843239110850846,0.004964728012741034,0.0067054154603115425,0.01062592841492733,0.004404167258124289,0.006984144497226225,0.012228018397436244,0.0017178772960827473,0.0022375259147411272,0.008728160940343514,0.0020921695026595443,0.0028061744495253152,0.00848276813334087
generation_import - Generation - Fossil Oil_t-75min,0.0004577454434214374,0.0003455870582869238,0.001682235962180016,0.0006046861423378687,0.0006458790949473041,0.0023410947476440926,0.0009201330302339557,0.0006914240223036927,0.0011352434559798895,0.0003602813238922753,0.00045833057450670367,0.0014249714603938627,0.00033810059008874304,0.00038407696390322597,0.002262535180468717
generation - Waste_t-75min,0.00668418477504747,0.006912263796657499,0.00596084867513855,0.008263237070590549,0.0072250082429145554,0.005450287618266885,0.0032829208630473657,0.004415006184543472,0.005409496201334719,0.0037603713000771677,0.0020560755099104425,0.004850789700780297,0.004190019692232113,0.0018938106691084612,0.0041880365666092986
generation - Fossil Gas_t-75min,0.009855566454163637,0.007575954064537655,0.004372745034848777,0.0049543554658448554,0.004087576640525185,0.004651334059410146,0.002437624651727674,0.0021393350790567638,0.01022916438570246,0.004106348169997546,0.003656310833406678,0.003907448624720928,0.002358227738726782,0.005094633923962647,0.0033690317765358484
generation - Fossil Hard coal_t-60min,0.005003552409354598,0.004459678215847816,0.015199233693769201,0.006206974075728794,0.004528916466340889,0.017608325363136827,0.005976511320099235,0.002696016937321588,0.017323576832655816,0.006527458906930406,0.005077405349933542,0.01297616984276101,0.006528875032556243,0.011050496376818045,0.01575845479592681
generation - Other_t-60min,0.0054330200390541,0.004977847308355194,0.003372301669904573,0.0056498127224622295,0.0025681519155405113,0.0035979384442923674,0.003961072450936626,0.003629047455459613,0.003142197507289893,0.003556994941848643,0.003112467831786489,0.001997482826189298,0.002722414545811034,0.0029936364519876405,0.0015498322627863672
generation_import - Import - EE_t-60min,0.0014189394206714496,0.001363244899752317,0.004578925169538706,0.001366222904174606,0.002269375566218514,0.004062870168192603,0.001368117179678393,0.0011682029740063627,0.004283346465104841,0.000793206666268361,0.001257898061461674,0.0020434377278616012,0.0005192468670315975,0.0005762083539211744,0.0032041137183341562
generation_import - Generation - Hydro Run-of-river and poundage_t-60min,0.01794664605280559,0.01444207166520937,0.02222548492529313,0.018959574855020037,0.01473327416040047,0.02108563841850264,0.012322708654118287,0.010837158636583808,0.02714531050878941,0.014688338050516904,0.013161015864126966,0.022752583295892692,0.008411675598763395,0.015666882319248544,0.01692429783402622
generation_import - Import - RU_t-60min,0.00042292272965823943,0.0004918114374115703,0.002378999868640676,0.0011312552188173868,0.0006847426715876282,0.0022347465056627696,0.0006196852934290291,0.0009986273834074382,0.001850208982455115,0.0007876375386240398,0.0004660040422568272,0.0030580699013080448,0.0004776943493870931,0.0004739337405039805,0.0018336864333759876
generation_import - Generation - Solar_t-60min,0.001966326518717324,0.0014918064138419141,0.006163975387041319,0.005243208523063913,0.00438344805201632,0.004104123558924812,0.0017344154243821776,0.001962223572247524,0.006302177261990437,0.0024814695132408817,0.0017746861840723794,0.007503595669826609,0.001739002906748283,0.0034782038930429734,0.003779251136660605
generation - Hydro Run-of-river and poundage_t-60min,0.010513912874150265,0.009865448592885514,0.012440876251570443,0.0043483492926088725,0.006303292601598514,0.009294038574373643,0.009187277069316224,0.008378483903725283,0.007201764631015976,0.009021004859569075,0.008608414946385892,0.006267136012747415,0.005452104501589929,0.0040437002708304135,0.005403363541958243
generation_import - Import - sum_t-60min,0.010875868090670338,0.005813100477014814,0.05776537888657185,0.006054726274913264,0.008186968917478225,0.05885397569322959,0.008882473342362572,0.00967351683637753,0.06486051969145774,0.0066868883325842034,0.005848032070990939,0.05888934315717779,0.00931956209762211,0.005975891093201426,0.058035764784159255
generation_import - Generation - Fossil Hard coal_t-60min,0.003984052345549572,0.005516550909582293,0.0025448396414112723,0.0026592662723160174,0.00437017580097745,0.0037367135132299156,0.002923479397635674,0.004029032231608653,0.0037817439336286043,0.0023568691145510455,0.005201756249822211,0.0028995873853855303,0.002116916243952801,0.0010224685281546044,0.006346403178111359
generation_import - Generation - Fossil Gas_t-60min,0.003830322918438469,0.0022515691670560046,0.0038527586838708887,0.004262057346051734,0.0025630220823859417,0.005717006938610211,0.0019786233949698724,0.002019935064645779,0.003603622562630335,0.002656892787889774,0.003080843535961321,0.00439518477182628,0.003988963293744746,0.003102241731174672,0.003021146671559109
generation - Other renewable_t-60min,0.003984430466076446,0.0036490806932711166,0.007005907845180445,0.002634457445764383,0.003526534527771375,0.007363131055077247,0.00386901266316454,0.006242317342701426,0.009804431130287412,0.0027568254937309577,0.006139135240232463,0.007112849134983264,0.0036159840454990898,0.004276713330649727,0.004402639473490126
generation_import - Generation - Nuclear_t-60min,0.0056244390968386146,0.0037954403718249525,0.006215487552679406,0.0033958056525743813,0.004742911566921066,0.00714286667147826,0.0032316954218513274,0.002761445490514234,0.0031711649882316807,0.004810755238630009,0.0011956714615062084,0.004496179314959591,0.0023406575394037646,0.003755044961977546,0.006466518693137914
generation_import - Generation - Wind Onshore_t-60min,0.013513716135719733,0.009144694931315825,0.04246792800398543,0.009897097387489338,0.01184798477752338,0.04073091665082029,0.012245034292034688,0.01123716346584115,0.04760411683190614,0.007593198658937581,0.006479166042927773,0.04173462352989009,0.00808532534155529,0.005377867341259844,0.03984002850070829
generation_import - Import - NO_4_t-60min,0.003492030584293616,0.004626336738700047,0.005888723180946272,0.0017379038590433992,0.0027900512102637547,0.0057249382204681756,0.0017141194485247979,0.005171910110608223,0.005290957249991152,0.003532890917424993,0.0028505303916304,0.005115308805343375,0.0017946824535024462,0.004973579461386634,0.005418602877227783
load - Actual Load_t-60min,0.0019055777107573704,0.002134828014827917,0.013420728109049379,0.0022333239972922455,0.001790295435418102,0.012878284437669208,0.0012676514611139281,0.002704757228346352,0.016410630256083095,0.0016645250967853827,0.002664452983337469,0.021167984730073384,0.001950335549893225,0.0017181304259338503,0.01644141832994319
generation - Wind Onshore_t-60min,0.009415890565018344,0.011709699178900336,0.03821801140077878,0.011109787697686328,0.010849556215629491,0.03627863618679112,0.014197275141305,0.009007142322443542,0.03710847721803293,0.011255294710594626,0.006989484068675665,0.038275040979315236,0.0077793408671968794,0.01027950967477227,0.03495297373650828
generation_import - Generation - Biomass_t-60min,0.0026679080551894004,0.00196820388588003,0.005703735324254012,0.00250071058944377,0.0037570024485175965,0.006576450813263364,0.0025779302888495293,0.002902127931607538,0.008064339068305344,0.002955317294006818,0.0019113727316644145,0.008967687296819349,0.0012452221400890266,0.0018080411449236636,0.006327372447056404
generation_import - Generation - Other renewable_t-60min,0.004954888318574376,0.0020327207121881657,0.0073234424086131185,0.005693141886683407,0.0025838509505210824,0.01006012729279064,0.0031758349317560714,0.0032802538792898305,0.006819440568258869,0.004230333037286527,0.0030695443238128064,0.006883922187043936,0.004805033300981449,0.0021474631882247193,0.006606106065422864
generation - Nuclear_t-60min,0.0029630476174297656,0.00320668968004793,0.005251298233139095,0.0021720489907947923,0.0017773038172308588,0.006152989206086204,0.0020472434369785335,0.002193022385843506,0.005022920415165572,0.0017330688004099102,0.0030131040035147405,0.006226942171815608,0.001931198799194135,0.0018781615146631339,0.00573537109713834
generation_import - Generation - Fossil Peat_t-60min,0.0018993280354266061,0.002217682307717041,0.0017896791209110461,0.0014224367395690933,0.0012821882910866408,0.0036588503131097243,0.002455182952980067,0.0015584224622762122,0.006357000235846499,0.002560171452600116,0.001172271845653995,0.004579683846292028,0.0020029054151291348,0.0021687524177350496,0.0029319359522460217
temperature_mean_celsius_t-60min,0.005487827470584307,0.007913818485743832,0.005742691184796058,0.0054994404567814854,0.004636106323401691,0.007375848469844641,0.005802436297193481,0.004995184920600877,0.006968940800892597,0.006000270838983851,0.006448261751629616,0.008549556481390027,0.005208545086621598,0.0019308537234155666,0.0076755374817498705
generation - Fossil Oil_t-60min,0.000436338886457861,0.0006360512643050243,0.001818971313401562,0.00033166006935772785,0.0004174092133009708,0.002990336440608189,0.0005651776746462929,0.0006727810893307833,0.002480691408949497,0.00039071743244016945,0.0010653551189006975,0.0027606299894379163,0.0006588434404748113,0.00024666423713986776,0.002494607936720058
generation_import - Generation - Other_t-60min,0.0016632467317916734,0.002285190390713524,0.007326163246849319,0.002594725113968707,0.0025645919290436725,0.006567983672764967,0.0032798925000388406,0.002706051153647422,0.0065054684708138666,0.003632108935737051,0.0028995971628937695,0.007330778205345268,0.003096720767522129,0.003332443036328186,0.0041576449414164355
generation_import - Generation - Waste_t-60min,0.009510367693124864,0.011659663709007418,0.008381927834896488,0.009002762012431048,0.008180377882352331,0.008509458024906963,0.003963719862793368,0.002623329697754034,0.00997812317453645,0.004247891415901904,0.005738488994500585,0.007911007521637658,0.0034220458400304778,0.005435853458300699,0.009894527085609298
generation_import - Import - SE_1_t-60min,0.016543973626510704,0.01014416572413893,0.11210923954937607,0.014518370740057435,0.016106026620211197,0.11343810229538939,0.018239725661289414,0.01866425796722615,0.11565045867452864,0.016720466910279355,0.011874481366341115,0.10959697356304969,0.019909766132652294,0.018633481702563584,0.10100687492808356
generation - Biomass_t-60min,0.0023833050057437506,0.0021914651204806433,0.008883905976599635,0.0021203531910678067,0.0015942016215794866,0.008332642782241237,0.0018410010648685785,0.002016448961601327,0.009839988625208207,0.001798397680377093,0.002294153415991019,0.008619438216031994,0.0015039534010884382,0.0019020471545479723,0.007447431135723491
generation - Solar_t-60min,0.0019884932103759636,0.0025777320780689477,0.024187417936358542,0.0024100815552969834,0.0026964148389351976,0.019277528400343726,0.0015620167166516695,0.0015265858453913097,0.020114287734344545,0.003116651203828951,0.004166347835126544,0.022642860685024063,0.0036515942546625412,0.0018408233031123019,0.018635986274896824
generation_import - Import - SE_3_t-60min,0.0021803939387268654,0.0034525818250203885,0.01633141022717609,0.0031980522149751777,0.002632335947877891,0.0178563681275009,0.0021374357309396144,0.005946901183946466,0.020135514025154407,0.002184315019792848,0.0029542058387487485,0.016767008900351356,0.003200662595065296,0.0033008245559713032,0.01941812573997595
temperature_std_celsius_t-60min,0.0013269387577067846,0.004889482301426085,0.00933405445687822,0.0030183964039811146,0.0020785079235967033,0.011798774876962853,0.0014918922329034104,0.002078962481880808,0.006098952909011245,0.0010980747378332581,0.001437435498743298,0.006050802398629912,0.003228848847655172,0.0026928441835955253,0.014815218107192777
generation - Fossil Peat_t-60min,0.008526810583680345,0.005637457726028515,0.0056280478293247145,0.006623095977534831,0.007520521541206108,0.005976832107035079,0.008963437127837096,0.0029062139083234797,0.006876312806375154,0.004855957142000989,0.005573467894078931,0.004252941252238088,0.004692448104833602,0.006378431827128225,0.003695136962372999
generation_import - Generation - Fossil Oil_t-60min,0.0013179734153764002,0.0008613894959150912,0.0033127797455636027,0.0008637897233838885,0.0009336298246753359,0.0032874588690451675,0.0009054054105308751,0.0014369902149846893,0.0027948006133674424,0.00042320194799526687,0.00034560621245373113,0.0031070240278095297,0.0006988226988619317,0.00039475416938746833,0.0030868495700487985
generation - Waste_t-60min,0.004927377442071588,0.008743469976645428,0.007758747226836654,0.006449218106544322,0.004761433111459155,0.006933548617560519,0.005296646451898141,0.008237883300225804,0.004588225038962264,0.004224681422680078,0.005306994943061,0.004479973376357521,0.005992252330834162,0.006599984118813154,0.004246369579846487
generation - Fossil Gas_t-60min,0.0034485830352095946,0.0036723519880788444,0.005383680728977197,0.0028280684417995874,0.002577118866962337,0.0037551910682325344,0.0021803705329572266,0.003485138459960581,0.0047888457169465255,0.0022399473775712975,0.0028274888916939743,0.00406502898479448,0.002198952851274953,0.0027701579969807424,0.003548296804954589
generation - Fossil Hard coal_t-45min,0.004985543856404547,0.006881256433131057,0.007270360333868524,0.0070805598231672776,0.006602965767873684,0.00440638023205247,0.001515255748200616,0.0033211261889082378,0.005149728411714022,0.003247664156398969,0.004269929778150982,0.0050680392363419745,0.0013334659144002216,0.0014987080769187742,0.004112192486209096
generation - Other_t-45min,0.0018396340824247091,0.002319711712051685,0.0019440779475862655,0.002467004953279684,0.001923662697587133,0.0030077128042526055,0.0017319721075330107,0.003214863812416297,0.002250196619161443,0.003131478567265731,0.001970262415246907,0.0024545792868098035,0.0030245325204705294,0.0009100683828273759,0.004753090803775195
generation_import - Import - EE_t-45min,0.0007975609999793961,0.0008796343667345354,0.0018106748973234516,0.001436090545367051,0.000529678774795002,0.0026270397917578523,0.0016287235543240967,0.001594794486743922,0.002952164785210698,0.0008050975743772141,0.0007014414977568322,0.0020947199160189028,0.0017631303340676823,0.0010149252922060442,0.002253827652942164
generation_import - Generation - Hydro Run-of-river and poundage_t-45min,0.010250165670930074,0.007839731674610448,0.02935180829501951,0.010342319341554685,0.01162053343365551,0.03371962858820916,0.009684955589902528,0.01260512418768485,0.03629915408865782,0.01368229588651775,0.004285446131762001,0.0361812417717083,0.010645219398076734,0.011295915733164293,0.034510388208896986
generation_import - Import - RU_t-45min,0.0017772896537790075,0.0012576082463783677,0.0009938163312340294,0.0015302163852611557,0.0016904917189385742,0.001366385195875864,0.0014206231651478446,0.00040396447042985526,0.0013441591802404815,0.0013135047411196865,0.0009370370311225998,0.000998219940215847,0.0010910544373618903,0.0008483531200763536,0.000980875197991736
generation_import - Generation - Solar_t-45min,0.004207077317470408,0.00582376624133758,0.0042760310704397855,0.004874474101932719,0.003532836749919625,0.005460717587486215,0.007121891956378022,0.006275610304259089,0.004332099061713961,0.005002986569236782,0.001791116861161754,0.004515864885212067,0.00415816008832553,0.0023308866402186367,0.005366718712288275
generation - Hydro Run-of-river and poundage_t-45min,0.00828802131136763,0.014676116025271767,0.00891751382240909,0.008863815440956387,0.01636395377764711,0.015989950667302764,0.005880350999280381,0.007883721755599253,0.012180817499053774,0.006983208797697443,0.007543909527976211,0.015011879147787113,0.0057141585321951426,0.0040689767037501955,0.009083527859509558
generation_import - Import - sum_t-45min,0.004030272348012204,0.0038114908899406145,0.012360221740004135,0.0036644761556218555,0.0013597251226761956,0.012978127729140396,0.0022847587014366583,0.001947590231153299,0.024054007966828068,0.001768938507953635,0.0015779870150363423,0.030833023507118924,0.0021887914219792036,0.001993182857568172,0.019235822305709006
generation_import - Generation - Fossil Hard coal_t-45min,0.00518520881090808,0.0041921863833995305,0.0036547262728227,0.0022602236552620525,0.0033582774821989004,0.003049464825553059,0.003253627386962762,0.003204877506883349,0.006508083755725238,0.0035390537871280684,0.00629838575021131,0.003448427764018561,0.0030618645537451813,0.00514392722066259,0.002967019840136345
generation_import - Generation - Fossil Gas_t-45min,0.002267769481957657,0.004749973942431098,0.0076153589783643835,0.006889457642821071,0.005332042390417428,0.008313867741206194,0.00233027671122818,0.005263560515857534,0.0055862865623075774,0.0067397174511716,0.0015698258068887298,0.011178465056131244,0.0035600929669544713,0.005149246453682281,0.008106532027608637
generation - Other renewable_t-45min,0.0076024997698696094,0.0029267453570225826,0.0077637125107066825,0.003760889842171309,0.00498371871342897,0.012618791702516318,0.0047622580092447605,0.0020004149319665884,0.008399083334079478,0.0015010842651991538,0.002487926884816261,0.010920388319911581,0.003608928723111603,0.0041229771709913625,0.008438550530926023
generation_import - Generation - Nuclear_t-45min,0.0015288705223732678,0.0010941746413819827,0.006391639443536406,0.002857198374967993,0.0012812783852239136,0.007224107032692928,0.002977196759371509,0.0029206880130950596,0.004953095540817912,0.0026856803243572357,0.0012913468191350149,0.009571155930068926,0.0012551662040295923,0.0018475822930904542,0.010262507240950071
generation_import - Generation - Wind Onshore_t-45min,0.014695762213406852,0.010257877803021984,0.031683805306849534,0.008601243854522182,0.006234990131209997,0.02733258049923461,0.009815156249313986,0.015465325517339807,0.03112075749426731,0.010247400675027166,0.006370702689131576,0.03254414817150973,0.010732014730179798,0.012124026061297628,0.033486819527905026
generation_import - Import - NO_4_t-45min,0.002003892459790961,0.0022089585172607256,0.016190523808676516,0.00316923567167305,0.002062735825746131,0.012901344542624428,0.0016215555799153662,0.0016056192878659203,0.008726987750000262,0.0021392688941323287,0.0015305674732826447,0.008510142968167201,0.001824100018991885,0.003134004281467696,0.012021353989313865
load - Actual Load_t-45min,0.005508011389434614,0.004322921019916976,0.003998578217192517,0.0038580871501342246,0.004649206790663812,0.0038705029113007185,0.00411516998636398,0.0030984742340806407,0.0035063195864677254,0.004415852082480342,0.0033677470211005128,0.0034903995692584433,0.005020017676302814,0.006713533227521111,0.004434685185246054
generation - Wind Onshore_t-45min,0.0039037758004342323,0.004962860136849485,0.03204866554689116,0.003253805707307038,0.002184769162466182,0.025919848930934675,0.00246168078708979,0.0034467544371600523,0.029684303851536243,0.0016351425160050894,0.003120334398365685,0.02800498348970723,0.0019425010683007712,0.007939378021501398,0.03170135854645923
generation_import - Generation - Biomass_t-45min,0.0015295016738064078,0.0024891531514813323,0.007529082232742439,0.003254544861996806,0.0022454194451056535,0.006954305197868962,0.002236615981160867,0.002985123158715396,0.006453866704403481,0.0024360634963168197,0.0022848786176060685,0.007650427398963416,0.003208594815532706,0.0045027265742683086,0.006142567538998264
generation_import - Generation - Other renewable_t-45min,0.0068419327839219475,0.006559580692148302,0.01755927168382368,0.006707595571718457,0.009450171291297011,0.014094764467328786,0.006302589801416616,0.009600290965297064,0.02034559806785228,0.004696058866860767,0.0036679369994349143,0.021712710234394764,0.008080371055166324,0.005366154473898732,0.011987412761125598
generation - Nuclear_t-45min,0.0020883358719756303,0.003130524773037905,0.004164195605343594,0.0012888348835740544,0.0018544150774693904,0.005165101929051162,0.002700354803616847,0.0029333910550976726,0.007295049062977341,0.00243897558763274,0.00411516867109458,0.0061254894785579385,0.0037377263197547563,0.003066309696463577,0.005666206567462353
generation_import - Generation - Fossil Peat_t-45min,0.0021634022294419993,0.002501545359765487,0.008929079827906207,0.0016266688075670572,0.0014153142770392151,0.007570256407401757,0.002125235932348005,0.0018053295925136012,0.006659098419870134,0.0019973100899696875,0.0019374360501763306,0.0063292341643536925,0.0018183927506476038,0.0009008306214723234,0.008665941880157334
temperature_mean_celsius_t-45min,0.005617272044959464,0.007975109552973663,0.010883868316012922,0.010537228736502584,0.005916478160768022,0.0070267767871227986,0.006647945660486584,0.006708285876216905,0.006631714743936755,0.002869434721713333,0.005605437681870171,0.006442476444859494,0.004342663196655167,0.004797117867115958,0.011921856143781042
generation - Fossil Oil_t-45min,0.0004140379510726007,0.00043240260044731115,0.0016596066969905223,0.0004887486739593498,0.0009309998896769684,0.001201110402956374,0.0002965878457915494,0.000691265685181861,0.0009291080057269028,0.0003727896112484359,0.0008035799583030893,0.0013510006383457948,0.00037976725974920103,0.00063528992940428,0.001460759390387466
generation_import - Generation - Other_t-45min,0.0008330855361116391,0.0010026193280141342,0.006979732722160407,0.0008654710291159518,0.0017067208518183178,0.005782566912166658,0.0017715759004313441,0.0007977721794982244,0.006614479663896418,0.0012453795704204821,0.0007694974458489128,0.0066134359422430865,0.0014570005671635045,0.0010822650227619306,0.006942531051921833
generation_import - Generation - Waste_t-45min,0.004113634996081828,0.003594847395899706,0.0047991904257789885,0.0031623733223023007,0.0025194376405074763,0.005926537814410039,0.002702249974710867,0.0027707357693225274,0.007037595153791017,0.0027749306308578526,0.0020308872760924713,0.0056285791321206485,0.0024641685456193727,0.002156932411134733,0.006736563929865952
generation_import - Import - SE_1_t-45min,0.007114480865602672,0.002393315890348958,0.1230429508909583,0.005041110526188277,0.002994705799281746,0.12696790753584355,0.010624616845452692,0.01016891855392896,0.11903770435764455,0.0104619370711589,0.01170005445006973,0.11142583173001185,0.011183548811623041,0.009463910566457344,0.11913224183395504
generation - Biomass_t-45min,0.0036358066096638594,0.001021433425783414,0.002175775182302459,0.0023890436125016093,0.0030376152234712207,0.0023618572615322934,0.001520731661852551,0.0010965703449355715,0.00502241537446389,0.001087302162657579,0.0017361873775607818,0.005248700797532365,0.0018084387970511671,0.0015227062160975038,0.0023093508483416373
generation - Solar_t-45min,0.00959036158064555,0.005886486319464666,0.0110301830033859,0.004331896660067286,0.00598546231106593,0.008710502572750555,0.008814923033845843,0.0072871052522950775,0.01010276382730808,0.006036169929982862,0.0048233480589587995,0.006758347230848358,0.004502148583633243,0.003488098801858541,0.011488502321823035
generation_import - Import - SE_3_t-45min,0.0028370216583080035,0.003985545257460785,0.02644906667957912,0.0038192307447352503,0.004821346674211782,0.026881369424183503,0.0027276507103115365,0.002111361919103729,0.027761223546345717,0.004366507061062294,0.003028834126938818,0.028487087292713112,0.0047457261248164285,0.0029705556433118545,0.025350984688029713
temperature_std_celsius_t-45min,0.005225415606895695,0.004458098723946136,0.00403247713798919,0.001818554274975213,0.004495989565670243,0.0050559111182865305,0.006728523456128642,0.0027312199714052666,0.004148762048564095,0.005398452692712453,0.006496079779988576,0.004127687713842533,0.0015073395499518938,0.006114320254277118,0.006228264076755295
generation - Fossil Peat_t-45min,0.003492588200337195,0.0035714268195588374,0.003490580666319147,0.004197828419160942,0.004172459052152589,0.004094826381075108,0.0010233978799994929,0.0013000091162748504,0.004279644047261627,0.0017011968889696619,0.004671336653849721,0.005764179201694787,0.0020686127896697142,0.0011841070801501701,0.0024968128192995208
generation_import - Generation - Fossil Oil_t-45min,0.0005180891685698725,0.000352925892918333,0.0023605221186335256,0.00048277697521552907,0.0005171663525743497,0.0018727573552539524,0.00046283634128599263,0.0005700876306998453,0.0017138906722532284,0.00039459975319527983,0.0002532486560569396,0.001401289056168025,0.0003637612295751751,0.0003036478267849816,0.001111003837549788
generation - Waste_t-45min,0.00638208358495649,0.005026844944441109,0.023529731368733337,0.0026375584549459745,0.0033761564325269547,0.017332569927231815,0.003061567293236294,0.005506309074691671,0.021137810486892703,0.005234418720254325,0.0038112831462749457,0.01821733054962533,0.003280426835473918,0.004699201414761774,0.013510965615270834
generation - Fossil Gas_t-45min,0.0036202128497518516,0.004891667284135565,0.004081110316910781,0.003405047742620809,0.004376696848968095,0.004122853366744493,0.0058593381117971145,0.0050195962562502245,0.00417548216959949,0.004555419549606995,0.001482483809500991,0.003289269545770367,0.0032943540464320906,0.001744119124199642,0.0029813912696663464
generation - Fossil Hard coal_t-30min,0.0016326057096321164,0.0012089669987176421,0.007275235911365598,0.0015197302863325603,0.0034054068986006315,0.010601056311454159,0.0031887015649699605,0.001892939726943041,0.0076808961200295015,0.0028272863547099407,0.005341061694372911,0.005281348266362783,0.0030140270372976375,0.005347109968657606,0.004328334896315937
generation - Other_t-30min,0.004472891783701925,0.0020152107568036756,0.004676552638309658,0.0009496071156562493,0.0020141866778667465,0.006582934833568288,0.002378366852018189,0.00267975531896991,0.00830315934792452,0.0031741419305380985,0.003687412129769655,0.00654146640664112,0.004414736451650242,0.0027838935841264173,0.0032686616581750058
generation_import - Import - EE_t-30min,0.002543242003797786,0.0011603467443455885,0.005768414726015181,0.0011619760507833234,0.0011780039120531,0.0060373780585359785,0.0006100344641687343,0.0007145482627817614,0.004287066679506097,0.0006324702321508084,0.0006244416474359013,0.00434866036693802,0.0012374724258428103,0.0007809922511369222,0.005662738388055004
generation_import - Generation - Hydro Run-of-river and poundage_t-30min,0.0038798970749248838,0.004867617064138016,0.029218496093482826,0.0035584211232689996,0.0022972705859247073,0.031804890930070544,0.002846343613411591,0.004547191004530759,0.029765356323710877,0.002959915534058382,0.0026167987877524865,0.030397402377340767,0.0033485336345402176,0.002304927666500589,0.030029157406155717
generation_import - Import - RU_t-30min,0.0011088393486752466,0.0008142745751538314,0.0016240287022792471,0.0010158043494011507,0.0012875249229837209,0.001666379651047464,0.0004449707143753585,0.00044059053493310783,0.0013043704272440663,0.0007969176395422437,0.0008603165029926459,0.002182932388292102,0.0009165942302788608,0.0006692741083570581,0.002269416096518398
generation_import - Generation - Solar_t-30min,0.0034635848645318676,0.0037012607754531926,0.006745946479568375,0.004254226366123476,0.007125614084328845,0.010569394687736348,0.002411855256634226,0.004332583846222406,0.01117651788832518,0.0037874279160932927,0.0023929626037534034,0.006041344382319949,0.00438287153152487,0.0021130840645146236,0.004307210319660954
generation - Hydro Run-of-river and poundage_t-30min,0.0034079429829453147,0.002005462927759254,0.024281493034919548,0.0020689618182532284,0.003909897650511994,0.02640338673639053,0.003963741990924973,0.00240652038859389,0.02977487160032615,0.003559831346474084,0.0020415495451898097,0.03078108545136638,0.0022012872065915873,0.001425777873655079,0.03009462848055409
generation_import - Import - sum_t-30min,0.008956880674908461,0.006561566247389237,0.01368408679123968,0.004596026462262671,0.004451497561612996,0.012619338779226382,0.008555526881998957,0.006961365888451837,0.01642429714582977,0.005704955125333072,0.004586415751135235,0.006349648299599721,0.0036368112853583626,0.001969060841568762,0.0041675758972705805
generation_import - Generation - Fossil Hard coal_t-30min,0.0016182663441659316,0.0020670443772614817,0.010742373855318874,0.004253005929705978,0.004422363575053169,0.0113953747957421,0.00405526244228804,0.00197162873788875,0.006629376518540084,0.0029777847227251187,0.005584427459863946,0.006464343417803321,0.002866219185125374,0.005909329439920839,0.007408769271823985
generation_import - Generation - Fossil Gas_t-30min,0.0017138065157191705,0.0023503022664192485,0.020356454961140115,0.0068775894877740025,0.0032348738632758797,0.017321866485959618,0.0023182049314659707,0.003983839628694341,0.023559349303948693,0.004873412220960745,0.002053420242296852,0.018823544106373446,0.002830102269880854,0.0025058619828355402,0.014436420490703313
generation - Other renewable_t-30min,0.0030187368760743994,0.0026098913810467367,0.018766350298479666,0.00193657907963825,0.0016404251088961246,0.01766091769351988,0.003650902655193022,0.0020198411481369477,0.0136420613594928,0.0030574062224181945,0.004452088778565667,0.01762014893603191,0.0029894304406316223,0.0021448034528993958,0.016977492099424125
generation_import - Generation - Nuclear_t-30min,0.003300095076960133,0.0010563251307876271,0.0022755261606289424,0.0018460733031718064,0.0010829185565326043,0.002104126620640727,0.0009961087826741277,0.0024330897774088953,0.003859860866721647,0.001157302334256201,0.00235509736972017,0.0024231959623793953,0.0025259240833206604,0.0023836318846094857,0.0028155399237894015
generation_import - Generation - Wind Onshore_t-30min,0.006027094372001102,0.006841087940272701,0.016259463824608248,0.008080103070760743,0.008582676415506285,0.018660279401374283,0.004997959976425591,0.006090054529820918,0.018414766801894075,0.006928472040864562,0.008959860567585565,0.019526775762038595,0.0017920183137212008,0.00718615728792156,0.02388525506433507
generation_import - Import - NO_4_t-30min,0.003827595529273822,0.00774992305629712,0.024245504426013212,0.003835551802574628,0.009074776411653147,0.02335816040309146,0.0020136282027642663,0.001560137022527215,0.022554585990324994,0.0014202645353961999,0.002933814323558181,0.02124679549829307,0.001995691621276762,0.00586119080271601,0.017452659127702646
load - Actual Load_t-30min,0.009568178612054907,0.004529312102458789,0.019936594849932588,0.004806416244614866,0.004594364614855294,0.01970227409726067,0.005866618815669369,0.0036577701614924083,0.017108393419199276,0.0046438163309730955,0.0011738530157226704,0.018546231558866567,0.0037796951348085914,0.0022396239750783024,0.014552044586467673
generation - Wind Onshore_t-30min,0.0032214232111819003,0.003282418968378465,0.009548065866295474,0.006030860813552863,0.003162347653966208,0.005516276394911984,0.0072576731687149735,0.0038590308960301627,0.004226897069875122,0.0039495979211722695,0.004803085549437128,0.0038927273951339884,0.002379546390970063,0.0034386632451314653,0.004681776726773023
generation_import - Generation - Biomass_t-30min,0.001297529118611692,0.0017622275986359454,0.0084237306893192,0.0013365744694863223,0.0013475843455244103,0.0057317761144295215,0.0016045486443381379,0.002046722155133466,0.007227982207284072,0.0008576360920687875,0.0013027352538065315,0.006167876836752839,0.0013056183878575212,0.0015098685975902981,0.0069565842387200975
generation_import - Generation - Other renewable_t-30min,0.010265835687754589,0.005093756603612746,0.011223744351667165,0.00643895123422044,0.008380048182560131,0.009057907779220841,0.008198587378807133,0.005184637020653554,0.009558989365843444,0.009006699819761706,0.003407135753939656,0.006455680626713729,0.006627597714941658,0.0046658369729975675,0.0077263724742661
generation - Nuclear_t-30min,0.0030192837371862424,0.0016038069061723944,0.005654205292375991,0.0024519787545650615,0.0012898034946938423,0.003732565114936733,0.003398000374872936,0.0021293591313418007,0.003070570113546637,0.0008737280872355768,0.0013190799984954822,0.003675830336025683,0.005409264065266825,0.004027676126899678,0.003181375306327027
generation_import - Generation - Fossil Peat_t-30min,0.0035727862601561355,0.0026752632228977547,0.0048870485071929575,0.0021179562821525906,0.002384704230839361,0.0070459292710083905,0.001736236537244622,0.002609706252329488,0.004429413144254795,0.002005705821167794,0.0027014714722536155,0.0029121828263473618,0.0025815448418934467,0.001733650695601682,0.002311119836051148
temperature_mean_celsius_t-30min,0.011299765964708058,0.005276723836102974,0.004898129556066124,0.004634552644265568,0.006184372878100476,0.005355522832907809,0.008436594625882208,0.005935727758016583,0.00547999374814026,0.009012714632524876,0.0075043431880149,0.006778412091152859,0.00457300897226014,0.006254920937157294,0.0074166376283174035
generation - Fossil Oil_t-30min,0.0002901395201593147,0.0004268845087485715,0.0006677608558442217,0.0003026120270158117,0.00038981618677439654,0.0009697526999155457,0.0002817385945440947,0.0002952436233638309,0.0006237015092460752,0.0004391330652489955,0.0002870250935995955,0.0006237829833547721,0.0008552505943339384,0.0004798224466267698,0.00072270514860503
generation_import - Generation - Other_t-30min,0.0008062936373747789,0.0010092598376056686,0.005198449829227684,0.0009985818538079912,0.0012250524040618984,0.003669381568268733,0.0014845803808930214,0.0009190127237941397,0.0041981572778345255,0.0008930588596394955,0.0007673146258875931,0.004720017334070803,0.0011102356525525465,0.0009212654878192553,0.003612811735889409
generation_import - Generation - Waste_t-30min,0.003021302146621565,0.008138618972483982,0.006255872661986359,0.00650435024623539,0.0026894104749567303,0.006338875192916021,0.002469404275756801,0.007326507565934662,0.0058365076353111365,0.00864718513311891,0.002368504070241215,0.005744110467466271,0.004740614457529773,0.008092513560166935,0.005954142636413962
generation_import - Import - SE_1_t-30min,0.0020124002925548438,0.002330406675161612,0.035770785934320884,0.0028059891665816396,0.0015854710456260363,0.0407871807958727,0.0034456285204978484,0.001490195690692417,0.0432358848057047,0.001567617040335108,0.0020559273220252406,0.039331195374310485,0.0031166406566280782,0.003628085681603352,0.03602905635787465
generation - Biomass_t-30min,0.0017973624065025433,0.0017298660407977877,0.0022330935770914946,0.0014544852199819616,0.002432216374847485,0.0019722510484889424,0.00194973971309264,0.002009523620800337,0.002356578765739869,0.0016677130046000457,0.0017127702544235035,0.002903889698888861,0.0023194067388381256,0.0023306767620082385,0.002169195465532539
generation - Solar_t-30min,0.0066389234740126995,0.006020680919267761,0.004321630626795013,0.0048193467593373495,0.005876382024231134,0.004419096827362182,0.0022468152607495995,0.002667633024203042,0.006685277303215116,0.002181720146630823,0.003181843920063329,0.005883872873088194,0.004462533117070052,0.002289813478774704,0.0037329145103035446
generation_import - Import - SE_3_t-30min,0.005616413061976346,0.004346775332367542,0.003443087438256043,0.007880424413189757,0.006082259024013183,0.004834622934731669,0.005494800313465021,0.006196357696971973,0.0037673264690611177,0.007614055015073973,0.007358380741521614,0.002835639048689984,0.008096219373666827,0.00590939016057807,0.004571050476566597
temperature_std_celsius_t-30min,0.0027981614476843787,0.0023930279667990816,0.008334013879873965,0.006466213878560211,0.0016106826555383122,0.010325146755028982,0.0017766395803696469,0.0013881302487823177,0.006993140118240262,0.0021121964715252943,0.0014415724350102437,0.007685193318397069,0.0015393705700535065,0.0021152412409542196,0.004685406893096115
generation - Fossil Peat_t-30min,0.0037472773988479276,0.007106921728860471,0.01049480229852361,0.002340463555339511,0.0033855626013246363,0.007358218985085842,0.004457416553800613,0.002487183613313391,0.007100504654285032,0.001885154034746847,0.0033292328797441544,0.006633126055196044,0.00271735254624582,0.0021052751129080035,0.006328121879847459
generation_import - Generation - Fossil Oil_t-30min,0.0007211018476400568,0.001178173321692384,0.0009880725669314642,0.0017881138447082775,0.0011346168811469397,0.0006433642280333061,0.0005104213485266769,0.00038210849085294285,0.0007268100049891473,0.001122945317409176,0.0009661345872518722,0.000660009449772133,0.000912324512943087,0.0015842563842234085,0.0005629502904703258
generation - Waste_t-30min,0.012458850483577408,0.006551996480846356,0.01323526542473337,0.00684286020181645,0.00717227522713074,0.0094283979113643,0.010457280188456935,0.008931031960088149,0.0072091977213931385,0.005753519738194882,0.008411938729139364,0.006917923696459184,0.00945818349516594,0.004188244929652683,0.014308466728805798
generation - Fossil Gas_t-30min,0.009997575425106334,0.0054107171282666965,0.003976245331745304,0.002625211781469261,0.0019145326276293418,0.003188151497311992,0.0015805988259544393,0.002690884905618077,0.002902809495531983,0.0021244109070958075,0.001384917756716959,0.0032451984709005047,0.003285607687654192,0.00574887432756077,0.006065204238970182
generation - Fossil Hard coal_t-15min,0.0019816470818113884,0.0013605042616582068,0.009969401824346278,0.0013178133802894082,0.0014093941032551811,0.010252129094993507,0.0023165714868489716,0.0028971986820563417,0.009912310450812584,0.004584298526537168,0.0010732906676954599,0.0064197783491235895,0.0021215957032000004,0.0021512349763479505,0.006853931262245169
generation - Other_t-15min,0.002249914031723165,0.001724859868597605,0.009261627233998298,0.0016717613091495878,0.0013647320879626931,0.008597624964415445,0.001669453187725594,0.0014265483800068068,0.006815369009643291,0.0015891499155405314,0.0013103634907783998,0.0042714672388528925,0.0017230662408373974,0.001209654205609695,0.005425973508682318
generation_import - Import - EE_t-15min,0.0012425972538640054,0.002152630248843707,0.004040285825676165,0.0013651191802973698,0.0032291321323718878,0.0033866591383166452,0.0019339399369928288,0.0007594183340906966,0.004644983136202427,0.001067670429402824,0.0006261615037224147,0.0032332289014275375,0.0008185400285865398,0.0008978955877387306,0.003824949919533992
generation_import - Generation - Hydro Run-of-river and poundage_t-15min,0.02680528583387786,0.019112618878250942,0.0033197770174635934,0.018591547497344436,0.0184368964568348,0.003499172268199345,0.01835983674842282,0.014016832439298015,0.004622790712350252,0.014916586637984437,0.011398541004091385,0.005968774021312129,0.011163248380718869,0.013005403353221482,0.006887077660034265
generation_import - Import - RU_t-15min,0.001156109392930375,0.001077947764872988,0.0035229380234668498,0.0005711457929285473,0.0014715675467450637,0.003193405576632358,0.0016313234730041587,0.0010247172440695067,0.00428919256478548,0.001245370069227647,0.0006179916466685426,0.004116287550888956,0.0010866312828729861,0.0009596071237465367,0.0022179562232486206
generation_import - Generation - Solar_t-15min,0.0019472557522271928,0.002110117408870792,0.01869783784072206,0.0023994853766187135,0.0027577919135255797,0.01691021757226554,0.0013731723011501345,0.0022916470185700747,0.014269288194856927,0.002357043011333701,0.00233010729615944,0.012567526729781094,0.0012928949465474489,0.004421897874171918,0.010253980480876635
generation - Hydro Run-of-river and poundage_t-15min,0.014473465128495719,0.017819894366504743,0.005016336396638507,0.011141269191775792,0.017816907069009177,0.00721382336167153,0.01288781516891322,0.011927154556884489,0.005577968218396563,0.012440752633765897,0.014706953380678896,0.007065883944362213,0.007446421211507186,0.00834223906158195,0.01108823043355369
generation_import - Import - sum_t-15min,0.004463569995532452,0.002701895419111679,0.04136199100984959,0.002055758724636689,0.0018282972499027892,0.031086409767740405,0.0016822464180204406,0.004756369338629156,0.0388104362434824,0.0017725857152099706,0.0037693698165167005,0.03881207481585443,0.004175377199764625,0.0028681061538777613,0.03264548821595963
generation_import - Generation - Fossil Hard coal_t-15min,0.004562531749528717,0.0008610379373567412,0.009285929592932007,0.0028721246779387,0.0026339850295335056,0.008223639370844466,0.000781497497971941,0.0018014043403381948,0.012510366037932727,0.004474706041393802,0.0008713303275965245,0.01091612309764605,0.0035230087416566677,0.0010013097197916067,0.008589384979684837
generation_import - Generation - Fossil Gas_t-15min,0.0069341172108047435,0.005291651466890471,0.010615298014668952,0.0040693095106798865,0.007640186370976153,0.006567800195000018,0.0039125726470319935,0.0013720340785903318,0.00810372664622264,0.007596854206174612,0.007196867954415211,0.0070542677027442555,0.005985536229622085,0.004592839754572196,0.007448735507183301
generation - Other renewable_t-15min,0.005004212581929096,0.004784340658541623,0.027143436334183205,0.003389241714292325,0.003216221242555093,0.027971521759100143,0.002086237241641584,0.0021817969580683895,0.0270187259967213,0.001635352231327488,0.006015382443045382,0.024792400841746713,0.002469560130350146,0.0014252432638826064,0.022746146661010245
generation_import - Generation - Nuclear_t-15min,0.003828786547627146,0.0035520839579967285,0.008559639576524204,0.0024350866013555785,0.005027902719062695,0.007612908068691467,0.0060810150624593,0.004296263088565865,0.008100482121531968,0.005313949600674846,0.004671982769203169,0.010701877642248291,0.0017917996322084945,0.0026726383446407454,0.010704522985299263
generation_import - Generation - Wind Onshore_t-15min,0.006540162756558857,0.0030577748663999957,0.05591909899723396,0.008976900124042004,0.0075131165547500135,0.050755075037071946,0.0067021862502260774,0.005086408854040201,0.04879229339813173,0.008898769195533533,0.009075694940647736,0.04847621455561602,0.009100564517968451,0.012141449243852548,0.0431328066130227
generation_import - Import - NO_4_t-15min,0.004630387534900365,0.006898723134941974,0.011512901223923108,0.004006632518234255,0.004824154534264381,0.011326724849903257,0.0037053094403472642,0.0034073711226744762,0.015220916159514673,0.0032768273293022504,0.005016815152412164,0.011300280090654268,0.003897552248497959,0.003857004521475574,0.00780359592746754
load - Actual Load_t-15min,0.0020493587088044477,0.0027747353773465875,0.0025870398350762115,0.0020809153818518097,0.0022878287558246485,0.003231151198840962,0.00154115828639533,0.0012127574899568573,0.0032224771848877935,0.002172604878804577,0.0030687787749247948,0.004200188716529738,0.002064437720262276,0.0018956575130807778,0.0022216296259903174
generation - Wind Onshore_t-15min,0.002424580254081775,0.003218816727891863,0.03598738052180852,0.003671875834974344,0.005176405993093795,0.04207842478642124,0.002611654168050336,0.0046120625721846695,0.037960946624283676,0.003330585820662236,0.001649442787624139,0.033434917379629045,0.0016932303910793963,0.002329961987283241,0.02935761133802589
generation_import - Generation - Biomass_t-15min,0.002733723925186496,0.002753073100237998,0.017133654596691486,0.0026961724352931923,0.0037926600150303786,0.015497236668805271,0.0018757344908476624,0.002950588366215925,0.015333018853201793,0.00280452007412714,0.002287562161882306,0.014107341600038126,0.003369102419079468,0.0044528176340500065,0.014265182903123787
generation_import - Generation - Other renewable_t-15min,0.002153799247434108,0.0014865447657284676,0.010119351211222238,0.0045494154898442505,0.0022206590916789538,0.009359293077175607,0.0022429877415727334,0.003477397286093037,0.007943037181493083,0.0021786448605780606,0.0039650579003773605,0.008891766187531175,0.0016224333458342245,0.003525347101594889,0.006351862238124568
generation - Nuclear_t-15min,0.001785712566486609,0.0021305234701499104,0.008880483262728375,0.002916138468662666,0.0026195581676929577,0.008520213955051077,0.0042176727681289775,0.0031984299768801063,0.008149840073974702,0.0010375722718729322,0.0018660258457723557,0.005942242105577861,0.003355498423521567,0.0033723115292687,0.007951141336037835
generation_import - Generation - Fossil Peat_t-15min,0.0032934353034361264,0.002502768549693428,0.008405442101015069,0.00474670721725488,0.002603941024357482,0.013548570605787973,0.0026612588342659364,0.002907449752746288,0.012073456228390568,0.0014849457007856017,0.002117840859531498,0.012235652963150642,0.001153860516530642,0.0022253829085420876,0.011395220756880008
temperature_mean_celsius_t-15min,0.0031898318634157475,0.0021257723214457656,0.008123807906500588,0.0033741281676966535,0.0024211584191523344,0.011096626580660086,0.003252146559219909,0.005396613790624542,0.00717127113890092,0.002227377662458821,0.003970631168216642,0.007473078225816607,0.0033919024336692017,0.0026729670238378276,0.011821791674984298
generation - Fossil Oil_t-15min,0.0007201071364318068,0.0010692305190265613,0.001236029991441569,0.0018593118562093877,0.0015108533095062738,0.0010032102048318165,0.0007291734747129795,0.0003458574755313748,0.0011778242363025128,0.0008777096398019922,0.0010720710886405413,0.0009764692737890073,0.0004044188823663717,0.0004862949557286811,0.0007837192182219042
generation_import - Generation - Other_t-15min,0.003190993967371014,0.0024193771397822274,0.003534313689332521,0.004808314143305324,0.0023035123918352836,0.0022574963151653265,0.004523063623140843,0.0032543074108975817,0.0034558729688087624,0.002483989543630287,0.002933353546857688,0.0017094879009837314,0.003471796301424547,0.0028382140773524044,0.001489734681614209
generation_import - Generation - Waste_t-15min,0.0021132808441798262,0.004107154603126219,0.015716647476972868,0.001991887104180023,0.003091123711826981,0.014968697984957771,0.0041843081663546396,0.002516970979600956,0.020273540293332188,0.004252650161481142,0.006223575996473301,0.021524013991554965,0.002574769628112847,0.004766534163874894,0.016733970798755764
generation_import - Import - SE_1_t-15min,0.01785463895322755,0.01277359956544342,0.13278617180965374,0.02336949252517661,0.017190892923797947,0.12561657132417894,0.02449802767945221,0.025747946689021774,0.11397926733235363,0.02147800058224675,0.01979952835798031,0.11575803034387354,0.020691012004681396,0.024031793194488272,0.11770414736983366
generation - Biomass_t-15min,0.001532059438980923,0.0024645059162662617,0.007006949796588742,0.002300892163264848,0.0017049277346650343,0.006544481805011855,0.0011857524293548067,0.003375149864848936,0.007589449575389154,0.0018158973771951422,0.0010915818368489453,0.004681736375790934,0.0033989079855236922,0.0018815203308543006,0.004095480580610456
generation - Solar_t-15min,0.002777453126249384,0.004341003786722467,0.004662876641070397,0.002295533541471741,0.002184401049319604,0.006840161104875733,0.004569444334867512,0.00248396137982121,0.011419373022639775,0.0018106217881188513,0.002073407871303061,0.012296283123847389,0.0019481855434801219,0.0021002355291602727,0.007703044049307209
generation_import - Import - SE_3_t-15min,0.00748558148992015,0.005201591749715589,0.04806059737750911,0.0031982655742140197,0.00734582803561716,0.048462357552023605,0.004668470283024363,0.005195493687919225,0.03963253609510139,0.006368758318298205,0.007198298151342897,0.04330068211164326,0.005515866266567172,0.008664484529532274,0.043397889433195815
temperature_std_celsius_t-15min,0.0018279086769025525,0.002474667264942127,0.0032249918036050076,0.0023791016227971795,0.004004544495775917,0.003992328843713039,0.0023633749122336668,0.002613039788383503,0.004259796793570444,0.002112822792538282,0.0028455450112924155,0.004738413764944937,0.0035601353954880324,0.0026814259617367496,0.004020995686620153
generation - Fossil Peat_t-15min,0.004315969670769846,0.0042095215177287175,0.007490996018823352,0.005115749733595294,0.002113271325801179,0.006468855541514131,0.007149454820035316,0.004685909068859473,0.004201669345900882,0.0040744391076036664,0.005776359820556536,0.0046608135036849485,0.004141743254046105,0.005167733286405564,0.0026763482700739587
generation_import - Generation - Fossil Oil_t-15min,0.00042125109814384134,0.000421240958500448,0.0011716676280179854,0.0003750517018884949,0.0007436994012284685,0.000769473145295251,0.0007828078100060339,0.00044176843046375323,0.0009708869034569716,0.0005476994081271869,0.0008986535014119,0.0009077053526132204,0.0005661593206339148,0.0002560367319645138,0.000681714305641151
generation - Waste_t-15min,0.026656367802905152,0.016889354828803334,0.003804722139418118,0.018548687987218728,0.0194021674380092,0.007363985625958776,0.018503501087521728,0.016177487759588986,0.0041509409231839526,0.020665630560746648,0.01171321435194841,0.005026796141497698,0.014897670799182378,0.01321792744814593,0.004460417180525838
generation - Fossil Gas_t-15min,0.0036000307695721856,0.0053092027668344595,0.004963128216048062,0.0012106512670711708,0.002520695092464848,0.004854927814718394,0.0022165817900668115,0.0039562595009283545,0.004359790817159591,0.006980710136376729,0.0024741079408267977,0.004874232703548842,0.005145606552621757,0.0028632040982702165,0.004879197487872147
imbalance_prices - Long_t-300min,0.0010159444496430296,0.0007790151517860977,0.002690892539539618,0.0025583707630321443,0.0008838230481844675,0.004290161081804399,0.0009099019900073699,0.0007724602351900102,0.0044086399922607595,0.0013624743070740806,0.0019676981246302605,0.0032108344272965043,0.0006915566966455344,0.0009237430003006466,0.0028780691912179465
imbalance_prices - Short_t-300min,0.0036782351409583498,0.004006725567728722,0.003130909458940323,0.005562277413158881,0.003578464470117979,0.0028154363942694545,0.0032749793690391585,0.003945613482959743,0.0030291170802065606,0.0025750853919016665,0.0032281442370804144,0.0023546968354332875,0.0014858568076808751,0.0028199995926970586,0.0026400499131004835
imbalance_volumes - value_t-300min,0.0019946736202450096,0.0020853755405609606,0.013461125071957212,0.0013760142725313927,0.0016946419745964753,0.014489071552357928,0.0013183208048417328,0.0010576488463075293,0.010808340343057353,0.0013837545541414329,0.0014047771803379874,0.012048966261438181,0.0012642043537975383,0.0014510058191099233,0.012219555239586044
imbalance_prices - Long_t-285min,0.003350468134654875,0.003516668170916546,0.003888558441278292,0.0025864525969609533,0.0029541618915245637,0.002394885260923729,0.0038434442175521327,0.004632878571705077,0.0018095419874571235,0.0038462995502595732,0.00266509321203921,0.0020279298652189936,0.0022050495902421973,0.002239966532770268,0.002895417330422788
imbalance_prices - Short_t-285min,0.0010503108417133263,0.001379330312901402,0.0037393227260208734,0.0009953133793178495,0.000836522764331221,0.003028720345335387,0.001139631274165822,0.001488967869276621,0.0031497807929990814,0.001031523843786772,0.00102037952500649,0.0022863454753660334,0.000915661137008101,0.000842093418413242,0.003287065495558636
imbalance_volumes - value_t-285min,0.0011005020971842896,0.0010877982929771832,0.01209777631291945,0.0017618039885487634,0.0012075307251330969,0.009204922782846552,0.0013645525822682885,0.001159999541147954,0.003957371549443451,0.0011042679277379647,0.0022715874185291795,0.0034284296615242054,0.0007204909959943962,0.0010917566516100124,0.004264141151279546
imbalance_prices - Long_t-270min,0.0020784224518712335,0.0018924308910722373,0.0018503770084083726,0.0023364441779769435,0.0033221942405452865,0.002095966548218712,0.0027787646518791006,0.0025123311521683717,0.0013614874184838754,0.0018426696509857266,0.0014894850467562718,0.0013895823257817027,0.0018512977320160643,0.001100188046693347,0.0012376774824409721
imbalance_prices - Short_t-270min,0.0013938729248670824,0.0005899517489970094,0.003203396608558819,0.0008405859104746014,0.0008221685560826018,0.004145854889464531,0.0024234049791239157,0.0006001479341439335,0.0031818764147446927,0.000983850535053989,0.0009628627720696841,0.0026390230654342304,0.0005968906325524585,0.0007026492284003325,0.00286431318709856
imbalance_volumes - value_t-270min,0.005162041258164209,0.0048887617098407644,0.001967739195211834,0.005195974290871163,0.0048243272942163455,0.003234587283676774,0.00332919668523391,0.006222680400096579,0.0036845675511995067,0.006399180730153375,0.006114841015481943,0.005824110622454782,0.002933913009626849,0.005042602115896443,0.0035940955029473117
imbalance_prices - Long_t-255min,0.002419014379710234,0.0020909131724965845,0.0018189439258587967,0.0011822971625651917,0.0022612202336313204,0.0022751946153385916,0.0009680428053035257,0.0008233078548444439,0.0021877571378324774,0.001711507555357457,0.0007686651518215513,0.0020216925496060866,0.0024151065855876367,0.00258878361582174,0.0012768549317397628
imbalance_prices - Short_t-255min,0.0016435840035278488,0.0005274062691244125,0.0025764870485797927,0.0007760896899789316,0.0010726899323527733,0.0021585952120531148,0.000608400928873607,0.002788056730771359,0.0011204487277491353,0.0010079420312463867,0.001400419644560543,0.0011250402060372835,0.0012553523852620856,0.001462091571836936,0.0011078815104066848
imbalance_volumes - value_t-255min,0.0016117315401336612,0.0022032413813903987,0.005018267934217875,0.0018879082451293244,0.0009514426220709992,0.004345018648997211,0.001340151237494581,0.001146627610952038,0.003085694327643978,0.0011756355659063046,0.0010452359663875087,0.00630692885485405,0.0013174867343486768,0.0015168246137909592,0.010418205996291363
imbalance_prices - Long_t-240min,0.0009432252536844317,0.0012444496786820879,0.0015778226763050042,0.0009501447740849472,0.0013755675975662598,0.0015065527276077546,0.0013891788751797093,0.00216724374419573,0.001356441645424411,0.0008650460526005191,0.0007484803853795938,0.0017198439189489818,0.0007650206610865098,0.000841599719814667,0.001503462538461008
imbalance_prices - Short_t-240min,0.0030156809424624954,0.002545090886852904,0.0013466460006604849,0.0016124584843209958,0.0013988501509534217,0.0009536333358496449,0.0010759585817622793,0.0012546623795365122,0.001218003838259392,0.0016300071574472668,0.0020987299912922025,0.001092150543686671,0.0008710316445118451,0.0009672478671691352,0.0014057691970610904
imbalance_volumes - value_t-240min,0.003604255885197915,0.0030543427715356303,0.002643777604562388,0.0019192788357077007,0.0025149614661795568,0.003615184166150357,0.00129009017324006,0.0030090038307034775,0.00558848020634241,0.0013566931925197423,0.0015338879786213511,0.004678612914223777,0.0012707572698545846,0.0015195356841368266,0.00242813906565425
imbalance_prices - Long_t-225min,0.001829102969920541,0.0032950222958543236,0.004171611210019364,0.003429067182361905,0.0033226958623399695,0.00379916726997169,0.0027957262215768425,0.003561751403070957,0.00390932897712446,0.0018923264731342897,0.004413991278415779,0.004187686502671341,0.003310668432419334,0.003288880408877219,0.0029896024715628756
imbalance_prices - Short_t-225min,0.0016821982875534012,0.0015575985339128238,0.003410590222467363,0.0014079113091984255,0.0017846945864657755,0.0030585266850284825,0.0017267533798408295,0.001401485044866149,0.0034481723914896066,0.0013274116061775202,0.0012733829761102696,0.003120199954902091,0.001005089023448818,0.0012517860194566311,0.002546228510062633
imbalance_volumes - value_t-225min,0.004773493456626511,0.0019278616655540191,0.004133538725844119,0.0013679185208438866,0.0016295425916596287,0.003964904575533183,0.0019799546747153725,0.001465351984345034,0.004278073475914425,0.0010253047540827538,0.0013873502903234112,0.0039089929190980685,0.0020199365076614415,0.0022211195593481534,0.005298335721745389
imbalance_prices - Long_t-210min,0.0009867636340536593,0.0010748901096206396,0.0026290732028155617,0.0012868219188771944,0.0010339814087274135,0.002820493320240075,0.0008237120084567096,0.001706980343129999,0.0026601863811993097,0.000705421167375789,0.0011863845854463762,0.0020729718645317234,0.0008535463591560984,0.0009343442132457085,0.0022919198071108438
imbalance_prices - Short_t-210min,0.0010164499235110042,0.0008634681272014859,0.0018667958034848198,0.0029442055897625323,0.001288367556355297,0.002218878997285174,0.0018370619557817917,0.0008383175438953003,0.0017654670994437537,0.0020116970173894716,0.0014883581000194681,0.002165311150237869,0.001348003099638845,0.0013912440715121192,0.0020201029754235264
imbalance_volumes - value_t-210min,0.002681344433420236,0.0023430165077261336,0.00591276371882401,0.002576207643185626,0.0025869107545368024,0.0065290071297444,0.0017346930067697031,0.0017709874493800726,0.00580427237906406,0.002180657068976302,0.0029778169282744784,0.004377407927835975,0.0020213616537289453,0.0036340815465118795,0.0058486380213362285
imbalance_prices - Long_t-195min,0.0013130364489251178,0.0020215599786101847,0.001098114330804492,0.0015854606995387712,0.0010244474919654748,0.001599982015801288,0.001086536065717155,0.0009715479285264337,0.004018860757074435,0.0007561611816056324,0.0009677036763191609,0.0012997051113116953,0.0012564165822404902,0.0010375331241566528,0.001725916828217123
imbalance_prices - Short_t-195min,0.0014266389450426687,0.0020162412197970523,0.002327390953352278,0.0017035301041323692,0.0018070098178005764,0.0019755381924733226,0.001919216980460959,0.0032838247287709237,0.003883974239188319,0.004192706393446315,0.003168255447772026,0.0028497964265407063,0.0026516045967127297,0.005046774377806287,0.0029466934689990013
imbalance_volumes - value_t-195min,0.0027422509252596683,0.001995607725224545,0.007034926587258269,0.0036835690217158117,0.0023894629482292657,0.0055347484960366275,0.0018727771076755744,0.0019415874269061533,0.006459442315441265,0.0016260011376980402,0.002236007409164813,0.005883112952036754,0.0014541456348424618,0.001434006790702881,0.006570238483560388
imbalance_prices - Long_t-180min,0.002167150758829962,0.001154580208477455,0.0024711429634971865,0.0012257720254464175,0.0007657096550485676,0.002137916598697302,0.0011919031167308277,0.0009965431344803619,0.0022349832183620037,0.0008914691945715276,0.002410819600403556,0.002257312708378322,0.0008913133356841172,0.002000672430055687,0.0018537349568314313
imbalance_prices - Short_t-180min,0.003889621208558765,0.004331041308947533,0.0017844824487241908,0.0046670624094440425,0.0032934516084042118,0.0021109952501573164,0.0028938968578554524,0.002749152326628064,0.0010798387009522798,0.003270506168368229,0.0017079460181906826,0.0013646282363631598,0.0031949942916908187,0.0026452433418671715,0.0014977461229141228
imbalance_volumes - value_t-180min,0.0053456000221108295,0.005663799988313713,0.00697835278614366,0.005982840190515162,0.005225443467362993,0.006038376330943493,0.0038000219426735384,0.004774425288603652,0.007085985762882046,0.002355849493391361,0.0050096895398628475,0.008036505575073533,0.002465164994607136,0.0029955751388103663,0.007156775476604252
imbalance_prices - Long_t-165min,0.0017365322939902512,0.0010211769857151013,0.002243352138684713,0.000707818132102716,0.0006422601476877219,0.0021304457951084573,0.0006962922121447263,0.000796323612129072,0.0026755749048431882,0.0010479755354813277,0.0007634865971660929,0.0025171849337853017,0.0009455560491901451,0.001107376533092065,0.002124565399821222
imbalance_prices - Short_t-165min,0.0025278018669278026,0.0017020691340385384,0.002924699761562806,0.0008205171748988959,0.0027468850014302007,0.002965654565208979,0.002348040735534596,0.001724629790733161,0.003120898384626344,0.0010363885374755455,0.0019929575030164415,0.001993530219860986,0.001388861316890143,0.001667937659942254,0.0018941402239089483
imbalance_volumes - value_t-165min,0.0014655870092885833,0.0022330547991559796,0.009817566344565421,0.001960531871394778,0.0012940954979362687,0.006711516960654989,0.001511274152232545,0.002125278417200434,0.0057277728320423195,0.0037999927712298815,0.0031774895234902944,0.004220403402381635,0.0031961021939168857,0.002865872822198753,0.008770420970166014
imbalance_prices - Long_t-150min,0.002203166135344873,0.000882065312467148,0.007845348055999238,0.0015642006601467528,0.0010282415958099591,0.005470987871041871,0.0038901570995658404,0.0015927661170690045,0.006545424913143506,0.0021296147730936353,0.001918364435714466,0.006591849169839407,0.0020700142039822822,0.002781639231285226,0.00744197767905533
imbalance_prices - Short_t-150min,0.0009402820387210511,0.001051792702131479,0.003859677110958728,0.0016828995788728206,0.0009792894619563412,0.003068235285636547,0.0015319583255791259,0.0009952210814035425,0.002694866694941311,0.0008695268119408865,0.0014083317174056447,0.0032383941215780396,0.0008364265588419926,0.0010454329828594382,0.003002333619077035
imbalance_volumes - value_t-150min,0.0028222249510945403,0.004279027461612714,0.004490619773600656,0.0025385656852922696,0.003526811665371497,0.0028900065060297494,0.0022216319286008004,0.0016978295880994666,0.004353644471597363,0.003369093024805352,0.0017880241765919891,0.006302795700947172,0.0012104302935331361,0.0010540925063071995,0.007687411432591034
imbalance_prices - Long_t-135min,0.002583760292630359,0.0017307402913279476,0.0018489832447069147,0.0012497794889031865,0.0016030196009123756,0.0021531095874715903,0.001112208649834656,0.0009804878187501345,0.0018438146274488644,0.0008258724498475658,0.0005511388780101356,0.0014631962966855099,0.0007365190779194109,0.000949091125400173,0.0017915084869546262
imbalance_prices - Short_t-135min,0.005129149552255058,0.0028106800620317928,0.004039765215304214,0.00309983131824265,0.003734846745726827,0.0042467750390324,0.00433323916700283,0.0037504348936945463,0.003655811642334811,0.0035318405724410694,0.0031117789731197262,0.0036167681057413573,0.0021735133022739318,0.003447792028217009,0.005179912108040298
imbalance_volumes - value_t-135min,0.001249824611477834,0.0016390860249284743,0.020186739677999867,0.002154999792712772,0.000947618783498001,0.02239693620057915,0.0020471441880595192,0.0010975504278842435,0.013653749082863214,0.0019575144901382373,0.0022757069931926706,0.013561776399754307,0.0008697328956628496,0.0027370015122052107,0.0185191376881412
imbalance_prices - Long_t-120min,0.003463839232743794,0.004137791378669135,0.0011395670109805565,0.0016260320214514649,0.0018597485909576789,0.00100218937211244,0.0021664934441932926,0.002747637884242749,0.0016925291851266594,0.001589917650566349,0.0020187206650080043,0.0010336366902319015,0.0014969459307876604,0.001509181915091176,0.002331150893609447
imbalance_prices - Short_t-120min,0.005236538729965105,0.004433166377755697,0.002227125556579267,0.0037466910425582685,0.004562521021662178,0.002111638293838041,0.004784028984991892,0.0030717779847936983,0.0015264436527304497,0.0037781781607482117,0.004623261710950829,0.00252866454539344,0.0050450157737604966,0.004571563472356956,0.0016851603111244912
imbalance_volumes - value_t-120min,0.001603059340683103,0.003347131272340448,0.015557734964990232,0.003961989947986694,0.004152342576253432,0.011315985308431665,0.0018258847971319484,0.0035741453467153404,0.012001943809071236,0.0011888162399120573,0.0015024108366224027,0.016755392171515268,0.0011952606118666154,0.0008151616099480634,0.013061274285253603
imbalance_prices - Long_t-105min,0.0010516183258523597,0.001479631116781775,0.007591938306242809,0.0013074465354857238,0.0015774881930010452,0.008583196516100998,0.0011838464211559767,0.0013271795905702675,0.007095104469148282,0.0015053185319789009,0.0009043036554530772,0.0060567634963808814,0.0008235952679615366,0.002424968549003097,0.004482410016025824
imbalance_prices - Short_t-105min,0.0014983448978246087,0.0015846542603578655,0.0017252953602410344,0.0008747693954655915,0.0014076271072656255,0.001864001284989172,0.0017733098529402014,0.0010542741449608,0.0019262748785588428,0.0008407276105240272,0.001663312197984851,0.0017711194165422057,0.001775088203096402,0.0010351157997265546,0.001500115454776278
imbalance_volumes - value_t-105min,0.002332348691918696,0.0025210594065556507,0.027131098358120654,0.002279624415796661,0.002265931087537638,0.023386484850170745,0.00249435799982831,0.0020056233135555884,0.015549328178196447,0.0021686274168836233,0.0024005962681376333,0.014834944336967965,0.0018601496807386865,0.0020344249326753926,0.02090762504706436
imbalance_prices - Long_t-90min,0.003721299834240199,0.0014629878029122664,0.003614563507750063,0.0012551289288453519,0.0033627203976175223,0.0013438328347788228,0.0038159164953249273,0.0022621441779897395,0.003163300988822812,0.0017559939537886747,0.0032129180073980023,0.0016157602181408493,0.0032693227785766795,0.0025053135894895604,0.0022689584943484534
imbalance_prices - Short_t-90min,0.0033971147691427175,0.005053102195216809,0.0029302950100172894,0.0030329352050366652,0.004347019892537901,0.002268782134459798,0.0030382127020448023,0.002513112003554852,0.0024132585141032905,0.0031238181911257927,0.0029062892386905333,0.002288368931216837,0.00269381226487485,0.004083467349259081,0.002485859119071165
imbalance_volumes - value_t-90min,0.006934073894346512,0.006279960664569444,0.0057715027413833015,0.0034461083635859494,0.008630923418400925,0.0030907103516162808,0.004705293893025555,0.0062726749723769895,0.007862502921037958,0.004007195252760539,0.003794139227587948,0.013642106409906773,0.0016227664567384182,0.0013144591677673816,0.008985474104294554
imbalance_prices - Long_t-75min,0.0025223578977274885,0.0010683747206996941,0.0017368123507239942,0.002845051829373915,0.0021045525992688,0.0016260207126201748,0.0009523883532492618,0.0013326963387862633,0.0016387805211779778,0.0009984285774888235,0.002075363973290223,0.002897254644831264,0.0017653673963823166,0.000984320555642853,0.0010205701828176644
imbalance_prices - Short_t-75min,0.0014201234730480791,0.0010440990682163828,0.003236743873389969,0.0008228021363911466,0.002368585141013682,0.002617896344241672,0.0009575612732890022,0.0007884206720223119,0.0014291750186505396,0.0010020246686153768,0.0009880299974564437,0.0029285482100913215,0.0007382457477942807,0.0016154442528186336,0.003518754963100946
imbalance_volumes - value_t-75min,0.010563277201312303,0.00783224027841061,0.036244661552016624,0.011085813912148296,0.012591308250557631,0.036191801146022044,0.01038133881138856,0.010902139565536345,0.03237848809745628,0.013110764996405124,0.012784474067681004,0.03104942871624371,0.011525058453466045,0.014334196780436287,0.032853909205998205
imbalance_prices - Long_t-60min,0.0037191870032988847,0.0025171035844732616,0.0012778716909190705,0.0026113231959243423,0.0031531494370501604,0.0013695384593811468,0.001194783743727612,0.0017706627135794406,0.0012405948493371852,0.0013998749390812008,0.0011725664817477082,0.0016562821307815057,0.001041088450210964,0.0012359956871005125,0.001651532561008281
imbalance_prices - Short_t-60min,0.0021901205658068647,0.0011121526681067734,0.002608449606021168,0.001722135245358004,0.0010242700648359032,0.003310176526381838,0.0009898031403345157,0.0011763934327136667,0.003365434414999072,0.0015028908422091262,0.0012565733140218072,0.0014798781452509502,0.0013223928762213291,0.0010908218605568435,0.001742455274985332
imbalance_volumes - value_t-60min,0.0016502881835567678,0.0018635357417861086,0.026287590831212584,0.002735727976271846,0.0020229045220145282,0.019371417281661706,0.003678175346811258,0.0024845247016612574,0.019579957833047956,0.003703972384386361,0.004839009089016144,0.027093701854035316,0.005139483232878888,0.004233504045475001,0.01695848485274928
imbalance_prices - Long_t-45min,0.011567374410711637,0.010709214049900766,0.0017702023291844852,0.008746550364889118,0.0078183413101342,0.0012207994584905464,0.00777254731177527,0.008873939633609553,0.0015941437012859296,0.0064731502460927005,0.006784149829880334,0.0012830313330121045,0.0035886378761879312,0.00383841291760109,0.0010906867302570048
imbalance_prices - Short_t-45min,0.009314425161841427,0.010124163381071413,0.0056760214140012975,0.0071971963417749975,0.007469845344116038,0.008821308008509731,0.005561390672380185,0.004668045004334999,0.00876023213928238,0.002504862381194471,0.00453570649717949,0.00716804073692947,0.0018189050132291413,0.0011675004155665648,0.008595353040331247
imbalance_volumes - value_t-45min,0.0024331506057351363,0.0021967167977882127,0.069426628052257,0.002093857195302917,0.0025108342915073083,0.058467445215967015,0.003912680183651901,0.002647875753956441,0.049196053562202,0.0027592590422000286,0.002153697516416514,0.05234918398834998,0.004400641671789344,0.0020926989051642977,0.055329634957663076
imbalance_prices - Long_t-30min,0.03061416185764483,0.02978462540815235,0.004911313067211267,0.024638165002194002,0.02584301217115717,0.005102639537726645,0.01999378671068348,0.0199487688754416,0.006143068033591589,0.0187224877188346,0.018551569112325524,0.005211321976708859,0.014654274397529662,0.0167957115542049,0.006377899197192164
imbalance_prices - Short_t-30min,0.02887333144209697,0.026063725168227393,0.005698207574012485,0.023085327848995803,0.02383100827464659,0.00755876102129696,0.01893647398480971,0.018697338737314568,0.005090130536613288,0.017519935770869778,0.01590685013194161,0.002693051580899919,0.01345732912359381,0.013564182447706116,0.007791196874139132
imbalance_volumes - value_t-30min,0.0057945076759115186,0.006890544337773463,0.10446060821060746,0.011233616947574774,0.009048258018385241,0.10942415168393928,0.007006434499928218,0.007783030167674951,0.09653648724779487,0.009345811714338197,0.010130292258794043,0.08607920338545227,0.005741647050008396,0.008399546165848733,0.08882420088053913
imbalance_prices - Long_t-15min,0.059949941341314116,0.05865134519507592,0.002834527938353858,0.05029929876330425,0.05400200505950488,0.00413898893199439,0.046318253876419475,0.04717759689579543,0.002685573126206549,0.03930391345361204,0.03898268138874846,0.0028113559968189748,0.03326600256963866,0.034179709182877556,0.005987612591474317
imbalance_prices - Short_t-15min,0.05883918318436281,0.057035408236319196,0.0029600674064759005,0.04998223622280057,0.05193644211238279,0.0026247008054706383,0.04362477921356003,0.04385759205670911,0.0027924330346815224,0.039805973122784055,0.0392016286894941,0.0024626749965059387,0.03456420162933864,0.034949063048290555,0.0028012469974305534
imbalance_volumes - value_t-15min,0.04516291416858712,0.03933615035878029,0.2725487760656979,0.040559620454645486,0.04550697771820705,0.271939948496758,0.045593314036159426,0.04612159706346574,0.27769133755913933,0.047093882631583255,0.046360611470008736,0.24823364950087853,0.045947997406707144,0.046431027404760246,0.22901269872277044
intraday_wind_and_solar_forecast - Wind Onshore_t+15min,0.0019267486862677287,0.0024753856520055707,0.01442763249890413,0.0025271277306619594,0.006741375311406955,0.017089068037632386,0.002732057089323689,0.0023273145375533205,0.017948888016100683,0.0019545079744711985,0.002340005749314514,0.018089151686799598,0.0046696180695248585,0.004587459570635474,0.015393633520841832
wind_and_solar_forecast - Solar_t+15min,0.0030319922153594233,0.0023409849353440678,0.01390296696133737,0.0022456512431681406,0.0019885255347726343,0.013729892031711642,0.0036855123702671335,0.0018736159523323294,0.01283077994346968,0.0036157199152357863,0.0021284473188384256,0.012736237807527686,0.0016443626797718026,0.0022199777054941025,0.010410327200814208
100m_wind_speed_mean_t+15min,0.0036549460079750135,0.004145638728634367,0.0053248436304347705,0.002159439380391106,0.00504370667945841,0.004906494332957664,0.006951145820257807,0.003647283890459221,0.006874481909930182,0.0025399876001620213,0.005259936345131791,0.007056724469770416,0.004680745677123923,0.0032751259147698873,0.00364298451331706
10m_wind_speed_mean_t+15min,0.005849498738447437,0.006511823755390651,0.021251155361023847,0.0017019283370132711,0.005336668691716113,0.015364121704886201,0.007556990676304849,0.006992613307324064,0.016608231517311653,0.005661100766898016,0.005854755386862962,0.011273789616860085,0.007648613657869646,0.004510361784865381,0.020222936953185125
100m_wind_speed_std_t+15min,0.0053732050444409655,0.006051656798725162,0.00650922516304854,0.0022160572565030063,0.0017865485413803982,0.006027790811021987,0.002297151323428352,0.001836685490441596,0.00547805743506251,0.007779912873185822,0.0037291018889518456,0.00518461254140675,0.0032107374699862704,0.006515192364105133,0.005422897753669531
10m_wind_speed_std_t+15min,0.0046927651722235165,0.0022605528644601236,0.007844483340573789,0.004167248568934156,0.002959953409124864,0.0051022612404904065,0.0014717448876299386,0.0015008713946542684,0.006579607854835558,0.0057391230110388275,0.0034556121912282835,0.005970352375264611,0.006115963973166799,0.0045917009092509035,0.005624631945298688
intraday_wind_and_solar_forecast - Solar_t+15min,0.004157779674682843,0.005311468217918445,0.014585751427082868,0.004365145937420948,0.006197729361270831,0.010383294290346385,0.003692893128030846,0.0021453434349662077,0.010594228975664009,0.0014465760063952758,0.008084045781812165,0.008879335917844173,0.003198906002920012,0.005986995731072966,0.007916656849730317
wind_and_solar_forecast - Wind Onshore_t+15min,0.01249755439567889,0.009913125897426652,0.05129805502272211,0.013260229628373053,0.00960427946391428,0.05142395633339766,0.01116574090884751,0.009037681875144699,0.05032699233874882,0.011726657883249572,0.008314204471233096,0.04516471939574694,0.0072998248727558345,0.00763716673660565,0.05145673624397023
ssrd_mean_j_m2_t+15min,0.001742172106871294,0.001952014915555992,0.01060384219122352,0.001869481350492027,0.0027931812130136675,0.008406315066778917,0.002626621695794711,0.002555030062849255,0.008141620905655145,0.0023583725758892344,0.0041879942044206475,0.01185154165165295,0.00139376339613068,0.0024653232554355782,0.009555974678396523
ssrd_std_j_m2_t+15min,0.0034995152687733936,0.0037707710765007506,0.006951242650684435,0.004644595819236201,0.002676692113516765,0.010092422944610007,0.00191917513643385,0.007333887144101027,0.009703850569989299,0.004517632464775943,0.002731219064453512,0.01428176235760111,0.005508357513608644,0.004125340763047688,0.0073207245979601794
intraday_wind_and_solar_forecast - Wind Onshore_t+30min,0.01456466171941429,0.01650557766293059,0.044123000357678396,0.014853365406505873,0.01397363120168302,0.0449704991180115,0.01604567537814364,0.012314254309834724,0.043285497087883415,0.013842917194531765,0.012268983689958986,0.04023972275749838,0.011685664888240353,0.013212625849206234,0.043487072660384
wind_and_solar_forecast - Solar_t+30min,0.009654082752513204,0.0020022374551081157,0.005643769487847749,0.006601040938083315,0.005144358324279892,0.007255922691310843,0.003167955307428201,0.005943903129755199,0.006118141072511208,0.004611070965853287,0.005212630753529083,0.005928081325799212,0.004372676058956131,0.003736986249823019,0.005887654933037993
100m_wind_speed_mean_t+30min,0.003467117184617564,0.002382354970352026,0.004615181982553622,0.0024855618857745868,0.0024850416374774796,0.005012274297532031,0.0018803497928024627,0.0014543625323475452,0.005701118193857838,0.002543426122458186,0.0018995556033223693,0.004484402161891921,0.004402242647463936,0.0031871620397300833,0.003954716815256688
10m_wind_speed_mean_t+30min,0.0023829103546104307,0.002361070552880847,0.01574254396755714,0.002602297197747248,0.002553667615411541,0.011918776403996162,0.0027414036129357554,0.002074091367599976,0.014160212127007072,0.005330362505450466,0.00518475162276809,0.010650686526991195,0.003085884652810819,0.0019367643296627649,0.0104834358787557
100m_wind_speed_std_t+30min,0.005714949930345028,0.00889008573616593,0.006820007725960749,0.009992219819211187,0.0071847087072828796,0.006851412980398891,0.0034317320128702702,0.003187063168412351,0.008382906463382824,0.008838819891192543,0.0058938950699448465,0.004080518958167886,0.007003667173550639,0.011378666182601591,0.003979558739440563
10m_wind_speed_std_t+30min,0.003311723454345156,0.0024358407939298558,0.003220786204086835,0.0013385292506350197,0.0014239136674784162,0.0033083036699754305,0.002140848742074013,0.0018962856856087455,0.0033188772153789612,0.0011826430865694419,0.0015264393775397593,0.003965047664711165,0.0018935567410583189,0.0015486498694917826,0.003715839047350528
intraday_wind_and_solar_forecast - Solar_t+30min,0.008739711281941709,0.009337805035713246,0.017298683414323023,0.006834779231611719,0.00830971054978727,0.014150856559175737,0.005219488910378459,0.003500886956400791,0.016535403584981394,0.007317445310436596,0.008409166988939091,0.015866295499523404,0.007375819005370431,0.00877375489846463,0.011360577060695504
wind_and_solar_forecast - Wind Onshore_t+30min,0.007391777870072474,0.007575833473267266,0.024254998018950574,0.004354476548171078,0.007364628808734779,0.03069109244052379,0.005244474673901436,0.007902895045706827,0.025897849511802632,0.004934669594855222,0.005713181197010272,0.030404511188527977,0.0025832559889770435,0.003979395313266651,0.027379521297309112
ssrd_mean_j_m2_t+30min,0.005975215924156146,0.004996841844636947,0.011160214307034948,0.0030196868693055877,0.002700296088529285,0.011267523935774876,0.0017848943414883252,0.005899527414674594,0.011768082001246512,0.004392385511557222,0.004352493437052544,0.0075230410968852085,0.006300489174001995,0.002840767011108255,0.0055218500171540655
ssrd_std_j_m2_t+30min,0.0020043595102742983,0.001854887958163772,0.010407080138622404,0.002004685786292157,0.0018515423152994117,0.0176777511377295,0.003875502235922795,0.002254327000107878,0.009752906140739469,0.0031663815272540887,0.0038852159102889345,0.010080798863949894,0.001820364265517128,0.0028988006019117166,0.014985500601687818
intraday_wind_and_solar_forecast - Wind Onshore_t+45min,0.004704157731299347,0.001996368521730659,0.03709335243385431,0.005798423395437567,0.006064003555993622,0.039320454842258185,0.013099846439516113,0.005517265914560994,0.0351551126039194,0.010496839870702388,0.009115893360387418,0.03609753079292204,0.009257147575615817,0.006900187703547999,0.036852491472556724
wind_and_solar_forecast - Solar_t+45min,0.002043136663556652,0.004673409141356387,0.004121751146385577,0.00178135549063245,0.0018341190825990452,0.005939506173593599,0.005349354382542515,0.006862645125730524,0.00974935148593022,0.001425347510455026,0.0016264407939652302,0.0040973805603607616,0.001955075563358605,0.001532193711410173,0.003864235057404585
100m_wind_speed_mean_t+45min,0.004087831863464089,0.00448785840014898,0.01366890821882953,0.009886254496075707,0.007375872843269462,0.013380082895563646,0.009143271638290002,0.006432137263750519,0.01443938805716607,0.004208401438463624,0.003894160038467817,0.010487159077161778,0.007415462628114255,0.003912504101434024,0.009709941691087352
10m_wind_speed_mean_t+45min,0.012474762083214045,0.010559483455501322,0.009293896915161895,0.009841224662217428,0.01064463053605823,0.009173056313790767,0.00918911858561114,0.005812137996657839,0.007501304713428908,0.0069532695270463594,0.005097036885465059,0.009258396523524426,0.008195072547755445,0.004861427331134564,0.007539298147105001
100m_wind_speed_std_t+45min,0.0022081800456107744,0.0014756235378663406,0.011356587861295338,0.0018192041526590402,0.0025814729384483143,0.012412977355719704,0.0012198323220460451,0.00203215462042408,0.006807206010242226,0.0016313615642125684,0.001532555673027673,0.009234820928126282,0.002006306473615041,0.0012426469022120727,0.003930718000878187
10m_wind_speed_std_t+45min,0.009510890297249715,0.006547086884275814,0.015148522125793533,0.005735661638022066,0.006631816471843194,0.011582557949664988,0.0071874853017507125,0.008878998992709967,0.016723651769760182,0.005701473116449051,0.0035220637519419143,0.016955130016012846,0.006054859909243532,0.005810351145297318,0.014762158632547652
intraday_wind_and_solar_forecast - Solar_t+45min,0.0064513988545022586,0.005606636622193037,0.004108862343724468,0.004890228864398523,0.008751216722972459,0.005168694934654923,0.009322284024048713,0.007513300540886121,0.004258929684060604,0.008283420503525122,0.0027861007303135923,0.004837857486119901,0.002106607634269494,0.002924898320304237,0.004843956455081297
wind_and_solar_forecast - Wind Onshore_t+45min,0.0019309486368555325,0.0024448589787934905,0.04526318846267532,0.002878275100566498,0.002725272624998354,0.05050842289646971,0.0014954596147888424,0.001528803017023165,0.05279360213578912,0.002645789413162362,0.0036802802557831457,0.046282029992231404,0.0034638112504580933,0.0039669204225247084,0.040487166512117256
ssrd_mean_j_m2_t+45min,0.0015595470801494998,0.004277461187826703,0.008754353928978617,0.001393626101880386,0.0016839713743606807,0.010651544580241989,0.0015262820351708798,0.0033263003414776902,0.009861574190981628,0.0019904328515549423,0.0018963316407553067,0.0076130038936437355,0.0018976322777562017,0.0013334444196362938,0.004769609067573129
ssrd_std_j_m2_t+45min,0.004500920695791138,0.0021203457061419614,0.0063563684124401335,0.0012144135634832764,0.0013836667412824681,0.006017553741374286,0.0016042119831690797,0.005578623912157127,0.006273254893538251,0.0016451819347389005,0.0017652534631897652,0.0059336546036829535,0.0017255788838874651,0.001586940411466685,0.008571126736855148
intraday_wind_and_solar_forecast - Wind Onshore_t+60min,0.0026821293855937255,0.004088765943821272,0.06632437953632325,0.005675843181739765,0.006134735537780216,0.07039412528165849,0.008675048465003783,0.010537589312913041,0.06940084063193354,0.010957947706250706,0.010973041928846215,0.06736742933344794,0.008267303315353275,0.01110672992187574,0.07033993545433623
wind_and_solar_forecast - Solar_t+60min,0.0020907818000114277,0.0064289193035510835,0.0054913814038245615,0.001887729252209283,0.0024245534211815994,0.008146846195664694,0.0017431643841161987,0.0021435084212907897,0.004423762596888082,0.005086339940135076,0.0061859109588713185,0.0060886582976963834,0.002528360458741645,0.0062681425868941,0.005928731118721771
100m_wind_speed_mean_t+60min,0.002504160708840999,0.003377229167108453,0.015881996713840635,0.003021404345056908,0.0038098896829542356,0.012870312326303973,0.0029759314672719484,0.0044618918086653135,0.010370087559378589,0.0021958563260886877,0.005251077796757727,0.005374532380916207,0.0031063017121778103,0.0034247948693009677,0.010908025628858013
10m_wind_speed_mean_t+60min,0.01033150992226001,0.00866441814205973,0.011548643060796166,0.009560674925754938,0.008285069396020845,0.013875099218566903,0.008465435207875998,0.01113709950773773,0.012221496685269813,0.008703685023898287,0.0098843047886985,0.005949137575196801,0.01267674049026391,0.008849612718226126,0.006825706616422394
100m_wind_speed_std_t+60min,0.002379466670144211,0.0022124516222311284,0.0162832234337111,0.006526866815445828,0.002381330069843898,0.019384583607286912,0.0033742846991444823,0.0034154547037906014,0.01394672790405457,0.00403016533641221,0.001992830326295916,0.0163740177120344,0.004077824578605942,0.0021937848187108104,0.011824378326397891
10m_wind_speed_std_t+60min,0.004309057522383228,0.0029482887557837783,0.010002543577909818,0.0014987265236386519,0.0016821597434973229,0.00685634454313913,0.002537042421365186,0.004265214850564007,0.004107475985749261,0.0014957980977696934,0.0013025019705455634,0.0055366764566570055,0.0025734682083725603,0.0012127903211439843,0.0047542499009032325
intraday_wind_and_solar_forecast - Solar_t+60min,0.004553603510991706,0.0015452117849472416,0.009884670159368397,0.007601290969258116,0.004681999168111361,0.009936368139511615,0.0054327375290522464,0.0028629968802033547,0.012084930790093495,0.0074420409699523585,0.0022572050120325004,0.012537305968901364,0.005502361254097195,0.006131058875762391,0.008155898963195796
wind_and_solar_forecast - Wind Onshore_t+60min,0.0023934966668030027,0.004673322932150768,0.04701471651693282,0.0018502168937434363,0.0017397585047374377,0.04482664907867729,0.006640899382223552,0.0022368626591414797,0.04670706381958735,0.0022155155122345603,0.002438188917687512,0.044117865649110174,0.0023406752598034474,0.002390121791124443,0.04420319640566595
ssrd_mean_j_m2_t+60min,0.007553618568257661,0.011851936916864361,0.015873813301863264,0.006460663112087786,0.010577697392469417,0.014652142013597767,0.007923131922871108,0.004972039635991678,0.01600848574383781,0.005839340256716241,0.008073540737452277,0.019445294535165886,0.005088690921002126,0.009913200601915377,0.014986129820637871
ssrd_std_j_m2_t+60min,0.010448060459933912,0.009068075263532592,0.026494600243753667,0.009539243849260174,0.011932710616089253,0.0244414720794739,0.010923488327323866,0.006983006752147049,0.021979459237438277,0.00984865992142295,0.007690950168915151,0.020864147251384565,0.004211234259239973,0.011959575107241108,0.018567921237205156
intraday_wind_and_solar_forecast - Wind Onshore_t+75min,0.015604966364393477,0.014659455342790806,0.09479681223299122,0.017546637274866952,0.017315311801285135,0.10050988832185977,0.020373003806203997,0.01771724981322768,0.10053446559599251,0.020265762136579723,0.018540526077718823,0.09732957989762145,0.018910012731634198,0.019631931610019818,0.10000829990574857
wind_and_solar_forecast - Solar_t+75min,0.002017326329118987,0.0015732180062741463,0.010517957347357878,0.001972716445685819,0.002157297160462804,0.0068974845888287745,0.0022550078520202988,0.0015157312917690434,0.006361444581052637,0.001992497712870886,0.0016506809388870352,0.00437214430354652,0.0013474559635888,0.0014973839800222777,0.0046496387012794
100m_wind_speed_mean_t+75min,0.0061247685932212335,0.011423545516832747,0.0150861549961337,0.010316342155107123,0.007880161687877262,0.02034985288394091,0.007280915706758378,0.008451197905211302,0.023625479014210214,0.010406825874910283,0.011212923060855246,0.019155649312408058,0.012723226336107472,0.009774008097383557,0.010979519505703137
10m_wind_speed_mean_t+75min,0.003676316008089088,0.002042801391897683,0.005480795149100231,0.0018562834378089974,0.0018961612863431583,0.004781587368706823,0.0022998109553100223,0.00433154648504933,0.004946160996325489,0.0020374110381098944,0.0023130600787533238,0.00445701820942395,0.0014754436069933945,0.0020459486207910233,0.0053636868969510944
100m_wind_speed_std_t+75min,0.012241316961364646,0.006406282251402445,0.002990726157999234,0.0015031477234730489,0.004901372150699899,0.005358556839091648,0.006303318350634072,0.005090292057895567,0.0033743154610889406,0.004206935270274243,0.0070585909121878105,0.0031230306394081707,0.0066679769364345704,0.00635209414604725,0.006778795568590795
10m_wind_speed_std_t+75min,0.00530619591301047,0.0021450281149615192,0.008966562758476357,0.006638043442058915,0.005180087118525989,0.009378323647206798,0.007391775796546426,0.0043558475362842726,0.01189246489600282,0.0035487473909787183,0.007330361928039565,0.010781824805210817,0.004612399559879123,0.004925179859932427,0.008392321952152088
intraday_wind_and_solar_forecast - Solar_t+75min,0.006888446537115669,0.0031479974069509352,0.00971505656109366,0.0054150740731984115,0.004174022393424821,0.00681357232074879,0.0036314156566295422,0.002252141472004951,0.007910415046898834,0.00267100566139834,0.002781986712165235,0.009156623710910935,0.002753187059879565,0.002929307228025209,0.008362752035303856
wind_and_solar_forecast - Wind Onshore_t+75min,0.004632193230370831,0.004276497300745746,0.05689982420879824,0.0030226639558659373,0.002434909325591889,0.0501439035598014,0.003341848642761761,0.005601991145864758,0.0532691464176969,0.0025421994618100145,0.0032876781218492395,0.05185903404281998,0.00397788003993719,0.0016780588339838686,0.05391501498932485
ssrd_mean_j_m2_t+75min,0.001579776290829159,0.00229555529626532,0.005653821007195802,0.0015141509288696398,0.0011335469176274274,0.008020300747510192,0.002142635214910115,0.002334513147359303,0.0035074485266450212,0.0015713568616159818,0.0013528577897850482,0.005036146011254459,0.001382538012637724,0.001163874303115989,0.007898667290224693
ssrd_std_j_m2_t+75min,0.008175348686074358,0.0044079344611036506,0.008253437775090787,0.002707334716038986,0.003121669903546717,0.010455677477584685,0.0027106437092588747,0.006902991144085718,0.006423527075399761,0.004463518229906185,0.009708953530713188,0.005980006906600465,0.00587722423489322,0.005921429224203166,0.004967541416934182
intraday_wind_and_solar_forecast - Wind Onshore_t+90min,0.010030426122102653,0.008761732146707345,0.06793098928673134,0.012631819296177127,0.010869173262901882,0.0750957744565967,0.01256209887357545,0.009467338984196886,0.07849205033766339,0.015458752731849018,0.013285581414034823,0.07555081727798096,0.014896211971612502,0.01823215451249871,0.07878512994125776
wind_and_solar_forecast - Solar_t+90min,0.0037874527344283707,0.0027352773808283926,0.014057967912405728,0.0034669476322742414,0.002652984692689188,0.0138267971897003,0.002253318585014313,0.0018372143306551153,0.014121315572803723,0.002185809335941485,0.0026640356719003647,0.008647119803670649,0.0027023180890155345,0.002555058305273633,0.008455152139722486
100m_wind_speed_mean_t+90min,0.005522178488929058,0.004719127409091925,0.008294884942531099,0.0033470726342420677,0.005376469883380195,0.011590872316359309,0.0013334154045273863,0.0030285078235738182,0.006217925937837208,0.0025202418207991286,0.0014943656796749564,0.010635529853283514,0.002305925793040387,0.003350033398664891,0.012932599931431468
10m_wind_speed_mean_t+90min,0.006156254860475201,0.010454995695276012,0.016480503005775974,0.006500642114985112,0.009990962463794857,0.016425069153148796,0.006581204657730268,0.007167648253380321,0.01969006471823377,0.005900173247748171,0.00487902181525169,0.01416563255811343,0.007758646045069327,0.0058564208832576695,0.018660609594207928
100m_wind_speed_std_t+90min,0.00353737153574275,0.00606712725676698,0.00434347774460548,0.007539306340206167,0.005006903127945407,0.003213678843858361,0.0021566589636890965,0.0042080876226575584,0.004024462227179356,0.0023589779768963125,0.0021503842745187285,0.004030831412425414,0.0035748652807524196,0.0021544255910648643,0.004844748220719339
10m_wind_speed_std_t+90min,0.0031442834528963887,0.0016939303966009903,0.005802285085736002,0.0020801856865558365,0.0018416292650867945,0.008176638296416058,0.0020979252876568355,0.006706491005786802,0.00343796755047606,0.002267011754021951,0.001987529532852932,0.003920276107235282,0.0020344180668062962,0.0028205050605783983,0.0062180570304604995
intraday_wind_and_solar_forecast - Solar_t+90min,0.002145448439698157,0.0021919184838571936,0.009175928350843606,0.002333984890858119,0.0017894999280979392,0.01171572672513139,0.0047249906121087405,0.005476434974531912,0.011524826433593262,0.00510948607489172,0.004596605378423191,0.012413305714599119,0.004055619129243496,0.004951250279264059,0.01499124850332737
wind_and_solar_forecast - Wind Onshore_t+90min,0.002794353482166116,0.004163304522913677,0.04360225804767106,0.0026616188400666943,0.0033845951114344643,0.04516725797392428,0.0031200876191433053,0.0026161420096577786,0.04235835942871927,0.002427564708750651,0.0037332059371638026,0.04429921767802443,0.004502392111447989,0.0016288087156667644,0.044700100035715874
ssrd_mean_j_m2_t+90min,0.0018552948815437275,0.0031678250309632857,0.007375881869145814,0.004298950986734781,0.0017485663971910982,0.009826291282775856,0.001733540374749282,0.0015540689973049667,0.008058159725636869,0.0014221991490776418,0.0051898722999249,0.005790473269902577,0.0016493737852700079,0.0023526878493885304,0.009230577215494123
ssrd_std_j_m2_t+90min,0.0028122257947379692,0.004501307607032686,0.008778587357454057,0.0023560029896088964,0.0020514739249856574,0.012166120670000963,0.0012952324874786426,0.004629214973549097,0.01065145344308985,0.003473331297871482,0.0035426746884822933,0.004114309366623274,0.003274633062068915,0.001662997719775376,0.003257802746894413
intraday_wind_and_solar_forecast - Wind Onshore_t+105min,0.009185794510540291,0.008994177105739368,0.071808625934882,0.017504762208591273,0.011536956454672691,0.07075210795917519,0.012777178005344468,0.01353959478372417,0.07043901703943266,0.011000327445422044,0.015720563360053348,0.07595695573833655,0.014096515709126834,0.01571506509037863,0.0740538745178419
wind_and_solar_forecast - Solar_t+105min,0.005489733682796214,0.01100901290010006,0.029633943830231147,0.008307601860557042,0.008912865856691496,0.025984071904385928,0.009203528312453272,0.006684441328634421,0.02382547577245714,0.006552552312095941,0.006247045782089117,0.026249502602993743,0.006344014016836809,0.005934118281998963,0.02470903618770535
100m_wind_speed_mean_t+105min,0.004012694624570941,0.004638414692703009,0.03206210373951762,0.003665683272301976,0.00421920873419549,0.033815813275665275,0.003939742088935418,0.003974037997960295,0.02996496395792201,0.003066294006726821,0.007370317750217509,0.029741379533603323,0.002401899717653123,0.005712562140717637,0.02976555555697996
10m_wind_speed_mean_t+105min,0.005264157435634843,0.006086072904916364,0.0168945556614417,0.004020233615672623,0.006844184170448443,0.01417618450534792,0.0033892429989582523,0.007194896037181025,0.014611111681882904,0.006732943805669493,0.004517878869676679,0.012028687326067029,0.0015974717793678793,0.001889309477970528,0.006289169684874651
100m_wind_speed_std_t+105min,0.008340646523822215,0.005343658074220002,0.009192241501143145,0.010710893806999593,0.0060823732081547064,0.007359797717154833,0.0043095107312401525,0.006874980478616635,0.00795700812996438,0.005443536801269147,0.006944357049027986,0.007056053872590382,0.0054391418313534815,0.006879786566700205,0.007272472683244814
10m_wind_speed_std_t+105min,0.01094861785314788,0.00698575551281101,0.010257647395657842,0.004496916968857249,0.004328232298242028,0.006966480309954932,0.005658966507448895,0.004564649170864868,0.00856486908163788,0.003588884578825855,0.007679980816494208,0.005337849750254463,0.0031114291299527393,0.0048226487277061095,0.005036187897087075
intraday_wind_and_solar_forecast - Solar_t+105min,0.0088832055867897,0.002848637755931122,0.007211930656067125,0.006042581439309288,0.007742487480263662,0.008520621303319785,0.007588718715833238,0.0018811985600150365,0.010578575932609965,0.0015872181478243873,0.002745909098191987,0.010024734609276493,0.0034460650942637586,0.0019750242971786065,0.01291920954802481
wind_and_solar_forecast - Wind Onshore_t+105min,0.01096701927833783,0.012567687250601011,0.041229398564173604,0.010888848093913111,0.010590280971260654,0.03989464877423597,0.007592026813564189,0.010706431713108032,0.04028558077218622,0.0076643175797107685,0.007631339947785819,0.03829303682703176,0.008565011430735467,0.01100419395935478,0.030009551408991683
ssrd_mean_j_m2_t+105min,0.0062330294217708224,0.007663062632578658,0.008174165945340064,0.006114640763727948,0.006915559771288827,0.0053097117357438035,0.005662094499415843,0.005261165689691552,0.006162967939555529,0.006027849948011863,0.0057334910225326895,0.006496494683535275,0.0023681652208297236,0.0037184029795607784,0.004679699198601156
ssrd_std_j_m2_t+105min,0.0016310845626135234,0.0023231464376358415,0.0034723997919609245,0.004128878310677692,0.0023967825806923884,0.0034442169672820456,0.0032086838954128324,0.0017867948253533542,0.006545808096312157,0.0012689356127484643,0.005756305748793238,0.004734955391897529,0.004554087536773295,0.0060133084737899484,0.0019949819353187194
intraday_wind_and_solar_forecast - Wind Onshore_t+120min,0.0178573058558286,0.010499314313979994,0.06981997124795453,0.015697827329306163,0.011788176687998203,0.06696200835547643,0.014961500038371014,0.017423466694075615,0.06646398463155129,0.014433496730489423,0.011408482201782135,0.07177997698445689,0.011744931199711572,0.014689374132198282,0.07852352139365394
wind_and_solar_forecast - Solar_t+120min,0.001852224820094193,0.00509697086014421,0.00842356705210841,0.0028097864040719286,0.004300509583015809,0.00869774970054459,0.005014059902838199,0.005683926239596985,0.00862166789863113,0.0035478243880279477,0.002833808975006832,0.008973860582140333,0.002845282227718485,0.001957292624621914,0.005657281519561365
100m_wind_speed_mean_t+120min,0.006086319972253477,0.0037251980522851227,0.006220725741350179,0.004976918735843355,0.005156676658833021,0.007732403578873346,0.0021847963100772175,0.0041886311417809454,0.003328361770860681,0.00300754328718358,0.004245179388028191,0.006199916647320151,0.004369802419099869,0.00260983778460286,0.005116153814758945
10m_wind_speed_mean_t+120min,0.0016605188583771451,0.0036700791317780387,0.01023241943596804,0.0078951305540686,0.0015942309382517123,0.012635624199975154,0.003588473389962701,0.0018670860281754357,0.013635337097213778,0.0018614052570710556,0.0051779785924300084,0.016062854300085746,0.004604270125630137,0.0022519508252944434,0.0068465704158588775
100m_wind_speed_std_t+120min,0.003809985872034304,0.0032542069687242475,0.0035452368219216625,0.0052796633279067464,0.0039024496465863193,0.0031277214195984016,0.0020075856470502915,0.0017832813506647653,0.003209349490812201,0.003235217347926664,0.0016288846121960887,0.0038138165254854926,0.002375061033791212,0.001606690517593961,0.0043150441939596934
10m_wind_speed_std_t+120min,0.001809289884701684,0.005525809581666295,0.011572028520960885,0.001787588387008782,0.004686945342084982,0.006517029905998698,0.006415447299361403,0.004987467034243309,0.0023586067307423946,0.001781047222604684,0.004969776474722039,0.00418004939667253,0.004138789784981782,0.0052945888142357945,0.005069824194863941
intraday_wind_and_solar_forecast - Solar_t+120min,0.009510296217704307,0.00385250821466434,0.009885602471047606,0.00459885173492512,0.00596537264953804,0.010237144869340227,0.0032654522306529545,0.0019609517841690832,0.013619335484851036,0.0019507153018398639,0.0034596204617882904,0.009172011258291604,0.005359092729464465,0.004919031407502984,0.006973193605261259
wind_and_solar_forecast - Wind Onshore_t+120min,0.011688269294318161,0.007864073728585936,0.061685228680304134,0.00784214360084161,0.01082420523699693,0.06328643283937709,0.00872690571984822,0.007056160043761338,0.06117009590923408,0.005053292663138336,0.004498126184967987,0.05833051352299481,0.0023133246198095776,0.0037802412508390264,0.05833495791401583
ssrd_mean_j_m2_t+120min,0.00838744576137833,0.012684619050327455,0.009475253845470434,0.00850042592414684,0.008464262283390782,0.009713757077654008,0.007118172515751212,0.0053105351429803705,0.009382191646144292,0.006893056715100101,0.007489567194512347,0.00897689109777275,0.001490023519309034,0.006051382433783147,0.012872740797087317
ssrd_std_j_m2_t+120min,0.002401367318806479,0.0024329413615851083,0.0059798829379642485,0.002139226681929358,0.0021385674560915504,0.0036504841974629018,0.00424490391282643,0.0024904989772003318,0.0035101505243933387,0.0036005870909066287,0.005484774242170261,0.004953828038411302,0.004372178163088393,0.0025544355398287736,0.0031037404568305645
intraday_wind_and_solar_forecast - Wind Onshore_t+135min,0.010101187822397151,0.007712653676069749,0.04941500019241721,0.007606167705460394,0.012646337532045436,0.048367330274428244,0.010609470308776509,0.010722647719994712,0.05179815556673566,0.01247466320242529,0.013793896211063838,0.05278413432084926,0.013753828720073216,0.013506467517778219,0.051020952307386326
wind_and_solar_forecast - Solar_t+135min,0.0027683501991587036,0.00701541731110774,0.005115842295196156,0.005847043550369563,0.003499195503030023,0.0035785261577730124,0.0035262999796614168,0.00587029272680229,0.003386090521087823,0.0068000986448096224,0.003769915667049645,0.004662096417530847,0.0040035766185519605,0.0064749775963500724,0.007217056500585386
100m_wind_speed_mean_t+135min,0.005871434551132552,0.006055641863229084,0.005513275255404551,0.004219820574463938,0.005036192073195707,0.0031988462400386196,0.003655106586345937,0.006642684972110146,0.0037049349775809333,0.009736744752199229,0.006632955851469887,0.003043131326798175,0.006028790486303478,0.005122443498396024,0.0046362779486753426
10m_wind_speed_mean_t+135min,0.004541743846893951,0.005664860214310465,0.005398048971328535,0.0023518225845182315,0.004752503134772269,0.006153159304434667,0.002236726323291805,0.002644960243769674,0.012596284227351134,0.004131158268590298,0.004399485439730597,0.006147936205386941,0.0016263409816715466,0.004457057542077564,0.006531313328922806
100m_wind_speed_std_t+135min,0.014617818313650787,0.010182622549531516,0.008970524494928214,0.0062586274567947835,0.007866223141012598,0.009329727835157883,0.005429945921270701,0.005661896091529343,0.009009704043688544,0.006537810810208612,0.012854164736470011,0.00877486242552004,0.010122275747238745,0.011308226617344189,0.009544516759834323
10m_wind_speed_std_t+135min,0.00919074012881174,0.011046801630192931,0.009980655016930542,0.008232042772093337,0.009767434796221096,0.010909553434863483,0.010912165023171837,0.006917837248080105,0.009989913581528526,0.0060829661788448,0.009396933686102784,0.012245633468933193,0.006785337581278099,0.0068791450568696745,0.0073704122258841384
intraday_wind_and_solar_forecast - Solar_t+135min,0.0041489462181580165,0.00264618048552893,0.020680874029756522,0.0018015787882013684,0.0015899071660624032,0.01818573550374276,0.0024538923661998526,0.00460701935596444,0.01980994984113204,0.007649971647624625,0.002724722125198241,0.01886993044038536,0.005856211363185139,0.005328691216378502,0.01756588858109899
wind_and_solar_forecast - Wind Onshore_t+135min,0.0049785667272471985,0.006005886605824344,0.05449332099419553,0.004138602466340672,0.0047721515177572655,0.051311564040603115,0.006646598908033411,0.007617906105297152,0.05183493255128269,0.006631693365008687,0.003534941097985211,0.05061410283634905,0.006607503384128449,0.003786228907508189,0.04247539567152853
ssrd_mean_j_m2_t+135min,0.0022290449579434155,0.0018048099113793796,0.0023889843523984384,0.0013539408133874532,0.0031282143165635716,0.0029776847834755244,0.0035901871732457948,0.0020592394210272717,0.0046376908624588395,0.0017746173493917467,0.0038909946641088027,0.00735961480379774,0.003251762831155702,0.0039670762888144966,0.003157088501364342
ssrd_std_j_m2_t+135min,0.009953006640724198,0.008067436652814649,0.013095900591782993,0.0031705951997128066,0.00837108733781497,0.010072761464776704,0.004213544931035358,0.005895065867356606,0.014754411464789882,0.007140860434708884,0.0063384186102398415,0.00764688138935162,0.006077459297801397,0.007893037067566184,0.009044369618359725
intraday_wind_and_solar_forecast - Wind Onshore_t+150min,0.005915916738344094,0.004298690510007873,0.06333854613587027,0.006962277139435173,0.007501145544931205,0.07004326026770286,0.008841046658624691,0.009032576272784355,0.07188448039740979,0.009909641526290215,0.010747283486212837,0.07385913694230839,0.012338725402325508,0.013314059613403515,0.07501958877657307
wind_and_solar_forecast - Solar_t+150min,0.0029557227945756497,0.002154498488825993,0.010557808320456389,0.001623758635560705,0.00264637574149674,0.008654138533602236,0.0016222100677787238,0.002376430325113688,0.0070884053850058994,0.0013822587390372974,0.0022313979527853007,0.0063694796332794115,0.0025570328090839213,0.002282715371793529,0.007161028817426996
100m_wind_speed_mean_t+150min,0.008101224046795323,0.0058725679260592184,0.008221458142779739,0.006222065880549053,0.007109651079830656,0.007003812833041593,0.004279546430727351,0.007420440452289768,0.010094837141925382,0.0029868528720867287,0.0020829078293672864,0.010682582648347306,0.004729512255039026,0.002622104984440284,0.006069419359759195
10m_wind_speed_mean_t+150min,0.010543394004267612,0.009131873482030642,0.017580951568772433,0.003877206898301665,0.010875720324535905,0.01890487474881229,0.006952935992871062,0.011483266469105729,0.017897377715591575,0.006702885596136184,0.0040144790263802865,0.017128266405712567,0.00837905321380822,0.008567213433330835,0.01733187017828095
100m_wind_speed_std_t+150min,0.008718909090697707,0.006101960225994844,0.014532188916586164,0.005291091161830991,0.005046570087386499,0.015975590356101747,0.0038399346135693123,0.0030752616909505833,0.008925641536341573,0.0017224942437869687,0.0060507767843300825,0.010210244636109565,0.001178281045874428,0.00477942035439446,0.0173452488537132
10m_wind_speed_std_t+150min,0.008838392732937702,0.006006637491364018,0.01826545053002701,0.007095894071394469,0.006701023488618375,0.02054209386368166,0.00504870994653902,0.007285226864101787,0.015300296006626014,0.0047003676627832645,0.007931152319174543,0.014480806470935931,0.006871956312657858,0.003993249752569682,0.015581844785938301
intraday_wind_and_solar_forecast - Solar_t+150min,0.00848029038680579,0.006099714070776827,0.006833697298989136,0.003709806273715003,0.004928430861298693,0.007921635593454993,0.002737317295765024,0.001823263998888251,0.0071488383672876805,0.004121675951757425,0.006260660233533826,0.010203861105328543,0.0062770718657029646,0.002008336017183865,0.007064198952371953
wind_and_solar_forecast - Wind Onshore_t+150min,0.010650897171911311,0.012753360437669472,0.05800903596286662,0.010873706309035697,0.014318222972466174,0.056685547907982255,0.007545744689494313,0.0051581881726433495,0.0509690038786066,0.009489535470958798,0.008806024093828455,0.05400045686749945,0.009135378475937614,0.010951301449342282,0.04915768425157876
ssrd_mean_j_m2_t+150min,0.009884718638261802,0.009055743793040165,0.0193072214681888,0.007127007294351642,0.006231359635934496,0.01725800795528994,0.006311491238055168,0.006010672854790755,0.02011961963452268,0.00574697688568267,0.003250444600975243,0.018356257656705566,0.0037482594832400763,0.0052197551622593895,0.018335550107090967
ssrd_std_j_m2_t+150min,0.004221166130604615,0.0026512607910553925,0.015362399225869012,0.0017232348158950116,0.0030132672932288926,0.015527099882128824,0.0034999885976424137,0.0024073583533536294,0.012638901145801356,0.003021782428721053,0.003885465327763086,0.010785621563059976,0.0015725658485362145,0.001513345016736082,0.011521377584082074
load_forecast - Forecasted Load_t+15min,0.0035938754510671063,0.002747365938707276,0.00478357277286159,0.0013097639185282333,0.004449863296917101,0.004190432860121291,0.0013887468106210008,0.0018527691380377292,0.0042615630966156455,0.0025584204799697545,0.002879627595568536,0.005012930636861711,0.004508314756907566,0.0027539070397488105,0.0044488409845475875
generation_forecast - value_t+15min,0.0032895045845916684,0.002821695478549373,0.022161585720703897,0.002256133684953056,0.0031906780103199707,0.021157214566515904,0.002653010563215503,0.0041954459993030465,0.022056411746540106,0.002649840561419296,0.0038107886934758426,0.015656115187903198,0.003807381646018257,0.001929020908080929,0.01620819463337375
load_forecast - Forecasted Load_t+30min,0.006963482431532612,0.005919349477328069,0.005584719831109396,0.004412241305678436,0.005366490582950064,0.004415335361379334,0.006350388447986916,0.007320722918990214,0.005530195915715012,0.005045830420527182,0.002090842509693175,0.006346570972028985,0.003094618917137268,0.003972092055453686,0.004309844340772542
generation_forecast - value_t+30min,0.007164118175445764,0.004633058386658376,0.018689059312237077,0.0037878868189582136,0.005474330281614129,0.020333799775660737,0.00705185143811832,0.00775420222374305,0.017915225353688585,0.002642151572554212,0.0012952739307229564,0.023292667937639636,0.0041356266683797,0.005601801197117311,0.025414529595364912
load_forecast - Forecasted Load_t+45min,0.009689041653677124,0.009342214761476498,0.004683070122729987,0.007813679714061435,0.00654418236820311,0.006658165422100864,0.011508518524089595,0.011065523970872165,0.00653871323223575,0.009170791625681886,0.00960237482246157,0.006483323743384631,0.009682229448102589,0.008488727789303993,0.005047849828741164
generation_forecast - value_t+45min,0.003967302014200868,0.005024779146265246,0.03561490977799985,0.005656449880838408,0.005994636154304317,0.031204854034183882,0.005606980585165729,0.006628268912638305,0.032354666607803666,0.005293367984144424,0.009086836099908397,0.034772033874411135,0.004559296961306245,0.004509259871749237,0.03131550488850917
load_forecast - Forecasted Load_t+60min,0.0088132602605001,0.008964106135408656,0.00433319372200458,0.008418497805818333,0.007708463762966858,0.003270157455406661,0.008579579849807487,0.006590988645111793,0.0033407730279668615,0.009808532648459732,0.010698689138353075,0.005391258898369415,0.010727364782134827,0.01076875848317286,0.0036458376626251265
generation_forecast - value_t+60min,0.0023701926721493008,0.007068200325252917,0.04187697369683013,0.004528850181362145,0.005441689805042188,0.04341083129376057,0.010672956453679945,0.011509507831564406,0.04585692421282874,0.005595538096984456,0.007950876911039814,0.04115293358574854,0.011338007127546007,0.009569196671072859,0.04035258636623621
load_forecast - Forecasted Load_t+75min,0.00941627285831055,0.00651833761655871,0.007457717960365698,0.004608514925883355,0.006900401313623206,0.008811378749167488,0.005039193841774249,0.007362955942585586,0.00838920713062339,0.008448649935206049,0.009928165944667854,0.010870454330970461,0.008399345491976419,0.011012123372536734,0.006003400428684472
generation_forecast - value_t+75min,0.001968924721623807,0.0017826279975988654,0.0439836778860772,0.005202966456567083,0.0023590960938588523,0.04392959175394935,0.006547640801480156,0.002934150992063223,0.04914249778247904,0.00589284520666024,0.004611776359679879,0.043038013591431085,0.0030171493314398354,0.0020586869392591324,0.039499733367934824
load_forecast - Forecasted Load_t+90min,0.010156779180787907,0.007903080734191463,0.012330222258315189,0.007548702411237173,0.008307099575613392,0.012570596984450276,0.0073199378954741405,0.007940702228401278,0.009775324694748634,0.008529714085743762,0.010137190741435915,0.01337491498977488,0.010480262542972922,0.008883571717044106,0.016612487261532805
generation_forecast - value_t+90min,0.010791644385630206,0.009699834478764387,0.031352300644321075,0.009303386657335069,0.009279959718023747,0.03606914584482729,0.011892647600172494,0.008541523662650433,0.034314576695396684,0.014173484729803022,0.011322280989319552,0.03361121016641846,0.010275646958165453,0.015152299995505018,0.03670556157358078
load_forecast - Forecasted Load_t+105min,0.004363292545872355,0.005305045406537829,0.003448886015903554,0.006653498051899078,0.005538996690564545,0.003425442861398551,0.004274552211802074,0.008043837258843268,0.0038603739767859224,0.003543689555097444,0.00464882864595711,0.0025673938035724857,0.008588606737689361,0.008059989169480104,0.003527677699416017
generation_forecast - value_t+105min,0.005293046366830822,0.004878865486141876,0.017642087008192902,0.004820318332403986,0.004597987553657731,0.01721109809276095,0.0029636119569968287,0.0018904703887192226,0.017122859447634257,0.002109848839696497,0.0035457721888524246,0.017963745618806568,0.002237948215247343,0.0021304865632704377,0.018757876711584687
load_forecast - Forecasted Load_t+120min,0.012641515455987247,0.010188522721360642,0.007042088123394933,0.008993100538020372,0.010445496340602404,0.008304519193043234,0.007783864716195239,0.010546104305372865,0.006695402322322479,0.008401800047729922,0.009519142873558848,0.008637040454537783,0.011123607045999961,0.012901307274150895,0.011045049122381898
generation_forecast - value_t+120min,0.00504164517299796,0.0021154663433226232,0.011028248710994375,0.0022825569248634565,0.0025719824710286046,0.00725484701005189,0.0027772510471950227,0.00241558932299813,0.008843039346116712,0.0028722738974465757,0.0016886448148597992,0.01564198281394056,0.0016861256304637209,0.0018275010959532664,0.009046990017977805
load_forecast - Forecasted Load_t+135min,0.0026945434767376357,0.003652567324013944,0.018612086381763218,0.004308205480153447,0.0021196760431234905,0.017006415826101146,0.004254178803694231,0.00279057094631753,0.02188074693281669,0.004695367377637013,0.0068621212265461504,0.022913235995241848,0.004842013148172555,0.0030583915726815577,0.020348599935241508
generation_forecast - value_t+135min,0.0065284287750400835,0.0064976577106717745,0.01097014301273157,0.005503040396223696,0.00499820679606637,0.015814025398154626,0.007891317274479661,0.0065498913124756655,0.01347658304475317,0.0059092658864283295,0.008320132386346813,0.014342557040326937,0.008510251639492709,0.0063943972616325485,0.0121667927374765
load_forecast - Forecasted Load_t+150min,0.001352323811432143,0.0044208545865330965,0.015490982142160646,0.002921321152793098,0.0024521416892778233,0.021185442956644693,0.0034631769834377337,0.0023037841972054596,0.01830215336222318,0.001448832566568285,0.005034165695604316,0.018158844846097054,0.004519370010158127,0.004084980724083835,0.01523168872219685
generation_forecast - value_t+150min,0.007500497193430419,0.0065205098306487345,0.008923825324120116,0.008157189721976465,0.00962493495268609,0.0076606058766083155,0.009331933888191998,0.007366832370695193,0.009979562931679538,0.00747313860275608,0.008803981502533134,0.006187050963597358,0.003918870114296169,0.006142418588476175,0.00500689065523784
