Feature,imbalance_prices - Long_t+15min,imbalance_prices - Short_t+15min,imbalance_volumes - value_t+15min,imbalance_prices - Long_t+30min,imbalance_prices - Short_t+30min,imbalance_volumes - value_t+30min,imbalance_prices - Long_t+45min,imbalance_prices - Short_t+45min,imbalance_volumes - value_t+45min,imbalance_prices - Long_t+60min,imbalance_prices - Short_t+60min,imbalance_volumes - value_t+60min,imbalance_prices - Long_t+75min,imbalance_prices - Short_t+75min,imbalance_volumes - value_t+75min
hour,0.004282890619150748,0.0063574845896705486,0.003948640212545115,0.0017118012239579912,0.00819822551781772,0.006174508500027514,0.0051765573060462205,0.0013918324404662598,0.004658841541584479,0.0030374299654067727,0.0012493128381192947,0.004462925347977489,0.00490827616916522,0.004966712431732248,0.002594415874371634
dayofweek,0.0019365996165398656,0.004705805325293113,0.0042786365723159175,0.0035589441328274917,0.0019610423781300595,0.0037638043727829425,0.0017782501005610242,0.002195474125576311,0.003271891732476881,0.0016320275231826002,0.0029533033169964256,0.0026323795324706225,0.002580626873696019,0.0043482267556794905,0.002121984385190444
dayofweek_sin,0.0015326637280741124,0.002634871981930701,0.004590808569886576,0.003180135328263077,0.0021493455572001493,0.0062172097163347645,0.00151684758471265,0.0023781651376352784,0.0049672116933797954,0.0015247230587084458,0.00230480337905351,0.004173457802318012,0.0010174864337632243,0.00256862772823888,0.005620279324716648
dayofweek_cos,0.0029772863413001574,0.0011964198236530592,0.0028764965295740696,0.0014127925325052501,0.0029507468227802747,0.0031081383205549856,0.002276851999846258,0.0017376565568647494,0.0029197079855521222,0.002641065706094423,0.0021017412608946417,0.001506286836574418,0.0011889891019818606,0.0012638302612372173,0.0019314691130821301
day_of_year,0.020906109066658247,0.022867520340401824,0.003769399188866373,0.020328865224335458,0.021293206898088102,0.00573160277848001,0.02044187049484026,0.018454270162357716,0.00376489620731536,0.024420861976514063,0.02409325440880639,0.004465115260875791,0.01983988667806261,0.020828160349497922,0.00471653796274586
is_holiday,0.0004894344957629642,0.001006948659937109,0.002406223162118863,0.0012931255547225645,0.0005387096090007617,0.002141994639053678,0.0005128199049432283,0.0008772079038437823,0.002259954947222468,0.001181077776216398,0.0008089459689095406,0.001401644724023754,0.0010889745025115189,0.0009501008195595659,0.0012714580882743575
generation - Other renewable - Actual Consumption,0.0,0.0,0.0,0.0,0.0,0.0,0.0,0.0,0.0,0.0,0.0,0.0,0.0,0.0,0.0
generation_import - Generation - Hydro Water Reservoir,0.013885666041565855,0.01930749695776467,0.03508881574438419,0.010191067957333872,0.012580879571803961,0.025474756251052014,0.011546390746194618,0.011139751257258468,0.02287018388182332,0.010809468927247507,0.011269394596405618,0.013922787828618312,0.01071108207726502,0.007866482303055818,0.008090784251195146
generation_import - Import - SI,0.003787646127399057,0.003944431821786566,0.010263852603849955,0.0022163654607284117,0.0033255910766893065,0.009954129457622458,0.004005915581867157,0.0035648067172878656,0.00923795405686178,0.00285084132978227,0.003097724354855018,0.008533792746427935,0.0014724140127091233,0.0015261630964359938,0.0044684370702716475
generation_import - Import - IT_NORD,0.0007356008483970981,0.0011518642291239302,0.0022279419287556264,0.0006588206927617648,0.000668742111339367,0.001376087043061716,0.0017280918219163652,0.0004245171481493344,0.0018203829315886395,0.0007042787065043115,0.001257959611602928,0.0015359543289323483,0.0007494904890177167,0.000838405141608689,0.001596809728200242
intraday_wind_and_solar_forecast - Wind Onshore,0.003207475209250333,0.00537218904571273,0.014353681783683441,0.0026249217429715373,0.0026043665688191596,0.013565816124612867,0.005166366820652911,0.005615150082285254,0.011946011449729326,0.0026953970361716984,0.005456375830632168,0.006650825322409218,0.0028013055764126876,0.0015230963302873305,0.00508281420556159
generation_import - Import - HU,0.004273579240471008,0.0057469191548007075,0.009548071756667923,0.0048068967806757425,0.00530216947691224,0.00624715130282857,0.006054986881332297,0.005143422832770739,0.006076852641563164,0.005343523858591652,0.004683719517171994,0.004175990401213312,0.006254413140617544,0.003982445018795261,0.00181979768376641
generation - Other renewable - Actual Aggregated,0.0,0.0,0.0,0.0,0.0,0.0,0.0,0.0,0.0,0.0,0.0,0.0,0.0,0.0,0.0
activated_balancing_energy_prices - Price,0.012584081915643764,0.0136485226607183,0.008281740999598696,0.010281024422627525,0.010232988492862204,0.006841489875945626,0.009504783823591424,0.011189584797117277,0.005032766551812529,0.008126362315972073,0.00930750322263748,0.004929853913727129,0.007604180678254124,0.008372505339938016,0.0008831023004590861
generation - Hydro Pumped Storage - Actual Consumption,0.0014889542665805493,0.0012231772307625306,0.005226223532233689,0.002393010184803643,0.0020599232237891556,0.008415019098029006,0.0015943295251463496,0.002574274394778456,0.009891257879593468,0.0026937307335945207,0.001947047495365041,0.005235994308797671,0.0012545442623106736,0.004058062049371074,0.00598606228726203
wind_and_solar_forecast - Solar,0.01012906889867736,0.009509492280958511,0.004586266043481373,0.008392474852749729,0.002125275533334561,0.003915125869098119,0.005130216510005994,0.006101674790848847,0.0038016382513833377,0.009139877283858368,0.0024391296517924273,0.004797906386365867,0.0027127474871208508,0.004519686647559865,0.0032724968394104506
generation_import - Import - CH,0.0022139961917655455,0.004479322445685397,0.011632825705877621,0.0017694653657747495,0.0017988096798904963,0.009779457175709468,0.0022294506271471164,0.003560809049395175,0.010491717699904257,0.005532074912800454,0.003923672756216547,0.00834837964967528,0.0031454552258182956,0.002003289420964393,0.01218750443186582
generation - Hydro Run-of-river and poundage - Actual Aggregated,0.0016024119331461862,0.0024706212855312515,0.012537513981420488,0.004254388200841276,0.0017822648623085798,0.0074025994265457485,0.002017266458022732,0.002088302405410559,0.0068663478361977465,0.002861917408190493,0.004286722703352098,0.008540799188325763,0.003357550565679503,0.0020175888948178906,0.007838145108176832
generation - Fossil Oil - Actual Consumption,0.0,0.0,0.0,0.0,0.0,0.0,0.0,0.0,0.0,0.0,0.0,0.0,0.0,0.0,0.0
generation_import - Generation - Hydro Run-of-river and poundage,0.005524749305293881,0.0019204861407142743,0.0033221183317364194,0.0013425178064824196,0.004105231435602036,0.0023445521438047764,0.0018505973938670196,0.0037726867977453367,0.0024989115163916724,0.0025673084529607877,0.00449972865302334,0.00510959615311549,0.004420841778692192,0.005867484564545521,0.004580146783500823
generation_import - Generation - Solar,0.00608171254203171,0.0025600043444574112,0.005149166111351406,0.004451043624536397,0.002595962068463905,0.0038866222804790594,0.0026186124968226067,0.0028540476866846802,0.006159942593440064,0.004314648995140601,0.0047532661928876225,0.006438699246204124,0.0031008552463536033,0.0026345174392545232,0.005332303267891796
generation - Hydro Run-of-river and poundage - Actual Consumption,0.0,0.0,0.0,0.0,0.0,0.0,0.0,0.0,0.0,0.0,0.0,0.0,0.0,0.0,0.0
100m_wind_speed_mean,0.002922037247978324,0.003434552242581958,0.004189387174257718,0.0057784188780933615,0.0018906314292289608,0.002795224643234178,0.003045900821360192,0.0031660669268899254,0.005603393383687944,0.001706313204072785,0.002683804370355574,0.004842802090439364,0.004039555876803206,0.0023768982392057296,0.002311714362793282
generation - Waste - Actual Aggregated,0.0,0.0,0.0,0.0,0.0,0.0,0.0,0.0,0.0,0.0,0.0,0.0,0.0,0.0,0.0
generation_import - Import - sum,0.0031838568915545694,0.003432265132945304,0.012393952070764498,0.001967416488434537,0.0014367849157204092,0.00676914760143336,0.0015444320059868914,0.003489173741734248,0.005546124697277264,0.002052459100234046,0.0025962910020878097,0.010873575427103788,0.001178399600948751,0.0011316023195295202,0.004493083586923604
generation - Geothermal - Actual Consumption,0.0,0.0,0.0,0.0,0.0,0.0,0.0,0.0,0.0,0.0,0.0,0.0,0.0,0.0,0.0
10m_wind_speed_mean,0.002151194378773766,0.0010800830808491923,0.003526609490978444,0.00397135550904386,0.002554482225895299,0.0033463854867295593,0.0013583229048576867,0.0023840468638995846,0.003267047108030965,0.005259138646662905,0.006100220852435996,0.0024001908436375743,0.0035948058515514274,0.004002697791300307,0.0016166127112155664
generation - Wind Onshore - Actual Consumption,0.0,0.0,0.0,0.0,0.0,0.0,0.0,0.0,0.0,0.0,0.0,0.0,0.0,0.0,0.0
generation_import - Generation - Fossil Gas,0.004184266365184158,0.006012951810880622,0.004457197680418176,0.004179974962098641,0.003963960492677871,0.006025736359195434,0.0023893058627490974,0.0032530975453264545,0.00464677502270115,0.0039223681665644106,0.006402810568659333,0.0037136865829179443,0.002756355532498446,0.0026526267171702784,0.007921448074645013
generation - Biomass - Actual Consumption,0.0,0.0,0.0,0.0,0.0,0.0,0.0,0.0,0.0,0.0,0.0,0.0,0.0,0.0,0.0
generation_import - Generation - Wind Onshore,0.023210335575007776,0.028076722501806217,0.08904048552740278,0.020283974617566855,0.019672488424985205,0.06960867167817196,0.01834466918342514,0.014210772694419574,0.057395330618455774,0.009267610494136535,0.01569527135665703,0.038170481780738556,0.010620040876863641,0.013694874650369457,0.029499063053925054
generation_import - Generation - Geothermal,1.422558571675836e-06,5.590378843685074e-07,2.90579634635435e-06,4.7165424096817787e-07,9.701304988993797e-07,1.5753690034046032e-06,1.2844430850051936e-06,2.1657050191379312e-06,1.8143252512174968e-06,2.216854706148297e-06,9.511612624848453e-07,2.1979376768967996e-06,2.0367607025946198e-06,9.738014494686809e-07,1.2580054837343369e-06
load - Actual Load,0.00659990855902106,0.007638672485894858,0.025348782322384068,0.006054743357744883,0.00479821232391987,0.020280491286512187,0.005733074269863209,0.00593963828289634,0.015451792074298282,0.006759405200988113,0.003418292021051457,0.013239128337936563,0.0029454475072307105,0.004693483129904053,0.011230451141997036
generation - Fossil Oil - Actual Aggregated,0.0,0.0,0.0,0.0,0.0,0.0,0.0,0.0,0.0,0.0,0.0,0.0,0.0,0.0,0.0
generation_import - Generation - Biomass,0.002852191114926427,0.002029250331865114,0.003462310564174004,0.0014709915943185478,0.0036200992222056813,0.0029377876391581594,0.0030213392573901388,0.0017670249781167513,0.006564432492010382,0.0019288111021114674,0.0049326530663202,0.0019893741276209766,0.003821913275852239,0.0017917451041357707,0.0019126952810547663
generation - Waste - Actual Consumption,0.0,0.0,0.0,0.0,0.0,0.0,0.0,0.0,0.0,0.0,0.0,0.0,0.0,0.0,0.0
100m_wind_speed_std,0.002116093844846091,0.001685826766790342,0.005086584911467071,0.003823333852495125,0.0015927175703495777,0.001717394890576088,0.0012317096162410054,0.0011991259892520248,0.0017949351664535414,0.0023291725905446583,0.0032890813557824,0.004985443698807785,0.0032949455212674364,0.0012803633590001483,0.0015364670496542203
load_forecast - Forecasted Load,0.0017359836698019678,0.001619274366731588,0.012144399597900701,0.0017767983767812438,0.0015369718807879736,0.01096806542021659,0.0012684615785947245,0.0011561912448105431,0.01277173886935634,0.0021372380770399105,0.0011236094575444895,0.006720666934916153,0.0012408782819018143,0.0017348560208204163,0.0025620880822225444
10m_wind_speed_std,0.0030233134688241988,0.002110482636899178,0.005136458441798822,0.0026953346585180996,0.0017899641452931974,0.0065758526133540725,0.0011377022967987785,0.0016820652306380453,0.003786894293163641,0.002142061432008177,0.0026217447893327516,0.0028390253616944394,0.0034983861636683285,0.0028837382354086004,0.005286077129760087
generation - Wind Onshore - Actual Aggregated,0.02917362785228761,0.028522303550489597,0.09216760469798464,0.02116532020654995,0.01614700885639695,0.07396156047045951,0.014665309544794582,0.015166114702355116,0.053294397797224516,0.011662245128376299,0.013653166111842438,0.043353401117434257,0.01281070625357097,0.007351370081407367,0.03194349747279193
generation - Hydro Water Reservoir - Actual Aggregated,0.008579629054276665,0.011997619185813164,0.03329137352266116,0.009662714908772614,0.007810909318487574,0.030834129390394083,0.008331866107946553,0.010487746767495991,0.025206214519537754,0.004948043313190737,0.007199969389490434,0.018722225734090898,0.00704492601029051,0.008292914994555759,0.01583004907342547
generation_import - Import - DE_LU,0.003029219217549439,0.005361211285456818,0.024902059084641222,0.0018524709567522564,0.004557051642066654,0.0239032702852528,0.006229068823478883,0.0026116103431745616,0.023907863735510546,0.004899742094688861,0.0032230704080661783,0.014508849990448653,0.0024095125859566907,0.001620984572049565,0.010017431922887227
generation - Fossil Hard coal - Actual Consumption,0.0,0.0,0.0,0.0,0.0,0.0,0.0,0.0,0.0,0.0,0.0,0.0,0.0,0.0,0.0
generation - Other - Actual Consumption,0.0,0.0,0.0,0.0,0.0,0.0,0.0,0.0,0.0,0.0,0.0,0.0,0.0,0.0,0.0
generation - Solar - Actual Aggregated,0.004228083685698039,0.008201471279789985,0.012213183035186375,0.0033017150749086567,0.002071835592753814,0.005912921771580841,0.00436145411110374,0.003898382059265714,0.004736955997255336,0.0050054530941961274,0.004670433637811584,0.004736247483689112,0.010731193932202586,0.001483169533947489,0.005618791802604164
temperature_mean_celsius,0.0035358802450482472,0.004846854557409642,0.005646931739443971,0.006719416822448693,0.009897395250096452,0.005802669340562716,0.008362610187064717,0.002245578309276425,0.0040342803869057205,0.003017135626927143,0.004039954140338523,0.0052963382748421285,0.006101460761642101,0.005939745319294161,0.0056192736746597804
generation - Geothermal - Actual Aggregated,5.02593417220254e-07,7.873159555913389e-07,5.15688916129875e-06,6.754307996175158e-07,1.0812758497644736e-06,3.6369985322153296e-06,8.581769938018625e-07,6.373290700736333e-07,3.269296364805996e-06,1.2446802444259219e-06,1.085761312822342e-06,1.8582661840014226e-06,7.074922230927428e-07,1.0127677561087012e-06,1.0591102711714484e-06
generation - Hydro Pumped Storage - Actual Aggregated,0.011656423064821866,0.013347497426928385,0.03344678153801942,0.015053234782895743,0.012331609349959763,0.030948398063890634,0.005633521643670974,0.008937537781370339,0.02459477981631062,0.007026362187538325,0.0071771262354905045,0.014926679766183951,0.00874445361061953,0.004833734749792256,0.01643322098912904
generation_import - Generation - Other,0.0,0.0,0.0,0.0,0.0,0.0,0.0,0.0,0.0,0.0,0.0,0.0,0.0,0.0,0.0
generation_import - Generation - Waste,0.0,0.0,0.0,0.0,0.0,0.0,0.0,0.0,0.0,0.0,0.0,0.0,0.0,0.0,0.0
generation - Solar - Actual Consumption,0.0,0.0,0.0,0.0,0.0,0.0,0.0,0.0,0.0,0.0,0.0,0.0,0.0,0.0,0.0
temperature_std_celsius,0.005061373608877375,0.004855076575362546,0.012331659729818057,0.006102069539580043,0.006957627084727846,0.008776485771525585,0.0058988557418642815,0.0015528193305435706,0.009161487828721875,0.0023910132736539255,0.0038162455632573256,0.005275423536359994,0.0012601366411663548,0.0034122753124593147,0.003382202526914625
intraday_wind_and_solar_forecast - Solar,0.004941790229375328,0.0062662699845932365,0.020022384716547093,0.004667727101947094,0.005217686983778549,0.01413685549479851,0.005408519569187775,0.00444176393279804,0.012927696630911669,0.00823230004220386,0.010807464505764074,0.005732928228229866,0.002806707191779424,0.004885396260977359,0.0025296179807110094
generation - Biomass - Actual Aggregated,0.003789649393547734,0.0030952618051269384,0.005108092312942972,0.005971281131729483,0.003575061995721626,0.004815361720669443,0.0016624299167074242,0.004444897548348308,0.003775446834282775,0.002743660270134569,0.002293322281268047,0.0028595395087395443,0.004404034765057077,0.0030883588858860093,0.008206036815216066
generation - Other - Actual Aggregated,0.0,0.0,0.0,0.0,0.0,0.0,0.0,0.0,0.0,0.0,0.0,0.0,0.0,0.0,0.0
wind_and_solar_forecast - Wind Onshore,0.0019738905327872087,0.003344645521907296,0.01589113230349176,0.001676391570712397,0.0014369540888519623,0.011162082551745698,0.00594306244861582,0.001910255120230886,0.013881764854545963,0.0012227850084946112,0.0052265060244153574,0.007489619952328212,0.0012071407279736377,0.004039656504170125,0.006161571465541783
ssrd_mean_j_m2,0.0011823998509662488,0.002009991845571221,0.003718405628482287,0.002037942666566778,0.0011618775438691955,0.0018374530100763878,0.004552682852488942,0.001053905914619804,0.002243247231319401,0.001487035665619487,0.0018512734775426906,0.004952755963515301,0.0017061644618224818,0.0008924226511421693,0.0019525925154903233
generation_import - Import - CZ,0.014067974344940013,0.01426136378647061,0.05797821837828087,0.015926116103337336,0.013059966969522066,0.050100171697093174,0.01274960953815753,0.014181240069951855,0.04465335023340594,0.014630096277978738,0.015395640012451622,0.035294693268235276,0.012776699243142502,0.014617623807229392,0.030579364978359082
generation - Fossil Gas - Actual Aggregated,0.0013798204511626863,0.0018785841409999194,0.002918428518733208,0.0018981010317002075,0.0016760864901714284,0.004270207710172144,0.0023084001272773093,0.0014096326302492344,0.002848461084083283,0.0012496261699943717,0.0015478146567197654,0.00382585937366548,0.0013479975491848676,0.0015326368981841369,0.0019367015027837624
generation - Fossil Hard coal - Actual Aggregated,0.0035475676526666574,0.0026029010084293986,0.002580857429386015,0.002770791545390239,0.0040446373153972676,0.0019950946779363223,0.002148847100637795,0.002702277904147195,0.0019274370320250113,0.0026589564023706772,0.002161113449072218,0.002814380018866359,0.003009746382012963,0.003957259145041462,0.001509010408695758
generation_import - Generation - Hydro Pumped Storage,0.010040780754320622,0.010918442285761557,0.030710127695136178,0.011122164199594409,0.01161893171067095,0.025845453297857604,0.008066390236999723,0.008982889554361464,0.021720914988000006,0.006443339242562615,0.004639070633098527,0.013708457052515768,0.00326489880427107,0.00557607366537195,0.012188407339491619
generation - Fossil Gas - Actual Consumption,0.0,0.0,0.0,0.0,0.0,0.0,0.0,0.0,0.0,0.0,0.0,0.0,0.0,0.0,0.0
ssrd_std_j_m2,0.002237627805383454,0.003562753885195889,0.007248348914828966,0.001476755267681483,0.0007367591323595661,0.0071150524868855885,0.0010904232806313984,0.001211077017527714,0.0060865555091950225,0.0012258868897151842,0.0017297622458495425,0.002597186232200329,0.0014107006294725578,0.0017222256398183617,0.003690103146844194
generation - Hydro Water Reservoir - Actual Consumption,0.0,0.0,0.0,0.0,0.0,0.0,0.0,0.0,0.0,0.0,0.0,0.0,0.0,0.0,0.0
intraday_wind_and_solar_forecast - Wind Onshore_t-150min,0.005032063061124063,0.00260608981571022,0.003907960059152174,0.0019210223788750226,0.0021499549211921477,0.0028175988923439944,0.0035073275303907393,0.004606567955532228,0.004863855495703319,0.0023695425313553643,0.0013130954081725576,0.004530126656954053,0.003879586716494032,0.0016826905238567632,0.003990885582481041
wind_and_solar_forecast - Solar_t-150min,0.004282732323026721,0.0023592140838436535,0.011887741313321612,0.002692808331030392,0.008018486797529477,0.008583659572313536,0.005033819685764684,0.0018465729731047987,0.010786729117178765,0.00227688621483162,0.0031132798936050676,0.003735629829330719,0.0032657112875576788,0.002667377520437185,0.0029109375735256434
100m_wind_speed_mean_t-150min,0.0030306041531639495,0.0023524667414767464,0.008586569310822143,0.002659815141963918,0.0014922816665630307,0.008800396152764733,0.004938659498378911,0.0013508956031557772,0.005252380276171379,0.0013715333961217765,0.0015581290226618877,0.005374265940878103,0.002558784699359421,0.0019172761209556484,0.00317181053683089
10m_wind_speed_mean_t-150min,0.001410805125630759,0.002340149302976897,0.006260562481626038,0.003107355694402031,0.0016249292687725756,0.003953541687608435,0.0019570356122785596,0.0018002104947281623,0.003297253251550501,0.002094470548098798,0.002304493881891631,0.0024015394941349086,0.0016697723496331492,0.0013957939747324417,0.001959432419006134
100m_wind_speed_std_t-150min,0.004661629593875659,0.003377509710427603,0.009100790167470904,0.0038188706540277055,0.0019301149220461867,0.008203381329658442,0.004488145859101906,0.003931974541836098,0.0058145894279150526,0.007601739614065991,0.008099461467543733,0.007289826064516091,0.004398445266570889,0.0055054716503000235,0.0032193530077902323
10m_wind_speed_std_t-150min,0.002863514221538935,0.0015048384898275345,0.004130186303671507,0.0012466735380319562,0.004278840429673437,0.0028316205721798725,0.0031871111100608687,0.0008865241108132977,0.0033120287932179053,0.006504011523091322,0.0035751081097350835,0.004002487732699592,0.001490768944992851,0.003850719988708761,0.001481091066101726
intraday_wind_and_solar_forecast - Solar_t-150min,0.002530382955242203,0.0021617604980754663,0.004221221399022397,0.002863469741311064,0.00406286609190056,0.009849347223247606,0.005977017890303614,0.004895875749381958,0.005932158910458384,0.001937209662030682,0.0045224842119860114,0.003574510698181257,0.0034269820606041322,0.004165805794056723,0.0028330561143029625
wind_and_solar_forecast - Wind Onshore_t-150min,0.006372558438626583,0.006235054502547428,0.025488095106600668,0.007172685080113297,0.00627056640086812,0.020684897649276536,0.005770295068481574,0.007153600633570931,0.01951155611994909,0.003945390148632214,0.006257650010353245,0.015795707473283984,0.0026118448834176887,0.004475489347118128,0.015353980650710582
ssrd_mean_j_m2_t-150min,0.00909468818115056,0.009530651353354187,0.01015611939469818,0.007506943370881345,0.006538573593843466,0.007992040773058762,0.006448496774610248,0.006824609355069697,0.006322125640421291,0.002213130846617787,0.006412526249820075,0.0055721076463196365,0.00527652132528965,0.003852512193554503,0.0027030601320357163
ssrd_std_j_m2_t-150min,0.003061004017057712,0.001704272122344264,0.011311800363995645,0.004467849613996805,0.004004204627846775,0.009940965098421658,0.001832727019263075,0.0017116356085916777,0.008585762711591087,0.00220143138765161,0.0014507888602533967,0.005329308628235594,0.0015833655535025172,0.003112234077298581,0.008124633037761668
intraday_wind_and_solar_forecast - Wind Onshore_t-135min,0.005698257491611003,0.009712860765649567,0.007849262245588762,0.007261316780542984,0.0031733907089801505,0.007006019859671141,0.007486654947977513,0.0039493999692058425,0.0029163954158271397,0.003571933714023544,0.005527570088845095,0.0024779772022302496,0.0035386800746291555,0.002809145410051315,0.0021035441804792753
wind_and_solar_forecast - Solar_t-135min,0.0021548853084027543,0.004110566141719573,0.005496798998005261,0.0014812916017126554,0.0025885678523845856,0.0034675492052847405,0.007622292807631311,0.0012074185252170082,0.008130812189800054,0.0025549799462855844,0.0019357175603772702,0.012290173470282752,0.002370682441535223,0.003194167532166375,0.006462325644239172
100m_wind_speed_mean_t-135min,0.0031533210923539627,0.001814938036040985,0.004988077031142666,0.002526075186020762,0.0021742197738203687,0.003925713239299512,0.003823338596645499,0.0023625431633681727,0.003055385027616694,0.0014617180874356562,0.0034271787853367643,0.0022518408117357465,0.0021692385351725534,0.0015932637353544123,0.002185197998289368
10m_wind_speed_mean_t-135min,0.0029169303353557153,0.001181528948515279,0.007847455011615238,0.0039877968185282955,0.0013207996963301412,0.006750298480230413,0.00118974814925582,0.0022582718635521816,0.007526053324290842,0.002039868483927421,0.0020704314340358678,0.002035771186252532,0.004608366986182773,0.001560253923940536,0.005675831118152928
100m_wind_speed_std_t-135min,0.0013636607804337472,0.002480327137065615,0.007159242033123974,0.0032197159983988967,0.004143555845659648,0.00801880245360735,0.007863341164013719,0.0030901141085232665,0.003908092636171204,0.0007758405128929553,0.0024463120972995967,0.0037962489374322103,0.0013444398903657202,0.0010145173005705033,0.0021295584886253777
10m_wind_speed_std_t-135min,0.0010607985060778447,0.0017640823232202365,0.008621703250108113,0.0020104331459039598,0.0017548507827605136,0.006152373086723486,0.0022069741606200637,0.001988087128071129,0.004523961633838553,0.000984329140076511,0.0059921562118174735,0.00128380241850482,0.0033001520961561254,0.0025576839055129314,0.0031320942422471488
intraday_wind_and_solar_forecast - Solar_t-135min,0.005988224170258036,0.0021317565701610875,0.005319771635089637,0.006035155035855496,0.0025822242901977007,0.009133611104931333,0.007725433091705781,0.006613949125632644,0.008398510772763984,0.008707489295076812,0.0030881266605160816,0.004652155837509781,0.0047375033481112045,0.0056030822192515185,0.0023941755023079167
wind_and_solar_forecast - Wind Onshore_t-135min,0.009075959708359733,0.006172394629218616,0.020951936405850573,0.008517208662599841,0.006415941804655176,0.015092468278822707,0.006125217440442612,0.007323494726022546,0.013096962359886674,0.002748269171175707,0.00475641473624637,0.00959936321445275,0.003922491473100308,0.0029438225101348506,0.008762921065903356
ssrd_mean_j_m2_t-135min,0.0018633019312775901,0.0014149751249642576,0.003872550953422433,0.001747559665197059,0.0016345689214263075,0.002234388149516235,0.0017982088647631826,0.0014233387218496318,0.002238951395095942,0.0009367725598399943,0.001524732263131682,0.005943613245526649,0.004271606050148421,0.0015790751313411561,0.004283936919247935
ssrd_std_j_m2_t-135min,0.003708612648439157,0.0015556180839785157,0.0026222594238843157,0.0010964667143934079,0.003132875557832449,0.0025741937279030935,0.00278984735648919,0.003799747717270293,0.004862348435057356,0.0014491613846860218,0.002604776651494831,0.0019790128795921192,0.0007849217412165217,0.004799645683116978,0.0019539952312188687
intraday_wind_and_solar_forecast - Wind Onshore_t-120min,0.004015075625426107,0.0010874887627255704,0.00531227431725074,0.0012418102208675919,0.0032472160114339205,0.011549175831976755,0.0026462202383781912,0.002110466606094633,0.0077041819375954215,0.0014034574270299345,0.0015026321971269567,0.0038459742772938626,0.001719508848282203,0.0020557514201118465,0.004531761917505264
wind_and_solar_forecast - Solar_t-120min,0.005552633522946053,0.002845239950705036,0.012929658510911395,0.002982711041495804,0.002999164772197446,0.00638042127690278,0.0017839176058032536,0.0021666956390840823,0.0033164684887160545,0.001763739083375185,0.002039399672665354,0.003039945545621663,0.00395971102607291,0.0025017989822736127,0.003040524546031293
100m_wind_speed_mean_t-120min,0.002036220124853571,0.0015728946559786436,0.01067217622644239,0.0016940952846475738,0.002497556098067889,0.007973660617083624,0.003288699869379343,0.002888861632795283,0.008769138099871156,0.0010852325107775869,0.001851262392646163,0.007104282505912124,0.0012539459058907596,0.000932783731622294,0.004350385115083555
10m_wind_speed_mean_t-120min,0.004274162233303286,0.004027094316956436,0.004080528360947937,0.0036480637333152115,0.0017511860477040955,0.006857375148116262,0.0013315023049344746,0.0020146932697894045,0.0022292025439401186,0.0030635376178506702,0.0026217730330890844,0.003616176747067584,0.003911906345435454,0.001686380754394122,0.0022909870936491643
100m_wind_speed_std_t-120min,0.0013054385680843553,0.0018560801562425694,0.014847194655158092,0.003915547162275289,0.0014396925427181486,0.014829503859771649,0.0015746118505859386,0.0015164368177684082,0.010780435163476796,0.0017567489880448192,0.0009674905344695617,0.0072361438610022335,0.0010644355879921932,0.000951406590660099,0.008684745952414231
10m_wind_speed_std_t-120min,0.007395442432999516,0.005568473728585559,0.00641621872833366,0.007659891469767899,0.006260923885277407,0.006230415907396491,0.006254583455964166,0.0035494268516576993,0.004077723828289891,0.0051804568249935986,0.007300454258594982,0.00518767532335778,0.005243237644361216,0.0054751688811156786,0.005280353106620168
intraday_wind_and_solar_forecast - Solar_t-120min,0.003030345721683261,0.0021762936240011187,0.01668959465923672,0.003536774555457896,0.0021945750717295596,0.012609929902961994,0.005229754641911313,0.0033687101307714328,0.012209190675610444,0.005812813492857458,0.0018025713605029417,0.003668317179639189,0.0020998119626519838,0.0026726438923742536,0.004222880700432143
wind_and_solar_forecast - Wind Onshore_t-120min,0.01087538923606553,0.00971111622231183,0.033484339321658806,0.010641936470620748,0.008440935618215007,0.027703127332410076,0.009815334324724973,0.003956875842250611,0.01903987495972251,0.007490479762098403,0.008814210276702397,0.016616549469719757,0.01160511900048732,0.005803795876167215,0.014407413223780167
ssrd_mean_j_m2_t-120min,0.0016187131642101634,0.00505374900080642,0.00839982963219518,0.0021619372281156757,0.001627966040509854,0.006726091955737502,0.001311326726534844,0.0011846491098594925,0.005039234193245648,0.002355842108802335,0.0015888893236551667,0.004325197030020718,0.0026882680923990846,0.005131115771117038,0.006863712781072536
ssrd_std_j_m2_t-120min,0.0018638369538365395,0.005166520673521518,0.003092997816008392,0.0011823671087149705,0.0021225818705531765,0.0015500107573570858,0.00388333114107445,0.0022368102419900423,0.0020629167771012364,0.0020740495513259702,0.0025127356605698877,0.0012655817436461802,0.0036296493897316397,0.001225724623895985,0.0015904339755779802
intraday_wind_and_solar_forecast - Wind Onshore_t-105min,0.0017867969908862732,0.001279488600420791,0.0030490481278691276,0.0012102480715534512,0.002639715832174261,0.0033166064108791035,0.0016420464175130292,0.002313504256506349,0.003611728739825594,0.0010416892382284005,0.0017930214026174553,0.002082707581548675,0.001407807718947879,0.0028221748640644365,0.00211347297109387
wind_and_solar_forecast - Solar_t-105min,0.0033630043830444266,0.0024420622922134497,0.006362664598167612,0.001502949226102828,0.002378981782356277,0.01683532831344928,0.0015626558965741992,0.0041511521259171786,0.013607823138802815,0.0027503383416342332,0.004495439062418882,0.020188179950157065,0.0020342167568187506,0.002264567058421051,0.014946055152395275
100m_wind_speed_mean_t-105min,0.004045042713350995,0.003775816809544267,0.0035096021594727064,0.002744322386583008,0.0011690823518329125,0.0035336545492391453,0.00128451365346109,0.005451431601730292,0.002732161018313491,0.003308537572563182,0.004129859554801442,0.005317547265382018,0.005961483234063053,0.003118277868694349,0.0016514506093926683
10m_wind_speed_mean_t-105min,0.0012610578220528623,0.001784787551850968,0.008081549933809584,0.0011706171568157515,0.0020366880487158595,0.00448612329772277,0.002698452397510664,0.001973001484830206,0.005836411291206787,0.0024597569156010195,0.001385279123105647,0.006689843903879591,0.0011202712784097457,0.0022582925221167898,0.007245819315639892
100m_wind_speed_std_t-105min,0.0014505602940089375,0.0020656577776044286,0.006324224132484233,0.0027077995929175812,0.0029012346612471446,0.004743742110866151,0.0014079799929718319,0.0027813933650809304,0.0023517721100311064,0.0017553875932258052,0.0013564143377866457,0.0019964653039310177,0.002126021419526296,0.00129066383738882,0.0027017327568269137
10m_wind_speed_std_t-105min,0.0011755999852178433,0.0017586777163396618,0.0066313365201931445,0.0015983971234027193,0.0010904266266388732,0.0024048686104142687,0.0017858417275376439,0.0013928808254395336,0.0025982944507525188,0.0017406102760414797,0.0014739909430375633,0.0020291196847674656,0.0010484907196832865,0.0019702083205849876,0.0017812339134477496
intraday_wind_and_solar_forecast - Solar_t-105min,0.0020705004949333554,0.004743910014443827,0.008611032469154907,0.002620482303417127,0.001346151697690857,0.008560361783802364,0.002203348168539378,0.006211354424689489,0.01447710872882471,0.002940251649424766,0.00501451875292696,0.005473639075973551,0.004615089971233829,0.0017350678460247764,0.009458962419963426
wind_and_solar_forecast - Wind Onshore_t-105min,0.0027047079069234315,0.006813154708041111,0.033619774430385406,0.00704189731504448,0.006610356565244729,0.031231922610575565,0.001725181301406451,0.0022260049745059405,0.024294148447545013,0.0029017464861008195,0.005985362666086075,0.017945399905947852,0.002021531947935273,0.0034373221960413503,0.018777725526488213
ssrd_mean_j_m2_t-105min,0.0016275300167699527,0.0016338491867927587,0.005708815036965461,0.003970210299099563,0.001731361302070809,0.003620277446047112,0.001750644545409159,0.0018339908184916566,0.00444984604688716,0.0016205264835914477,0.0018642117014678662,0.003852456419733244,0.0010403299367653745,0.0027947909213835373,0.004998000006273742
ssrd_std_j_m2_t-105min,0.0020440474529351605,0.002199046175906915,0.0046436334182144495,0.003915528449448175,0.0026737662861705757,0.0032264502728066875,0.002500159193821673,0.0017713536660130557,0.0027700949165937344,0.002956450642161144,0.0034387121311510783,0.0019297885142298128,0.0034979042900713467,0.0014225428621916763,0.0020122628678609544
intraday_wind_and_solar_forecast - Wind Onshore_t-90min,0.0021999538506843235,0.0033937714146431972,0.008035069494893833,0.0028592009606909414,0.0045706653432580424,0.010610922589754865,0.001307697560958104,0.0027299005004797435,0.011258546107601432,0.004759370481180213,0.006193776259111473,0.01169183724085815,0.0027508764427766437,0.0029703915269565185,0.010951738017523895
wind_and_solar_forecast - Solar_t-90min,0.0019288204580073512,0.005281701596734365,0.009863759703286632,0.0019427464866694209,0.006126324613414454,0.007121652077034924,0.002986194142491513,0.0021846383257498017,0.0056053488098659725,0.002114077810101975,0.0023001120610074395,0.0031611335707857507,0.0019511907954519075,0.0018942288522794115,0.0024051138687609637
100m_wind_speed_mean_t-90min,0.0009424413216379435,0.0013135788057229546,0.005509881999307254,0.0015759720922060296,0.0023762984432059964,0.004925079567550711,0.0009692299356611329,0.001107824079663601,0.008429473123615026,0.0013084755964824807,0.0010594227827389205,0.0030688970141527533,0.0024216372557757495,0.0009065506025694958,0.0016651927302191326
10m_wind_speed_mean_t-90min,0.002415734663303027,0.002197241776671035,0.004050334902160103,0.0022553695321597617,0.001619313486358351,0.002879423073746693,0.0011100378793148593,0.001605774217243379,0.003281451999055207,0.0011026864524337726,0.0015526659067261336,0.002362298194002051,0.0012420681343351134,0.001726334380025719,0.004084903446942008
100m_wind_speed_std_t-90min,0.006247004285643925,0.0035148773240607626,0.00576585685738246,0.0021182495554503476,0.0034471645591220294,0.005093957383385714,0.0032863214230984994,0.001335068493061044,0.0022486375660737395,0.001308872739728713,0.0039372612117185785,0.0028688258385936934,0.0051527824716795295,0.0016491649323745036,0.0023669692797161587
10m_wind_speed_std_t-90min,0.0034181340279392314,0.006273487257722536,0.004778112415811847,0.0033362996702926465,0.0036971573929531587,0.0026097395842407424,0.0031001553544965648,0.00353505705641237,0.0027951868707605174,0.0014965436502978947,0.0050419473412257505,0.005778170785872135,0.0007181379272675201,0.0024267588959119165,0.0016774243147319795
intraday_wind_and_solar_forecast - Solar_t-90min,0.005637638514162973,0.0026236686681831997,0.0178748025061941,0.0026036125354357864,0.003753642455269983,0.008995207306317298,0.008104587782654563,0.0036047759410830623,0.01445738071942469,0.004723869192341226,0.0033721313036239736,0.012551720509021834,0.0034519717932030287,0.004274092043449855,0.008714274350299093
wind_and_solar_forecast - Wind Onshore_t-90min,0.0020363906526054054,0.00236805599827494,0.0048234241564732655,0.002779551846324466,0.0051139838391477494,0.006193143394260915,0.001620827283012659,0.0021065354026766274,0.00810132599257122,0.0025868750984182043,0.002781305840573623,0.004199184977307596,0.0015613343074692239,0.002148209648012198,0.001234720634025507
ssrd_mean_j_m2_t-90min,0.001249364548768881,0.0017263085814574878,0.004022265969344517,0.004745884506039147,0.0011837683043586366,0.004218271333083976,0.0009677876568407555,0.0022045448023289963,0.004824239795532776,0.0013095346322517117,0.0010333167367434725,0.004196750105280444,0.0018121655521799766,0.001891655751820508,0.0032320071265658046
ssrd_std_j_m2_t-90min,0.0019944132443215495,0.002062150178262527,0.006001695540337096,0.0015229215287577062,0.0028881812413801525,0.005239802856973256,0.001068622127683625,0.0014710720345037771,0.005525923949967364,0.0010293128975208674,0.0010528907422881985,0.004412786942202729,0.003995755727963114,0.0008286947613166546,0.004147654674186924
intraday_wind_and_solar_forecast - Wind Onshore_t-75min,0.004630833123388584,0.001499621137212671,0.011363672705192585,0.0034174210155943,0.0034382087488988872,0.01371048893155239,0.0017458136292217716,0.002198506575138708,0.009000921041035326,0.0012737550748452122,0.0015216458885283829,0.006287504538277972,0.0026051530634085794,0.0017392186089500684,0.008072116903389543
wind_and_solar_forecast - Solar_t-75min,0.0015957743986318746,0.002600734151960751,0.007377421609291559,0.0037310930959101826,0.0028152505847647263,0.00838820709639367,0.0033134688161505894,0.0023138796284249566,0.0067040563154514244,0.0032265772561750053,0.005696570118831005,0.005788242034879659,0.0028635359121090007,0.0013406856331325799,0.005472556416665612
100m_wind_speed_mean_t-75min,0.001154974206802308,0.002228773100473063,0.008627664155501407,0.0014644971482539403,0.0013107756239132868,0.005825818846456969,0.0011701596863536849,0.0014993717594741155,0.003970079883991275,0.0017028421788527338,0.0018045086878639722,0.0031865312924705905,0.0030640983690500435,0.0021538244545836276,0.0023689044074017146
10m_wind_speed_mean_t-75min,0.0015743381265383505,0.003216094567471373,0.008596125118436248,0.001869387813252274,0.0017485258151637027,0.010462843248506033,0.0012340038158877179,0.0017263504488037142,0.005650318914416857,0.002843275271776292,0.0016429522901107703,0.0018294805158056988,0.002383329865340784,0.0021088291684964134,0.004476545534643265
100m_wind_speed_std_t-75min,0.0012643830911401891,0.0027406922505215335,0.0033028322998070506,0.003991416212889363,0.0016082841541528979,0.002408412191646221,0.00156600412725129,0.0009055469497104696,0.003314204521246097,0.0020269530679524906,0.004182111361858972,0.001660720216938614,0.0060772323382498146,0.0012360039454515572,0.004982018685070215
10m_wind_speed_std_t-75min,0.0015915776654201181,0.0016039009944652208,0.013878284920618171,0.002530062278496189,0.0016122371298079089,0.013810443501259215,0.0016461782194692205,0.0007405581822958993,0.00975297422762742,0.0009236915070146097,0.003297557901219989,0.007445756992003226,0.0017994615315342344,0.0019520726920163724,0.004222368740411184
intraday_wind_and_solar_forecast - Solar_t-75min,0.002460408700701464,0.003030475637303937,0.017301437539501422,0.0019322357684054907,0.0017670146425602978,0.0072840950379245446,0.0019718576033960745,0.0036937626228814224,0.00670098467936441,0.0016442563442587925,0.005589917161123594,0.0029451009884487577,0.001505279745198095,0.003298358701174948,0.0045457851058899905
wind_and_solar_forecast - Wind Onshore_t-75min,0.0034122406656297245,0.0017700631808802427,0.015678820080132938,0.003635827406182216,0.002998627591101467,0.010679476738016091,0.0027638809730653976,0.0016856329721547355,0.012582995883182775,0.00356961003219476,0.0033254994711187464,0.01180019831941263,0.0018844245751615744,0.0011239994169711736,0.008142661651188973
ssrd_mean_j_m2_t-75min,0.006363442245317856,0.0017304384528953277,0.004720156004796991,0.004294902439512953,0.0012904389473296191,0.005353695740919647,0.00720439233937941,0.006648611607932253,0.0045984414203267075,0.0037899624021829367,0.0050818423445161895,0.003982698263720522,0.002025656413637421,0.002735995491034032,0.0021593305010355834
ssrd_std_j_m2_t-75min,0.005303314531352953,0.003953435688538775,0.004933264263784622,0.0014112606205098927,0.0019142685959690482,0.0039794180353146654,0.0024179962094976874,0.003281210769743211,0.0026878349705657455,0.0011815726927078458,0.0014994119526572831,0.003670567957946389,0.0014028346626919301,0.0009108003296560128,0.0031178287612374333
intraday_wind_and_solar_forecast - Wind Onshore_t-60min,0.0034773949853652082,0.003670991443967068,0.009463316199879045,0.001198656407593944,0.0016331719716090446,0.007300044983285261,0.002232124436999584,0.003162731692813395,0.00588778644687045,0.0013739103488824185,0.0021364998486119477,0.005896210305128989,0.0016383632453248538,0.0024489066227097282,0.004263855971943485
wind_and_solar_forecast - Solar_t-60min,0.0019282035434962381,0.0020144395246556998,0.013015578382344756,0.0016093937802149868,0.0016109295232326986,0.007742213784317301,0.0018299059852841992,0.0021102028016057373,0.005561470190184082,0.0025259262876138563,0.002006163286175706,0.005380014297881644,0.002928167766571164,0.0011952402471818004,0.006083046238474708
100m_wind_speed_mean_t-60min,0.001084704832548141,0.0010786104781054745,0.004621672945148021,0.003246832834844099,0.0019514036038864333,0.002210774075689187,0.0011022594344099162,0.0013001819006619826,0.005730916100597824,0.002280660346019431,0.002247752004752158,0.004879119131722746,0.0006712395236577322,0.001151164739461592,0.0030682533756189513
10m_wind_speed_mean_t-60min,0.0017676763013920436,0.002149644038956467,0.0038335521927583614,0.0018954245110708143,0.0010161034760155872,0.002678554451423906,0.0015424118113405712,0.0013827231762397786,0.002750694525293511,0.000791990239410552,0.0013733328745588907,0.0025050922923092003,0.0013613536806817025,0.0022800157352663745,0.002224936841379986
100m_wind_speed_std_t-60min,0.0010694010450883978,0.0017129281487741537,0.0027665008222684264,0.00326566832395838,0.000952465044529788,0.0029649714165552723,0.0012911428719335164,0.0032426353845966104,0.004391119200518006,0.002066886856977021,0.00200459058576962,0.002175957475319592,0.003020638248541218,0.0031353957798273767,0.0019361240692232968
10m_wind_speed_std_t-60min,0.0017980067155531287,0.0017794317876732748,0.006028531143944292,0.0014555395211618815,0.0014381131408290457,0.0030057937626975216,0.0016618160994275968,0.00167454503454519,0.002117943021785777,0.0012797694148910068,0.0025278806875184048,0.0018499370226053883,0.0015297196848259773,0.0023732978906755306,0.004002647223810527
intraday_wind_and_solar_forecast - Solar_t-60min,0.00387396285856812,0.0051896220934897885,0.017440319102344802,0.001549256173640515,0.002565754936158555,0.014334150199327269,0.0029106531212655684,0.002756500286901314,0.015413492946610858,0.0023788185366847756,0.007838759746686264,0.00897663066945097,0.0033941560904604557,0.002414574324051955,0.008090051703223253
wind_and_solar_forecast - Wind Onshore_t-60min,0.005522144537704662,0.010741336397023134,0.016316963195829884,0.0021009425455645213,0.009344756757775031,0.0172840539619865,0.0070083134276228524,0.008853834152294439,0.013923039933113614,0.0064462251158445266,0.008729636779853422,0.009599989520320379,0.006557451051656244,0.007438034866718226,0.012713877275920823
ssrd_mean_j_m2_t-60min,0.0012761921889891709,0.0011244219133420756,0.010046193780210842,0.0027071342849567374,0.0008089523416447264,0.006646404931721918,0.0019360565157949168,0.0014030651339126052,0.004138320451967729,0.006653412290805136,0.002332004857566062,0.0028219444280216523,0.004531836511407164,0.0025015901104634393,0.0020905689178680404
ssrd_std_j_m2_t-60min,0.00356723705861333,0.004090176846832037,0.0088794375034704,0.004077788231891645,0.006613915867015749,0.006827158444655424,0.004479702083875964,0.00271050139732688,0.006478782106869857,0.0026888989785220476,0.005631553922354215,0.00757895703142276,0.0029935668026682834,0.003013555049747083,0.0024212486959968374
intraday_wind_and_solar_forecast - Wind Onshore_t-45min,0.0026625914549113076,0.0015012559899201677,0.016450422633977724,0.0027685359469105607,0.0030692853496093447,0.013447663591192396,0.002568304950144931,0.0029259471935192778,0.011977344435072155,0.0017392385402572473,0.001335766682688984,0.01306840431582532,0.0028944756588025486,0.0013902061906564994,0.008710021507853525
wind_and_solar_forecast - Solar_t-45min,0.005197968517823028,0.007753236676263839,0.013909229338656588,0.002239855941618771,0.0035619243429091513,0.009348946465230256,0.0014228095331477561,0.00541549235176717,0.010325091423426101,0.0031719299351943846,0.0018180625066997892,0.008782493352598977,0.007672378567010582,0.0021683191411452753,0.007226028983284095
100m_wind_speed_mean_t-45min,0.0034649683574644145,0.0038793189062222666,0.004339276815051562,0.0017970090689609036,0.0021368821549663723,0.005270047252922268,0.0011976634534094047,0.0019338863465263785,0.004405080923781497,0.0011487995926001702,0.0029277568500347116,0.003555332651858407,0.0034155789560390984,0.0023026504264869346,0.004001638201154492
10m_wind_speed_mean_t-45min,0.003450254765975842,0.002651335943876461,0.0039878529560264725,0.00305469582812475,0.0015775380010565811,0.002165847300126188,0.001697515898178608,0.0021232853796477684,0.001773790778242983,0.0022973943140821122,0.002192672338196644,0.0017872422999435002,0.0032006049127212464,0.0014874520993553232,0.0023469502906809793
100m_wind_speed_std_t-45min,0.0016550008832737148,0.001400980314397202,0.007102809129486559,0.001188701783686156,0.0009641876418634183,0.005008018527428248,0.001154631075168595,0.0019487139883203781,0.0033050761047088597,0.0012110057017143845,0.0027117054471825666,0.0031287647506733265,0.0013220515371867804,0.001423837161702977,0.003325004411989994
10m_wind_speed_std_t-45min,0.005955566511988309,0.003332243467922126,0.020667092249233975,0.0031157559127141213,0.002980317205235224,0.018643012308180915,0.002540813183452883,0.004223843289541037,0.017512762718051817,0.002525890707622466,0.004489921594982661,0.01635715131177858,0.002665886931422392,0.0015257008793096816,0.010055012491240632
intraday_wind_and_solar_forecast - Solar_t-45min,0.005313233866087103,0.00321056132598369,0.005551898500227253,0.0015784967274271367,0.0013350317758436176,0.004920122374249331,0.001868835607750725,0.001889986019225944,0.004247050291243341,0.003092291977513014,0.0017206788978010082,0.0056772547609525645,0.0022694609859663616,0.0020587868469183375,0.002763841693004906
wind_and_solar_forecast - Wind Onshore_t-45min,0.0022791451162051998,0.0030582903621689185,0.010474478743752116,0.001767037890086158,0.0023636007112763763,0.012600514405668947,0.0034753373041830856,0.0028020087528602745,0.011429972489743704,0.0052409711403911385,0.0017461034113864572,0.005765061456524563,0.0022081775190054033,0.0016127718925981753,0.005827735193863191
ssrd_mean_j_m2_t-45min,0.005297251379433873,0.0024475869140605936,0.00793697927579342,0.0036124847490536923,0.0017658243179075725,0.010712245568473009,0.001879365706938188,0.002810637721182502,0.00751450541889426,0.00418606363881554,0.00420548594383763,0.006417468146268221,0.003636755255022365,0.002692458619912941,0.0045377532177371905
ssrd_std_j_m2_t-45min,0.002390503504012486,0.0018257368355607468,0.0036426459283065925,0.0009387152463198163,0.0026346435869290872,0.0030244903489374335,0.003372056648211583,0.005055383822957083,0.005577454217831473,0.00426501513652147,0.0010375413466389744,0.005752413540969428,0.0009177415401023836,0.0012450223790647214,0.004495749436959158
intraday_wind_and_solar_forecast - Wind Onshore_t-30min,0.006657449809623358,0.00368819467906269,0.030525690999675135,0.008807371719085268,0.005941747099532222,0.02342140741512412,0.005902198819487239,0.0034515243300411386,0.020662247796179145,0.0023731694404752943,0.004021227296654615,0.01593898512415035,0.0012129213125326715,0.004241253178546003,0.01305191733866377
wind_and_solar_forecast - Solar_t-30min,0.008415479527832247,0.008071215323885553,0.005912221685944246,0.0021107612273399356,0.004282900898361504,0.002871086155635169,0.004529994427870605,0.004807951970662543,0.002750458787179923,0.004167255277272489,0.0042295038200227284,0.002027329991615261,0.0031944180194805084,0.0067507445596493194,0.001936799860033716
100m_wind_speed_mean_t-30min,0.001284949900351421,0.004101515636568365,0.002707801445150835,0.0022503074667902185,0.0018359744908993888,0.0036303561105014526,0.001762808605401915,0.003016628758783554,0.001902321999939886,0.0015648889434453394,0.0010926830149091983,0.001994273429019586,0.0011562531310723898,0.0009485005149399513,0.002078992109389219
10m_wind_speed_mean_t-30min,0.0011074651752221599,0.0030067720317297243,0.007566822427317675,0.0030245743405876054,0.0031316609513010007,0.0036929970900164335,0.00442021868563279,0.0013548424459313537,0.0037355425803187927,0.0013516766907814598,0.0012472718103376792,0.004963360971615657,0.0018244334705905202,0.0022683805707438298,0.0038114523844315043
100m_wind_speed_std_t-30min,0.002818644025715912,0.0023604921959376954,0.0039991354048834185,0.0009000327242256389,0.0016245238295950913,0.002456904828302868,0.0013975158690624312,0.0012175373839909299,0.002964589439394331,0.0024403406595902197,0.002216891845296232,0.003582467982563685,0.0014887899962195662,0.0016566459935047533,0.001835109631690102
10m_wind_speed_std_t-30min,0.0026827117347820602,0.0026677539220427205,0.006127393234037299,0.0011916336644626426,0.0021679018764910155,0.007916069916406742,0.0018090495375786303,0.002959445882393993,0.006540209827970102,0.003741718350782321,0.0017180946790140298,0.005954722855218279,0.0024559329351704945,0.0024634406618117737,0.004333218937543279
intraday_wind_and_solar_forecast - Solar_t-30min,0.005470280681438453,0.0031922759003427926,0.007969050789783069,0.003134371907493005,0.0042467264839506245,0.005062385832839254,0.007254713895336863,0.0023355413831222904,0.00493018235302361,0.006251432896096958,0.002441866040204843,0.003953762321565364,0.00241444333117056,0.0011304191442688988,0.0040062597413616455
wind_and_solar_forecast - Wind Onshore_t-30min,0.0013980286022988366,0.0019134840639817411,0.0030317252912591356,0.0012654712980920521,0.001361723739794229,0.0027310416689326758,0.0012782760802519987,0.0016744343819946152,0.0021928157750526226,0.001716315424272068,0.0014618280020577004,0.0029387016032451354,0.002115571083454597,0.0011335918015160757,0.003521545585912463
ssrd_mean_j_m2_t-30min,0.004203861221199077,0.0030824649517207947,0.003924871479061039,0.002203686578632869,0.005249530475237406,0.004268463819852172,0.0037672848390247963,0.001322120732651456,0.003641693412580935,0.0011839750069489127,0.004009897758114675,0.0019223389591643354,0.0008602843437705019,0.001085081919637048,0.0016873870781450933
ssrd_std_j_m2_t-30min,0.001396100928425767,0.0016215743271700376,0.005142850940270364,0.0010279972749021908,0.0015510504314452192,0.004451527136976437,0.0016648192031634608,0.0021419952300693696,0.0030340054105568014,0.0009911575013250057,0.002450198984950475,0.0036905273713709903,0.0011414538347553388,0.0012166734994382721,0.0029500285897246384
intraday_wind_and_solar_forecast - Wind Onshore_t-15min,0.0053476353959340485,0.009089201244576543,0.016949041708838194,0.0027635710695296896,0.004355871789277444,0.018455524676362984,0.0055125545189876,0.007625935331256187,0.015272311220818666,0.006714359332103413,0.005050245478898432,0.012248841370292212,0.0039162713520527175,0.003040167691939132,0.009679305757585098
wind_and_solar_forecast - Solar_t-15min,0.0022289032459921147,0.004163626924492746,0.008521059841368696,0.0031712180396103805,0.0018358351589359927,0.012300624477065867,0.005477778564185428,0.0024524729259792367,0.009355081188223266,0.003009279995510951,0.0017920087571204988,0.0025152584729403317,0.0019809558460729022,0.00754228905486525,0.007032404356607003
100m_wind_speed_mean_t-15min,0.0014264010381834851,0.0016763927334782238,0.006439853821451834,0.0013335180698049952,0.0014956688205347746,0.00714706186094736,0.003586005325067333,0.0024387867654513686,0.0037495446910907047,0.0016565651260398227,0.0011489621305474991,0.0040925678115659135,0.003024875884686253,0.0010327538789273944,0.0022506406257298294
10m_wind_speed_mean_t-15min,0.00159561554566244,0.005109267317666308,0.007465207865981938,0.0038631495936060673,0.004440196020717849,0.005368012895956781,0.002388948264308624,0.002827547185101139,0.002467447113872936,0.0027633778192421234,0.002730740862107268,0.004458685365560086,0.0019677383534011596,0.004448728489463065,0.0025321988762158866
100m_wind_speed_std_t-15min,0.0014969598060524732,0.0019332191447601873,0.0032624446868012454,0.005996316730327635,0.002069553170434119,0.0029186396767472617,0.001985925107357616,0.0023429442649955945,0.003373173947678879,0.0030062192069972298,0.0014408111656666733,0.0028393204420772236,0.005152922764842515,0.0009880962504162198,0.001819125021524087
10m_wind_speed_std_t-15min,0.0013036229649933376,0.0037081749586886873,0.002631411811470116,0.0032162595085101203,0.0029810676938627693,0.003332017244273857,0.003936773707180692,0.00576403680194926,0.004202556662257848,0.00645068019379687,0.002781798360943867,0.004473860033522214,0.001727550271387372,0.003654847206587874,0.0025085257796007452
intraday_wind_and_solar_forecast - Solar_t-15min,0.0020273498407786974,0.0016691119460756454,0.026095966912980658,0.004922592130005796,0.0019860097366936314,0.019795369854713498,0.002496871073955845,0.0024481492655031617,0.014810221048006496,0.001991905730264307,0.0034880774192297395,0.005658574011913515,0.0027406474335266466,0.0011163839676246426,0.007620529007232107
wind_and_solar_forecast - Wind Onshore_t-15min,0.00649426394564216,0.008225896031624871,0.015626737048616633,0.004795560501752334,0.0012274960732961517,0.01184049550925556,0.0042488162722111155,0.004930746833608282,0.008146524616850457,0.0012175330287948326,0.0010065029904634457,0.005322886018780991,0.0010379981891169337,0.0034607054305979545,0.005230867919344746
ssrd_mean_j_m2_t-15min,0.001483005211204727,0.0014542552716652608,0.005330658571510867,0.0034417156100826104,0.004008407612479459,0.0024628810674166743,0.0038099340077851593,0.0020922381295720243,0.0023370918246955626,0.0015446482186544017,0.003773625697434909,0.00208661158736777,0.003078024911075772,0.002000501421473928,0.0020433783201169718
ssrd_std_j_m2_t-15min,0.0029425460212805774,0.0020232902181223835,0.003671917783752633,0.0033454593504651485,0.0018706619482727546,0.00422304279411037,0.0014472958681850513,0.001756410389059056,0.0032688043018683287,0.0017338315626861346,0.0012647869350503242,0.002399277825082436,0.003761827991684413,0.0018160422312328136,0.006050381511100568
load_forecast - Forecasted Load_t-150min,0.0017754442374944119,0.0025352348031719885,0.011203890133616369,0.0023145311063217378,0.0017744852832288415,0.010154832127052942,0.002230527155214986,0.002239562410864437,0.008296305370000482,0.0016050027828102885,0.0036383735464260098,0.0058230924862018585,0.0014847902976325713,0.003947174572090262,0.008902458206561277
load_forecast - Forecasted Load_t-135min,0.0032107963912749254,0.0020072459355837966,0.005337138520797453,0.0049452697967426506,0.004112604739852031,0.002618869306381839,0.0036962004372380762,0.004232008224673336,0.00499721543934902,0.0033693738500242035,0.0015437662393164829,0.005215691847818562,0.0038716351886105256,0.0037937184570100728,0.0018267513538849016
load_forecast - Forecasted Load_t-120min,0.002568146928026181,0.0020621354386557867,0.009193645228646347,0.0028822654449115817,0.00121744034443509,0.009975232635406428,0.00621156223048456,0.004802192590443156,0.006804946483699951,0.0020776557128081093,0.005368657703853387,0.009283535344124204,0.0017776652787697459,0.001387943514042945,0.006246764454626828
load_forecast - Forecasted Load_t-105min,0.001746957010916958,0.0022927179596777024,0.018622052689876,0.006140512083227805,0.0026319742760534835,0.017225585030209913,0.0019458827895077774,0.0011645428998199349,0.012132334221343626,0.0030000547490599276,0.0014889166805201058,0.007569337297456514,0.0013226193617656462,0.0009363727790423582,0.009161951520785807
load_forecast - Forecasted Load_t-90min,0.006245600436966924,0.008129165513648331,0.009310988434721366,0.0016859073603378647,0.004014166005758852,0.008646100366072688,0.003926425719466352,0.006571158990211188,0.009477244673941641,0.002291771271180323,0.003423861567691347,0.010920377739488686,0.003030956637095187,0.002836123545818282,0.010527381576537664
load_forecast - Forecasted Load_t-75min,0.0037289166153224754,0.0020740722879077113,0.005532870911029022,0.0019382597187395589,0.0012994633695589072,0.007473025427454559,0.0013604470696968747,0.0033343299667012616,0.002684787220227008,0.0010346042415994817,0.0017466585601794123,0.0057423292199782735,0.0028298947661005514,0.001153822605007008,0.004647920098264876
load_forecast - Forecasted Load_t-60min,0.0013119337220437047,0.0016786711018343112,0.007432570242981456,0.002063431066191697,0.0026606975787208283,0.007662095757878433,0.0010508732937533978,0.0021762611883241333,0.008230323199928535,0.0011753762937546527,0.0022907858661854446,0.008356650063875008,0.0015537697546697017,0.0021133385336297578,0.008622991492577057
load_forecast - Forecasted Load_t-45min,0.00274614480173841,0.002753627573364838,0.010945385182698374,0.003220242944905294,0.0029195860886757144,0.005021452315113493,0.004382151825914207,0.003672112909747739,0.0022044278918456257,0.0020627356315308133,0.003288145470512518,0.005735679260173128,0.00240182872684818,0.004438213596880815,0.0024897346743455273
load_forecast - Forecasted Load_t-30min,0.005063110655576338,0.003265249718317591,0.011879946181619744,0.0024641150586054436,0.002186313106552916,0.009449715544704303,0.0022017136890144684,0.001199799360494808,0.008347600954493828,0.0034550936527593876,0.0035075680863228625,0.00796543103010481,0.0037305805933795,0.003223406705956222,0.0038231148119339197
load_forecast - Forecasted Load_t-15min,0.0016507736917012608,0.0015266484441638112,0.006122658389341268,0.0013626294110017625,0.001394456427662135,0.0039940050908371634,0.0030742075008365647,0.001139740831187737,0.0037285931546975916,0.0010907716759440973,0.0014241499906493117,0.004598723124053862,0.001078916800537627,0.0010040782574342302,0.002245572089959751
generation - Other renewable - Actual Consumption_t-150min,0.0,0.0,0.0,0.0,0.0,0.0,0.0,0.0,0.0,0.0,0.0,0.0,0.0,0.0,0.0
generation_import - Generation - Hydro Water Reservoir_t-150min,0.004281869594877207,0.0033705675076034823,0.004560903213936399,0.002156111632470129,0.003905256500318501,0.0019292924511304364,0.003227113888832264,0.0014403818456809176,0.002331588194896199,0.0014037583043668748,0.003361653051590224,0.001141133634972448,0.00208596315654313,0.002722350989948609,0.0023884302357218986
generation_import - Import - SI_t-150min,0.0008571973038569923,0.001022611815398534,0.003924168583391292,0.0010761157292006373,0.0009607208825760552,0.005675785174942575,0.0013593905558441292,0.0013002790676609948,0.002884912000896293,0.001945150957854878,0.0017574334300661577,0.0031580932069336996,0.0006106003595338052,0.0022450263956270648,0.0021129900009837
generation_import - Import - IT_NORD_t-150min,0.0007018568124447029,0.001142812382920056,0.006460517078783596,0.0009319664290310356,0.000705689491537214,0.005127662018401679,0.0006887908560008213,0.001689297767924927,0.004019052307590755,0.0009490091750656262,0.0012735325588606656,0.0041955624084366715,0.0008894729388827613,0.0006200763407177874,0.0022124758873833346
generation_import - Import - HU_t-150min,0.006228149779904925,0.006298421597952256,0.012035782779596048,0.00492446654199739,0.00631750305465539,0.012530450258695055,0.004184340305742808,0.004573457533377223,0.010126875521207694,0.0029886638449243036,0.004900876021245494,0.009301288925576955,0.004986131697602104,0.006009568032404332,0.005002002729488595
generation - Other renewable - Actual Aggregated_t-150min,0.0,0.0,0.0,0.0,0.0,0.0,0.0,0.0,0.0,0.0,0.0,0.0,0.0,0.0,0.0
activated_balancing_energy_prices - Price_t-150min,0.0029724239864153787,0.003102849088143557,0.0011667771116204335,0.0028916212971744244,0.002464070612513751,0.0011403788467574713,0.0027230427098675135,0.0014511649205860523,0.001625751153162355,0.0009878787698593215,0.0014094498522385947,0.001381064345982395,0.001984814425948571,0.000864218391088798,0.0027933573986738337
generation - Hydro Pumped Storage - Actual Consumption_t-150min,0.0014298668853198252,0.0023997891668195736,0.0034696775733073083,0.0023507658027701835,0.003480787334872268,0.0024453914176874605,0.0010586273713004174,0.001760224850640043,0.0031946266249451584,0.0016068826511145744,0.002682423866517638,0.002528831839103077,0.002191518265144623,0.0015325581771905945,0.002667939336681229
generation - Hydro Run-of-river and poundage - Actual Aggregated_t-150min,0.0015712713439806976,0.0014069584456492521,0.006608702192097553,0.0029082604510313106,0.001502975207011673,0.0029943003276710557,0.001499811206564118,0.0011941315929525445,0.002895989588478187,0.0014933284588569222,0.0019111783835273856,0.002525782763128291,0.003742795423469943,0.0013686807480798961,0.0031812153805622074
generation_import - Import - CH_t-150min,0.002850344986627647,0.002554971630149794,0.016711777684948175,0.0030384392205731955,0.0019179296891670675,0.016683229908758222,0.003470409148584764,0.002548826245838427,0.009668660205526976,0.0024006710592825585,0.001749767655193864,0.010741270448301293,0.00397212942604483,0.0019477111306678125,0.00616927089727119
generation - Fossil Oil - Actual Consumption_t-150min,0.0,0.0,0.0,0.0,0.0,0.0,0.0,0.0,0.0,0.0,0.0,0.0,0.0,0.0,0.0
generation_import - Generation - Hydro Run-of-river and poundage_t-150min,0.002269607847123552,0.0018168413086186775,0.0037220342600830917,0.002846669959136307,0.0033638193483784564,0.0035535317792841853,0.003498149397674837,0.0016603283496388031,0.0033193443125455815,0.0029608248643999105,0.0009693860698275216,0.002762321241769314,0.0014507610486475641,0.0018965736777317942,0.0023016199627547847
generation_import - Generation - Solar_t-150min,0.006780676999072057,0.005047979049833885,0.01371660924970638,0.005908051575797799,0.006734924473770661,0.016076502720730787,0.008564107092810445,0.003830076812083007,0.013965613357606344,0.007889899466528731,0.004859671512333534,0.009830349983018096,0.004933853693530181,0.003493652951769036,0.006891297659478369
generation - Hydro Run-of-river and poundage - Actual Consumption_t-150min,0.0,0.0,0.0,0.0,0.0,0.0,0.0,0.0,0.0,0.0,0.0,0.0,0.0,0.0,0.0
generation - Waste - Actual Aggregated_t-150min,0.0,0.0,0.0,0.0,0.0,0.0,0.0,0.0,0.0,0.0,0.0,0.0,0.0,0.0,0.0
generation_import - Import - sum_t-150min,0.00575297366866198,0.005650760867118152,0.006359195770566657,0.0011898125019891522,0.0018035454560813378,0.002156789921892596,0.004070872180060633,0.0019957889928059556,0.004315633912988687,0.0033298516815975744,0.0029277378098449846,0.0040426998859365995,0.009172541062987875,0.006384740535879701,0.00416664666142151
generation - Geothermal - Actual Consumption_t-150min,0.0,0.0,0.0,0.0,0.0,0.0,0.0,0.0,0.0,0.0,0.0,0.0,0.0,0.0,0.0
generation - Wind Onshore - Actual Consumption_t-150min,0.0,0.0,0.0,0.0,0.0,0.0,0.0,0.0,0.0,0.0,0.0,0.0,0.0,0.0,0.0
generation_import - Generation - Fossil Gas_t-150min,0.0025139167568781887,0.0037790647448346136,0.0042180204253618285,0.0025595860861212716,0.007132517905865825,0.002917267472210369,0.0063399817489334966,0.0018794232066536552,0.0021192504347454814,0.00290631582772005,0.003896088256842631,0.0024275275647572697,0.003283405280275474,0.007072068757248644,0.0030664122870762184
generation - Biomass - Actual Consumption_t-150min,0.0,0.0,0.0,0.0,0.0,0.0,0.0,0.0,0.0,0.0,0.0,0.0,0.0,0.0,0.0
generation_import - Generation - Wind Onshore_t-150min,0.005024035801034188,0.002360927238482418,0.019378249491448514,0.005701612761746219,0.0027131924643781532,0.015849341630404523,0.0017389887215426825,0.0029695326529945304,0.010381427866398554,0.001959184872554715,0.001372173353872313,0.006635728388197095,0.0014808150360231594,0.0021744955985648316,0.008702894692236441
generation_import - Generation - Geothermal_t-150min,1.4046516845951374e-06,1.315338032895852e-06,1.6295771850565189e-06,2.41059260270049e-06,2.353077246226576e-06,1.3429632674899494e-06,1.6290113767354342e-06,1.1936423930407614e-06,1.1376175151340817e-06,1.3736773212258413e-06,8.937034712062086e-07,1.3634848939831913e-06,6.435297556315334e-07,1.7547932968682288e-06,1.4956757264741328e-06
load - Actual Load_t-150min,0.004370323088114674,0.0031375469995832644,0.012454137771615933,0.005984479705113699,0.0030872927343298215,0.015074570126933395,0.002725825937221089,0.005125593535562984,0.014352923146025204,0.0029079450099907264,0.008375871365129569,0.011866249245349536,0.006608170102748772,0.004493036357012897,0.004535206979496251
generation - Fossil Oil - Actual Aggregated_t-150min,0.0,0.0,0.0,0.0,0.0,0.0,0.0,0.0,0.0,0.0,0.0,0.0,0.0,0.0,0.0
generation_import - Generation - Biomass_t-150min,0.0022136521477586937,0.0025939303785962693,0.004859604877413858,0.002369211061527494,0.0015892021737478358,0.006887493193054979,0.0023031873076906776,0.0026298782872263473,0.004701271996076685,0.003970873708127328,0.004792094142023416,0.0035411028551038796,0.004092805390934927,0.004648481284734316,0.003656750196169014
generation - Waste - Actual Consumption_t-150min,0.0,0.0,0.0,0.0,0.0,0.0,0.0,0.0,0.0,0.0,0.0,0.0,0.0,0.0,0.0
generation - Hydro Water Reservoir - Actual Aggregated_t-150min,0.005001203571082442,0.002362558228265698,0.006911253104766274,0.0012820751898696585,0.0047628534009636495,0.006416404581995266,0.005718355447680551,0.002457163211194711,0.005023255512949163,0.005499910698501481,0.002060126314971512,0.005275591507499826,0.00421510562994763,0.0039430852736286395,0.005702612384537133
generation - Wind Onshore - Actual Aggregated_t-150min,0.0022646624282369886,0.003043504258259418,0.006582200039079908,0.002316794639147702,0.0013376575795896314,0.007169317124426016,0.0031548933802869215,0.005114259414764092,0.008355938900989714,0.005070645561270794,0.0025889088323920078,0.006876096665138902,0.0010920714260241767,0.0015481649667249257,0.00424372647718883
generation_import - Import - DE_LU_t-150min,0.001465177348585712,0.0026122675091905874,0.005828167045117198,0.003923898671680036,0.0037345674312130087,0.004330840230440572,0.0022853029139562296,0.004207267369824422,0.0053940872180955925,0.0018624718063852015,0.0015482963869229707,0.0021201386901202567,0.002374424497675136,0.0012911898874304625,0.0034375886438774614
generation - Fossil Hard coal - Actual Consumption_t-150min,0.0,0.0,0.0,0.0,0.0,0.0,0.0,0.0,0.0,0.0,0.0,0.0,0.0,0.0,0.0
generation - Other - Actual Consumption_t-150min,0.0,0.0,0.0,0.0,0.0,0.0,0.0,0.0,0.0,0.0,0.0,0.0,0.0,0.0,0.0
generation - Solar - Actual Aggregated_t-150min,0.002583194855600766,0.005035871266041795,0.005283884035819938,0.005057233143302256,0.0033396107792741533,0.008132673652350604,0.004208421627360621,0.0024361394253014624,0.005057165880265984,0.0025526024213622803,0.0072023881681634525,0.00423417624872377,0.004668555667155943,0.002756708033380164,0.003701206722185816
temperature_mean_celsius_t-150min,0.001925446907464675,0.006371870672885507,0.008615083380736905,0.002013943753889066,0.0021210278743428717,0.004774354987852348,0.002670543581392508,0.002732996829699914,0.0026116721180096648,0.0013672465954057316,0.0014702897066836158,0.00384102701682059,0.002138380842498009,0.0033707686993075187,0.001777445406298284
generation - Geothermal - Actual Aggregated_t-150min,8.61592669593847e-07,1.6485816499312022e-06,2.0333848251539167e-06,1.486043696672823e-06,9.969819400126312e-07,1.7943371733508683e-06,6.938172328148085e-07,5.653118457473738e-07,8.413024370454992e-07,1.419954766056719e-06,6.129580545461976e-07,1.421562215536909e-06,6.500178174349002e-07,5.185003843060088e-07,7.636082390831689e-07
generation - Hydro Pumped Storage - Actual Aggregated_t-150min,0.0031786767485300514,0.001605937046400868,0.015122258756469819,0.0014417489929721796,0.0028370240234944504,0.008734752690747883,0.0015838849084066169,0.0028880176133134227,0.00831944978593674,0.0016097871079278434,0.0011113739552833977,0.006253734008816536,0.000964341543669434,0.001946857049661503,0.0046799328043853165
generation_import - Generation - Other_t-150min,0.0,0.0,0.0,0.0,0.0,0.0,0.0,0.0,0.0,0.0,0.0,0.0,0.0,0.0,0.0
generation_import - Generation - Waste_t-150min,0.0,0.0,0.0,0.0,0.0,0.0,0.0,0.0,0.0,0.0,0.0,0.0,0.0,0.0,0.0
generation - Solar - Actual Consumption_t-150min,0.0,0.0,0.0,0.0,0.0,0.0,0.0,0.0,0.0,0.0,0.0,0.0,0.0,0.0,0.0
temperature_std_celsius_t-150min,0.004170006642534645,0.003326293061494653,0.005433201584637572,0.0010287291349054613,0.0019668943145334196,0.002938415241998882,0.0020790381307497227,0.0027345985902702524,0.003061205741310914,0.0020015655745073673,0.0025480724403772683,0.002132949124546485,0.0018433599221491478,0.001951702704362333,0.0019094707693302552
generation - Biomass - Actual Aggregated_t-150min,0.003702929572929861,0.00426995444512022,0.008351549466526194,0.0022232328751815656,0.001955804702720343,0.0050858146120299355,0.0015422027906420227,0.0009684055739890027,0.0026523728528045467,0.0019142893193252349,0.004132573639559269,0.004154036210424238,0.001904484860962839,0.0032833162527822423,0.003648479661255806
generation - Other - Actual Aggregated_t-150min,0.0,0.0,0.0,0.0,0.0,0.0,0.0,0.0,0.0,0.0,0.0,0.0,0.0,0.0,0.0
generation_import - Import - CZ_t-150min,0.006469287842075573,0.006775128093198646,0.004650656606942562,0.006158173563271703,0.006431581973181892,0.0028919032030973995,0.002919638920113357,0.00843662494097771,0.0024571402457668227,0.0060149048941784715,0.004296932945574099,0.005145385133982927,0.005285239340286353,0.007264201635038262,0.0018574282118252086
generation - Fossil Gas - Actual Aggregated_t-150min,0.005078015104794759,0.002742950203299188,0.007132868350527133,0.0010138200235578552,0.0012850523624233575,0.0071037825943149075,0.0014771999551230692,0.001833188485584742,0.0073407249175361355,0.0021189735124726213,0.0023417880005754343,0.002650998603829066,0.0034049749493224226,0.0013251561844940625,0.0037653270029004487
generation - Fossil Hard coal - Actual Aggregated_t-150min,0.0009294931524154891,0.0010154766693485726,0.004724932410972542,0.0025113259278004988,0.001044053656334654,0.004906846393008891,0.0019983754192744525,0.0011842662552649017,0.002421823051192405,0.0007586293801050488,0.000770090584409445,0.0031743075502090505,0.0012749017054370596,0.002463889696227852,0.003011084287762742
generation_import - Generation - Hydro Pumped Storage_t-150min,0.001667675892459556,0.00546576876366089,0.0038838312735251746,0.002130911687356729,0.003244917043035457,0.002234602216561967,0.004332274232099735,0.002277803038304228,0.0016584255730085714,0.0026259319000564575,0.0008770014318938593,0.001764294046827672,0.0032248072215478488,0.0021782260080231027,0.002002904938462848
generation - Fossil Gas - Actual Consumption_t-150min,0.0,0.0,0.0,0.0,0.0,0.0,0.0,0.0,0.0,0.0,0.0,0.0,0.0,0.0,0.0
generation - Hydro Water Reservoir - Actual Consumption_t-150min,0.0,0.0,0.0,0.0,0.0,0.0,0.0,0.0,0.0,0.0,0.0,0.0,0.0,0.0,0.0
generation - Other renewable - Actual Consumption_t-135min,0.0,0.0,0.0,0.0,0.0,0.0,0.0,0.0,0.0,0.0,0.0,0.0,0.0,0.0,0.0
generation_import - Generation - Hydro Water Reservoir_t-135min,0.0034666895471705175,0.0033825187858121807,0.0019251378481801567,0.002057996428996603,0.002408328759622236,0.002775325780318781,0.0012527673688246068,0.0018229727189027472,0.0014828758788746654,0.001379330237978877,0.0011866813879787515,0.0025192388113555353,0.0011034957565566402,0.001664026324270253,0.001175933532383624
generation_import - Import - SI_t-135min,0.000815990648768377,0.0008285852699981149,0.004209331557278347,0.000602143091516865,0.001064124772450498,0.0031124779174188004,0.0011205687971269072,0.0008098167953571647,0.0021425565789149914,0.0009612277747073676,0.0006732265540817934,0.002720015486378543,0.0006833830144596505,0.0007096034347864588,0.0008280436118799344
generation_import - Import - IT_NORD_t-135min,0.0008884460570002375,0.0012984943586044437,0.0015271530590071053,0.0011051599265169897,0.0011581310918843428,0.0013334336866261084,0.0012951866406178852,0.0010392584550713764,0.0017397719003365637,0.0006168164917353351,0.002293762577668531,0.0015265289718536224,0.0007615608391399746,0.0005347465399354974,0.0010322545858552417
generation_import - Import - HU_t-135min,0.001979923381707408,0.001015427150353105,0.002056765305170984,0.0007828099406767706,0.0007063922921962273,0.0016696103076628789,0.0005627492194070101,0.0007501110284515562,0.0014532416413603642,0.0025107942833565177,0.0022080254243483067,0.0012273733982790418,0.0019337466220931674,0.0025658055140520444,0.0018296316238079272
generation - Other renewable - Actual Aggregated_t-135min,0.0,0.0,0.0,0.0,0.0,0.0,0.0,0.0,0.0,0.0,0.0,0.0,0.0,0.0,0.0
activated_balancing_energy_prices - Price_t-135min,0.0006686658015851066,0.0006737883814189445,0.00152353464076441,0.0018276752896244943,0.0007436621869392184,0.0014137732630097161,0.0020051202381619077,0.0009680369928391883,0.0012494474590423578,0.002011173900877111,0.0009133208739722249,0.001269554164889655,0.002153381895601342,0.0011748947637399852,0.0010608491865082214
generation - Hydro Pumped Storage - Actual Consumption_t-135min,0.003087111814902528,0.0015221578651289746,0.0035657564729899604,0.002108212889218862,0.0032509893270898827,0.0071132248292815345,0.0012417216386443216,0.0017846396255536093,0.0026491153875656437,0.001249972377132508,0.0017754068185918187,0.0021230462023322616,0.0026311942294038318,0.0017708429424683346,0.004245169160531077
generation - Hydro Run-of-river and poundage - Actual Aggregated_t-135min,0.002060442294095992,0.0014268197772944404,0.01088595442626047,0.0016257078678413564,0.0011162255345930135,0.004553203828845653,0.0015074482317265847,0.0009680434646556933,0.0029073780374546912,0.0017708006671798557,0.0008815016084307104,0.0029363831788255085,0.0016214303270280653,0.0010950349390682276,0.0022388234720810943
generation_import - Import - CH_t-135min,0.002577781494522128,0.009416916364389181,0.007679665859332999,0.007070354254166886,0.005653653534289333,0.005285617079252915,0.007079000795369211,0.00801041790720069,0.00944402856675697,0.003982814019453144,0.007384434346482521,0.010943198563319356,0.005840749404866074,0.006300453952600947,0.0025444200230849675
generation - Fossil Oil - Actual Consumption_t-135min,0.0,0.0,0.0,0.0,0.0,0.0,0.0,0.0,0.0,0.0,0.0,0.0,0.0,0.0,0.0
generation_import - Generation - Hydro Run-of-river and poundage_t-135min,0.001729296730713031,0.0033188679105142,0.004601498265692498,0.00555097478418611,0.0015257472771672837,0.00328253187217706,0.0014746065811555127,0.0021133052900554504,0.0031931774092427076,0.0012208415542086185,0.002555714991955483,0.0022727369893186735,0.00298140346245782,0.0012918569465441578,0.0020015912385861158
generation_import - Generation - Solar_t-135min,0.00445965302052798,0.0019460336179690785,0.006859957921182286,0.009952170577200378,0.0018477029121258966,0.007398591687768203,0.005450074168426454,0.003485866909253673,0.004093834805278675,0.0068029712294191995,0.0024409846663218672,0.005326536822693015,0.0027718633701238104,0.0036168296193118295,0.008457110924278368
generation - Hydro Run-of-river and poundage - Actual Consumption_t-135min,0.0,0.0,0.0,0.0,0.0,0.0,0.0,0.0,0.0,0.0,0.0,0.0,0.0,0.0,0.0
generation - Waste - Actual Aggregated_t-135min,0.0,0.0,0.0,0.0,0.0,0.0,0.0,0.0,0.0,0.0,0.0,0.0,0.0,0.0,0.0
generation_import - Import - sum_t-135min,0.004061150483244092,0.0033097222471615167,0.006558420473620572,0.004760688027724427,0.008250297630128443,0.008766758346278039,0.002423752660421087,0.0025601909585730026,0.0046112068418960915,0.002574619684103709,0.0031225333986521944,0.004268331519179299,0.0018135238463455607,0.0018960285404989179,0.004265369512971119
generation - Geothermal - Actual Consumption_t-135min,0.0,0.0,0.0,0.0,0.0,0.0,0.0,0.0,0.0,0.0,0.0,0.0,0.0,0.0,0.0
generation - Wind Onshore - Actual Consumption_t-135min,0.0,0.0,0.0,0.0,0.0,0.0,0.0,0.0,0.0,0.0,0.0,0.0,0.0,0.0,0.0
generation_import - Generation - Fossil Gas_t-135min,0.004727986440173481,0.0018846694547529524,0.007706628238171106,0.0031524140957444615,0.0029600542748021326,0.006883138631819747,0.005079546353070327,0.001689905197745702,0.006985421967812726,0.003114351187392458,0.0031270939889345753,0.002511721242153726,0.0016816096968696001,0.0012554730707856833,0.0020199828418180914
generation - Biomass - Actual Consumption_t-135min,0.0,0.0,0.0,0.0,0.0,0.0,0.0,0.0,0.0,0.0,0.0,0.0,0.0,0.0,0.0
generation_import - Generation - Wind Onshore_t-135min,0.002511969744341968,0.004492009486847565,0.00279536439591584,0.0020379202121839626,0.004591553819333058,0.0024946804690816862,0.002488105164015451,0.0017935342676154277,0.0027444951886382114,0.0036139524406298734,0.0027625984864062046,0.003956210227307679,0.003614011354532522,0.0022340096224813806,0.002145677342100498
generation_import - Generation - Geothermal_t-135min,1.3896087617730757e-06,7.608818856539301e-07,2.972663923458185e-06,1.6316504147155797e-06,1.0668582103221524e-06,2.960960536086077e-06,3.9525595659739566e-07,1.2255325851526778e-06,2.255251316483964e-06,4.2029945089439023e-07,2.5983949653891615e-06,1.718617803817324e-06,1.6397482788761408e-06,1.6367694470318385e-06,1.5029571219429273e-06
load - Actual Load_t-135min,0.0036637453920084226,0.003968124282175069,0.004943139499585413,0.0010915706809219046,0.0015121625531623977,0.005673272196878884,0.0013082231241123737,0.002186755121664646,0.007842569300775721,0.0013220542729224008,0.00126560181548939,0.006115155547546237,0.004596061800817551,0.0011896883159452046,0.00556487754315458
generation - Fossil Oil - Actual Aggregated_t-135min,0.0,0.0,0.0,0.0,0.0,0.0,0.0,0.0,0.0,0.0,0.0,0.0,0.0,0.0,0.0
generation_import - Generation - Biomass_t-135min,0.0037459293664451254,0.001891770739845583,0.0026525103260282776,0.002656270375868189,0.00341396824228417,0.0020637588716333538,0.0035138197044216214,0.002465027452425602,0.0020500288561560182,0.0025745090904092647,0.0027385623608461173,0.0018920465088558558,0.0018095353428943782,0.0020276532310763286,0.0023958210759337816
generation - Waste - Actual Consumption_t-135min,0.0,0.0,0.0,0.0,0.0,0.0,0.0,0.0,0.0,0.0,0.0,0.0,0.0,0.0,0.0
generation - Hydro Water Reservoir - Actual Aggregated_t-135min,0.005105042927025352,0.001762421665574493,0.005909890936431112,0.0016209199304433924,0.0031078789593721014,0.0062339520168607125,0.004191581399125425,0.003758676998450028,0.007743838037058594,0.00298677847977558,0.002940180578651052,0.006096654715958721,0.002940331935655195,0.002191566738887559,0.0015375119059444842
generation - Wind Onshore - Actual Aggregated_t-135min,0.0022108275195278112,0.0015923215678365068,0.0033594325329777347,0.006000183312622539,0.001964974217350573,0.0025406227934954588,0.0022220302896585054,0.0019649760259185314,0.0042008613796310785,0.0018877954210287271,0.002988426414116475,0.0021285693435074793,0.0015489219213004617,0.0014624013039892816,0.0036267816092222347
generation_import - Import - DE_LU_t-135min,0.005666355294801179,0.004843507590281661,0.017547647099818278,0.002595327710379479,0.0034588426807763426,0.012748366753949086,0.006738908059036475,0.0038649698381677806,0.012685466258868473,0.003665752287391342,0.0015793898657109366,0.013023562570455397,0.0030274710931334995,0.0026290780047811494,0.007955023739442822
generation - Fossil Hard coal - Actual Consumption_t-135min,0.0,0.0,0.0,0.0,0.0,0.0,0.0,0.0,0.0,0.0,0.0,0.0,0.0,0.0,0.0
generation - Other - Actual Consumption_t-135min,0.0,0.0,0.0,0.0,0.0,0.0,0.0,0.0,0.0,0.0,0.0,0.0,0.0,0.0,0.0
generation - Solar - Actual Aggregated_t-135min,0.0035228187483189685,0.004021093213392987,0.003973895007785359,0.006749276845162968,0.004112881543733238,0.006414645869827382,0.00542473063579746,0.004255216639852733,0.010410372003914745,0.008344613416600623,0.004326747525414248,0.013766041160793975,0.0104845514062593,0.0029995922081534447,0.006041928643221581
temperature_mean_celsius_t-135min,0.0026698564690582315,0.0036032369770191506,0.010989298742401843,0.003372696664628165,0.002906010557024274,0.003473029047430828,0.0026002109268686287,0.002602561296702845,0.004846416223255347,0.0024032593445081148,0.0044864781743353885,0.003393710234815899,0.002194985297205676,0.002117419868496654,0.005526134381951124
generation - Geothermal - Actual Aggregated_t-135min,2.0670920685006423e-06,8.634014178312555e-07,2.7220637134632852e-06,9.234846294127186e-07,7.589243848116211e-07,1.8881942671669094e-06,6.147366335511606e-07,1.0335638496599132e-06,1.2875701614802893e-06,5.498360730591401e-07,1.3034454390492557e-06,1.6712086116399406e-06,1.1524492001626641e-06,8.156646143504532e-07,1.6815536235768035e-06
generation - Hydro Pumped Storage - Actual Aggregated_t-135min,0.006294380507588357,0.007352074861042638,0.009302702561340994,0.006587250874544452,0.005948396125044383,0.007991790104191751,0.0024917327994576225,0.006529079120938149,0.004882883144867264,0.0033329751981327716,0.004338615728258446,0.007822643887991945,0.0031729916641907037,0.005714857590544852,0.005538039802750063
generation_import - Generation - Other_t-135min,0.0,0.0,0.0,0.0,0.0,0.0,0.0,0.0,0.0,0.0,0.0,0.0,0.0,0.0,0.0
generation_import - Generation - Waste_t-135min,0.0,0.0,0.0,0.0,0.0,0.0,0.0,0.0,0.0,0.0,0.0,0.0,0.0,0.0,0.0
generation - Solar - Actual Consumption_t-135min,0.0,0.0,0.0,0.0,0.0,0.0,0.0,0.0,0.0,0.0,0.0,0.0,0.0,0.0,0.0
temperature_std_celsius_t-135min,0.002104876029586194,0.0011732763714803695,0.014847470970409631,0.007126521566329757,0.0033533848389841977,0.01673083815598511,0.004749502938946534,0.0024559775202053517,0.011537158461953368,0.0019026107664940355,0.001223595707205277,0.009472484316967893,0.001926813860447055,0.0030503144820982014,0.009759317202910551
generation - Biomass - Actual Aggregated_t-135min,0.004197706065740931,0.005870623948110733,0.00589335960290191,0.0026930212047659554,0.001774209563259319,0.003989935331685047,0.0018737128946404481,0.002220257258115453,0.004160419062092842,0.0011497399447825956,0.0016152745561521442,0.0019471152736532532,0.003708763268703478,0.0011725446872151225,0.0016187095033296827
generation - Other - Actual Aggregated_t-135min,0.0,0.0,0.0,0.0,0.0,0.0,0.0,0.0,0.0,0.0,0.0,0.0,0.0,0.0,0.0
generation_import - Import - CZ_t-135min,0.004697114369761948,0.009230543477712672,0.006396531458096434,0.0036859413539918934,0.0019292653557822631,0.003532172784456634,0.003396488075997695,0.003153690036491753,0.006153017513368468,0.0013078231398965271,0.0017396437915895148,0.0037480790923591486,0.006003205139480997,0.0038905538397011694,0.002187399384649325
generation - Fossil Gas - Actual Aggregated_t-135min,0.001678616498161432,0.0016030197380314348,0.003711800871604282,0.0012952724142380133,0.0012201681246119733,0.0032074521367840133,0.0018606142070689202,0.0015438811257226916,0.002498218596128936,0.0035391383737528484,0.001083634520947271,0.0042510705145991775,0.0016029535739482625,0.002274851772464899,0.0017946501525007079
generation - Fossil Hard coal - Actual Aggregated_t-135min,0.0009846474398136707,0.0011363519679997581,0.002802938017381621,0.0013904496565014597,0.0006396502128288831,0.0029067173630683103,0.0019654627756110587,0.0007551630678567562,0.0012731441824626018,0.001142095195854381,0.0007718033495930285,0.0020264893310068146,0.0009353723076374081,0.0012927412341905437,0.0013897604441008298
generation_import - Generation - Hydro Pumped Storage_t-135min,0.004650915371494193,0.0013916202663617411,0.004050915833660838,0.0019229686985236184,0.0017785760433835095,0.003727532838129264,0.002732737135821708,0.0015829543457512045,0.0028233362237879193,0.0038954351463734156,0.001003037708024749,0.0039042368723485195,0.0015333614550213496,0.0009467353175537028,0.003322772855122821
generation - Fossil Gas - Actual Consumption_t-135min,0.0,0.0,0.0,0.0,0.0,0.0,0.0,0.0,0.0,0.0,0.0,0.0,0.0,0.0,0.0
generation - Hydro Water Reservoir - Actual Consumption_t-135min,0.0,0.0,0.0,0.0,0.0,0.0,0.0,0.0,0.0,0.0,0.0,0.0,0.0,0.0,0.0
generation - Other renewable - Actual Consumption_t-120min,0.0,0.0,0.0,0.0,0.0,0.0,0.0,0.0,0.0,0.0,0.0,0.0,0.0,0.0,0.0
generation_import - Generation - Hydro Water Reservoir_t-120min,0.0021065142109004,0.004102412752137752,0.00993843638637918,0.003010170333685892,0.0018204878441733855,0.006975973677414004,0.001331754827714434,0.0008867631535576947,0.0038318507916337693,0.002629360013424957,0.0010308904201351652,0.0022849697874316914,0.0017996468832287746,0.0007892167959515745,0.002195810351977343
generation_import - Import - SI_t-120min,0.0008005481634736498,0.0007998009096777423,0.0022118789377184385,0.0018271275214788148,0.000843090750256522,0.0021785989871573293,0.0013501964232814317,0.0006698723834073803,0.001585844841399208,0.0007836070160983582,0.0007945687127121346,0.00203748131909515,0.0005850584917416199,0.0015182250227417171,0.0009417456568817216
generation_import - Import - IT_NORD_t-120min,0.001404851913973289,0.0007608818402736688,0.001623018846864852,0.0009635866714138501,0.0005112976111314538,0.0018689779703342992,0.0004878904892911109,0.0007461729292867858,0.0016821437255662205,0.0006628898177784777,0.0007916165457697844,0.0032083849565751736,0.001647230270860746,0.0004386796986348145,0.0011930386776948581
generation_import - Import - HU_t-120min,0.0019811463896248823,0.001526283493928986,0.001772199906019523,0.0010405688280411595,0.0023726621972818976,0.001482225011753144,0.0014453250384722197,0.001784570759962662,0.001294302219063411,0.0017521013385394326,0.0015000110926062008,0.0013206033932406172,0.0026310076000190747,0.0015270798570672923,0.0035380967597593554
generation - Other renewable - Actual Aggregated_t-120min,0.0,0.0,0.0,0.0,0.0,0.0,0.0,0.0,0.0,0.0,0.0,0.0,0.0,0.0,0.0
activated_balancing_energy_prices - Price_t-120min,0.002022093540899277,0.0016805507307390145,0.0016690242491222307,0.00205756879369801,0.0013754042521040902,0.0010915719770755459,0.0019955537918867777,0.0017027024951330532,0.0010549925001525934,0.002688459530367254,0.001646661910651119,0.0010783612466132126,0.0012984213283384633,0.0011072414244156334,0.0006870319886185144
generation - Hydro Pumped Storage - Actual Consumption_t-120min,0.0026735605140612508,0.0011059616500051562,0.002849637840783544,0.001490365594756895,0.0019297540157667754,0.0024069853185537796,0.001422771335323887,0.0009807543888273357,0.0034405788684309757,0.005264323355761007,0.0025837671935241813,0.0019988501522961995,0.0037685658634800346,0.00345891127658615,0.001931184013752045
generation - Hydro Run-of-river and poundage - Actual Aggregated_t-120min,0.006488897448110947,0.007631412860637965,0.005081909657990763,0.005439975211234923,0.005575764569537341,0.0045909662543544985,0.004328380284759078,0.005844908194382242,0.006008433110309852,0.002949776425110031,0.0045439756057103296,0.0067645379376035635,0.0028139735436379853,0.004988200166762908,0.0059558318045383205
generation_import - Import - CH_t-120min,0.004732971375970465,0.001532543257772886,0.007898923773008392,0.0019819699803092588,0.003124808127014603,0.009125486555854876,0.002179020303900984,0.0024438038632710714,0.004567857529391404,0.0025814718626331794,0.0016707294872874172,0.007638250602129119,0.0017781654366044676,0.0019669770580733256,0.005586798744092448
generation - Fossil Oil - Actual Consumption_t-120min,0.0,0.0,0.0,0.0,0.0,0.0,0.0,0.0,0.0,0.0,0.0,0.0,0.0,0.0,0.0
generation_import - Generation - Hydro Run-of-river and poundage_t-120min,0.001697285660050511,0.007088649083796554,0.006240561507664097,0.0016553355330161139,0.0036747530162180055,0.007340760050146855,0.0020764515862883855,0.0016136562178571694,0.0056905551478485,0.0016397388058285286,0.00128114938657302,0.007581221446666859,0.0024204235624765715,0.0019372505797961139,0.005383429917217655
generation_import - Generation - Solar_t-120min,0.00342934654475539,0.0038092480982777487,0.009008689035121052,0.003867175962494912,0.0036411071777583855,0.010413395592957385,0.00290590918649832,0.004885343435592404,0.012058216634935889,0.002964392309486357,0.00568970879088738,0.013781154512020293,0.0016402877333484866,0.003033457218491094,0.007662402268208098
generation - Hydro Run-of-river and poundage - Actual Consumption_t-120min,0.0,0.0,0.0,0.0,0.0,0.0,0.0,0.0,0.0,0.0,0.0,0.0,0.0,0.0,0.0
generation - Waste - Actual Aggregated_t-120min,0.0,0.0,0.0,0.0,0.0,0.0,0.0,0.0,0.0,0.0,0.0,0.0,0.0,0.0,0.0
generation_import - Import - sum_t-120min,0.003473919061223114,0.0016902455723793537,0.014094304969803488,0.0011140500564763443,0.0037199373895964527,0.01023216198292357,0.004952345271412924,0.004044198890881148,0.010000972558264038,0.0014733200058612964,0.0027026914328539533,0.003033329252682961,0.0012919053366567824,0.001355083779177221,0.0019673542065047514
generation - Geothermal - Actual Consumption_t-120min,0.0,0.0,0.0,0.0,0.0,0.0,0.0,0.0,0.0,0.0,0.0,0.0,0.0,0.0,0.0
generation - Wind Onshore - Actual Consumption_t-120min,0.0,0.0,0.0,0.0,0.0,0.0,0.0,0.0,0.0,0.0,0.0,0.0,0.0,0.0,0.0
generation_import - Generation - Fossil Gas_t-120min,0.0030207741243125385,0.0016990935156491105,0.006393412669091049,0.001371712893286677,0.005379578602420224,0.004519523937686699,0.003790117445643773,0.0024425157778905486,0.0029662999680622306,0.001982031437686601,0.0033336075133856865,0.002098235170891712,0.0023616460635739714,0.002166109046029305,0.002610151431945269
generation - Biomass - Actual Consumption_t-120min,0.0,0.0,0.0,0.0,0.0,0.0,0.0,0.0,0.0,0.0,0.0,0.0,0.0,0.0,0.0
generation_import - Generation - Wind Onshore_t-120min,0.0019488417102354562,0.001985282776294298,0.005930548700773215,0.00202853701136155,0.0016187887966807467,0.00478937941557524,0.0013021139483862499,0.0024242024043551282,0.003495564083542831,0.0017996454856528316,0.005684958387188089,0.002929454640261156,0.004004487497106766,0.0033218115654628944,0.0033804855369162397
generation_import - Generation - Geothermal_t-120min,6.01180735593232e-07,9.116213070043954e-07,1.0944262138252724e-06,1.3015735520305327e-06,6.646349468875101e-07,1.0366539158468413e-06,4.871658955281077e-07,2.4720865126255374e-06,2.16609499893039e-06,2.348283428545983e-06,5.495184120292151e-07,3.4471987637516575e-06,1.2814459441017335e-06,1.5484910117038452e-06,3.324773084386834e-06
load - Actual Load_t-120min,0.0016859710333594648,0.0020010643721578843,0.0026410754078165155,0.001707969356459671,0.0022326218718108064,0.002606098149382888,0.004011560586049654,0.0024874918711775534,0.003813182331653479,0.0026617363854638827,0.002525158946139527,0.0055358025994496525,0.002028960672702823,0.002754103080041034,0.0027307209110331316
generation - Fossil Oil - Actual Aggregated_t-120min,0.0,0.0,0.0,0.0,0.0,0.0,0.0,0.0,0.0,0.0,0.0,0.0,0.0,0.0,0.0
generation_import - Generation - Biomass_t-120min,0.0019429696967112591,0.002477431710850624,0.0039017700973836326,0.002795790615120495,0.001671926495223161,0.003609607137436683,0.0016996941505758513,0.0014560908527496395,0.005054119580676342,0.004227815123180335,0.0019818456500615865,0.0020640990037745725,0.0019228026469409088,0.0035653366922197166,0.003493516192885977
generation - Waste - Actual Consumption_t-120min,0.0,0.0,0.0,0.0,0.0,0.0,0.0,0.0,0.0,0.0,0.0,0.0,0.0,0.0,0.0
generation - Hydro Water Reservoir - Actual Aggregated_t-120min,0.003447325837365497,0.0016344686810898566,0.00412006085236385,0.0018379373583597527,0.002562137827141669,0.00411875408376909,0.0028218692420014123,0.001821894192515515,0.002525478389100499,0.0011450576121403628,0.0018357029416940804,0.004504336006195445,0.0012875017205672065,0.001758985083005541,0.004018185832943345
generation - Wind Onshore - Actual Aggregated_t-120min,0.007105053588260489,0.00766352534805992,0.007106261620736404,0.005414954512912118,0.00896448672957922,0.009520196932262479,0.00513492750950536,0.007524860418883691,0.004586893222520302,0.004659937464646646,0.0024804962929549676,0.0034025439798879235,0.006295196163686342,0.0023257745811297355,0.006228860035116213
generation_import - Import - DE_LU_t-120min,0.004187068512459519,0.003009465368289966,0.009110563037738757,0.0011598834463056847,0.0015446934955061806,0.007895984491457057,0.0010016036690481088,0.0016909224075086513,0.007933625813276194,0.004299603241594014,0.001311062409367878,0.0038862354180391775,0.002673853595446417,0.0024374577234855224,0.005116858575098376
generation - Fossil Hard coal - Actual Consumption_t-120min,0.0,0.0,0.0,0.0,0.0,0.0,0.0,0.0,0.0,0.0,0.0,0.0,0.0,0.0,0.0
generation - Other - Actual Consumption_t-120min,0.0,0.0,0.0,0.0,0.0,0.0,0.0,0.0,0.0,0.0,0.0,0.0,0.0,0.0,0.0
generation - Solar - Actual Aggregated_t-120min,0.006944160313806605,0.004694189929199638,0.0067567632430464075,0.0057123904556392515,0.005768806555872288,0.008216205917968181,0.001978475431660627,0.004902950668116318,0.003918712616168705,0.003303937110455081,0.0069724091884666,0.006319840701445059,0.008196543392431295,0.0023813389235847354,0.002333520953976404
temperature_mean_celsius_t-120min,0.0069993437425691805,0.006793085732733743,0.006510528008680012,0.004852755494608573,0.004609226340257919,0.0026805088210348914,0.005928970367604052,0.005599994189006793,0.005410545929134287,0.006658375533341314,0.0028995853508911296,0.005793456797051477,0.007426946563252386,0.004611718784195545,0.0032561482558576245
generation - Geothermal - Actual Aggregated_t-120min,7.032660389452161e-07,1.7592840271163368e-06,4.721197792150633e-06,8.061716140375097e-07,2.9887004675401842e-06,5.299678010487696e-06,1.7609000165919043e-06,1.3145699302867798e-06,3.1785820943639463e-06,7.213271512682695e-07,8.316783593755872e-07,1.0618798475263702e-06,5.424966751681471e-07,1.4920316083362195e-06,2.668883628302865e-06
generation - Hydro Pumped Storage - Actual Aggregated_t-120min,0.003267821547537096,0.003535131444939907,0.004470903897113203,0.0007062554186758234,0.0010763688589028675,0.0029323053016678956,0.0013738513003499974,0.0025849558171375975,0.0022252937221855975,0.0011891148957361112,0.0010145823833577197,0.0022207620879256067,0.0013534884969667474,0.0026599729563313306,0.0017286589768873454
generation_import - Generation - Other_t-120min,0.0,0.0,0.0,0.0,0.0,0.0,0.0,0.0,0.0,0.0,0.0,0.0,0.0,0.0,0.0
generation_import - Generation - Waste_t-120min,0.0,0.0,0.0,0.0,0.0,0.0,0.0,0.0,0.0,0.0,0.0,0.0,0.0,0.0,0.0
generation - Solar - Actual Consumption_t-120min,0.0,0.0,0.0,0.0,0.0,0.0,0.0,0.0,0.0,0.0,0.0,0.0,0.0,0.0,0.0
temperature_std_celsius_t-120min,0.002464458119141682,0.0015624331576100303,0.005702326068625553,0.0016198078918642977,0.0014912969477998105,0.006001887915190309,0.0012275946243064482,0.0025556411064517307,0.005437396093364441,0.0014283684962911138,0.0014376574058178448,0.006877559345688496,0.0022337615017322607,0.0015015089711444033,0.00306996771996445
generation - Biomass - Actual Aggregated_t-120min,0.001607342931921437,0.0015710395379369402,0.00313614684427057,0.0031636431337374233,0.0015682014452004297,0.0026716857805936345,0.00242592556213458,0.001999592436891362,0.0023078359895148423,0.0015812607985401428,0.001251969699653273,0.0027662338097907196,0.002982217065801251,0.0023384495134951065,0.004904625601847556
generation - Other - Actual Aggregated_t-120min,0.0,0.0,0.0,0.0,0.0,0.0,0.0,0.0,0.0,0.0,0.0,0.0,0.0,0.0,0.0
generation_import - Import - CZ_t-120min,0.0020892915129270477,0.002179938431613664,0.0036952691271708317,0.004759893073541207,0.004623251656670618,0.002553457652439647,0.0034558936892135532,0.004824716729221109,0.0027788621761828834,0.0015950806741229825,0.0016243445927284484,0.0024197802353148746,0.0025056906232418896,0.004150531178032793,0.002152030459848902
generation - Fossil Gas - Actual Aggregated_t-120min,0.0022395395696348714,0.002660965763778222,0.007061226737087054,0.0029172848818197965,0.0013425994217207062,0.005373408901607036,0.0034054838366373587,0.0030373945017531695,0.0027337503168482725,0.0012285592935586465,0.0039808606038648124,0.0020157949646372798,0.003029055969691399,0.001166791960421051,0.0031473115962835437
generation - Fossil Hard coal - Actual Aggregated_t-120min,0.0010935980816420851,0.0016559215005971736,0.005568491282872855,0.0022003813659684963,0.0024528874113893834,0.004386578007193748,0.0024631774521221813,0.0017232954358005373,0.003868522001779638,0.0019172056821626028,0.002995587793731829,0.0027918606346938758,0.0005757260901737026,0.0013144452446763352,0.005070008628536016
generation_import - Generation - Hydro Pumped Storage_t-120min,0.002616733734009358,0.002104488947943537,0.005018730015966867,0.001775464930193266,0.003475971724516967,0.00448339829172619,0.0032274057606909994,0.0013219010552420513,0.004703333469809877,0.002238537603166151,0.0051946814007824286,0.0028645221831295658,0.0015166795827117312,0.0016349533125123799,0.0027799875275413798
generation - Fossil Gas - Actual Consumption_t-120min,0.0,0.0,0.0,0.0,0.0,0.0,0.0,0.0,0.0,0.0,0.0,0.0,0.0,0.0,0.0
generation - Hydro Water Reservoir - Actual Consumption_t-120min,0.0,0.0,0.0,0.0,0.0,0.0,0.0,0.0,0.0,0.0,0.0,0.0,0.0,0.0,0.0
generation - Other renewable - Actual Consumption_t-105min,0.0,0.0,0.0,0.0,0.0,0.0,0.0,0.0,0.0,0.0,0.0,0.0,0.0,0.0,0.0
generation_import - Generation - Hydro Water Reservoir_t-105min,0.003199804300063988,0.0019054679735781973,0.010214529888390644,0.0031106921434525246,0.0027694130817782253,0.008130329675542726,0.0025236035795060162,0.0017457310360059638,0.007445596822677544,0.004599119240981963,0.0039026259872334775,0.007283076532461564,0.002165937098540553,0.0022805840769476618,0.009604828378505771
generation_import - Import - SI_t-105min,0.0007230594941386244,0.000938100942577762,0.0013998213233826391,0.0007448178167289825,0.0007538608565530467,0.0013088107863268306,0.001114410749460916,0.0006811436355801562,0.001233510410703275,0.00067539110645248,0.0008992150618098548,0.0007992351294736295,0.001428589019662013,0.0007770309392833496,0.001092925796606778
generation_import - Import - IT_NORD_t-105min,0.0018938693857053295,0.0015301171468031498,0.004460880299127894,0.0007205190218907092,0.0011977928344451812,0.0032087796313007857,0.0007705988149970722,0.0005599321661366048,0.0021677068600160967,0.00048391958715035343,0.001269543355675296,0.0019834401835619247,0.0006811393269606469,0.0010033664273849468,0.00189939710179533
generation_import - Import - HU_t-105min,0.001177973114018121,0.001452336318822745,0.004170772149445838,0.0008716682416547883,0.0013769040152098455,0.0021246236749208267,0.0015881382846846463,0.0008590243082184088,0.0019961303592904186,0.0014373240905588317,0.0008269638689512249,0.001656238831916653,0.0014709552703461278,0.000799896140123792,0.0019478481498288148
generation - Other renewable - Actual Aggregated_t-105min,0.0,0.0,0.0,0.0,0.0,0.0,0.0,0.0,0.0,0.0,0.0,0.0,0.0,0.0,0.0
activated_balancing_energy_prices - Price_t-105min,0.0017857840174738157,0.0017606629505853562,0.0014194875167689816,0.0015454572688286135,0.0018657108033403346,0.0015087901235233403,0.001504382125363918,0.001497576636882286,0.0010866966926550959,0.0012346660510320362,0.001517242057079784,0.0009543775084725894,0.0011530244791647418,0.0011392846119169916,0.000623788361692732
generation - Hydro Pumped Storage - Actual Consumption_t-105min,0.0026248407197736016,0.0034778739966723152,0.0036401813291668077,0.0024679732041950047,0.001390436205453625,0.00428974694779572,0.001601223363551341,0.0013279680610760068,0.0034488050670997837,0.0016420633076015747,0.0032128368804438877,0.0033401543449836026,0.006407865955159651,0.00291802308717638,0.005356698711169883
generation - Hydro Run-of-river and poundage - Actual Aggregated_t-105min,0.002466939617312164,0.003932231374095863,0.017018390959652605,0.0031823297766595715,0.0015855250870763485,0.011224945429756189,0.0014825371460738096,0.0011792812384132957,0.011324430207347178,0.0012898304929682353,0.0018382351719437792,0.007372606471999461,0.0012274401608013932,0.0015713938562166732,0.006007426996755839
generation_import - Import - CH_t-105min,0.0037748450278741073,0.002922862375169757,0.005376338752401353,0.0023355244454205605,0.0024693078279119617,0.008217174203280593,0.003121261104367022,0.00246215307060902,0.010241641087566677,0.0028318189402002643,0.0023335342299124024,0.005683446681221539,0.0020142033263286408,0.002121396845471736,0.0032585898118140904
generation - Fossil Oil - Actual Consumption_t-105min,0.0,0.0,0.0,0.0,0.0,0.0,0.0,0.0,0.0,0.0,0.0,0.0,0.0,0.0,0.0
generation_import - Generation - Hydro Run-of-river and poundage_t-105min,0.0024544975866538153,0.005424048824398596,0.006359567715488083,0.0020642490450081823,0.005505370626602599,0.006557440807316198,0.0044010370951873485,0.00590827696280212,0.003353821380224872,0.0028990488665338035,0.001535654588563375,0.001814305284395232,0.001548445303010112,0.0030188096860438236,0.0028421038384758503
generation_import - Generation - Solar_t-105min,0.005441640882059573,0.010411815383879003,0.006555415627366529,0.005908079020504317,0.006504602064640494,0.006544079315587623,0.00399334758643272,0.006418860435571333,0.009153468522235926,0.002520915231452818,0.007440227149156271,0.0034672814526466025,0.0026965244706941578,0.004659567273243738,0.003372833611531405
generation - Hydro Run-of-river and poundage - Actual Consumption_t-105min,0.0,0.0,0.0,0.0,0.0,0.0,0.0,0.0,0.0,0.0,0.0,0.0,0.0,0.0,0.0
generation - Waste - Actual Aggregated_t-105min,0.0,0.0,0.0,0.0,0.0,0.0,0.0,0.0,0.0,0.0,0.0,0.0,0.0,0.0,0.0
generation_import - Import - sum_t-105min,0.00126272074007602,0.0010825371466557953,0.007323473291554819,0.0016272935626495838,0.0014246538379429695,0.002741706606297612,0.002825982051599567,0.0035197171250647445,0.005496799587523128,0.006495809489795647,0.005130421490364825,0.005014361114685016,0.0016372410680791064,0.0026476753439956154,0.0024308611705018846
generation - Geothermal - Actual Consumption_t-105min,0.0,0.0,0.0,0.0,0.0,0.0,0.0,0.0,0.0,0.0,0.0,0.0,0.0,0.0,0.0
generation - Wind Onshore - Actual Consumption_t-105min,0.0,0.0,0.0,0.0,0.0,0.0,0.0,0.0,0.0,0.0,0.0,0.0,0.0,0.0,0.0
generation_import - Generation - Fossil Gas_t-105min,0.0016311426300217135,0.0014465450023644735,0.006104179400161229,0.005919889355409396,0.0012597207160661129,0.004863229941656073,0.0015431155011301598,0.0020738632963460757,0.006655165577180014,0.002599834124184781,0.0020082874952204294,0.003642561138927704,0.0019912827567895876,0.0015213512909321026,0.0024605217048556368
generation - Biomass - Actual Consumption_t-105min,0.0,0.0,0.0,0.0,0.0,0.0,0.0,0.0,0.0,0.0,0.0,0.0,0.0,0.0,0.0
generation_import - Generation - Wind Onshore_t-105min,0.0051527292753380605,0.0025486173413592043,0.012134326055660494,0.0011914839240577066,0.0038327254592070404,0.009968745259277057,0.0033765236561830534,0.002214340971279398,0.007831786859083877,0.0017951325742196786,0.0011789607015241473,0.004315348808944691,0.0018321971731247687,0.0019541375687962275,0.0032327290403317195
generation_import - Generation - Geothermal_t-105min,2.9141855883949573e-06,2.0372548224258934e-06,1.2699816255672402e-06,4.048723160849477e-06,3.3096508395829005e-06,1.6198065589492215e-06,2.7910806124964437e-06,3.942138333513867e-06,1.1555604902468985e-06,3.446776090640924e-06,2.694375576083985e-06,1.2805016863808305e-06,8.533186287138505e-07,2.7700473174263606e-06,8.135664032380419e-07
load - Actual Load_t-105min,0.0024537876985332332,0.0013668391795813477,0.006572565843747725,0.0016326237819060054,0.00335970802198608,0.007475532354404549,0.0010192927939899619,0.0015384191637454023,0.005228081231549367,0.0008663119044650784,0.002266520593088899,0.0029190308171591823,0.001760494087636971,0.0015217671893913121,0.004478601980734311
generation - Fossil Oil - Actual Aggregated_t-105min,0.0,0.0,0.0,0.0,0.0,0.0,0.0,0.0,0.0,0.0,0.0,0.0,0.0,0.0,0.0
generation_import - Generation - Biomass_t-105min,0.0016962639860894342,0.005703406629111668,0.003043478540529577,0.001612620976389735,0.003859431668453908,0.002818909447742044,0.003340438663779423,0.002340903133768734,0.002009601246270222,0.0035713864751979615,0.0018681130688310078,0.003388036133399282,0.0016470675388977724,0.0032495526891979693,0.0035568794938826615
generation - Waste - Actual Consumption_t-105min,0.0,0.0,0.0,0.0,0.0,0.0,0.0,0.0,0.0,0.0,0.0,0.0,0.0,0.0,0.0
generation - Hydro Water Reservoir - Actual Aggregated_t-105min,0.003092358427072213,0.0026520419911612407,0.004350662647113495,0.00240256179591961,0.003858785567128507,0.0032124868215887546,0.0019104696550766675,0.001412610150511,0.0028273551715974465,0.0011341317587998674,0.0021691397016270456,0.0024921928489739,0.001755638819653541,0.0018258611642686447,0.001237075400374124
generation - Wind Onshore - Actual Aggregated_t-105min,0.005347565119598585,0.0014589898467938839,0.009370644085011008,0.0016932339997911185,0.003313334626269352,0.009055106290346884,0.0033172899697765388,0.0025633179294068994,0.006239515988472704,0.0023604843691000495,0.0027307184565333953,0.0058588153585833426,0.001757773582019354,0.0018411619703210817,0.007434767687621843
generation_import - Import - DE_LU_t-105min,0.0028582287228214225,0.0021399535037271563,0.004805233661441889,0.0016149722237219066,0.0026405494198006637,0.007074439578855163,0.003084003408107037,0.0027729262607736017,0.002993122594185479,0.002506986364352997,0.0028484395605771623,0.0017632767001209686,0.0016008651492338687,0.001562333227308045,0.0031626589249499374
generation - Fossil Hard coal - Actual Consumption_t-105min,0.0,0.0,0.0,0.0,0.0,0.0,0.0,0.0,0.0,0.0,0.0,0.0,0.0,0.0,0.0
generation - Other - Actual Consumption_t-105min,0.0,0.0,0.0,0.0,0.0,0.0,0.0,0.0,0.0,0.0,0.0,0.0,0.0,0.0,0.0
generation - Solar - Actual Aggregated_t-105min,0.003427557258026354,0.00394680990697816,0.007446378550517693,0.003484557651381692,0.004564700111463026,0.0054533224850429746,0.0035680594045695672,0.003989710829129081,0.004563738515217721,0.0038476793427175836,0.0031117725584445,0.005388647882557507,0.0025207596796353753,0.0018223060003629144,0.0053633898257148755
temperature_mean_celsius_t-105min,0.002819141810261499,0.0016213052725140642,0.00636800293714623,0.0016489060260685164,0.0020408866684927603,0.00294018583150023,0.002801043484095999,0.0016964936968731762,0.0032612267870085815,0.0037589710950760493,0.0013554661955536176,0.0036971232118303307,0.0019917100469883735,0.0014985273182310265,0.0021052999829480543
generation - Geothermal - Actual Aggregated_t-105min,8.559135449246469e-07,1.1470271032578694e-06,4.641011726221223e-06,1.2903236000738615e-06,1.1322505370259251e-06,1.7751727701238452e-06,7.149583379373326e-07,8.570710217412625e-07,3.1015774984552993e-06,1.4132854332160604e-06,5.937146207486421e-07,2.0609492221197455e-06,6.338263705013559e-07,1.0807525495124537e-06,2.674548240406693e-06
generation - Hydro Pumped Storage - Actual Aggregated_t-105min,0.0015710020526864526,0.003482450104376767,0.007738171589859121,0.004354346807449474,0.003985755566347507,0.005219631956229933,0.0058748078759563215,0.004395012682398374,0.003600979758572066,0.00271396221461589,0.00494712960490142,0.004030415390148846,0.002741627991117639,0.002747854617511621,0.004124904159536527
generation_import - Generation - Other_t-105min,0.0,0.0,0.0,0.0,0.0,0.0,0.0,0.0,0.0,0.0,0.0,0.0,0.0,0.0,0.0
generation_import - Generation - Waste_t-105min,0.0,0.0,0.0,0.0,0.0,0.0,0.0,0.0,0.0,0.0,0.0,0.0,0.0,0.0,0.0
generation - Solar - Actual Consumption_t-105min,0.0,0.0,0.0,0.0,0.0,0.0,0.0,0.0,0.0,0.0,0.0,0.0,0.0,0.0,0.0
temperature_std_celsius_t-105min,0.0022108665982595995,0.002329899282711267,0.00398549157605737,0.0030952110951166104,0.002377744506248746,0.003392317803674814,0.0024137669971078138,0.0011061327531078859,0.003564962734715664,0.0017826390057307435,0.0023746864720083066,0.002633491017091728,0.003984132140367819,0.0017550910494064738,0.0031482332989703535
generation - Biomass - Actual Aggregated_t-105min,0.0024371007906356683,0.0015176384431679253,0.004966714638507255,0.0012484643874677204,0.0011894624980150184,0.00221398681885114,0.0015930888418183712,0.0015311520748807653,0.0038646303601208272,0.0018271639675363075,0.0033912466203983057,0.0024173580246642816,0.004446582772115448,0.00170586638655368,0.0036091270572364918
generation - Other - Actual Aggregated_t-105min,0.0,0.0,0.0,0.0,0.0,0.0,0.0,0.0,0.0,0.0,0.0,0.0,0.0,0.0,0.0
generation_import - Import - CZ_t-105min,0.001661942175725926,0.0013672958652109627,0.003953742535257334,0.0068580699313387184,0.0027086963944911984,0.003838457952364479,0.0021342736070359934,0.0015719611164126946,0.00473061158451128,0.005461916937732895,0.005506614108337089,0.004909835856113204,0.003641871318257472,0.004154108581222317,0.0018612524157420012
generation - Fossil Gas - Actual Aggregated_t-105min,0.0017987172206212563,0.0021589972006781865,0.003473239627079238,0.0061180425950678905,0.004056536337353464,0.0026588785284211553,0.0032640529258678727,0.0018141063124185166,0.003265209941608191,0.0019515127795957596,0.001651047284640299,0.0019455311538038131,0.0013148076662821211,0.0023526471923742067,0.0024050231593164425
generation - Fossil Hard coal - Actual Aggregated_t-105min,0.0011886369493664688,0.0010985869020560131,0.0019643254890395383,0.0028878474793746136,0.002844875656475779,0.0018455439816256103,0.000663150300710754,0.0009099982160653326,0.001699213481767856,0.0020183510216447756,0.0014263749820025281,0.001667191947955871,0.002516829633095767,0.001681859517335397,0.0020504878519259366
generation_import - Generation - Hydro Pumped Storage_t-105min,0.0032702425203551683,0.003789037924718286,0.005164614507455554,0.0018670640271038791,0.004560073502131673,0.0024964038341295236,0.0035672677513466622,0.003274595796885478,0.0024011836607255644,0.002129983547818483,0.0023793803817980007,0.0032698560955591346,0.00182896527769185,0.00529004889845487,0.004696702965573649
generation - Fossil Gas - Actual Consumption_t-105min,0.0,0.0,0.0,0.0,0.0,0.0,0.0,0.0,0.0,0.0,0.0,0.0,0.0,0.0,0.0
generation - Hydro Water Reservoir - Actual Consumption_t-105min,0.0,0.0,0.0,0.0,0.0,0.0,0.0,0.0,0.0,0.0,0.0,0.0,0.0,0.0,0.0
generation - Other renewable - Actual Consumption_t-90min,0.0,0.0,0.0,0.0,0.0,0.0,0.0,0.0,0.0,0.0,0.0,0.0,0.0,0.0,0.0
generation_import - Generation - Hydro Water Reservoir_t-90min,0.004793677590801963,0.004090812574979281,0.009101505587248539,0.002482600931220077,0.001930749439686224,0.00816544372709177,0.004171038614327699,0.0029658421632730095,0.007030535803147359,0.0015154889875338994,0.003496743850027997,0.005264441730658291,0.001964723449284975,0.003772562924215208,0.005442341371679504
generation_import - Import - SI_t-90min,0.002634099833427172,0.004005174352394533,0.00830561169685825,0.003289342895804566,0.002926072281785309,0.005406968053743185,0.0017999558315109426,0.0011463375700745929,0.004829671309438709,0.0005499504383683415,0.002736286896863021,0.0034822107327781853,0.0019101230390806449,0.0018418063401886683,0.0030365450999797756
generation_import - Import - IT_NORD_t-90min,0.0014522423655993748,0.0013906106127324165,0.0013664854194497167,0.0014672240725485607,0.0008844844533637115,0.001195798737668838,0.0009977029167935142,0.00047376092640433854,0.0014387211773234866,0.0006985912484719279,0.0010361413921735902,0.0013338442564222533,0.0006685039622816476,0.0017016739582832088,0.0009667105634399035
generation_import - Import - HU_t-90min,0.00466101328899822,0.0010707639661004578,0.0026583757238395267,0.003758484546066029,0.0017013352960912017,0.0015211939299924779,0.0016078320751500997,0.001366117685631707,0.0019687939444449965,0.0007910872471089192,0.0008853505729639437,0.00246845750698435,0.0027039969600700714,0.001134234425049584,0.00342585142192911
generation - Other renewable - Actual Aggregated_t-90min,0.0,0.0,0.0,0.0,0.0,0.0,0.0,0.0,0.0,0.0,0.0,0.0,0.0,0.0,0.0
activated_balancing_energy_prices - Price_t-90min,0.002672222152198174,0.0022817639640488776,0.002850652162851475,0.0021243352573183075,0.0014796284283461318,0.0009291700010780915,0.0016966212336283206,0.0011378716333383637,0.0009123997049164245,0.001699167425048472,0.002154223766738596,0.0008578334296993262,0.0021075933411411826,0.0012049942135836317,0.0007389667151007302
generation - Hydro Pumped Storage - Actual Consumption_t-90min,0.0019605490486560486,0.0013453836033431798,0.0074317052664118815,0.003401536753088294,0.003942186384752858,0.006127792973704345,0.001253237657205318,0.0026084844080783115,0.006664705330073048,0.0031038087479173557,0.0023078166772102122,0.004131061785628844,0.0012041186217931,0.0012868032976648465,0.003540643100064699
generation - Hydro Run-of-river and poundage - Actual Aggregated_t-90min,0.0010107485898547565,0.0016022525897296874,0.008460332642767753,0.0033917140805097006,0.004905255452235906,0.00434783132094708,0.002345058335158285,0.0012493980815861505,0.004347795104915349,0.005318475779065011,0.0014092777171711077,0.002749723047142197,0.0014984024313143892,0.004180073604509744,0.004575054605898913
generation_import - Import - CH_t-90min,0.0030015016782972454,0.0022778093955257645,0.005082019233494634,0.004288611923975623,0.004737085168722842,0.005321808986011092,0.004267660389494267,0.0037022522488123428,0.003736803069884672,0.006792880175480604,0.00798466384128551,0.007230681989768528,0.0026562457781560767,0.0015719732203281467,0.00484142351703781
generation - Fossil Oil - Actual Consumption_t-90min,0.0,0.0,0.0,0.0,0.0,0.0,0.0,0.0,0.0,0.0,0.0,0.0,0.0,0.0,0.0
generation_import - Generation - Hydro Run-of-river and poundage_t-90min,0.0024813130381112387,0.005565707470821053,0.0035839512588972866,0.003813014727180416,0.0034767215237261552,0.002807643354222819,0.001876068287469252,0.0031470858869097357,0.003344689395771638,0.0022456032715508626,0.002422568669458997,0.0025928206470416625,0.0019418864990329893,0.0036399232996780027,0.0014565355545373678
generation_import - Generation - Solar_t-90min,0.002702799396695809,0.002357238109571881,0.005782762555001682,0.00603081062462752,0.006724701174309303,0.01019344226559042,0.002973584381085857,0.005871945488729125,0.0037957791883254685,0.004963088359254471,0.006993040697613083,0.008519333245763845,0.0025510558408777797,0.0071737712728754555,0.0025655546273084156
generation - Hydro Run-of-river and poundage - Actual Consumption_t-90min,0.0,0.0,0.0,0.0,0.0,0.0,0.0,0.0,0.0,0.0,0.0,0.0,0.0,0.0,0.0
generation - Waste - Actual Aggregated_t-90min,0.0,0.0,0.0,0.0,0.0,0.0,0.0,0.0,0.0,0.0,0.0,0.0,0.0,0.0,0.0
generation_import - Import - sum_t-90min,0.005656727335684991,0.007065272884151,0.011936408452549358,0.002083037996627354,0.004310287244359642,0.004968100301620325,0.006036477745728916,0.00715727061198777,0.007645945563521309,0.003519265414542815,0.006297298315560283,0.008060480418809675,0.004221108635571,0.008056794085457569,0.009850247198856778
generation - Geothermal - Actual Consumption_t-90min,0.0,0.0,0.0,0.0,0.0,0.0,0.0,0.0,0.0,0.0,0.0,0.0,0.0,0.0,0.0
generation - Wind Onshore - Actual Consumption_t-90min,0.0,0.0,0.0,0.0,0.0,0.0,0.0,0.0,0.0,0.0,0.0,0.0,0.0,0.0,0.0
generation_import - Generation - Fossil Gas_t-90min,0.0024362718576157933,0.00230808850736139,0.004976083320070756,0.003504371589220682,0.004094973882412888,0.003701932098607358,0.0016568949669663199,0.003739731810084777,0.0025655734923348064,0.001205856251504315,0.0009279110111383488,0.0022816729656715325,0.001630286744882369,0.0028056539133667685,0.0027538969859724604
generation - Biomass - Actual Consumption_t-90min,0.0,0.0,0.0,0.0,0.0,0.0,0.0,0.0,0.0,0.0,0.0,0.0,0.0,0.0,0.0
generation_import - Generation - Wind Onshore_t-90min,0.009807091133752692,0.011190318136395944,0.03243327146433148,0.008467268473817968,0.006285796210504486,0.02306955487715277,0.0043823988976223515,0.0027103636149386147,0.018466658386674682,0.005349546613365106,0.004424416863926126,0.016713032346764523,0.005058973498313207,0.004000400479037125,0.012699789903270357
generation_import - Generation - Geothermal_t-90min,1.5884883417243145e-06,5.988520975410694e-07,3.391638216455384e-06,9.800007674556354e-07,6.193811465919908e-07,3.702221260027727e-06,5.86329138037911e-07,1.4537566094077193e-06,2.090428667827382e-06,9.497809429106497e-07,6.223459432703749e-07,1.099464853343335e-06,9.90575394411053e-07,1.460929502968611e-06,1.2367325862214784e-06
load - Actual Load_t-90min,0.0020483194958278547,0.0011518240809238306,0.0033529290842034243,0.0025054768210320618,0.005137419914254679,0.0030075918985894533,0.0014566658751859905,0.0022894553591995648,0.0026773583249386093,0.0015676899819552545,0.0027145684866763985,0.003037268833113558,0.0016054610831472474,0.001241234898039238,0.0021006746263537933
generation - Fossil Oil - Actual Aggregated_t-90min,0.0,0.0,0.0,0.0,0.0,0.0,0.0,0.0,0.0,0.0,0.0,0.0,0.0,0.0,0.0
generation_import - Generation - Biomass_t-90min,0.0016941191714208799,0.002488044402527521,0.005671182389358876,0.001819262796939711,0.0011777110183493278,0.005789185899870063,0.0016724624357157155,0.0025589292439802875,0.003783618233348534,0.0020799308993591694,0.0027130924179318756,0.00307180317142047,0.0034359371887469478,0.0013070779052914076,0.0035460365079675285
generation - Waste - Actual Consumption_t-90min,0.0,0.0,0.0,0.0,0.0,0.0,0.0,0.0,0.0,0.0,0.0,0.0,0.0,0.0,0.0
generation - Hydro Water Reservoir - Actual Aggregated_t-90min,0.002126705203736492,0.0038715910358704093,0.009296529231543445,0.0020091767226577987,0.0029477041352911327,0.00841167797133312,0.0038921830925610266,0.0028499840833574124,0.007610928247100674,0.0017877796227858199,0.0018648463405470466,0.005072057852858052,0.0031252911203337136,0.00339511589382073,0.0034654631357916516
generation - Wind Onshore - Actual Aggregated_t-90min,0.0014383796498293577,0.004822126719757307,0.010205630526827008,0.007407003734770114,0.003050346843390571,0.006170503200650273,0.003445456396829741,0.0018849421721017735,0.0036320995197964977,0.0026485378303477774,0.002928248252305821,0.007141925187694142,0.001674169799043284,0.0020875352232469597,0.009860261734000232
generation_import - Import - DE_LU_t-90min,0.001940276717850793,0.002773950982950396,0.014623616779899748,0.0012787275012442478,0.005009176143119475,0.013767967422376386,0.002246032292648124,0.001992590312997436,0.009423780648838146,0.0011325160896894886,0.00510035107305157,0.00873475772364327,0.002461439158354551,0.001501676009485891,0.010193646296840598
generation - Fossil Hard coal - Actual Consumption_t-90min,0.0,0.0,0.0,0.0,0.0,0.0,0.0,0.0,0.0,0.0,0.0,0.0,0.0,0.0,0.0
generation - Other - Actual Consumption_t-90min,0.0,0.0,0.0,0.0,0.0,0.0,0.0,0.0,0.0,0.0,0.0,0.0,0.0,0.0,0.0
generation - Solar - Actual Aggregated_t-90min,0.0028055092912877624,0.0026577616546001083,0.004077875770511582,0.003232340866694358,0.004753068322788408,0.007118408182992426,0.002723120709557406,0.0025893920931134742,0.006165318060687241,0.004242208792972846,0.0028273035474599057,0.00443627867706391,0.002916793704755037,0.0021080833877795157,0.007030775340801483
temperature_mean_celsius_t-90min,0.0024624922792063444,0.002961802284609803,0.004275538764617523,0.002555193206401782,0.0028997126212634613,0.004739602071276749,0.0026967163366498426,0.0019369079253192467,0.003123051138183655,0.0019643856639527256,0.0025380432153397125,0.003013883387719488,0.0017411958481070543,0.0017957217654966371,0.0037031421676801983
generation - Geothermal - Actual Aggregated_t-90min,6.908539674341796e-07,1.5252008873289924e-06,1.9362471773831656e-06,7.772629348323789e-07,6.052616795966804e-07,1.4099908635216707e-06,4.448016705467239e-07,6.133541926676145e-07,1.9879488206981933e-06,2.0597848201759916e-06,1.6085015480769015e-06,1.3444606958188389e-06,7.631956651832361e-07,1.6827640927203903e-06,8.920007571830979e-07
generation - Hydro Pumped Storage - Actual Aggregated_t-90min,0.0016088153324280937,0.0014834938871294981,0.00337376795081218,0.0018269028831973627,0.0016919872258197302,0.0023928830831755478,0.0009576651968687883,0.002562594585150862,0.002298198689077253,0.0010761185816891158,0.0013016006637508327,0.0018542375989109132,0.003164167557210476,0.0018580026505123897,0.00153842642455038
generation_import - Generation - Other_t-90min,0.0,0.0,0.0,0.0,0.0,0.0,0.0,0.0,0.0,0.0,0.0,0.0,0.0,0.0,0.0
generation_import - Generation - Waste_t-90min,0.0,0.0,0.0,0.0,0.0,0.0,0.0,0.0,0.0,0.0,0.0,0.0,0.0,0.0,0.0
generation - Solar - Actual Consumption_t-90min,0.0,0.0,0.0,0.0,0.0,0.0,0.0,0.0,0.0,0.0,0.0,0.0,0.0,0.0,0.0
temperature_std_celsius_t-90min,0.0013164105830655898,0.002252701658435399,0.006160677282379652,0.001399742948290168,0.0028590119550503915,0.0060865514848374,0.001991904146041861,0.002472273533920088,0.005151609004151169,0.002823347973134787,0.0017861143440150045,0.0035854966878432607,0.00359524570907206,0.002366694883337232,0.0022487543569989156
generation - Biomass - Actual Aggregated_t-90min,0.0019950389983396234,0.0023046132885115186,0.005709859229866197,0.0035115335812697596,0.0036087924911116717,0.004702642093019676,0.0028717292177270794,0.0034650961751947307,0.003214451417694363,0.0016655975935499327,0.002606991337991076,0.005662747309771703,0.003263829482566507,0.0035589752282885454,0.001964764359338915
generation - Other - Actual Aggregated_t-90min,0.0,0.0,0.0,0.0,0.0,0.0,0.0,0.0,0.0,0.0,0.0,0.0,0.0,0.0,0.0
generation_import - Import - CZ_t-90min,0.001900531162708063,0.0016764160389102472,0.011501168572420284,0.0016826522583464794,0.001961780734187414,0.011898027882848964,0.0018728688318069829,0.0013032996944812112,0.007047916560004523,0.0012250513791030643,0.0014264332396205647,0.004538765954992869,0.002672654670490374,0.0022243646794947837,0.0022994507643396673
generation - Fossil Gas - Actual Aggregated_t-90min,0.0018770919587901744,0.0042559268324512236,0.002708733940748516,0.0024120860254615763,0.003060826158967757,0.003589632481463809,0.004539546332271129,0.0013171520594451066,0.0024015405000427565,0.001646064707711048,0.002383981644749838,0.0018345837748811392,0.00201019296780305,0.0018463051622802595,0.004236519148780644
generation - Fossil Hard coal - Actual Aggregated_t-90min,0.0016127522447350203,0.001371115831937459,0.0022858654288393154,0.0023344443383030013,0.0005319360335465717,0.0026343835285706518,0.0020099882528884336,0.0018530179978479282,0.004079748553254831,0.0023009389515627845,0.0032678488350939006,0.002057277809963125,0.002272649766993709,0.0009700894443870993,0.002552673652771773
generation_import - Generation - Hydro Pumped Storage_t-90min,0.004293273617740852,0.006715226530058317,0.009098488367668892,0.0041605646435250495,0.0029725545548280933,0.003482841886841925,0.0023701411030228885,0.0024005306411130716,0.005603849648452524,0.0035625363955791725,0.003741239907610975,0.0032046964912788097,0.002889185362833331,0.0038793168180977773,0.0010431229556425023
generation - Fossil Gas - Actual Consumption_t-90min,0.0,0.0,0.0,0.0,0.0,0.0,0.0,0.0,0.0,0.0,0.0,0.0,0.0,0.0,0.0
generation - Hydro Water Reservoir - Actual Consumption_t-90min,0.0,0.0,0.0,0.0,0.0,0.0,0.0,0.0,0.0,0.0,0.0,0.0,0.0,0.0,0.0
generation - Other renewable - Actual Consumption_t-75min,0.0,0.0,0.0,0.0,0.0,0.0,0.0,0.0,0.0,0.0,0.0,0.0,0.0,0.0,0.0
generation_import - Generation - Hydro Water Reservoir_t-75min,0.0028745862673922604,0.0016734326172202145,0.002856973092402086,0.0014999580569055979,0.00159552230344093,0.003240568479252033,0.001637927549935739,0.005115772309894965,0.0036192589906495413,0.0014576286761489427,0.0023885404030727386,0.003385045580899714,0.0013413976335227744,0.0015046383238604903,0.002935318025393599
generation_import - Import - SI_t-75min,0.0012726136964975013,0.0018104573821392479,0.0032801999721850735,0.0006458765495963235,0.0007578608833300677,0.0019221072194791303,0.0009367052465438377,0.0009619241573118416,0.0017007340820937315,0.0015303397780226078,0.0009412042742842459,0.0011559083991991201,0.0046617429548350625,0.001056822753031838,0.002211845273224753
generation_import - Import - IT_NORD_t-75min,0.001800317129245741,0.0018164038700940637,0.00339355401251305,0.0010329168732384488,0.0006048223818504539,0.0017685227069036955,0.002325783402484376,0.0026181998456740983,0.0037066554197772348,0.0013230288563723888,0.0006098853625131539,0.0033869342983107345,0.001562470444068822,0.0022228084339440102,0.0033599321743931795
generation_import - Import - HU_t-75min,0.0030021003432266296,0.004667919078736304,0.009622097393497824,0.0017397908863904376,0.0018647101404367277,0.008424117768430732,0.0006830843321702104,0.0020165646835280313,0.005220221532494179,0.001107398166914436,0.0012525430292471356,0.0037536787306307814,0.0022305488054234104,0.0006473925707033459,0.0018275261619010053
generation - Other renewable - Actual Aggregated_t-75min,0.0,0.0,0.0,0.0,0.0,0.0,0.0,0.0,0.0,0.0,0.0,0.0,0.0,0.0,0.0
activated_balancing_energy_prices - Price_t-75min,0.003402836687873787,0.003528917144936713,0.001430474110602745,0.0019917635944520953,0.002361571102027483,0.001902604657698248,0.002226091474163695,0.00224571917371577,0.0011411106853617525,0.0011865433162069508,0.001843157102850455,0.0012794067565459954,0.0011695524965589356,0.0013923644010824887,0.0006585595241581359
generation - Hydro Pumped Storage - Actual Consumption_t-75min,0.0016157884369376915,0.0017892134180142421,0.008386930431566726,0.0025910694762608273,0.002170501642041245,0.002617331104700497,0.0016456553711986998,0.001423707213891248,0.0023690603846653175,0.002701911424366699,0.0022778290031883444,0.004170741628353426,0.002030720806300451,0.002833747872534332,0.004889435910061763
generation - Hydro Run-of-river and poundage - Actual Aggregated_t-75min,0.005971207733720803,0.0028640855095363803,0.013123689966552774,0.0019197264327931408,0.0013966479935525059,0.00742712865321846,0.005424181587375642,0.004228261422487776,0.01042357347887446,0.005643136604106985,0.0031113280004087755,0.007819098473626582,0.0024630118521854457,0.001918064383777164,0.008101167929664371
generation_import - Import - CH_t-75min,0.002441335749584141,0.005908973533671087,0.012296372634229556,0.0016082727503741125,0.002487966074597978,0.006135407334657429,0.002653434820766279,0.002424572250492048,0.004429402209576438,0.0052778929605429995,0.005230782401547458,0.0033657939494028143,0.0043278355555112285,0.0019663977602983776,0.004058505421827703
generation - Fossil Oil - Actual Consumption_t-75min,0.0,0.0,0.0,0.0,0.0,0.0,0.0,0.0,0.0,0.0,0.0,0.0,0.0,0.0,0.0
generation_import - Generation - Hydro Run-of-river and poundage_t-75min,0.0013526761593245736,0.0027877330965784494,0.0043092560677760045,0.0017072822626815877,0.0015911131256550561,0.004725529656142726,0.0015357621845728318,0.002055630431919326,0.004362184207840983,0.0016794020500093439,0.001406579212819679,0.003791747924831725,0.002565347121872037,0.0019726021106798728,0.002356821224900159
generation_import - Generation - Solar_t-75min,0.0035288322569977026,0.005690498494526765,0.004831083193656014,0.0025905267058333264,0.010003524501720677,0.004723311240380099,0.0026474331213476037,0.008117664669895022,0.0045704168046613635,0.007065611135330983,0.00704558083257507,0.004469076082805259,0.0029645494534852332,0.005715140539577988,0.0044234724527011625
generation - Hydro Run-of-river and poundage - Actual Consumption_t-75min,0.0,0.0,0.0,0.0,0.0,0.0,0.0,0.0,0.0,0.0,0.0,0.0,0.0,0.0,0.0
generation - Waste - Actual Aggregated_t-75min,0.0,0.0,0.0,0.0,0.0,0.0,0.0,0.0,0.0,0.0,0.0,0.0,0.0,0.0,0.0
generation_import - Import - sum_t-75min,0.008193713393455255,0.006960188590054713,0.021652701969371264,0.008294845108925074,0.006463052433711709,0.019782844961533555,0.004256765735986846,0.004365104730939493,0.010620421947736759,0.005345742081788557,0.004821613391944993,0.008237721253055497,0.007014020042457559,0.005720291517650367,0.00948934742563324
generation - Geothermal - Actual Consumption_t-75min,0.0,0.0,0.0,0.0,0.0,0.0,0.0,0.0,0.0,0.0,0.0,0.0,0.0,0.0,0.0
generation - Wind Onshore - Actual Consumption_t-75min,0.0,0.0,0.0,0.0,0.0,0.0,0.0,0.0,0.0,0.0,0.0,0.0,0.0,0.0,0.0
generation_import - Generation - Fossil Gas_t-75min,0.0031380914216679228,0.0037154816021284206,0.00875186881724585,0.004151408690154313,0.001997320931160175,0.006441789259615689,0.00160708334305491,0.002862138734827113,0.004252152361473236,0.0030813268261299528,0.001893720781448792,0.002436938019917761,0.0034349140405356593,0.002963489027979449,0.0037086010757408873
generation - Biomass - Actual Consumption_t-75min,0.0,0.0,0.0,0.0,0.0,0.0,0.0,0.0,0.0,0.0,0.0,0.0,0.0,0.0,0.0
generation_import - Generation - Wind Onshore_t-75min,0.007424650925872811,0.009168429081466456,0.02025380161209978,0.006805356227418997,0.008377966030250263,0.022867526936839567,0.005470468478151815,0.007324664705009127,0.013705533845874016,0.003148787953185092,0.0013323926136458795,0.010867440682230153,0.003794456531508331,0.006037376329868493,0.014981469846725303
generation_import - Generation - Geothermal_t-75min,6.50467299028179e-07,1.2654030926455562e-06,2.992559084930235e-06,1.048666552605937e-06,1.1481573890863573e-06,1.8429123082484012e-06,5.955881025840881e-07,6.475673229289213e-07,3.2210161006247517e-06,7.064531946334718e-07,1.299540768812335e-06,1.0531081616846904e-06,1.890275692801424e-06,2.4661603351319173e-06,2.0994302457211233e-06
load - Actual Load_t-75min,0.0024552720515926014,0.001941499177384685,0.0029398181151191237,0.002713148591352365,0.0035955106070032342,0.002511382904383936,0.0013851251269970818,0.004313696951504425,0.0022870781928959333,0.002577155284560661,0.0028076361178705155,0.0016114638859817205,0.004175927747219248,0.0012057188302283066,0.0018918138978933712
generation - Fossil Oil - Actual Aggregated_t-75min,0.0,0.0,0.0,0.0,0.0,0.0,0.0,0.0,0.0,0.0,0.0,0.0,0.0,0.0,0.0
generation_import - Generation - Biomass_t-75min,0.002375487439079734,0.002984642910058028,0.007314253672620453,0.007111674504769325,0.002763143308258805,0.008497478765504638,0.0024394684416220117,0.0026303568562502733,0.0035262628031623535,0.003456173713598673,0.003601417375068195,0.003366913687055785,0.003101527780667766,0.004193439304779531,0.00980839095299234
generation - Waste - Actual Consumption_t-75min,0.0,0.0,0.0,0.0,0.0,0.0,0.0,0.0,0.0,0.0,0.0,0.0,0.0,0.0,0.0
generation - Hydro Water Reservoir - Actual Aggregated_t-75min,0.0019119605414280158,0.0028735195039553216,0.006948211137882026,0.001211668022261847,0.0014390474947326198,0.0024660409464313487,0.003023637460453756,0.001365029743346895,0.0015488395849431527,0.0008197610939362221,0.0029790130371002304,0.0031690590981143033,0.002311026931932247,0.0012038744542442145,0.0021460504789192784
generation - Wind Onshore - Actual Aggregated_t-75min,0.00792301935764408,0.006765551398346361,0.02462182100870814,0.0031604446241617554,0.006472665258437701,0.023091496416331212,0.00462241976408859,0.006436078058898829,0.019893536819843575,0.002578856221951355,0.00272330094426934,0.013564047246138217,0.003046041326542763,0.0034873849477367004,0.014294130996218882
generation_import - Import - DE_LU_t-75min,0.0018286402795071694,0.004061056857192397,0.022707462601085353,0.003998412312977962,0.002376650025863455,0.022426415075396108,0.003458074732867317,0.0019556306560834856,0.015687206473185143,0.0011557859618594648,0.0015570793248325572,0.011683831389913394,0.0023028569613816217,0.0029355643178587344,0.007968780631348637
generation - Fossil Hard coal - Actual Consumption_t-75min,0.0,0.0,0.0,0.0,0.0,0.0,0.0,0.0,0.0,0.0,0.0,0.0,0.0,0.0,0.0
generation - Other - Actual Consumption_t-75min,0.0,0.0,0.0,0.0,0.0,0.0,0.0,0.0,0.0,0.0,0.0,0.0,0.0,0.0,0.0
generation - Solar - Actual Aggregated_t-75min,0.009939604316045006,0.01590963368215307,0.031237598602689105,0.010254690464755413,0.008418070786601674,0.02994317000117735,0.00996575320712509,0.01027423311547318,0.027116869537043384,0.01061980166813737,0.0094629821771764,0.011164230348862474,0.008993664552448762,0.008331880761652428,0.010864494295394251
temperature_mean_celsius_t-75min,0.002372022833333858,0.0019879954773787175,0.010459442157909508,0.004403114887296397,0.002013514768503228,0.003995939466583877,0.0019146843282705959,0.005138512635334337,0.004651081291322043,0.0029853075365736,0.0034381270128001234,0.0028933018646057464,0.002176761023745712,0.0014932390226094867,0.002886431497812737
generation - Geothermal - Actual Aggregated_t-75min,2.9834767992724665e-06,1.2486189751825804e-06,3.625384050565117e-06,1.9439865729964368e-06,1.497645720238694e-06,2.5616730356432526e-06,8.967149900698246e-07,1.7776543639911324e-06,4.425011112289212e-06,1.369093598782456e-06,1.018767039568047e-06,1.28117731844668e-06,2.149480368643708e-06,8.363854225592604e-07,2.3175446531240598e-06
generation - Hydro Pumped Storage - Actual Aggregated_t-75min,0.0011985164846344673,0.0034541537975546818,0.0034290513244231986,0.001999878893192559,0.0013321785154985263,0.0044777884306386115,0.001452226976439306,0.0012280740441437956,0.0021455536329159485,0.0017075709168932463,0.0010749502553776438,0.0034143428925531225,0.0017052169124272042,0.0010341115777667653,0.0036132633809029357
generation_import - Generation - Other_t-75min,0.0,0.0,0.0,0.0,0.0,0.0,0.0,0.0,0.0,0.0,0.0,0.0,0.0,0.0,0.0
generation_import - Generation - Waste_t-75min,0.0,0.0,0.0,0.0,0.0,0.0,0.0,0.0,0.0,0.0,0.0,0.0,0.0,0.0,0.0
generation - Solar - Actual Consumption_t-75min,0.0,0.0,0.0,0.0,0.0,0.0,0.0,0.0,0.0,0.0,0.0,0.0,0.0,0.0,0.0
temperature_std_celsius_t-75min,0.0024495771005174447,0.0016184279609842633,0.0063300614867439434,0.001675194260229091,0.0021651600750519718,0.003957907487342709,0.0009869171278241993,0.0010346688025929325,0.005144219818306738,0.00288930829275796,0.003618517357524979,0.0025206084102178464,0.004024581967945778,0.0011125459679762458,0.0013616384929650849
generation - Biomass - Actual Aggregated_t-75min,0.0019313620472959086,0.004813825610568529,0.004079362060074345,0.0024681803583825965,0.0019754064010976437,0.0029961661862344044,0.002111320291129232,0.00189527835122135,0.0030428241743184117,0.0023688458247906963,0.0021294072113832952,0.002414924848094415,0.0017841705827777333,0.0023167620451686162,0.002653429131197072
generation - Other - Actual Aggregated_t-75min,0.0,0.0,0.0,0.0,0.0,0.0,0.0,0.0,0.0,0.0,0.0,0.0,0.0,0.0,0.0
generation_import - Import - CZ_t-75min,0.0024405671856454775,0.0010979021803130423,0.007494489766721017,0.0012628584054446036,0.002393465309705789,0.004724450392852304,0.0023197707130930213,0.0020210173016917,0.006324757468906682,0.0016617005133766724,0.0016248271389272303,0.004918951602728157,0.0016373629675713345,0.0027860734112664432,0.0024114538511312276
generation - Fossil Gas - Actual Aggregated_t-75min,0.0030906404025608934,0.001490801806196032,0.00460386439936201,0.002739140959134261,0.0022384935356321877,0.006873325063039374,0.0024249698973685552,0.00238656856751777,0.0051232050448907105,0.003035392010198848,0.004918971614497423,0.0063441637950095355,0.003309315017919289,0.004841860852033278,0.007209833044544212
generation - Fossil Hard coal - Actual Aggregated_t-75min,0.0012862814061645623,0.000837229790056881,0.003712032347466447,0.0010886639133441348,0.0008045620050729667,0.0031082061373817853,0.0008441451947837777,0.0012206286927320207,0.004986334412620636,0.0014197242520258442,0.0019111829356934322,0.0010886823886656885,0.000871192197875871,0.0005399512872932064,0.0008060339586058945
generation_import - Generation - Hydro Pumped Storage_t-75min,0.0019313715217631397,0.002650861757016635,0.00523025836781926,0.0035642568748444317,0.001362804258336837,0.004777474101139888,0.002394264796547759,0.0014752831987707396,0.005393473964437817,0.002944985080408969,0.00437527383833185,0.004625153579794642,0.001221922126431764,0.0034795536330275356,0.0029728661778226522
generation - Fossil Gas - Actual Consumption_t-75min,0.0,0.0,0.0,0.0,0.0,0.0,0.0,0.0,0.0,0.0,0.0,0.0,0.0,0.0,0.0
generation - Hydro Water Reservoir - Actual Consumption_t-75min,0.0,0.0,0.0,0.0,0.0,0.0,0.0,0.0,0.0,0.0,0.0,0.0,0.0,0.0,0.0
generation - Other renewable - Actual Consumption_t-60min,0.0,0.0,0.0,0.0,0.0,0.0,0.0,0.0,0.0,0.0,0.0,0.0,0.0,0.0,0.0
generation_import - Generation - Hydro Water Reservoir_t-60min,0.002925680846827845,0.002013723590918744,0.003407206272459007,0.001559792350176167,0.002745673287703539,0.00227970372170239,0.0016080631206823455,0.0026536628552057662,0.0021101896460049827,0.0019226734655730978,0.0015808598952380634,0.002436669006144257,0.0009803942075366195,0.0040858401724772194,0.0015639728283449584
generation_import - Import - SI_t-60min,0.0011947470898230818,0.0009863752152809867,0.0017447973948892467,0.0010244206087165822,0.0006866138960423314,0.0014431343349419876,0.0014014688261768241,0.001145222846797651,0.0014237724824688485,0.0014614330097647325,0.0008844485374283977,0.0012651220391380776,0.0017068050818661504,0.0024887639790085814,0.0008477544180991572
generation_import - Import - IT_NORD_t-60min,0.002372936766620114,0.004522595384623855,0.003240245885172044,0.0005605963524008075,0.0017204256488005285,0.0034253979073328084,0.0006795707223093643,0.0008376569974143422,0.0027284008236392763,0.0016176464645523082,0.0020332214557192856,0.0031909200828376923,0.0021248773878432986,0.0010157721812320234,0.0021130269710320135
generation_import - Import - HU_t-60min,0.000658252172824632,0.001152477724031769,0.004345354989156476,0.0019301347276577871,0.0008649880964971999,0.004339713167835726,0.0014447757204395658,0.0008589128357642295,0.005967721115564927,0.001852271821042791,0.002576400312835176,0.0029498329980960987,0.0016769624056660176,0.0010732869879439022,0.0009647176406519975
generation - Other renewable - Actual Aggregated_t-60min,0.0,0.0,0.0,0.0,0.0,0.0,0.0,0.0,0.0,0.0,0.0,0.0,0.0,0.0,0.0
activated_balancing_energy_prices - Price_t-60min,0.00394415370747356,0.003172909997086208,0.001182903020514459,0.002622685957008798,0.002177874192593663,0.001182691784958479,0.0024853172704024473,0.002540741168844761,0.0012778285886097364,0.0021062559525835242,0.0027995068322416044,0.0010600959372718535,0.0018307333561624545,0.002529557968082372,0.0007342443160089261
generation - Hydro Pumped Storage - Actual Consumption_t-60min,0.005947900035505881,0.0018172578682456332,0.009926764346804702,0.002225642894552493,0.002414234774101715,0.007555870203621452,0.0010092330464449332,0.0027124981324272994,0.0068856225925446775,0.0015729328288380201,0.002470162273503547,0.004718981219781199,0.0021373694441678593,0.0016551780279860395,0.0054523596340441145
generation - Hydro Run-of-river and poundage - Actual Aggregated_t-60min,0.0021559595233993606,0.0016162334637183449,0.008086032460810202,0.0024297972791309805,0.003311004796502857,0.006198859364601958,0.004873468966270594,0.003398418997236149,0.00764931734714628,0.0020514994966233644,0.0038132388331828223,0.006659729517850792,0.00200029629589784,0.001546052669011715,0.0026318152736312184
generation_import - Import - CH_t-60min,0.004276382781266875,0.004162956769426273,0.005501507590179244,0.007324551326160872,0.0025093814776455474,0.004354329395326204,0.001707704225570943,0.003627442442433676,0.00441756313913902,0.0015051426523937153,0.004120615227969665,0.003260310016001313,0.0017691278295087613,0.004163552741624812,0.0028857942900194756
generation - Fossil Oil - Actual Consumption_t-60min,0.0,0.0,0.0,0.0,0.0,0.0,0.0,0.0,0.0,0.0,0.0,0.0,0.0,0.0,0.0
generation_import - Generation - Hydro Run-of-river and poundage_t-60min,0.002495559305835741,0.006128471868825727,0.00667209918955632,0.0020086619770440847,0.0031851732858431204,0.004955024326620332,0.003243972042486348,0.0018108258542852127,0.005665629184887166,0.004044567814770403,0.001812671261304331,0.0025588254585436516,0.0019094205504006823,0.001358503159283373,0.003147212315529032
generation_import - Generation - Solar_t-60min,0.0022896634734543113,0.0019785134945803974,0.007986793225558357,0.013679443102715596,0.005674339720870194,0.004939792683801443,0.006197927103879465,0.007197977071607056,0.003112421270180505,0.0035979979412982177,0.0033701882573723197,0.0034749721573823535,0.0016891218052624026,0.005880303880553129,0.003417672322226281
generation - Hydro Run-of-river and poundage - Actual Consumption_t-60min,0.0,0.0,0.0,0.0,0.0,0.0,0.0,0.0,0.0,0.0,0.0,0.0,0.0,0.0,0.0
generation - Waste - Actual Aggregated_t-60min,0.0,0.0,0.0,0.0,0.0,0.0,0.0,0.0,0.0,0.0,0.0,0.0,0.0,0.0,0.0
generation_import - Import - sum_t-60min,0.008275762975212275,0.012848703818830472,0.013778569436399267,0.010647392881206542,0.006501236772935954,0.0122054971756952,0.009385176509513258,0.009820396342613094,0.011235675050338614,0.006475254538281206,0.007738734307507911,0.004615087427824619,0.006927245535800466,0.0071155070394379434,0.004760060963756246
generation - Geothermal - Actual Consumption_t-60min,0.0,0.0,0.0,0.0,0.0,0.0,0.0,0.0,0.0,0.0,0.0,0.0,0.0,0.0,0.0
generation - Wind Onshore - Actual Consumption_t-60min,0.0,0.0,0.0,0.0,0.0,0.0,0.0,0.0,0.0,0.0,0.0,0.0,0.0,0.0,0.0
generation_import - Generation - Fossil Gas_t-60min,0.004746934378774313,0.003714425016839414,0.008469415878833387,0.006130498844591784,0.0035530297032619275,0.00770795363628713,0.002919701149325192,0.003026843558414839,0.0025381818479036154,0.0022345309188604007,0.0030782788181984416,0.002801870477256898,0.0037047668037400853,0.0026603813456458738,0.003853810884119412
generation - Biomass - Actual Consumption_t-60min,0.0,0.0,0.0,0.0,0.0,0.0,0.0,0.0,0.0,0.0,0.0,0.0,0.0,0.0,0.0
generation_import - Generation - Wind Onshore_t-60min,0.008931696022249526,0.008406850774335908,0.0383631569854806,0.006445349347159208,0.009413119736142107,0.03438946848551859,0.0052232095706349355,0.006273215623537908,0.029441888601664686,0.007405046328319258,0.005795541149233032,0.020556924784032163,0.00587995228718546,0.005803974914367245,0.02043714584123245
generation_import - Generation - Geothermal_t-60min,1.4543485729632266e-06,9.283613922264067e-07,1.7515678794381985e-06,5.927943948336178e-07,6.392785623230424e-07,1.6281465088638924e-06,7.832001642213981e-07,1.7191895335599839e-06,1.5384865122740621e-06,5.952016748622668e-07,5.97589670341847e-07,9.94015945217086e-07,1.3281683350356843e-06,4.6748986443390093e-07,1.1299731723397598e-06
load - Actual Load_t-60min,0.0010732113872559239,0.0013044864896205582,0.004388873131974833,0.0019110723622034129,0.0013531372033116894,0.00415777269427781,0.0034069911206897814,0.001253391455662495,0.0026807825837499876,0.0008688019574976238,0.0033183038902825502,0.0021199773483168657,0.001100310585335137,0.00122867086727274,0.0050547557652244
generation - Fossil Oil - Actual Aggregated_t-60min,0.0,0.0,0.0,0.0,0.0,0.0,0.0,0.0,0.0,0.0,0.0,0.0,0.0,0.0,0.0
generation_import - Generation - Biomass_t-60min,0.0016728495527086125,0.0023346074335468077,0.005769633858893485,0.0020019726715754587,0.003398068596252415,0.0041526699200167055,0.00273382833140613,0.0020244684409008186,0.002809886239176194,0.0019439929204636429,0.0026473700891365298,0.004627682352360353,0.0015847654027822955,0.0017486732759056168,0.003613844873776543
generation - Waste - Actual Consumption_t-60min,0.0,0.0,0.0,0.0,0.0,0.0,0.0,0.0,0.0,0.0,0.0,0.0,0.0,0.0,0.0
generation - Hydro Water Reservoir - Actual Aggregated_t-60min,0.0021896507800038306,0.0038713354918700135,0.005471698434583232,0.004250510174949113,0.002482114979162361,0.005294725617408403,0.0007872023605873437,0.00286966462524515,0.0013940524885656487,0.0016007726003624612,0.002162516278714975,0.002603956443529114,0.002717610439987311,0.0011635777185738333,0.0029891706117168722
generation - Wind Onshore - Actual Aggregated_t-60min,0.014856058189979763,0.010972484971302038,0.05140182560111862,0.010868734851344016,0.010448214033734984,0.039683716192739665,0.008449990024568251,0.006914090139138352,0.036992946411075533,0.00766281366477051,0.013168211175245232,0.02690378206130117,0.01285570281956825,0.006940665410181282,0.022053523554553978
generation_import - Import - DE_LU_t-60min,0.0038402562963437956,0.008230667465941224,0.008027102629072034,0.0026978021569942713,0.001810063805110417,0.0063381032063771275,0.003672523305544928,0.002051420512099867,0.0031301259528181617,0.0022139318191657367,0.0028028740292570546,0.003022378875175491,0.0016040065543256787,0.0029541573811677608,0.002195447852790039
generation - Fossil Hard coal - Actual Consumption_t-60min,0.0,0.0,0.0,0.0,0.0,0.0,0.0,0.0,0.0,0.0,0.0,0.0,0.0,0.0,0.0
generation - Other - Actual Consumption_t-60min,0.0,0.0,0.0,0.0,0.0,0.0,0.0,0.0,0.0,0.0,0.0,0.0,0.0,0.0,0.0
generation - Solar - Actual Aggregated_t-60min,0.007388115013636707,0.007811619509462617,0.006567180201524025,0.0021314306257503406,0.0037953476549614606,0.010284910161373319,0.003260563025775809,0.002912674942837157,0.006884730413087823,0.0019290422629819658,0.003207274733857048,0.0030041808135623568,0.0017959263321345135,0.004067081954300647,0.005759720303148839
temperature_mean_celsius_t-60min,0.003221022917913615,0.0013357136694166912,0.004599422506928022,0.0027055475093302446,0.0035414268299036847,0.003132609728197167,0.003429936734234616,0.0015688188260501192,0.004859286488161161,0.0015337967433940777,0.0017325254856241372,0.004211123673881957,0.0015630735587837989,0.0015783090348750193,0.004301247089901835
generation - Geothermal - Actual Aggregated_t-60min,1.5545155038125813e-06,1.0595342093608905e-06,1.5883301645516211e-06,9.73874739948144e-07,1.912414018988784e-06,2.2105538213281763e-06,8.455260702646683e-07,5.727085118962805e-07,8.870284762068082e-07,1.2029833605424756e-06,7.519015880177449e-07,8.206930119030176e-07,1.109677142721921e-06,1.6780966634541983e-06,1.3688687166251158e-06
generation - Hydro Pumped Storage - Actual Aggregated_t-60min,0.004413031416610465,0.0025025710464187797,0.01639692668931093,0.0039826896462018336,0.004468865110840852,0.015322050128714182,0.0013843695874775222,0.00590353774067853,0.008087735570938094,0.003135114365656591,0.0035141566610718657,0.011245908774319104,0.0070540496552275725,0.001965950480564061,0.011574886766873533
generation_import - Generation - Other_t-60min,0.0,0.0,0.0,0.0,0.0,0.0,0.0,0.0,0.0,0.0,0.0,0.0,0.0,0.0,0.0
generation_import - Generation - Waste_t-60min,0.0,0.0,0.0,0.0,0.0,0.0,0.0,0.0,0.0,0.0,0.0,0.0,0.0,0.0,0.0
generation - Solar - Actual Consumption_t-60min,0.0,0.0,0.0,0.0,0.0,0.0,0.0,0.0,0.0,0.0,0.0,0.0,0.0,0.0,0.0
temperature_std_celsius_t-60min,0.0028939272508614524,0.002590323425279621,0.006015120381869565,0.007069544633486658,0.0030818030105328946,0.005550227884553806,0.003738432698733959,0.00195166979798978,0.005673079314592541,0.00283584268634786,0.0031392562989876753,0.003586733745796664,0.003857002369739348,0.0009728317787712512,0.0019044638854058462
generation - Biomass - Actual Aggregated_t-60min,0.0038886928947813432,0.0033932988743208626,0.005030958522211222,0.0029906495151108175,0.0025522804249345655,0.0066900811342384256,0.003310211915661057,0.0023503908441853127,0.003964539899436204,0.005053633890223864,0.0064618926440643916,0.005779931291139292,0.002022291658515314,0.0042504039575906065,0.007428466372461344
generation - Other - Actual Aggregated_t-60min,0.0,0.0,0.0,0.0,0.0,0.0,0.0,0.0,0.0,0.0,0.0,0.0,0.0,0.0,0.0
generation_import - Import - CZ_t-60min,0.003282309764374077,0.003179930869814598,0.0155765638992807,0.006395449170486245,0.00288326727922049,0.010027217392889724,0.002981273518889793,0.0041672468648012,0.006890730544888356,0.0020305737204043906,0.0015549692707508883,0.006802400631209821,0.0021973845926313517,0.0016613136947726162,0.0063309846752872545
generation - Fossil Gas - Actual Aggregated_t-60min,0.0018497769127316132,0.001712258915160419,0.005909319051572766,0.001923404955807655,0.0012778484196069256,0.003798100006401569,0.001578148690517537,0.0008960583612679329,0.004221286130581575,0.0013846008987111417,0.0012253705678076585,0.002841595172613097,0.002667593824153755,0.0016014145304134217,0.002644482212857838
generation - Fossil Hard coal - Actual Aggregated_t-60min,0.001136170300543654,0.0009929545863132283,0.003867417429575653,0.0010775521588793709,0.0008241176879164413,0.003791227502981201,0.0013845191338687072,0.001126126872113673,0.0026741235542522192,0.0016019536661315214,0.001658691865007313,0.0011856552336162167,0.0014765926114368995,0.00196249171141244,0.0008813273702617153
generation_import - Generation - Hydro Pumped Storage_t-60min,0.0022309323027943717,0.0010773556725334856,0.007085109546589592,0.0022325912495443846,0.002346279932174184,0.005376284887270231,0.0019371504985138017,0.0011245700115543968,0.005369693072709196,0.003088826651000545,0.0015314732057236141,0.005820813273864815,0.0019268970398043166,0.0029776122656473944,0.005415405850611932
generation - Fossil Gas - Actual Consumption_t-60min,0.0,0.0,0.0,0.0,0.0,0.0,0.0,0.0,0.0,0.0,0.0,0.0,0.0,0.0,0.0
generation - Hydro Water Reservoir - Actual Consumption_t-60min,0.0,0.0,0.0,0.0,0.0,0.0,0.0,0.0,0.0,0.0,0.0,0.0,0.0,0.0,0.0
generation - Other renewable - Actual Consumption_t-45min,0.0,0.0,0.0,0.0,0.0,0.0,0.0,0.0,0.0,0.0,0.0,0.0,0.0,0.0,0.0
generation_import - Generation - Hydro Water Reservoir_t-45min,0.0017586218630053737,0.0015376113810998504,0.005411663857852546,0.0015819870153172815,0.00137146647788731,0.0030047335467806987,0.0012041374680411537,0.002173582796111077,0.003467696801180864,0.0020860631781779377,0.002478225443570409,0.002168613130047561,0.0015943157617305133,0.002452321641272647,0.0015260745265150036
generation_import - Import - SI_t-45min,0.0015392970954126212,0.0019893001879818257,0.008832681633881293,0.000875143642075841,0.0005504829736289594,0.006838799976510927,0.0008864927929336091,0.0006897132471501663,0.006524403614239418,0.0008049540932436798,0.002249668257063604,0.002989986886510451,0.0013384459147418966,0.000958928923334554,0.006147518852958456
generation_import - Import - IT_NORD_t-45min,0.0005788440546537004,0.0021224764611088177,0.0026316498079218035,0.0010469406838160466,0.0008768866194620273,0.002472303283541237,0.001089859381545466,0.0019798984391668456,0.0019522436149436544,0.0006817118847786219,0.0008305694374432733,0.001841216759200165,0.0006300957170449238,0.0009197548636129796,0.002045174822592344
generation_import - Import - HU_t-45min,0.0017150467193164333,0.001169554937952853,0.0037612803232077567,0.001298902479624303,0.001730349444989315,0.002367667141912534,0.001512573070635881,0.0011327275443649115,0.0028763407139540506,0.0014741847658979168,0.001907995361858866,0.003879782286247064,0.0008628026418955415,0.0011400142055495053,0.001674329470610246
generation - Other renewable - Actual Aggregated_t-45min,0.0,0.0,0.0,0.0,0.0,0.0,0.0,0.0,0.0,0.0,0.0,0.0,0.0,0.0,0.0
activated_balancing_energy_prices - Price_t-45min,0.0030570389196800532,0.0034452505515876054,0.0013499804010341449,0.0028116304495556504,0.0027465320779847388,0.0013423382244802298,0.002472044624188129,0.0026559206960155277,0.0009320564643930993,0.001956978419018469,0.0014361236873482995,0.0008123325663905234,0.002574644512082159,0.0014867448231497065,0.0006554928705313614
generation - Hydro Pumped Storage - Actual Consumption_t-45min,0.004589420956483081,0.003480117232678822,0.008959776503535978,0.0015322984842277947,0.0043385753520633445,0.004392214292842254,0.0026351099945813986,0.004391388564203225,0.0027789170518590254,0.0028260626889095876,0.0020423857594923903,0.0018662193666593794,0.0011701145899858149,0.0021538554735802793,0.0025827414204832168
generation - Hydro Run-of-river and poundage - Actual Aggregated_t-45min,0.005333905962758763,0.00126604277561637,0.0050520650941507485,0.0013653544767385029,0.0012419782896811284,0.006337247271282649,0.003299566858166145,0.004087141442529173,0.006154309134255527,0.005812662656055181,0.004355718175533184,0.005323640417249408,0.0029339529256831158,0.001934145959901798,0.007063914109558027
generation_import - Import - CH_t-45min,0.001944248897826526,0.0016206263156227578,0.004553321910295835,0.002185604426815189,0.0019992312323688565,0.0071437540998704205,0.003728601291521045,0.0023911348960996294,0.003118136863448399,0.00624197629722039,0.0026600502818414497,0.010441399805946276,0.004632406927208649,0.003372303948016281,0.005886948563784017
generation - Fossil Oil - Actual Consumption_t-45min,0.0,0.0,0.0,0.0,0.0,0.0,0.0,0.0,0.0,0.0,0.0,0.0,0.0,0.0,0.0
generation_import - Generation - Hydro Run-of-river and poundage_t-45min,0.001697702795169789,0.006070259071988403,0.0023144999663236377,0.0013479552994346022,0.00300891276960283,0.003651552769696082,0.0011224862820640737,0.0025050673303121584,0.0021130049899561526,0.0012663417841590671,0.0015287772869114634,0.003929906478442717,0.002864231312409174,0.0013060844851252114,0.00558535103369104
generation_import - Generation - Solar_t-45min,0.008323584350646342,0.0064135749043125545,0.0056915068738017,0.004946027077181498,0.006167861128073582,0.004130985219913782,0.0023981640520669314,0.006646191717416513,0.006955296974051862,0.005854582584597665,0.0025896656898792116,0.005194547692289916,0.007956164587845706,0.001745210887020221,0.0034026768757285026
generation - Hydro Run-of-river and poundage - Actual Consumption_t-45min,0.0,0.0,0.0,0.0,0.0,0.0,0.0,0.0,0.0,0.0,0.0,0.0,0.0,0.0,0.0
generation - Waste - Actual Aggregated_t-45min,0.0,0.0,0.0,0.0,0.0,0.0,0.0,0.0,0.0,0.0,0.0,0.0,0.0,0.0,0.0
generation_import - Import - sum_t-45min,0.0020396403290760647,0.0019106728531444333,0.007236242847274298,0.006819875472527201,0.0033892103405341913,0.007318939772145313,0.005672853143056614,0.004567286313416844,0.006503484775048491,0.007082729105186445,0.006306191973428668,0.011028164346935227,0.0013144315657204544,0.001249013815167018,0.0026593868908967124
generation - Geothermal - Actual Consumption_t-45min,0.0,0.0,0.0,0.0,0.0,0.0,0.0,0.0,0.0,0.0,0.0,0.0,0.0,0.0,0.0
generation - Wind Onshore - Actual Consumption_t-45min,0.0,0.0,0.0,0.0,0.0,0.0,0.0,0.0,0.0,0.0,0.0,0.0,0.0,0.0,0.0
generation_import - Generation - Fossil Gas_t-45min,0.0023164755238460656,0.0015375257243997566,0.006459204870814574,0.0013448001992619539,0.001109008505390193,0.009309387454064563,0.0021055158862473035,0.001112851732873338,0.0066202394006049875,0.001860870517782132,0.0015016011412203624,0.01108574402954946,0.0011661947544075702,0.001239711069763871,0.00694395677180728
generation - Biomass - Actual Consumption_t-45min,0.0,0.0,0.0,0.0,0.0,0.0,0.0,0.0,0.0,0.0,0.0,0.0,0.0,0.0,0.0
generation_import - Generation - Wind Onshore_t-45min,0.009773290907814954,0.012138181177178468,0.044610174794419435,0.012783719907149134,0.0117399163903101,0.04098554991226411,0.010601626698891777,0.005707930723088794,0.03676519358980295,0.006702293178054788,0.010396332414869904,0.030115643942164753,0.006997181363265554,0.008441777933508036,0.023110902140790132
generation_import - Generation - Geothermal_t-45min,1.2510449906866228e-06,1.954644034679376e-06,7.596934096000041e-06,9.334428349845325e-07,1.9435958279245823e-06,5.797505105419987e-06,1.2905486868106664e-06,1.0221259517066984e-06,8.56181220660801e-06,1.6212150471233145e-06,3.708866575891534e-06,4.842391779675381e-06,1.6630281630796162e-06,1.1707423247457882e-06,3.950705272927735e-06
load - Actual Load_t-45min,0.0029412267162724675,0.004440581554212713,0.002257586680632812,0.0025321398170790417,0.0037697640488221396,0.0028997373476104256,0.0015991423271161692,0.004094150639026338,0.00276414217799379,0.002984500953199131,0.0021730496769044975,0.0016964605413991763,0.002898918071632096,0.002470092055853456,0.001879062486898988
generation - Fossil Oil - Actual Aggregated_t-45min,0.0,0.0,0.0,0.0,0.0,0.0,0.0,0.0,0.0,0.0,0.0,0.0,0.0,0.0,0.0
generation_import - Generation - Biomass_t-45min,0.0017686656482726448,0.002370788256310334,0.0038051315137399796,0.004212592838058299,0.0025564248015689374,0.0021574014439529493,0.0028723148702533762,0.0055530593571893406,0.0023049380602660676,0.0026097791439854065,0.0019985720644308458,0.004038834118511659,0.001466282290851268,0.0026497036457294597,0.004302246676361392
generation - Waste - Actual Consumption_t-45min,0.0,0.0,0.0,0.0,0.0,0.0,0.0,0.0,0.0,0.0,0.0,0.0,0.0,0.0,0.0
generation - Hydro Water Reservoir - Actual Aggregated_t-45min,0.0033167101043090953,0.0021450777686332005,0.01022871754821972,0.0013078054134871308,0.0013603527803134057,0.009572529883567767,0.002865261327305376,0.002799522006745974,0.009530402412930015,0.0012675730803712213,0.0015664102136743168,0.0045523936138270075,0.0013406903298109683,0.0018718641183822912,0.0022393743928028017
generation - Wind Onshore - Actual Aggregated_t-45min,0.010137199886653889,0.010188785908158025,0.042521490480867216,0.00456102204965282,0.0059315801107386506,0.03839658072481052,0.005529282899082318,0.007675070890756615,0.033930666091517195,0.006984094291976362,0.007289023535209708,0.026719622154923853,0.007523123844061047,0.0037747940247327277,0.024697584731780808
generation_import - Import - DE_LU_t-45min,0.0023993081949088262,0.0037228896351061847,0.007378039236999029,0.00251171524023448,0.005141529925871509,0.004835605197100449,0.0015851285815573419,0.0044122785543167994,0.003161863664515295,0.0011784274871645265,0.001174021031488337,0.0036967821639964315,0.002125088125185357,0.0012213648019638087,0.002749747331649246
generation - Fossil Hard coal - Actual Consumption_t-45min,0.0,0.0,0.0,0.0,0.0,0.0,0.0,0.0,0.0,0.0,0.0,0.0,0.0,0.0,0.0
generation - Other - Actual Consumption_t-45min,0.0,0.0,0.0,0.0,0.0,0.0,0.0,0.0,0.0,0.0,0.0,0.0,0.0,0.0,0.0
generation - Solar - Actual Aggregated_t-45min,0.003867591777119742,0.004709007914060294,0.02699234806919594,0.004946713670819008,0.002895652204293583,0.01434279512190369,0.005227910915236862,0.008042509197556242,0.01570366814706358,0.004857571254891809,0.004694483597886574,0.012127562243200373,0.0021985800713518982,0.0034210709054023026,0.015854667645104202
temperature_mean_celsius_t-45min,0.006900410931986699,0.004899076328118099,0.0043662747829221185,0.0050075199497459835,0.005307860074743076,0.0037089244038888865,0.003836953432084556,0.003990607539410121,0.0026118460328953008,0.004955325246621214,0.004324769270933757,0.0036322069132309876,0.0047798382092441895,0.0055684261585665805,0.0025553038582456795
generation - Geothermal - Actual Aggregated_t-45min,4.839992973835194e-07,1.0202727819432767e-06,7.891290297266095e-06,9.495789050824043e-07,1.7017164065009638e-06,8.081877327640542e-06,5.182759721749087e-07,1.12236552840983e-06,4.6561175695387645e-06,6.445978279518983e-07,2.311779073352227e-06,4.126937990804436e-06,5.526083346438782e-07,2.2637112101620004e-06,2.2773814291667802e-06
generation - Hydro Pumped Storage - Actual Aggregated_t-45min,0.005827979784950003,0.002040377478366281,0.01992204515481717,0.006867819960556517,0.002444169953886558,0.01705515061938695,0.0014537293701057906,0.00530118295991997,0.015231964409467764,0.003369923200812991,0.005924007952366082,0.013228365742077586,0.004523124658451706,0.0013231342012525148,0.011709111316358758
generation_import - Generation - Other_t-45min,0.0,0.0,0.0,0.0,0.0,0.0,0.0,0.0,0.0,0.0,0.0,0.0,0.0,0.0,0.0
generation_import - Generation - Waste_t-45min,0.0,0.0,0.0,0.0,0.0,0.0,0.0,0.0,0.0,0.0,0.0,0.0,0.0,0.0,0.0
generation - Solar - Actual Consumption_t-45min,0.0,0.0,0.0,0.0,0.0,0.0,0.0,0.0,0.0,0.0,0.0,0.0,0.0,0.0,0.0
temperature_std_celsius_t-45min,0.0046227970987420125,0.003533658259627373,0.007235911202516945,0.002280924321643397,0.0018085297673242167,0.006217037594966996,0.0021090965674102334,0.00292627783529133,0.00568104034582575,0.004313505634455396,0.002960690059925696,0.001883660176259582,0.00354680257282871,0.002423171578663073,0.0024167262903220035
generation - Biomass - Actual Aggregated_t-45min,0.0022793645754354656,0.0033200543295643,0.0069261729533109245,0.002935263179246249,0.002234425414965699,0.005901226074407987,0.0017672952094924313,0.0016129711522444269,0.004653513794768515,0.001808328245333996,0.00299131425154701,0.0058025383120439075,0.0035823220406346083,0.00428174294959922,0.004486388223864196
generation - Other - Actual Aggregated_t-45min,0.0,0.0,0.0,0.0,0.0,0.0,0.0,0.0,0.0,0.0,0.0,0.0,0.0,0.0,0.0
generation_import - Import - CZ_t-45min,0.003067255028274303,0.005487592076508009,0.012017032805153576,0.0015168364899980134,0.0018779411389718917,0.007555513235518447,0.001152590052844971,0.0025641338866143996,0.012759396459551226,0.0025246023325871648,0.0012761942661750432,0.008354477360204327,0.001417259072323759,0.00197460799090004,0.00578115115359833
generation - Fossil Gas - Actual Aggregated_t-45min,0.0018072586225252962,0.0064429458208032885,0.008083190239458417,0.002195914052117132,0.00271526741902062,0.007637310285164858,0.0033485519138448583,0.0015641010695508725,0.009737439116215683,0.0013367114568675334,0.0030453831915983757,0.006890396206680634,0.005763931905297795,0.003939034828224976,0.005425551953088871
generation - Fossil Hard coal - Actual Aggregated_t-45min,0.0025600065009784884,0.0006977331650087422,0.0035320777896088204,0.0012681737407783658,0.0017819627053941077,0.004303208446683129,0.0030665964904474092,0.0016154005081655213,0.002273966566473291,0.0024309236436383798,0.002252261503745103,0.002280729966633544,0.002995415892713936,0.00215722001559152,0.0018289585999605152
generation_import - Generation - Hydro Pumped Storage_t-45min,0.008101066414732487,0.00619478104999871,0.015915269261291543,0.006957636196413659,0.007160999164820168,0.007524675689091964,0.0028443359958497468,0.002086851686268346,0.0046112020786804354,0.0018418109285839818,0.002377237561830043,0.0031646437075075937,0.0059726653565130615,0.0021912262159066815,0.007763763757905963
generation - Fossil Gas - Actual Consumption_t-45min,0.0,0.0,0.0,0.0,0.0,0.0,0.0,0.0,0.0,0.0,0.0,0.0,0.0,0.0,0.0
generation - Hydro Water Reservoir - Actual Consumption_t-45min,0.0,0.0,0.0,0.0,0.0,0.0,0.0,0.0,0.0,0.0,0.0,0.0,0.0,0.0,0.0
generation - Other renewable - Actual Consumption_t-30min,0.0,0.0,0.0,0.0,0.0,0.0,0.0,0.0,0.0,0.0,0.0,0.0,0.0,0.0,0.0
generation_import - Generation - Hydro Water Reservoir_t-30min,0.004323816035343043,0.0050366189278211095,0.01844650893607468,0.0031944642818107242,0.004266308222380758,0.0148417979873484,0.002819892371552896,0.003976561053204933,0.012938334998812934,0.005163669382582157,0.0038254642887923184,0.010338554640708026,0.0032962324159307175,0.005465406503979466,0.00705294504255653
generation_import - Import - SI_t-30min,0.0006746531301128016,0.0007033226544288027,0.0020696204097436065,0.0011243825742256349,0.0011032131991860297,0.002778894282399051,0.0010385773305624753,0.0013409750622568027,0.0010441962850591153,0.0006694293081218347,0.0012468538773979959,0.0008821016063875505,0.0009497333771610101,0.0006779519663673028,0.002562210793075792
generation_import - Import - IT_NORD_t-30min,0.0005718800955330891,0.001147105109603217,0.00747134096652735,0.0013621425488529225,0.0005730421727944304,0.004486194688743126,0.0006774783782235829,0.0022004148711275776,0.004804026377532864,0.0007480061882110362,0.0005536871482220249,0.0038604834961149664,0.0007842673485447449,0.0015908088060455157,0.0028527538228463527
generation_import - Import - HU_t-30min,0.0019532392400583376,0.001235204196051427,0.006490344209558316,0.0022182542804766855,0.0010969249884474265,0.0026247814630410743,0.001662080450020312,0.0028787943018833174,0.005987701875477797,0.0036808192880853313,0.0022862310842338045,0.003774256068980321,0.0026736498517057044,0.0017923440164959174,0.002495438472880778
generation - Other renewable - Actual Aggregated_t-30min,0.0,0.0,0.0,0.0,0.0,0.0,0.0,0.0,0.0,0.0,0.0,0.0,0.0,0.0,0.0
activated_balancing_energy_prices - Price_t-30min,0.0026358124488924657,0.004372074655599136,0.003225792792788525,0.0036898344723485933,0.004493345334947662,0.001288529384384674,0.005088891927407531,0.003875566165555938,0.002085172750208585,0.003056700629221808,0.003931044967504931,0.002283904475312738,0.0024484850477801954,0.0034979018241878494,0.0007694875423808298
generation - Hydro Pumped Storage - Actual Consumption_t-30min,0.0010374940559854623,0.0012310351390055984,0.005142255832890442,0.0014488118952785953,0.0014771791948423926,0.00550441946452338,0.0015792648073165766,0.001199193951914367,0.006418354704530429,0.0031311232148459565,0.002764501455501886,0.0029199448778254007,0.00213054425865306,0.0007293981114275994,0.0015725607649219454
generation - Hydro Run-of-river and poundage - Actual Aggregated_t-30min,0.0033424612778326264,0.001139396299656255,0.006239863106037433,0.004354570993774359,0.001582840165484413,0.0041366019818768794,0.004052123603287328,0.004137496849900345,0.0037708812129385477,0.006134663416814874,0.0027743132359319134,0.003089798734262331,0.0015115340913141608,0.0012166749250745851,0.0028391839211931256
generation_import - Import - CH_t-30min,0.002271637736515004,0.005146335504395438,0.008274413382526746,0.008083997804282263,0.0072024303928519655,0.012901868387165906,0.005736861900677468,0.004308448245768432,0.004727554702739099,0.007000991125569272,0.003447063090811753,0.005932073020841017,0.004105360594797275,0.003066268435625261,0.0035276208318173303
generation - Fossil Oil - Actual Consumption_t-30min,0.0,0.0,0.0,0.0,0.0,0.0,0.0,0.0,0.0,0.0,0.0,0.0,0.0,0.0,0.0
generation_import - Generation - Hydro Run-of-river and poundage_t-30min,0.00476964998139772,0.0037767281769993132,0.004000341723869497,0.005715275098242273,0.006557026683261938,0.003409126956574255,0.004750681473569785,0.005621999741428226,0.0035939526037400355,0.006428947529162542,0.00692836903930268,0.00306435128141311,0.004141843634008183,0.005605136447592827,0.00290261112737835
generation_import - Generation - Solar_t-30min,0.0019292140802435825,0.003047998273655139,0.01182139659468885,0.002088029004009513,0.010949333719151128,0.018719201152853204,0.0037842731131190704,0.003013844883713091,0.01134709801493591,0.0015069406672480455,0.0031338387861924275,0.012441429274862458,0.002534399236671561,0.0019113751791057893,0.006974276165143237
generation - Hydro Run-of-river and poundage - Actual Consumption_t-30min,0.0,0.0,0.0,0.0,0.0,0.0,0.0,0.0,0.0,0.0,0.0,0.0,0.0,0.0,0.0
generation - Waste - Actual Aggregated_t-30min,0.0,0.0,0.0,0.0,0.0,0.0,0.0,0.0,0.0,0.0,0.0,0.0,0.0,0.0,0.0
generation_import - Import - sum_t-30min,0.011362963698913518,0.012391821301121467,0.007271039185750851,0.002033596009363464,0.0022020198013087793,0.0026652579115066144,0.005200462618327378,0.008009415312772035,0.0034395561700375763,0.009302059232461033,0.0067047085870417505,0.005413618444685199,0.012933471569611357,0.011315543109805731,0.005545511193256971
generation - Geothermal - Actual Consumption_t-30min,0.0,0.0,0.0,0.0,0.0,0.0,0.0,0.0,0.0,0.0,0.0,0.0,0.0,0.0,0.0
generation - Wind Onshore - Actual Consumption_t-30min,0.0,0.0,0.0,0.0,0.0,0.0,0.0,0.0,0.0,0.0,0.0,0.0,0.0,0.0,0.0
generation_import - Generation - Fossil Gas_t-30min,0.004312008975522076,0.001803634305417745,0.012547841429586697,0.003513840331639585,0.003640408726372698,0.0095399522079897,0.004134477968269493,0.002408825042915851,0.007947658250603127,0.002864911431159271,0.0034936899537997305,0.008402347293282219,0.0014331342209918602,0.0024184404550892397,0.005460692583670607
generation - Biomass - Actual Consumption_t-30min,0.0,0.0,0.0,0.0,0.0,0.0,0.0,0.0,0.0,0.0,0.0,0.0,0.0,0.0,0.0
generation_import - Generation - Wind Onshore_t-30min,0.011740295776011407,0.01208964060865037,0.0392515290962765,0.010684642096952303,0.009211503915244975,0.03781157225870356,0.007924505504481203,0.01028963177137848,0.03399254677435238,0.012605760200094664,0.011681574803733384,0.028082893268670885,0.010489508414764714,0.009451311998767779,0.023806930461272715
generation_import - Generation - Geothermal_t-30min,2.4340701447727044e-06,2.277892737424736e-06,2.687302956815074e-06,1.1910830465708956e-06,2.2425148049478596e-06,2.232689966398027e-06,5.723958602672496e-07,1.8662363177099906e-06,2.411995314730575e-06,7.128413482924146e-07,1.3427328869859423e-06,2.0717478357994424e-06,7.881865139047762e-07,1.0303770989850136e-06,1.1977975269132912e-06
load - Actual Load_t-30min,0.0024689299532237785,0.001805578253023043,0.004102548042976196,0.005028300995967584,0.002775954197644751,0.004403158383420305,0.0025666533972998878,0.003644545306492091,0.004334683891296663,0.0011621193075766314,0.005937031962247602,0.006648013483323666,0.002333216561095469,0.004806592010646454,0.005504236475722792
generation - Fossil Oil - Actual Aggregated_t-30min,0.0,0.0,0.0,0.0,0.0,0.0,0.0,0.0,0.0,0.0,0.0,0.0,0.0,0.0,0.0
generation_import - Generation - Biomass_t-30min,0.008350669011602804,0.004156728303571981,0.0031038490639289196,0.0026419815934632424,0.003093604335526834,0.0023817811134413205,0.0069073534939768704,0.004231172387655534,0.0035853850942085047,0.007484650734331808,0.009309936996243778,0.002250087214388259,0.008545423373905578,0.004969537791133917,0.003177342647968544
generation - Waste - Actual Consumption_t-30min,0.0,0.0,0.0,0.0,0.0,0.0,0.0,0.0,0.0,0.0,0.0,0.0,0.0,0.0,0.0
generation - Hydro Water Reservoir - Actual Aggregated_t-30min,0.005138081948204672,0.008447678283006552,0.012106011456358829,0.004004010359514723,0.00341244676900169,0.004948305621607233,0.004766781675147286,0.002725002145587496,0.0048351521263830365,0.00658706152173545,0.005985184412929811,0.002986009777028812,0.005564804860376171,0.0052131400382928635,0.004061313343618167
generation - Wind Onshore - Actual Aggregated_t-30min,0.006195722478983953,0.00861118025657197,0.028497923165487007,0.009760686360074032,0.00775934519466864,0.024021495462264283,0.010202624668669159,0.010528925849459483,0.029055344165040877,0.006030547465707059,0.0124023766957107,0.02401905647313106,0.004851445946722379,0.005842510837348527,0.01466894350235816
generation_import - Import - DE_LU_t-30min,0.0017167770677629052,0.003181184425098763,0.00746224347639145,0.002873019462510456,0.0015253599514785492,0.008162470417423719,0.0012375301079473502,0.0018049264881940417,0.0033331102553092935,0.0018711835960848475,0.003788183359003597,0.003185277588228928,0.001352628299050025,0.0027407571058365647,0.004548748147507354
generation - Fossil Hard coal - Actual Consumption_t-30min,0.0,0.0,0.0,0.0,0.0,0.0,0.0,0.0,0.0,0.0,0.0,0.0,0.0,0.0,0.0
generation - Other - Actual Consumption_t-30min,0.0,0.0,0.0,0.0,0.0,0.0,0.0,0.0,0.0,0.0,0.0,0.0,0.0,0.0,0.0
generation - Solar - Actual Aggregated_t-30min,0.004218628287970204,0.0027452323165857704,0.008191144490143415,0.00285294671572683,0.004669023872797425,0.0028736674030619726,0.00372881054357822,0.0025558894523514935,0.003422812330807574,0.0047887677934263595,0.01013426975506809,0.011852378533629235,0.005228946950835962,0.0019449753066096492,0.006118444730629563
temperature_mean_celsius_t-30min,0.005338781103284418,0.004871121843039419,0.005002170333479626,0.006490702844774205,0.00956696553311849,0.005271064134100016,0.003098983657942881,0.005140407874152516,0.004333351898676483,0.005069434008690223,0.00857169109089591,0.004317013752639013,0.005489656796823511,0.008681646286946489,0.001632846936559986
generation - Geothermal - Actual Aggregated_t-30min,1.6230920629709545e-06,8.749503996625663e-07,1.1172507194032732e-06,1.6497839056484054e-06,1.7708651725101276e-06,2.5104184861532986e-06,1.3768818286621354e-06,1.4697887468173575e-06,1.691037811951901e-06,1.2818595603221184e-06,1.0046754051415974e-06,1.6236470582029483e-06,6.044190138734251e-07,1.0283399979584829e-06,9.94645715789666e-07
generation - Hydro Pumped Storage - Actual Aggregated_t-30min,0.005464762860189694,0.0030328058079630866,0.009770662533475843,0.0015630730454980152,0.0028626285321229263,0.005508156267602317,0.0022810586612501994,0.001456701316652925,0.007936851071877754,0.0037472285063395246,0.0025424355175198343,0.0059156712483268165,0.003670463763855878,0.0024523710109260717,0.004954422112012253
generation_import - Generation - Other_t-30min,0.0,0.0,0.0,0.0,0.0,0.0,0.0,0.0,0.0,0.0,0.0,0.0,0.0,0.0,0.0
generation_import - Generation - Waste_t-30min,0.0,0.0,0.0,0.0,0.0,0.0,0.0,0.0,0.0,0.0,0.0,0.0,0.0,0.0,0.0
generation - Solar - Actual Consumption_t-30min,0.0,0.0,0.0,0.0,0.0,0.0,0.0,0.0,0.0,0.0,0.0,0.0,0.0,0.0,0.0
temperature_std_celsius_t-30min,0.0023487476861146204,0.002196769136113744,0.011704931943138604,0.0021730686561650145,0.0039748293609563915,0.014085227490984835,0.0023784650039160625,0.0032644763751550274,0.015824400302683898,0.0017689728954010206,0.0015675597749163898,0.0059622353081379064,0.0022700191979383817,0.0022496186128678347,0.005982966947611203
generation - Biomass - Actual Aggregated_t-30min,0.004230988262738719,0.005607426715836482,0.004169608691507619,0.002198191381523884,0.001853174343051478,0.004571375934869139,0.0035701403541961553,0.0014653361615368165,0.004327217959021254,0.0015508946629379352,0.002590806178894468,0.002213370011860661,0.0014922856509110717,0.0015218460099995354,0.003643277554101587
generation - Other - Actual Aggregated_t-30min,0.0,0.0,0.0,0.0,0.0,0.0,0.0,0.0,0.0,0.0,0.0,0.0,0.0,0.0,0.0
generation_import - Import - CZ_t-30min,0.010636969347582636,0.009596704966810648,0.01505350506308605,0.007229776665684767,0.006597045881524537,0.010575795007789567,0.007557429576511822,0.006741902619362463,0.011619170682011373,0.006432222757373893,0.007749045945201942,0.00582934237257723,0.006525026731534581,0.006767210932288435,0.005748733685031766
generation - Fossil Gas - Actual Aggregated_t-30min,0.002030067866722675,0.0034711421992888064,0.003647508733380846,0.001671235552536018,0.0014825451622927518,0.0028549265566584834,0.0019855918614284747,0.00320724670331947,0.0030194583796369443,0.0012303897143142422,0.006811022888925436,0.004245181792776748,0.002744745729350143,0.0010559834993523508,0.002273817366390176
generation - Fossil Hard coal - Actual Aggregated_t-30min,0.0019728547443537536,0.0029795723250717857,0.006954888942116668,0.0015521697712283639,0.0010014580398747057,0.007309279554639943,0.000922988884267852,0.0022965269361739046,0.006445687349478249,0.0008681653151256796,0.0014918087247481253,0.003507549809193279,0.001983252655074466,0.001015017410795508,0.00435321653536812
generation_import - Generation - Hydro Pumped Storage_t-30min,0.002840766131224882,0.001406574732505419,0.0017837412100211623,0.003211364490492201,0.003707414209565286,0.0026813216242644556,0.0025582173896987115,0.0015636513991569246,0.0015105633376520018,0.0011216183011506474,0.0038767681213330435,0.0025035507308068645,0.002506446586507934,0.0015268969605776875,0.0035180502494595203
generation - Fossil Gas - Actual Consumption_t-30min,0.0,0.0,0.0,0.0,0.0,0.0,0.0,0.0,0.0,0.0,0.0,0.0,0.0,0.0,0.0
generation - Hydro Water Reservoir - Actual Consumption_t-30min,0.0,0.0,0.0,0.0,0.0,0.0,0.0,0.0,0.0,0.0,0.0,0.0,0.0,0.0,0.0
generation - Other renewable - Actual Consumption_t-15min,0.0,0.0,0.0,0.0,0.0,0.0,0.0,0.0,0.0,0.0,0.0,0.0,0.0,0.0,0.0
generation_import - Generation - Hydro Water Reservoir_t-15min,0.0016424461420842817,0.0034209375579448533,0.008441968220351554,0.0022798755744714754,0.003778191652487294,0.00846012562586111,0.0023789251709310975,0.0022484789509944676,0.005964825100072631,0.0011708726987499176,0.0016954139427780319,0.004092635178310957,0.002405418800342886,0.002720921762571379,0.004731577608134955
generation_import - Import - SI_t-15min,0.0014635795914320084,0.002648497219905039,0.006685291031782981,0.0030489483200362884,0.002559679166475689,0.0076418564878185866,0.0032456564539461398,0.0019617201305372873,0.007360645305619982,0.0025467994960417855,0.0015621384247097012,0.005418716598138417,0.0015126977834752325,0.001562049607809058,0.005722079402155941
generation_import - Import - IT_NORD_t-15min,0.0029528860594145953,0.00272799947403837,0.008198198678670452,0.0010503369512582595,0.0005364868648430417,0.0068305364242987705,0.0006300384711503284,0.0017127137834446558,0.007617659583571367,0.000844102012116025,0.0010028202538063624,0.0047011466326657685,0.0007327505162249963,0.0005720209559826515,0.005317861503921449
generation_import - Import - HU_t-15min,0.002277068876216617,0.001293062933190754,0.005297120308061949,0.0008324013419905328,0.001090070896594625,0.003123398012893631,0.001039312578182944,0.0024878987142437836,0.003129180644813687,0.0015663965609098796,0.0010034055951179113,0.0026164696618277503,0.0020538706511833878,0.0008322360855318038,0.0015544209140704198
generation - Other renewable - Actual Aggregated_t-15min,0.0,0.0,0.0,0.0,0.0,0.0,0.0,0.0,0.0,0.0,0.0,0.0,0.0,0.0,0.0
activated_balancing_energy_prices - Price_t-15min,0.00457802897842339,0.0062734013357767255,0.0016133960425486293,0.005023483808967285,0.004289399416391916,0.0022660186012122383,0.00437373149177256,0.0051879716090043075,0.0017298161771176126,0.004882121290793293,0.00495059305338873,0.0015198316061546392,0.004365055380862032,0.004383255087217549,0.0013581957881563084
generation - Hydro Pumped Storage - Actual Consumption_t-15min,0.006365012751563881,0.0031872639146422444,0.009803656762982428,0.0019292601263756523,0.0028763954906808067,0.007676298914265999,0.003090919593883882,0.0018728744801828725,0.005860486724783186,0.0041705762824894915,0.0025839411247925454,0.0042172948475054,0.004513065692663076,0.004978802711339086,0.009220833452694933
generation - Hydro Run-of-river and poundage - Actual Aggregated_t-15min,0.0020508574959692398,0.002543836193421157,0.0046073809577692375,0.0017920815629092885,0.0034419088667605137,0.0030986274838633106,0.002123081013571209,0.0017626636699587834,0.003554603661276815,0.0033317032220987813,0.00166193778253637,0.005033631887546221,0.0049067887342152975,0.005004447130995686,0.0016404644609498292
generation_import - Import - CH_t-15min,0.004461344046692829,0.004062510558398117,0.011465122927027551,0.007843959383131732,0.0032563751961224626,0.01137586585598183,0.0035139910610150764,0.0037860107700340676,0.007929933281939156,0.002866042179164424,0.003550481757059515,0.004051156699301828,0.007366791050550091,0.00353473001657585,0.008765202460323054
generation - Fossil Oil - Actual Consumption_t-15min,0.0,0.0,0.0,0.0,0.0,0.0,0.0,0.0,0.0,0.0,0.0,0.0,0.0,0.0,0.0
generation_import - Generation - Hydro Run-of-river and poundage_t-15min,0.0021554379933077144,0.0017285321057315742,0.003937180139717384,0.002676893332594318,0.0015321883900999182,0.0035321283308956024,0.0014621867321998252,0.004207831465554591,0.0029727823096236533,0.002121196011243228,0.002249432435110066,0.0064486724940652496,0.0022236787796155112,0.0012570101058366782,0.0015983178170781685
generation_import - Generation - Solar_t-15min,0.009665117452632557,0.0021732987183158913,0.020402031854799135,0.004994070966912659,0.0028006637293774474,0.01189787369268015,0.002441773712970644,0.0017056145276133066,0.008599645287860768,0.0026732416756708515,0.004427618613302911,0.005975318124423211,0.0023877835292205416,0.0024128719847526553,0.004084663781221025
generation - Hydro Run-of-river and poundage - Actual Consumption_t-15min,0.0,0.0,0.0,0.0,0.0,0.0,0.0,0.0,0.0,0.0,0.0,0.0,0.0,0.0,0.0
generation - Waste - Actual Aggregated_t-15min,0.0,0.0,0.0,0.0,0.0,0.0,0.0,0.0,0.0,0.0,0.0,0.0,0.0,0.0,0.0
generation_import - Import - sum_t-15min,0.0028611082172021723,0.0016155170567399182,0.007447946192739437,0.005649604964515675,0.0034449037424983545,0.0058514615161257095,0.002341420319649842,0.0015295726883484803,0.010062080645368041,0.0027038370827654036,0.001983611274521536,0.0029458034458566544,0.005375510052432219,0.0015495807577834454,0.0013745301105295767
generation - Geothermal - Actual Consumption_t-15min,0.0,0.0,0.0,0.0,0.0,0.0,0.0,0.0,0.0,0.0,0.0,0.0,0.0,0.0,0.0
generation - Wind Onshore - Actual Consumption_t-15min,0.0,0.0,0.0,0.0,0.0,0.0,0.0,0.0,0.0,0.0,0.0,0.0,0.0,0.0,0.0
generation_import - Generation - Fossil Gas_t-15min,0.0016590467845353488,0.0020671216511109376,0.007379266218543762,0.003814001659709902,0.0014887767221587183,0.006341338695876402,0.002202143725525957,0.0035684488740553204,0.004573857951727405,0.006061976076915016,0.0030671508882930995,0.003059522072720938,0.0056747180222027965,0.0012019728907853278,0.0025212719249884685
generation - Biomass - Actual Consumption_t-15min,0.0,0.0,0.0,0.0,0.0,0.0,0.0,0.0,0.0,0.0,0.0,0.0,0.0,0.0,0.0
generation_import - Generation - Wind Onshore_t-15min,0.005453611664782045,0.00809743902169248,0.023563328816584544,0.00671452344100544,0.004525688829266073,0.013943875481767464,0.006530616206204286,0.00227185937322065,0.007587301340220619,0.005202100210521167,0.001961344974955864,0.0036217793896466902,0.0021648385472790325,0.0051062914228259615,0.0033873670299483364
generation_import - Generation - Geothermal_t-15min,9.608706012045332e-07,1.0297034683901528e-06,5.225720928137889e-06,7.625739068157778e-07,1.8591704579762336e-06,3.166222906429539e-06,1.132802316277548e-06,3.2494049860360974e-06,1.783870612911187e-06,1.7271313168834012e-06,8.683317073661101e-07,3.4755077967929536e-06,1.5134859243914889e-06,1.456686100310578e-06,2.2582542439693045e-06
load - Actual Load_t-15min,0.007669985305350565,0.006974168759465101,0.006911816433785134,0.001325808346593135,0.00248731148343586,0.008267660036386588,0.0014081004971740186,0.004686319530374021,0.006566414499122402,0.003145411889483512,0.0036437602505225188,0.0041879254195659995,0.006299701089792506,0.0067672687066806245,0.006862625518606364
generation - Fossil Oil - Actual Aggregated_t-15min,0.0,0.0,0.0,0.0,0.0,0.0,0.0,0.0,0.0,0.0,0.0,0.0,0.0,0.0,0.0
generation_import - Generation - Biomass_t-15min,0.006394195707107428,0.0028509704188472824,0.013727002347717643,0.004940750138681324,0.0027959418741811534,0.016643056812725262,0.0030539414912473146,0.003200207119749393,0.014006653896423358,0.004682806680910289,0.004280672795701321,0.012210740271959366,0.003030608887278504,0.0025610441771550542,0.009135962900414598
generation - Waste - Actual Consumption_t-15min,0.0,0.0,0.0,0.0,0.0,0.0,0.0,0.0,0.0,0.0,0.0,0.0,0.0,0.0,0.0
generation - Hydro Water Reservoir - Actual Aggregated_t-15min,0.0051378985418177765,0.006837209464540138,0.015607469740818487,0.006282771602098365,0.004025901113169312,0.01036478560668911,0.004093515286452202,0.00220274327214247,0.011626851543729572,0.002985896249369034,0.005745043592754428,0.0025938438129014686,0.005464449549706842,0.002414860496741312,0.002523113796138205
generation - Wind Onshore - Actual Aggregated_t-15min,0.0012449448942975323,0.0038311120420921724,0.010120457487260865,0.0020323226149283756,0.0014489628244675715,0.004688524668665196,0.0018611126346231685,0.0016039642571390685,0.002981400395588935,0.0026933153044406024,0.004855666932970053,0.003155530437481502,0.002424239117918127,0.0008363441768760822,0.002443513440710376
generation_import - Import - DE_LU_t-15min,0.0031454673476905555,0.0018313187835592543,0.006681871716713659,0.001718217669545993,0.002482570775078784,0.005722294189983131,0.0015743299347004721,0.0021368449921765204,0.004801987115149131,0.0031962930245335885,0.001254394553898237,0.00627793704151918,0.004997669091801072,0.004042637186944376,0.0026449985307317545
generation - Fossil Hard coal - Actual Consumption_t-15min,0.0,0.0,0.0,0.0,0.0,0.0,0.0,0.0,0.0,0.0,0.0,0.0,0.0,0.0,0.0
generation - Other - Actual Consumption_t-15min,0.0,0.0,0.0,0.0,0.0,0.0,0.0,0.0,0.0,0.0,0.0,0.0,0.0,0.0,0.0
generation - Solar - Actual Aggregated_t-15min,0.002941455811444257,0.004070385901162353,0.005949940823531506,0.007038682767783939,0.0035289595869937786,0.006355544334312071,0.0037619818848897355,0.004124439072547829,0.005439764103958168,0.0025325786607420468,0.00363319461750325,0.003577405227819327,0.004043900075504098,0.0027154215477667096,0.0025532983591163828
temperature_mean_celsius_t-15min,0.008374657809035853,0.007768320676503208,0.006952350967017992,0.009349988252823096,0.008718522324586501,0.003984230217756022,0.007904010835929513,0.010227285093395039,0.005988745847957034,0.00595487419483834,0.0076853828393723235,0.006504392263723275,0.007688124499582045,0.011687901077151765,0.006047304258641816
generation - Geothermal - Actual Aggregated_t-15min,7.546832597853381e-07,1.8305428595226657e-06,2.629780161441886e-06,5.461424508848012e-07,1.1482671950489022e-06,3.2432622206215457e-06,7.863071098590524e-07,4.717749407241456e-07,1.692474590061721e-06,1.1948412064270996e-06,9.058090516482764e-07,6.77572045312047e-07,1.027720292523071e-06,5.359716398167791e-07,1.2990905498213578e-06
generation - Hydro Pumped Storage - Actual Aggregated_t-15min,0.006238298108626623,0.0039620406101302024,0.012336914728581177,0.004480126254056813,0.0054622672692707964,0.012625597312144236,0.005062432705995889,0.0023687875707610146,0.0068439102480206205,0.003469026194070466,0.005596370506980747,0.0058496247185739775,0.0023421535849847716,0.0036051698082810615,0.0037613844818697546
generation_import - Generation - Other_t-15min,0.0,0.0,0.0,0.0,0.0,0.0,0.0,0.0,0.0,0.0,0.0,0.0,0.0,0.0,0.0
generation_import - Generation - Waste_t-15min,0.0,0.0,0.0,0.0,0.0,0.0,0.0,0.0,0.0,0.0,0.0,0.0,0.0,0.0,0.0
generation - Solar - Actual Consumption_t-15min,0.0,0.0,0.0,0.0,0.0,0.0,0.0,0.0,0.0,0.0,0.0,0.0,0.0,0.0,0.0
temperature_std_celsius_t-15min,0.0041130563876967015,0.005498945257043942,0.010772455566894677,0.005912382245342087,0.0024141044461498495,0.0064960623581409895,0.003523303234726882,0.004332375730615695,0.005637363319270662,0.0030803159280660564,0.005183511225289294,0.004214802358575071,0.007452123114221195,0.002108044382756134,0.005773208735908156
generation - Biomass - Actual Aggregated_t-15min,0.0018565650117410542,0.0026332695461624097,0.0034814399951176257,0.0044217517367069374,0.001589979975945198,0.003464127211182131,0.001708067583753291,0.002046294822830532,0.004527183779421876,0.002743105844481761,0.0012958104330950846,0.002131532385655646,0.002594148506766942,0.001505707475039344,0.0032475196300729295
generation - Other - Actual Aggregated_t-15min,0.0,0.0,0.0,0.0,0.0,0.0,0.0,0.0,0.0,0.0,0.0,0.0,0.0,0.0,0.0
generation_import - Import - CZ_t-15min,0.007816122606309364,0.011087352953483787,0.027494405533652753,0.010245308036965526,0.010522752149736334,0.024583508710900787,0.009374999730014679,0.011141992243603453,0.021191003440435452,0.010885140279089683,0.0101404277685142,0.01739409575451282,0.012408536913379066,0.011594720148186752,0.01488581067386258
generation - Fossil Gas - Actual Aggregated_t-15min,0.001517591628818991,0.002259224717589632,0.0071498488751785775,0.003166085720344199,0.001633931311653214,0.013343322978209471,0.002638951815359178,0.0018203426238061393,0.007817337541771848,0.0021003652385657005,0.0021699822652772125,0.004954459712484095,0.0016958959088506163,0.0012962563280436825,0.0078071543466230655
generation - Fossil Hard coal - Actual Aggregated_t-15min,0.0008166978770226479,0.0036113781477324666,0.0022611057105095824,0.0016085385950173076,0.0016421543095784727,0.001240508857737133,0.0030401830467162655,0.0014413366271992345,0.00147549825245801,0.0009856435859466046,0.0007712882862253991,0.0024656062151989316,0.0008569913091550916,0.0010869553799800543,0.0014661045785624082
generation_import - Generation - Hydro Pumped Storage_t-15min,0.005022446514589319,0.005325890672023889,0.009270955474192306,0.0042236423187864604,0.0023556530323089646,0.006233665702260623,0.0031076328837523945,0.0033433019440358295,0.002809431794550619,0.0019508299500839712,0.0012283368761327438,0.005259266969304008,0.004037927010533167,0.0011612996904896136,0.006747901837960399
generation - Fossil Gas - Actual Consumption_t-15min,0.0,0.0,0.0,0.0,0.0,0.0,0.0,0.0,0.0,0.0,0.0,0.0,0.0,0.0,0.0
generation - Hydro Water Reservoir - Actual Consumption_t-15min,0.0,0.0,0.0,0.0,0.0,0.0,0.0,0.0,0.0,0.0,0.0,0.0,0.0,0.0,0.0
imbalance_prices - Long_t-300min,0.0010380773380511527,0.0008218586691791643,0.0007285179962277084,0.0014069450605015846,0.0012969583042673775,0.001091818648041226,0.00074201645649282,0.0008134950712524187,0.001620129254642052,0.000743199909528954,0.0006762336689332642,0.002039279154418182,0.0011829063027917074,0.0006065874316518602,0.0005544230659865398
imbalance_prices - Short_t-300min,0.0025020392197340016,0.001964647514011631,0.0013123742106373015,0.0019705118383326406,0.002595366591871425,0.0012090985012564487,0.002918178626530789,0.002237045775737897,0.0008831741544599935,0.0025911886673799815,0.0017404751402516467,0.0005563401692627039,0.002346083520666525,0.0022712591128436657,0.0005813145249638865
imbalance_volumes - value_t-300min,0.0016753404068449527,0.0018964096815425363,0.019243691637937446,0.0047075759979670695,0.0017366648023258336,0.019346347578350104,0.0014719626414773756,0.001427320460346209,0.014650922182125214,0.0018344153201969675,0.0017867651282731458,0.004251438912920548,0.0018226859974183754,0.0014490291597348914,0.011022887264021846
imbalance_prices - Long_t-285min,0.0009567045632120426,0.0007477664627850071,0.0025372705974046994,0.0016440540998460165,0.0016428485060365574,0.0017764420418798182,0.0025643967874339067,0.002114417713938565,0.0009229580835217348,0.0012632715980898865,0.0019028669889894446,0.0012335301160441361,0.000647298220903167,0.002704633704371645,0.0019012462611790396
imbalance_prices - Short_t-285min,0.0007987037032811486,0.0010776759664968267,0.0015243555578185806,0.001062250802370727,0.0011861418922169378,0.001698732166287435,0.0015928423992289246,0.0013555922891189311,0.0021667378276046066,0.0014920085209068929,0.002148737062509355,0.0021372669341858455,0.0013195879970116949,0.0007006258398221235,0.0008375194126929273
imbalance_volumes - value_t-285min,0.0054474247003872735,0.006476867956866045,0.008883858934350428,0.0038752278307297274,0.005018952350448671,0.0030253747764957097,0.0028740337534527496,0.0023782119923043865,0.0021390200703615392,0.0019023903739106914,0.002222773127212804,0.008614664705329232,0.0033387616926011106,0.005080109344649827,0.0023602351073482167
imbalance_prices - Long_t-270min,0.0010394553940968763,0.0012452232305449798,0.0008817168057207994,0.0005675066812359546,0.001061801304288565,0.0007157410617369351,0.0011223580952940892,0.0005937310432242384,0.0010841056640749685,0.001077142519066456,0.000723461869755738,0.0005606236950118273,0.0008307714155396297,0.0015747097586101973,0.0011955537750700388
imbalance_prices - Short_t-270min,0.0011415175223773986,0.0008165024944751167,0.0011920215140580695,0.0015530984471236024,0.001681859230661871,0.0014116343559671804,0.0013374578281013783,0.001782422226357994,0.0011368907746491458,0.0027406707605575776,0.0025098511145647535,0.0019005455162321141,0.0030351336568437545,0.0016144795739073744,0.0007246060374159242
imbalance_volumes - value_t-270min,0.004278376601228956,0.002625551513589016,0.0032244983040031912,0.006522014410704287,0.0032447229847830388,0.0029242415619264647,0.0015169767573963782,0.0012926738817468505,0.003399972422175779,0.0013665831186905279,0.0013616542431288963,0.007653563662986016,0.002214278819921674,0.0019689077616853864,0.0029739123479848788
imbalance_prices - Long_t-255min,0.0014908964750420636,0.0005028087728712762,0.001568386438746984,0.0004981933870476496,0.0005265594460097418,0.0011319519314949957,0.000634504275269478,0.0009717109700216043,0.000942257199125379,0.0006635379656859186,0.0010423186917096245,0.0006599821477848309,0.0009552988138746059,0.0008801741694517773,0.0007282041416901847
imbalance_prices - Short_t-255min,0.0022950301310693247,0.002076285146025157,0.0019849660024526656,0.0016280014514777578,0.0020374005953292455,0.0009485674208531236,0.0015283835793779871,0.0011790151304667234,0.0012631208587517903,0.0022903889640365376,0.0015048483787173837,0.001066145722955298,0.0025958561993074908,0.0018829075236307061,0.0008832764113845429
imbalance_volumes - value_t-255min,0.0017587264354442596,0.0025364905263286345,0.01108347264495751,0.003805328591461148,0.0015146888371935247,0.010883673334821651,0.0011121062265483487,0.0012887641516283778,0.006036532841812232,0.0021009557289614804,0.002626342932695934,0.01325343019382126,0.0056372136460777255,0.004268894280199675,0.016453503416717467
imbalance_prices - Long_t-240min,0.0005559068702689273,0.0012889069214352276,0.0012010929158522857,0.001136316608560719,0.0005807141882802398,0.0007067383833636996,0.0009015534804921117,0.0008081472377918999,0.0015826366248420953,0.001130691235989616,0.0009303455516919711,0.0017186202128307286,0.0011297271078565246,0.0008716553511430902,0.000617300039243787
imbalance_prices - Short_t-240min,0.0010403731928511205,0.001058827460090015,0.0009664870805427199,0.0014780818958113286,0.001045416107386245,0.0014164247762435593,0.001540256375454902,0.0011861000646024421,0.0018938379448845807,0.002031357278349333,0.0013033086784855642,0.0012016622562059638,0.0008148635626614578,0.0008724352819274941,0.0009836029064667854
imbalance_volumes - value_t-240min,0.0012473308636732554,0.002445306873042796,0.004852723551127383,0.0019325495307047618,0.0011517063248766134,0.004589970534693748,0.0017456547696747292,0.0012238560723146748,0.004272890171271683,0.0018009846660052063,0.004781371235039842,0.0021905460613975266,0.0011377760465898063,0.001722675171977926,0.007080594354232744
imbalance_prices - Long_t-225min,0.0008023953371489369,0.0008126122366845721,0.0017731871508849509,0.002061668508764342,0.0021093155428707176,0.0017653002322301746,0.0021113120153067938,0.0009223574515065707,0.0012415189229242286,0.002030009302009603,0.0008345250981583376,0.0007552098164110248,0.0007806886239492883,0.0016590895221461324,0.0009678568257104417
imbalance_prices - Short_t-225min,0.0012377103410200617,0.0008882870418792663,0.002494136340934347,0.0014896549857403444,0.0006795471175324792,0.0020201998455561354,0.0010880351234904993,0.0015690233954601355,0.001670390407163495,0.001239263697980732,0.002236386127429171,0.0013845563686128344,0.00098642895185003,0.000783457471939073,0.0012395399764469062
imbalance_volumes - value_t-225min,0.0019169689819864288,0.0023976876460337737,0.003628856806211843,0.0015342314127947247,0.001473449511519334,0.00284833772928323,0.001970822238843539,0.0018625900934191577,0.004360975470037601,0.0014730309505010268,0.003665111538655765,0.0025991904642169174,0.001696373113061327,0.0016128873559996463,0.002076645949797921
imbalance_prices - Long_t-210min,0.001802460484471112,0.0030616651363160373,0.00257692114618294,0.0015022871459368617,0.0006422689331017182,0.0010479461517653376,0.0009820170775683436,0.0016134067117600352,0.0012272232367267861,0.0018067348665645113,0.0012741116461897945,0.0006883252693398844,0.003160018543916067,0.0014925072964000492,0.0012684252256858599
imbalance_prices - Short_t-210min,0.0005848069661321915,0.0008336968996928533,0.002760913355545199,0.0007807723178448214,0.0007447625417912605,0.002364076101417027,0.0007897798356441967,0.0007142974966243401,0.0018664296752940572,0.0006995256428642733,0.0008615125253985525,0.0014065030650035623,0.0008851597513557862,0.00043106986756970403,0.0007276575861519632
imbalance_volumes - value_t-210min,0.001746771488329614,0.002079918096429992,0.005034734637049041,0.0014056671092327947,0.002517849531408956,0.0050999334522348365,0.0014612367169038406,0.0009561351291031315,0.00832296649410273,0.0023011386153408467,0.0016876067282682926,0.008456672335050826,0.0035719826514468878,0.003017540383441883,0.0048681808916935555
imbalance_prices - Long_t-195min,0.0010726766036491427,0.0005585166755270166,0.0016887294706025386,0.000857654983573866,0.0007316037227693642,0.0021922736561482453,0.0006497206292094688,0.00044530279223732805,0.0034834183659554585,0.00051643307338054,0.0005080299454353962,0.0020010836420597117,0.0008715376837617441,0.0005641668474968356,0.0016309320510340512
imbalance_prices - Short_t-195min,0.0015986669665244335,0.0012474206278575365,0.0043093854066125915,0.0008040453340092881,0.0009668704105656615,0.0021877930782434303,0.0017313414871737223,0.0014256963618486224,0.0030689010242190306,0.00200916044404039,0.00227658551215643,0.003280286136178347,0.001421458264170269,0.0013455911328623387,0.0012227585869251244
imbalance_volumes - value_t-195min,0.0011687810351672851,0.0026423419912207464,0.0019263165866541384,0.0016918271657816604,0.0010090062780993775,0.0073247826254009855,0.0013825013155760644,0.0021880146356743355,0.006912824558799911,0.00098470625277605,0.0029554607866157314,0.007378705662928269,0.0019569176057179904,0.0030042820666412806,0.006311598310694535
imbalance_prices - Long_t-180min,0.0020729512911102574,0.0027839269747100843,0.0018538193525205315,0.0022658559659239474,0.0016879610171163222,0.0014716035819865283,0.0012019263257620877,0.0022038622993313765,0.0010939477599689836,0.002113489381262298,0.0012303998216834202,0.000998091270640998,0.0022849183671132776,0.0016906823563028865,0.0012447913900380172
imbalance_prices - Short_t-180min,0.0005243354883663188,0.0007914848865472095,0.00281582237443331,0.0006639671740098549,0.0005850604799098988,0.001908584764157979,0.000559997158604574,0.0007326502822599536,0.0017429314777623404,0.0006156398084109753,0.0006754397053488219,0.0017644526780686647,0.0006429095916300866,0.0005304687450184246,0.001461938481797347
imbalance_volumes - value_t-180min,0.0013350250521989438,0.0022983581220657923,0.0029334769273752954,0.004054029239088777,0.0012962058786697526,0.002208569547938055,0.0010301065473686322,0.004468686654476414,0.0020394239679390014,0.0016245030495747415,0.004683486975849519,0.003038427036419762,0.001646906004153152,0.0024286785202784814,0.00455378997808566
imbalance_prices - Long_t-165min,0.0011994439518271064,0.0017120800960371838,0.0009842587049006398,0.0007884009749200232,0.0009732556191593176,0.000829412704763854,0.001106676923194641,0.0008075626449008268,0.00141621740421067,0.001117562164040919,0.0009079429741091189,0.0009994949141333223,0.0006555445394266144,0.0008634521785938887,0.000638126836019552
imbalance_prices - Short_t-165min,0.0017882767229787078,0.0022698822524725984,0.002272384530957993,0.0016686409565580434,0.0011492365175297435,0.0018980580771135464,0.0017557489879009155,0.0022045712764679594,0.0012837616767563276,0.0016560916797898244,0.001577290790655752,0.0009741365635772751,0.0016706560256748162,0.0011682344300397744,0.0010804552900667659
imbalance_volumes - value_t-165min,0.0035005098430656288,0.0035909632399448127,0.020220451756875264,0.005569563741046295,0.002327128945823233,0.01816415423177932,0.0012194270282656135,0.0020045248755875492,0.01341021328840361,0.0014762688359687673,0.0011282776110213034,0.009889241230907373,0.0012087267852139121,0.001200094837487427,0.01028210326153203
imbalance_prices - Long_t-150min,0.0005744986148074531,0.0007874861322619396,0.0015704848458508423,0.0017363276523632862,0.0006473214947682208,0.0015285089296138495,0.0009705848420426264,0.0009287325586583392,0.002764342306282742,0.0008660986908485029,0.0019566555935851965,0.0019476444970205193,0.0006307152051122102,0.0009761532694368853,0.0011144198038423384
imbalance_prices - Short_t-150min,0.0012969172187026743,0.001950813879976522,0.0014606143767468894,0.0012931054502796542,0.0019419418080623245,0.0012145820075911615,0.0022825476903103664,0.00199743266148954,0.0011149161920079678,0.002298813642489222,0.0017704760240885662,0.0006864904033586753,0.00215973706839668,0.0023522713655102054,0.0007287352899917323
imbalance_volumes - value_t-150min,0.00259688265333034,0.001943995973499682,0.008128042992018436,0.0020972495524506484,0.0020782274703622077,0.013018769040483675,0.0019491172193265812,0.0017102967568171153,0.011122070381052935,0.0019205705770999656,0.0021377453951931785,0.007155900953621313,0.0016209954117475719,0.0016103452357074275,0.007631289103283052
imbalance_prices - Long_t-135min,0.0015766917439786995,0.0008943688084616497,0.0012664444808353822,0.001468563915173945,0.0012350980412938952,0.0007503921793295377,0.0009549075720319707,0.0007847465737329457,0.0007453137463535313,0.001233571918102257,0.0012886053393958718,0.000977294076303309,0.001426593198343994,0.001601415555013375,0.0009038998346732114
imbalance_prices - Short_t-135min,0.0007240342143226144,0.0008962006361675776,0.0009631744895032171,0.0005127534500579714,0.0005678810917733017,0.0007463359841221972,0.001966529010043814,0.0009825865903799241,0.0005454845000188868,0.0010445610731321723,0.0005139326352405078,0.000571038045543446,0.0008302452733522614,0.0011820362776502407,0.0005745500422776786
imbalance_volumes - value_t-135min,0.0022456508610130188,0.003194796227819097,0.004163207639427128,0.0033015358899338024,0.0014653971529361343,0.0054995628363139985,0.002551580370782176,0.0016114523261981047,0.009456428353070805,0.0011742201088550245,0.0009234626840973305,0.011985393257953546,0.002570410166513284,0.0012761576985570854,0.009715762336520129
imbalance_prices - Long_t-120min,0.0006563227181300136,0.0005230101528686646,0.0011124869021386986,0.0003047906855243241,0.00047351306934751845,0.0009829876663989125,0.0004000177158275164,0.0005330002806324501,0.0006949708098485275,0.0005083361886054263,0.001137596846721749,0.0004015896906525995,0.0004260056526622975,0.0002741386388628371,0.0004931059482890419
imbalance_prices - Short_t-120min,0.00035892393940537205,0.0005493933804759195,0.0025599215256752357,0.001391727051262251,0.00046127796142172886,0.001509254152822905,0.0009465135538468985,0.0004421272743157374,0.001396885042589929,0.0008041978539599768,0.00046718196513847944,0.001249884918893258,0.0003896044432749477,0.0009305346519799969,0.0010734319627879359
imbalance_volumes - value_t-120min,0.005606249615273555,0.006145795853616846,0.018244817499587954,0.005770976261104807,0.003464520333159271,0.014319792901515029,0.003079484964788435,0.0035360097679995304,0.016043412825012638,0.005484591889387957,0.006619952424653092,0.019816585763168405,0.004788393318918679,0.003358487557851504,0.01680357852229645
imbalance_prices - Long_t-105min,0.001223620716111327,0.0013909256688508548,0.0012522824607875123,0.0003699155352738899,0.0006141683030932654,0.0012304073970690439,0.0005052944381297948,0.0004366171380147534,0.0006313977294362303,0.0006851072887347982,0.0009254987570877801,0.0017481117457173242,0.0008632175632077405,0.0007110959956315854,0.0012026638066145096
imbalance_prices - Short_t-105min,0.002198709998743652,0.0023344581338944864,0.0009671341163533498,0.0017499467126090168,0.002293286915300996,0.0006873364342732202,0.0021074216795605024,0.0017565477353409732,0.0010747428145944013,0.0018601610326913942,0.0016875436272021033,0.0005721065972938959,0.0017250951690430155,0.0016700531803799095,0.0005200593378608574
imbalance_volumes - value_t-105min,0.0071504066861380125,0.006205230708685122,0.03863396453563473,0.0035041913054265025,0.00198687821976273,0.02910100696099835,0.0013785283947665903,0.0014830529963819573,0.02315994318400044,0.00322191208185086,0.0016479447903279833,0.02177162788514397,0.0029324084025865887,0.002444361179349471,0.024120391846765416
imbalance_prices - Long_t-90min,0.0007550795022455076,0.00130745054475301,0.002187667791936292,0.0016532442374045785,0.0018869271382541228,0.0012889059419085242,0.000833540242860181,0.0011592765672526185,0.0024544918146084454,0.0005968571304492798,0.0006408465026715931,0.0016053611983079463,0.0017510121554068973,0.0009834744565632718,0.0011684315878342205
imbalance_prices - Short_t-90min,0.001589818976139668,0.000789839298536208,0.0009760713025170844,0.002471290354154604,0.001952825586682593,0.0008648054685445459,0.0010996331708138314,0.0013326679215720106,0.0005467243358393717,0.0011564398385948778,0.0013695727974682085,0.00046285538635038395,0.0011020383091861277,0.001765409079808137,0.0005382150466477924
imbalance_volumes - value_t-90min,0.0016686053008679665,0.0015347035735644567,0.0034989047380186095,0.003683641049117796,0.0032314870036734646,0.00843339353675401,0.0012780177717418724,0.002871642850071396,0.004127606609614304,0.0013568115054249574,0.0015745505697614135,0.0033569937141746777,0.0013801660239432748,0.001599358983151376,0.010551943036422018
imbalance_prices - Long_t-75min,0.0012749269608934811,0.0008243700151786015,0.0007909970321043147,0.0016894139332471242,0.0009092661989361659,0.0007227527952059063,0.0016447196893891486,0.001337260149843587,0.0006964361840650781,0.00124885118018301,0.001462333257391947,0.000815938357048708,0.001459507349833075,0.0007652711157411431,0.001008493372456428
imbalance_prices - Short_t-75min,0.0010965617894439675,0.001769088458295073,0.002176741686724199,0.0007930275407833278,0.0017355556825355053,0.0025061001409048913,0.0020370681179192615,0.0025498626030848754,0.001551867009997409,0.0018614744023761887,0.001207436170310757,0.0008474785645993279,0.0011343097863860407,0.0022395560680524796,0.0007475015713807807
imbalance_volumes - value_t-75min,0.008317013046541434,0.008418252568921161,0.028582928711466594,0.008147874143458467,0.00825830600532572,0.019128534447649146,0.0019786370276392517,0.0034733627864875416,0.005352706150421,0.003316531848624436,0.002807587407145547,0.006126020469150262,0.007174266108339907,0.0022036775186911653,0.00661502210456274
imbalance_prices - Long_t-60min,0.002135663882731933,0.0021359683302675306,0.0010713754174797713,0.0012172665513526227,0.0015297221593204996,0.0017985203553016619,0.0016102620082724002,0.0013636648223800875,0.0013519979441077793,0.0026941929960958076,0.0014147946252232942,0.000922952248888123,0.0010720483003333356,0.0010619349989647161,0.000948487023665237
imbalance_prices - Short_t-60min,0.002383274548884856,0.0024241724016428635,0.0012491590898976027,0.0014462260589953074,0.0015072416931302542,0.0009887485305239351,0.0025669167331152493,0.0014699594344806427,0.001026086909438618,0.0021791304161333756,0.0018482412687699252,0.0005943626909905789,0.0027784305880190915,0.0019806249673652017,0.0007509954730082882
imbalance_volumes - value_t-60min,0.004594727283969405,0.006571101620194895,0.005938132104187389,0.005747108731272419,0.007910018931821469,0.0074104422749314836,0.00684460386120918,0.004450659522257411,0.005494985610733238,0.002191521619412015,0.0019969477236058994,0.011199837648509856,0.0034170601423938935,0.003998298294263804,0.002556582078766951
imbalance_prices - Long_t-45min,0.005879658557278617,0.00448149289212688,0.0027486650870132507,0.002731515914621923,0.0024516611276676485,0.0027710513462620837,0.0024910327703391885,0.002709956898554424,0.0032605304069029443,0.0023979812022298574,0.0023298879438057155,0.0027710145670007476,0.003767990484551774,0.0030748456980363697,0.0016511662060548814
imbalance_prices - Short_t-45min,0.0034283717754587995,0.003454047619819903,0.000868569373504215,0.001960179298393996,0.0032899857561312727,0.0013337795677720408,0.0010330427633654154,0.002073848170335111,0.001190191440273793,0.0007867669459137687,0.0014111484802940594,0.0017458304517929265,0.0024736935442269898,0.002564081488437296,0.0011396148104390704
imbalance_volumes - value_t-45min,0.007105143904344004,0.008316766263018508,0.05873755922610872,0.0018241559587320636,0.003024994286977062,0.03496230612004729,0.003295575118096167,0.003102373009058283,0.020920361585653153,0.0026779388286622633,0.004274065401237749,0.01937428306620859,0.0028686708532404737,0.0023009150716663384,0.02706869110037951
imbalance_prices - Long_t-30min,0.0043435176434568346,0.003933134556889854,0.005114088481026556,0.004098500672807859,0.003311215993403039,0.003304922945105773,0.0028940515254691945,0.0027747299315778948,0.003986444921573366,0.0016398242383469323,0.001175679146668699,0.004461195228979704,0.002164120724220993,0.0026334464244055196,0.002968008970578467
imbalance_prices - Short_t-30min,0.004383121841088723,0.004104729403618421,0.005020237360575948,0.004497617640139651,0.0050022779492176145,0.004089396318556737,0.0032408220079414604,0.004401180454123277,0.00482985061477666,0.003256106909684604,0.0026936342059379966,0.003665208161761257,0.002908184896761668,0.003689712747142039,0.0023606233952955333
imbalance_volumes - value_t-30min,0.003248156675364271,0.0045475387907827096,0.08473519832640158,0.005448685102381205,0.006562594325860118,0.08081878334563225,0.002650782081230318,0.0032784516738956883,0.054278209232557856,0.004249246451325234,0.005334279917486129,0.02978513686048973,0.005049437231648881,0.003021049054580544,0.027298903098650042
imbalance_prices - Long_t-15min,0.01179306885222104,0.010552036546861928,0.0033429569754488283,0.007975639063621202,0.008657165094972698,0.0016533824020799628,0.008329415104755754,0.01016690358635242,0.002215794671075855,0.00720496903872845,0.006890781153659645,0.001209238865753605,0.007342696098727174,0.006615232722240762,0.0020183899031553667
imbalance_prices - Short_t-15min,0.01078325786955611,0.009890993769244233,0.0037446921352749314,0.008822446756490535,0.007716135526046592,0.0026603446224526123,0.007640156988109084,0.00808889165679284,0.0015308904817852352,0.006444496454480941,0.0053029557335758,0.0018200322841514093,0.005315531838088645,0.005655379729716515,0.0012741170133027707
imbalance_volumes - value_t-15min,0.0492136650425382,0.05114421421215957,0.25805856842332286,0.03845929929849808,0.04097708447741752,0.2077252437127754,0.037231924995125155,0.03464714610712144,0.1884351871510735,0.03017423113624682,0.0308095549417485,0.13463069139863365,0.018522452536923084,0.018746830240037524,0.10247339996969095
intraday_wind_and_solar_forecast - Wind Onshore_t+15min,0.0015100220472195147,0.0045111024089674176,0.0044860755884254784,0.0009892915283385264,0.0017812826307845172,0.0025259151572399785,0.0012937985269309137,0.0015543011069819386,0.004009419762902326,0.0036045466783361916,0.003983069854781206,0.0018302540729100655,0.003705287669859899,0.0010576688261301115,0.002104343621958833
wind_and_solar_forecast - Solar_t+15min,0.0020905534137782523,0.005923935445272491,0.023638255326201032,0.0017231179948545333,0.0019516473256251175,0.01724662048484788,0.003749142844181733,0.0026487642490769757,0.012896588232571957,0.005141533084233743,0.002141832107153618,0.011290163066776587,0.004569564792323945,0.004261127751774893,0.006303336257111368
100m_wind_speed_mean_t+15min,0.001137401269768816,0.0012567193135564593,0.00813302213557472,0.00209811935175685,0.0012793870057325875,0.002667583262682683,0.0015288913666515781,0.002315908571509681,0.005016191356571653,0.0013842943659592493,0.0014900546660551299,0.002323175300162802,0.0026452133277052783,0.001250911729235213,0.003077359773687931
10m_wind_speed_mean_t+15min,0.0017770283384998039,0.004796525008743174,0.008515988858456695,0.0029805630089440455,0.0009722321312782789,0.006152447155065602,0.002910361033424124,0.0012117620951084974,0.007041013887326699,0.002248406294523193,0.0025367822023536634,0.004499240437970002,0.00331815344793722,0.0016970110342599582,0.00680726532319386
100m_wind_speed_std_t+15min,0.0036921402355133068,0.0023261204981583888,0.0072874781865029945,0.0032050337745665727,0.0032968825613952503,0.0053542578823035005,0.0018722528749940466,0.0015864633411142677,0.00419333086905408,0.0010760460905607943,0.0015098521750988993,0.003005997844225476,0.0025303975723054463,0.002065490281570419,0.003301046054096787
10m_wind_speed_std_t+15min,0.002347010330313424,0.001747799641089955,0.0057903055316301105,0.003584313693791046,0.0036499633174815927,0.0050644439155476,0.002735833052950511,0.0017485749949692035,0.004536942597098531,0.0020016448132068945,0.002977512687465321,0.0035089851222273863,0.0021741005185349424,0.001987701477632072,0.005888060501449218
intraday_wind_and_solar_forecast - Solar_t+15min,0.005754246680051437,0.011696682055975544,0.0109766643893945,0.00782333276124973,0.011734627587007707,0.013154814037290635,0.008874606553319609,0.004327936169922396,0.004835698996098472,0.01095033555971895,0.0016992948979327592,0.012684075115677842,0.01061656668568321,0.0077785572267312095,0.017554790244961625
wind_and_solar_forecast - Wind Onshore_t+15min,0.0036555019642310073,0.0029010895951457768,0.012016138250219228,0.0018279324069758332,0.002615970160888537,0.009616096663765348,0.0032195172736173847,0.0011876051515364453,0.008826400179161283,0.0015759760906112205,0.0021786584879657767,0.0045479791232151,0.0021275369024442627,0.0016220136533542017,0.002741370728850825
ssrd_mean_j_m2_t+15min,0.007507712842885666,0.005465633691836047,0.012127724876143475,0.004603609412721198,0.006923930649954855,0.006653074602252672,0.0027342380173140555,0.0038302649059438637,0.007040056929401317,0.002851532019702063,0.004204463953436061,0.002974023381870211,0.0046373937207026756,0.0024202873199101306,0.0034969390714795737
ssrd_std_j_m2_t+15min,0.001643333599732614,0.003272657814053673,0.004986030038093304,0.004133321708888616,0.0012524097655448258,0.005618134917518546,0.002855797356025505,0.0028968540234836837,0.005310158320644405,0.0021683163385823718,0.005645072907072972,0.0028994995584791924,0.0031758091350639005,0.0014508707766935913,0.0016922317996395577
intraday_wind_and_solar_forecast - Wind Onshore_t+30min,0.005554697561992725,0.004278458201281864,0.008122148641203239,0.006754859371954808,0.00668107882376853,0.011305045994691681,0.0033087005882953234,0.005075059092235051,0.010682216767942008,0.00428094005445746,0.004740505607363616,0.00300953533530992,0.00451273087421805,0.004176678982887097,0.007105111698889232
wind_and_solar_forecast - Solar_t+30min,0.0017963759799272338,0.004768618623333169,0.011287292513537977,0.0024796209564701714,0.006886596620395722,0.009152201874168896,0.0018259286609181799,0.0024582771462174835,0.009803981485874828,0.002753379383320862,0.005759016781426908,0.012020443914771022,0.002926683961673689,0.0020853264686194607,0.007984327556983771
100m_wind_speed_mean_t+30min,0.0011516153988304723,0.0025452278099926387,0.0037684736993269323,0.0038687078896073217,0.003373664164930233,0.004819633557348425,0.0037620462450831836,0.001883245373364275,0.004580607394534127,0.003325714602206176,0.002430520618965602,0.00508680266220108,0.001786297953373378,0.0008341478454949538,0.003911122362828792
10m_wind_speed_mean_t+30min,0.002805124280775374,0.006261523912922712,0.007780737439575205,0.003026668652777971,0.0011361709503603414,0.01071924777262484,0.0012741296741478436,0.0036736398730590736,0.0071015571437401375,0.0015883155388037268,0.0012729451453633374,0.006678724392637378,0.0021947579455736557,0.002063858536715088,0.004342534449322557
100m_wind_speed_std_t+30min,0.0016525912006436557,0.0031491813337106577,0.008853873873753401,0.0017471238915150024,0.0025516348651121916,0.005103250314248726,0.0008741569171370429,0.003364073342534766,0.005291676710556203,0.0012084846126454067,0.002709672881705956,0.0014736699202944693,0.0013882429621285156,0.0010373051254097447,0.0020630534013844227
10m_wind_speed_std_t+30min,0.0011927725590643945,0.001969061999096084,0.007361956493139587,0.0013176185221384458,0.00115303722500812,0.004412137873002848,0.0014479178374876937,0.0018574692810129818,0.0039087479118697956,0.00356551737972768,0.0027203679275544347,0.0016560696190908856,0.0040351503550828055,0.0011894037500276794,0.0017502503323703423
intraday_wind_and_solar_forecast - Solar_t+30min,0.001563004911815824,0.004549427106574512,0.004964052410080512,0.00257170471192876,0.0012444507388822785,0.003908267669516135,0.0016131278815821588,0.0043095633056327645,0.0027496684972684307,0.003082977425201534,0.0018534858175794397,0.0035838140838122855,0.003739753640491131,0.0018396413696823402,0.002921077149902544
wind_and_solar_forecast - Wind Onshore_t+30min,0.003701063747520493,0.0009785144562926575,0.01622755526979745,0.00272973365655298,0.0041989245247459625,0.016017102985504607,0.004521990780898704,0.0019063656337225438,0.013379415246296048,0.003453810627088387,0.0010503106226778982,0.005746578834825413,0.001897004950027167,0.0031831376522077335,0.0074034966383478605
ssrd_mean_j_m2_t+30min,0.004591927778157696,0.001165587079108775,0.004510212275672075,0.0015166254949779158,0.0017871394998860523,0.004241934391297946,0.0013109609040859596,0.0012848428483912358,0.0028031615190411683,0.0014583177333934146,0.0017177454101189938,0.001851198320553749,0.0011319574875376173,0.0013539304135283601,0.0021163109557789995
ssrd_std_j_m2_t+30min,0.0016692608765933982,0.002008238495393016,0.0032529169961196657,0.002742169332573951,0.004733290299816872,0.004541272084377852,0.00290835935062114,0.0016006190101707034,0.0024935569622339246,0.001959336833398993,0.0015730696451373661,0.0028799198629135673,0.0033646380628424596,0.001933740046427374,0.0022280191475532547
intraday_wind_and_solar_forecast - Wind Onshore_t+45min,0.0047935217420626945,0.001993567367511787,0.004227697777428602,0.004393324419999772,0.003683680731156528,0.0038937501000546036,0.0018216654646257666,0.004979412939464964,0.0030764878031695844,0.0015980609913367515,0.0034386561168867047,0.0033631827934182184,0.004588358508619422,0.0032073880437118872,0.0033165853808213796
wind_and_solar_forecast - Solar_t+45min,0.002655209205636311,0.003169307412971648,0.005650394491687621,0.0022116231518757557,0.002839625299540785,0.0033989086358619715,0.0023539749849378496,0.005190002363335225,0.0066694887157664196,0.006530473107795842,0.006228215124465351,0.004611662507476467,0.0014623306897951806,0.003457754393447431,0.0025257746651495836
100m_wind_speed_mean_t+45min,0.003146923116074504,0.0015597756685310743,0.01892591173949768,0.0015693719674527529,0.0013291108226467258,0.01487070866720751,0.0040524142315425705,0.0034942452520917867,0.010777215000167416,0.0020526894620943492,0.002256962039402424,0.0068980463195039195,0.001264400048453581,0.0012394900606213922,0.0074132672466130315
10m_wind_speed_mean_t+45min,0.002806892689178312,0.0028467670185236783,0.005251864533825938,0.0037547333307575174,0.0031580587463122356,0.00353617901085272,0.002157313735201569,0.0019994316202665914,0.0036995831971344158,0.0018098455104826599,0.005671562354385969,0.002768216038355604,0.0016100115940535034,0.0015306634314956682,0.0020302035977656486
100m_wind_speed_std_t+45min,0.001692696930850275,0.0015905225135784348,0.004268205624895927,0.003041882287894623,0.0011808687941252175,0.0036269490540071273,0.0012370922657742086,0.0016304451092423733,0.004150089136832321,0.004408879085131957,0.0017454085543399743,0.0021025560387788575,0.0017525127611952484,0.0022167672251393925,0.0026389780552181037
10m_wind_speed_std_t+45min,0.0044425642005971894,0.0040159425354713675,0.007228813158701087,0.0012491122478456304,0.0011343896015316658,0.009528486788265582,0.003114157213118233,0.0011562239906952527,0.006913203103113119,0.004489375961762562,0.001609964241650914,0.003704644813297364,0.002759940703124357,0.0017471528678465803,0.004596636641610531
intraday_wind_and_solar_forecast - Solar_t+45min,0.005721678369010988,0.0096523434320261,0.005637055713455993,0.004766794188193898,0.008192349934208323,0.003965672339340017,0.0030610650264670768,0.0074676729944148975,0.0031738067786209285,0.006385985387178153,0.0037388799704444866,0.0034964000496738664,0.004291418494472964,0.0016752868127359762,0.0023648960978844115
wind_and_solar_forecast - Wind Onshore_t+45min,0.005103586791141424,0.0019766284527258904,0.009704680610026117,0.0013585044799347087,0.002060076978583311,0.009290983917213452,0.002888339355446533,0.0013273996810294192,0.007525195401205565,0.0025202331514210525,0.003692282363484992,0.011332119319715275,0.005448242820555606,0.002157023106113911,0.006840803249044257
ssrd_mean_j_m2_t+45min,0.002365639706301408,0.0025363891878114374,0.007187917807048506,0.003349956014320469,0.003330831837607548,0.008280040149182242,0.0010558884431518436,0.002572298265855352,0.005616130500246527,0.004238389404305053,0.004050454409786653,0.004221827416497036,0.0016043665681477251,0.0016885436787297864,0.007286715960872698
ssrd_std_j_m2_t+45min,0.00104410692787053,0.0014021910498848342,0.007897064101351135,0.00362256906388393,0.001519495118679515,0.004649905855334509,0.0012843071475435862,0.001278188248990773,0.002803092163733311,0.001321540453527632,0.003399707525363738,0.0027311619500505913,0.0008349695078786681,0.0019511679654269755,0.002462739676529964
intraday_wind_and_solar_forecast - Wind Onshore_t+60min,0.008536710037993544,0.004322464843497983,0.026316257790153032,0.006658429380535609,0.0059898710110428514,0.023637377169405227,0.0051470916009564004,0.006935319639933368,0.02050025765663304,0.006355436651814671,0.0050850105605832144,0.017299866168177688,0.0013493735646829918,0.004293623392866721,0.012897368106850991
wind_and_solar_forecast - Solar_t+60min,0.001762561204175995,0.0028068695533279425,0.014843913144170074,0.010250532913545612,0.006859618703601882,0.008057985103325336,0.0018872536955104806,0.005309324547066353,0.0058348545090066185,0.0016302034769087187,0.002160943299511473,0.01005555096356693,0.0031698592472356496,0.0040049146122437375,0.004839341681443557
100m_wind_speed_mean_t+60min,0.001246838126167404,0.0031438036329227543,0.00808364938016166,0.00230214936904963,0.0010252657412111149,0.00837319856047111,0.0016259176592734548,0.0011538731208048886,0.006118377725877508,0.0013166581455702727,0.0014210069505797946,0.0035362509104597847,0.003007035890056386,0.001044572105412044,0.0023959915577703443
10m_wind_speed_mean_t+60min,0.002135702510473038,0.0023652430074585025,0.005702688645565104,0.0027632204489809738,0.0037294879867513374,0.0029907591158880678,0.003070192291315834,0.0020793838966110343,0.0035965427603614443,0.001994349796405004,0.002334957775006444,0.00540619990066989,0.0015193267921545157,0.0009910007323278478,0.003007773477236697
100m_wind_speed_std_t+60min,0.0017717711654613596,0.0016252518798701204,0.008594922368069092,0.0030374696261412735,0.002556323857638745,0.006589882690447212,0.00352974933191399,0.004015624750485586,0.006117765699191296,0.0022168831401545787,0.0028070703724570193,0.004598377750709915,0.0017926477404230355,0.00116531802542886,0.005510246646515214
10m_wind_speed_std_t+60min,0.004175499363806921,0.00195052729490817,0.007752559626853781,0.0020035242456388005,0.002668136343306287,0.008076389110960008,0.0033476610246616473,0.001996119593296385,0.004270779447315362,0.0020860765742772855,0.003339150934902591,0.005019334342145157,0.0019157029373182014,0.0023637812640599806,0.0023004360445193013
intraday_wind_and_solar_forecast - Solar_t+60min,0.0024798459596568137,0.0034621060167803535,0.003082599231714994,0.009088732538784824,0.006456022178573221,0.005963618202160433,0.0067967431917873,0.008655225455098843,0.0049834476660453216,0.0022194609091748135,0.00834554002362711,0.004365123116005634,0.007425375347811496,0.001741896685276288,0.0021896395610112905
wind_and_solar_forecast - Wind Onshore_t+60min,0.002379937989944665,0.0019396813281509823,0.017211569543069346,0.0065426172914303605,0.0035390202046983177,0.016019110779794572,0.0019672595511747203,0.002083189552370186,0.009448605900068288,0.0013691035866068547,0.003684586862690594,0.0071022199855715375,0.002711163832913371,0.0021371226306578705,0.005066211559042017
ssrd_mean_j_m2_t+60min,0.005548196705651662,0.002998488245233602,0.015733813337817083,0.006025524803611916,0.00408725284099819,0.014906264919321984,0.0048188749724431545,0.005166005310296896,0.011987527136800053,0.004809094490412462,0.006059426321915452,0.007734777544210374,0.006439861814389005,0.004850617570897157,0.012585511752702587
ssrd_std_j_m2_t+60min,0.0011246433857045304,0.0029349015282095934,0.0027454222123160436,0.0015387874835096228,0.0021120361202973752,0.003659260176571479,0.0010867585174864872,0.0036623819484484558,0.0029734433911226005,0.0016096638965354942,0.001630210775224441,0.002325257430201873,0.0023406138313471275,0.001175216614664123,0.002485812369459836
intraday_wind_and_solar_forecast - Wind Onshore_t+75min,0.004935326773887937,0.0020556313136216742,0.02674186108930735,0.005128428510011872,0.002017631829774473,0.025730442468018738,0.0014499534891538133,0.002685706621108238,0.022872233775327912,0.002918971969285849,0.001403801178114918,0.015199002064124216,0.002043315322529452,0.0021176350690293474,0.012571503492887132
wind_and_solar_forecast - Solar_t+75min,0.0057982116586790654,0.002976408147816983,0.006431233114827137,0.0027083470656725697,0.00246309571685606,0.0092913604084315,0.0014477917029516903,0.0021102382682802274,0.0055372110331168185,0.0034890983104123733,0.005954623000373317,0.003688688587100046,0.00652496152092499,0.0013650607198042054,0.0033001412563826308
100m_wind_speed_mean_t+75min,0.0021830892900430855,0.0034088497568227467,0.007408802470972659,0.0012902783666058895,0.0008791721552543095,0.0027804676455216396,0.0012557669810967127,0.0010800065619196175,0.004811416497140499,0.003719608131801749,0.0014074788102079764,0.002250993359705717,0.0019734763938847664,0.0012539266316678095,0.0017210397913877387
10m_wind_speed_mean_t+75min,0.003688694481244511,0.0030301135985084785,0.01469232838165226,0.001984761747693028,0.003579166729354938,0.009370648970560069,0.0014562943008497769,0.0022157462229789645,0.00796943422061304,0.004775891621895426,0.0015307939858598728,0.009040805328630086,0.0015319495478156569,0.003264235862703572,0.0053906022520677655
100m_wind_speed_std_t+75min,0.001060419577641227,0.0019102315724380788,0.0035406275668656236,0.0017573978826239908,0.0022213521939085015,0.0026198748916931437,0.002143103304782244,0.0021089099470336806,0.002239107966376196,0.0011610535389172583,0.003678640089416149,0.0016547695781300718,0.0032504628784445233,0.001066210467977271,0.0024539221254999575
10m_wind_speed_std_t+75min,0.0014712390467748265,0.004341557549829304,0.0040722391626732135,0.004162092412079801,0.0027590687724168674,0.003508969900977263,0.0013694380037604789,0.0011656583959379202,0.0025849416512028255,0.0009669178205544995,0.003545660026229598,0.0016286451114756347,0.0026981335229402247,0.0025220596856324845,0.001600896253970177
intraday_wind_and_solar_forecast - Solar_t+75min,0.008481785884636339,0.0038548138659025427,0.0034814700198421635,0.005938318329661342,0.0034363937692869512,0.0067973442206239265,0.0029888339767348954,0.006929629059137369,0.0024357112886403912,0.002172941487604021,0.0024926971352106195,0.004624835993545503,0.0021190630207133837,0.0017040566821688117,0.0025301148146349988
wind_and_solar_forecast - Wind Onshore_t+75min,0.00222082836876001,0.0036844703235681207,0.013039439396208764,0.0029138544971501687,0.005697120757351513,0.009264304818905658,0.002777905879417631,0.004697827231688734,0.007955559262265979,0.0022260610057692246,0.0025788439963080234,0.005428072552840604,0.002104187379412906,0.0015136137410725042,0.004609158435584959
ssrd_mean_j_m2_t+75min,0.0042933282130666155,0.0022956674089882655,0.007200565915634797,0.002854664242652234,0.0018434536670620218,0.006912289778316335,0.002054688137976882,0.003133216594591431,0.007837264789790424,0.0031405940929744246,0.0014475232841327853,0.005528868887455928,0.0011575025385745902,0.0021602261957368685,0.006274586182196799
ssrd_std_j_m2_t+75min,0.008182949262232796,0.00184961211591326,0.008787363834373537,0.003546639614077435,0.0033281082464527573,0.005751607560992852,0.0013907835761638124,0.0045482982449284465,0.006139902103555073,0.0029803227216735877,0.005306099536555394,0.00646636321812548,0.005931143077519664,0.0010755561709009953,0.0013832355563074543
intraday_wind_and_solar_forecast - Wind Onshore_t+90min,0.010568838353232423,0.009261749543131373,0.04425397384807002,0.010533020477596437,0.00877788050485833,0.034839159703115,0.007053306932276882,0.007674450276235803,0.03335417209219304,0.010241013769329583,0.00840120015986031,0.03321273508248851,0.005741035415026999,0.005287529637287662,0.023364695840573404
wind_and_solar_forecast - Solar_t+90min,0.002160067136268026,0.0037759510946361844,0.01746687631677196,0.0027641996667143757,0.0016261587492153921,0.017162407166077174,0.0026389056291764063,0.0073128068775768044,0.017000613993983775,0.0042365743809704955,0.002944286601612362,0.011072308932671148,0.001679226060676683,0.0016307494970733388,0.007284506727488406
100m_wind_speed_mean_t+90min,0.0031907986865767272,0.002378230943594872,0.012118477406856983,0.0030551337186852834,0.002597548685439506,0.008683575774710335,0.0020440278384230622,0.0011414446865130117,0.004897438659980253,0.0018793059589852419,0.0014651052069623346,0.0057694791766116395,0.001409360227660187,0.0014296104622991042,0.003885613989666126
10m_wind_speed_mean_t+90min,0.0015913833600388898,0.0030173745735405646,0.00617953590835532,0.0012581738878002398,0.0015881909919289684,0.0034824673430183567,0.0010901274709723906,0.0020964234370562736,0.0028369636133938913,0.002509360992909933,0.001494496809328666,0.0071603299566850185,0.00196678370904192,0.0025053489539659493,0.0020612009653968926
100m_wind_speed_std_t+90min,0.0012884219541703884,0.0018756394090301,0.0030109739100262233,0.0010496629036301783,0.001537059679351728,0.0033499110949237547,0.0010379977762158888,0.001714989348756717,0.0027866003392609854,0.001623345505893667,0.0016359445417629104,0.003210474312487861,0.0018970873791205349,0.0014060358870157756,0.003013077302754937
10m_wind_speed_std_t+90min,0.0014943629094747166,0.001753784434617046,0.0038322998208459467,0.0012976962219327106,0.0019360885442543535,0.0022088379606384476,0.001539410228330098,0.0029515072850444996,0.003015871016223855,0.00633486013028596,0.004083594075411383,0.003951440807832114,0.0023581432923801913,0.0013007570173576824,0.002427590779665479
intraday_wind_and_solar_forecast - Solar_t+90min,0.0015585624419109081,0.002975241234402347,0.0048901916030063145,0.00580079243848013,0.002362082459948397,0.004788750951298425,0.002950447163574836,0.003123073056964131,0.00325584199082914,0.003001556896090051,0.001781890092065396,0.0024257392176159557,0.0044797714644337246,0.0026740102543768673,0.0021650288977444277
wind_and_solar_forecast - Wind Onshore_t+90min,0.006477120741168619,0.005701009710886865,0.036430495833337774,0.00798743568869395,0.008351839219089016,0.03405369867934496,0.007651785567955812,0.006273532642480859,0.026300519041789813,0.0015376944273441495,0.004851885277155816,0.020052045006887054,0.004910942472353782,0.0054910776416109,0.021492145932745187
ssrd_mean_j_m2_t+90min,0.0064570924785803075,0.007746929102293507,0.01208197060276143,0.004663008551307939,0.004570018002945289,0.00889221697623725,0.0073676124125722706,0.0022552415654502056,0.007737247645249908,0.006753317061535199,0.006060227732046769,0.010377183951655752,0.005041022055475651,0.007785537815980206,0.004908547334971445
ssrd_std_j_m2_t+90min,0.004989674485226715,0.004712951077177422,0.0026472420864560036,0.004890875083712672,0.0040187515277420975,0.004537423702550768,0.002787712657389875,0.004313404494942006,0.0024720940225743107,0.0014333569281775452,0.0010694048112437713,0.003795238945858557,0.002181410264240185,0.0026418113372860715,0.004979529758784338
intraday_wind_and_solar_forecast - Wind Onshore_t+105min,0.010584254852990853,0.008847964122804114,0.04886466239928268,0.006706750824578194,0.004277163254526386,0.04516732977097854,0.00596527267849342,0.00791025939926476,0.03927066233458754,0.0074028479423659515,0.004120448274727096,0.03330410434221994,0.0055213008335722406,0.003477005839054982,0.028715350928496263
wind_and_solar_forecast - Solar_t+105min,0.0021646246496747883,0.00196626230100901,0.0042620032250238185,0.002889280240519838,0.0014625891089863217,0.004474944933464372,0.002634143695272769,0.0020374895516936248,0.003438817300193932,0.003133494360723489,0.0022407778132969725,0.004252084833911113,0.0023216943308652844,0.0012826529616277184,0.0029337784452459345
100m_wind_speed_mean_t+105min,0.0052947779974419976,0.007970089054392247,0.016739801022536995,0.004265571450105199,0.004200342536977587,0.009979691690903564,0.005012914226550492,0.003640345982143117,0.007882188764411694,0.0028928237648178767,0.0021094702024329307,0.0066739760562632,0.0030412471982799614,0.0047400251015683355,0.004064210337421173
10m_wind_speed_mean_t+105min,0.0016004159028061623,0.002488403556712001,0.006768647650878847,0.0008567138334919945,0.0011914768382303008,0.005396052712791061,0.0010145464782053467,0.0013608144201079995,0.0024474017899069624,0.0008978553957599615,0.002801857296437447,0.005858121952791407,0.0022364357536698663,0.0011845981142614619,0.0027102821305871033
100m_wind_speed_std_t+105min,0.005635663157230738,0.0017607918687479014,0.00792820216340624,0.005557809655465462,0.004239523987249413,0.004894437503782683,0.001897689223080988,0.006772709366568961,0.004733262555053443,0.006956758790942331,0.003378190730451706,0.0058662155721549425,0.004128845913835903,0.007227232533292409,0.003689336047626057
10m_wind_speed_std_t+105min,0.001543614592317681,0.0019045355467405898,0.009887149622312791,0.0030715537087089616,0.001262086420048945,0.0032220178310039954,0.002047031965035103,0.002577809294888539,0.007593369646268912,0.0011098775179325458,0.0017320262510397697,0.0076030610437737775,0.002129063742650942,0.0029871787645224684,0.003124313593099032
intraday_wind_and_solar_forecast - Solar_t+105min,0.002160143083036019,0.002993754455799717,0.0059801777421216685,0.002488401919731814,0.0031563035883395967,0.004939589004216941,0.003022714240197047,0.0028894162555715185,0.005525702316953357,0.002180110034701556,0.0054267430595591575,0.004998016982484842,0.0025159676830401167,0.0020145091983405335,0.009481169040849636
wind_and_solar_forecast - Wind Onshore_t+105min,0.004356762022036492,0.0014959475067864787,0.012918888485415664,0.0034102658508995774,0.001989649602015561,0.011249420036445372,0.0024690894282332464,0.0026323707895303415,0.008325451312414998,0.003366433011504341,0.0038916699793594845,0.0097853489082554,0.0016410788724779196,0.0013804764441538281,0.005430338185749861
ssrd_mean_j_m2_t+105min,0.008698673268896527,0.006432621902153187,0.002850517568956093,0.005698118748306115,0.007244663572215359,0.004564393470044252,0.005554960355551884,0.006499150786505197,0.004303856767277466,0.008430918609439687,0.00852450589023647,0.010543881027086172,0.0086556099126974,0.007744853667340066,0.009749661072897651
ssrd_std_j_m2_t+105min,0.0020075015455495305,0.0012246757790926495,0.0038944439631677596,0.001237660714874096,0.001789964815107396,0.003293783930666905,0.0012817607645397402,0.001567838007431874,0.003268409714595691,0.0009753061614717353,0.001967446464141176,0.003089642772993557,0.00158071572632889,0.001428059740055687,0.002585793233181903
intraday_wind_and_solar_forecast - Wind Onshore_t+120min,0.006834658778097946,0.003829921306689357,0.031174046603264286,0.006223296066673356,0.00764463920982962,0.026256785632838727,0.004494079306294225,0.008557568555662556,0.027157057201955468,0.007061383951106109,0.010304960924248008,0.02696500391938025,0.009837088933199994,0.005775875790488499,0.017479702774464385
wind_and_solar_forecast - Solar_t+120min,0.004011873564652888,0.006168723977581976,0.006672675543551577,0.007194397066632519,0.002717641619562528,0.009261138322748594,0.004254816731150641,0.006019706087757299,0.004150443348724679,0.007952613308400032,0.0022829413847885007,0.0051380078538145425,0.004860553227308629,0.003941325448244697,0.009924258171637121
100m_wind_speed_mean_t+120min,0.002094756096218589,0.0015564573133915473,0.009145544857208733,0.0026831710672968255,0.0013993045911475973,0.005398796165731255,0.002139747728335351,0.0014505739750645715,0.0029056440948606907,0.0011125823575816867,0.0013834018018933421,0.001523350274320876,0.0018465733413395356,0.0028563779642408918,0.0015506472297247456
10m_wind_speed_mean_t+120min,0.0012438225518121727,0.0013305164249368317,0.008898957170390076,0.0014948368777199903,0.002005283060120796,0.006117999770718597,0.0012981899845181033,0.00175236879126669,0.004753210293351003,0.001413672675005728,0.0020018336941438975,0.007753659967668682,0.002576338223231687,0.000936051980685761,0.003311644904099012
100m_wind_speed_std_t+120min,0.0015534142631363466,0.001714508995970391,0.01006058636342641,0.0025813828512700637,0.0013854851091177807,0.005065579360496486,0.0020046718634648642,0.0013643084991454089,0.007887077877825504,0.0015490425901625712,0.0018399614403924716,0.0032351701603438414,0.0016629823639559619,0.0038245569649589016,0.006448818047898385
10m_wind_speed_std_t+120min,0.004829165280090819,0.002567288079597347,0.017958072808163705,0.002637628230478185,0.00297220149640998,0.016151789116571308,0.0015572913453784168,0.002321206627455922,0.013542203250617604,0.002982003192637421,0.0028642751257975762,0.01326891016002628,0.002317187955904956,0.0017240669759557932,0.013398802793308505
intraday_wind_and_solar_forecast - Solar_t+120min,0.004427581624126106,0.002394663629148681,0.005521589698179923,0.0018741148582553252,0.0019382765005043438,0.0046630634510665915,0.001456123000122716,0.0021476555170324902,0.0036852829514682525,0.002893238019778437,0.0028787881108919464,0.0041644629431157225,0.0026335565596684774,0.002533612624463785,0.0016898379717035822
wind_and_solar_forecast - Wind Onshore_t+120min,0.00771532752746134,0.006858848524192581,0.02589490956426016,0.007847260936909151,0.005102317804610266,0.023912911456614894,0.004807102949138426,0.003547191698125971,0.020362197697511873,0.0023633695235675987,0.004697303132998059,0.01652346746162675,0.0025927532205679425,0.002449095366943766,0.013905511926539476
ssrd_mean_j_m2_t+120min,0.002332496205807729,0.0030909701155724177,0.01755357686339994,0.004346677213026851,0.004657654411777912,0.015325086024648044,0.003162688734344556,0.006112072452684515,0.012400966706132749,0.001712690750728143,0.006403847850315288,0.014708042074664264,0.005634946954342013,0.002792555676343909,0.01532013643020764
ssrd_std_j_m2_t+120min,0.0018269592802844271,0.0019374503219478356,0.004596997310276492,0.0011812504094702945,0.0023135519162497077,0.004288754878285545,0.0031526608483181916,0.0018312848809698607,0.00736163136921823,0.0024201643931969557,0.002480317036436645,0.005127535632739637,0.0020652887828655365,0.004730925682215456,0.003801684389100046
intraday_wind_and_solar_forecast - Wind Onshore_t+135min,0.008029542389758717,0.01191390926476015,0.047699085287051274,0.008726438443918596,0.010283272740722169,0.042633144529652785,0.010486195316523663,0.010948030422470766,0.03526251967356075,0.009098685860844852,0.010720530383376172,0.03040553361577622,0.012200193783821305,0.01040886635309289,0.02961519285199756
wind_and_solar_forecast - Solar_t+135min,0.0018635734304125436,0.002494148569761819,0.006375362024920833,0.0020960961050645894,0.0016163591072477174,0.003520982299434763,0.002333820431017898,0.002703846396972949,0.0035750703781413902,0.0023066574902736647,0.002172926640035257,0.004951058358692535,0.0016876619307662963,0.0010648355728326351,0.003583005541391742
100m_wind_speed_mean_t+135min,0.0016596157846997812,0.0016807132772044043,0.014161273664503824,0.001228855607601872,0.0013792631041405913,0.012294057840148526,0.0014430684254225525,0.0017121059856458488,0.01133132696830762,0.0009211921819278359,0.0010453657664684214,0.004320077691687402,0.0017854797494319427,0.0011663173687900326,0.005604124408644794
10m_wind_speed_mean_t+135min,0.001134380207289496,0.001199673690801319,0.008845464699159493,0.0033677324959394354,0.0017495046293756786,0.008190237411894487,0.002866256938476454,0.001818671257258643,0.0033222118406847586,0.0018154842887211089,0.00175225708423568,0.001702998795090025,0.0020201095570294,0.0009186109416359613,0.0036777492297355822
100m_wind_speed_std_t+135min,0.0012456945097553671,0.0034021793725296447,0.0053958231036322106,0.001248519302675959,0.0012327709216206132,0.003581534191638639,0.0026309128414859517,0.002323337180272574,0.004642230737884802,0.002860892232842161,0.0026446213829406416,0.0067634544265165455,0.0019188852187689918,0.0021851317365458272,0.0024751496675235103
10m_wind_speed_std_t+135min,0.0010354137108802206,0.001357749154659814,0.010424043126382457,0.0024675211094604492,0.004403365436449348,0.009822981000281289,0.0010058879329955062,0.0015702662447865804,0.009795324645398068,0.0021788957153812587,0.0012873407920811566,0.008830137238786846,0.0012959415921474148,0.002106342026551829,0.011878619904833613
intraday_wind_and_solar_forecast - Solar_t+135min,0.0018890618889954567,0.003286102247708186,0.007243765105164585,0.0023352051486406253,0.004471456127052079,0.007448230772138231,0.001815107359914009,0.0048565592886370725,0.002823176903289095,0.004140706694134679,0.0018442696984620852,0.004526862074536439,0.006231665822435389,0.010335133988766756,0.0039396312622284315
wind_and_solar_forecast - Wind Onshore_t+135min,0.0019796318960343343,0.004529484717590094,0.019801515393523005,0.002250385707227679,0.003720193562310669,0.013956773510813945,0.0025429182045791096,0.0029934587857715087,0.012253573086632968,0.0027465711811764776,0.005384175449238455,0.01187289231703835,0.004845166128834535,0.0031689413074195726,0.006733582960118838
ssrd_mean_j_m2_t+135min,0.004414916761576023,0.005864638219929475,0.012329188175088348,0.0016838773891241772,0.006352819912575796,0.011472163821395952,0.007031251179891115,0.00495553896441561,0.01222747689553762,0.004166481403422949,0.005592495022858202,0.01210967906795122,0.005153171779937111,0.0061546684196764545,0.007357734007759064
ssrd_std_j_m2_t+135min,0.005139828729058536,0.003928133692941628,0.010982591961166691,0.004097643854231137,0.0025310152449965245,0.012519403990809223,0.005207700609476887,0.0059308593478344844,0.0102236597130468,0.004322051514162922,0.004740558965933147,0.008807370600683498,0.004829978088721646,0.005767356692551402,0.009917903208101052
intraday_wind_and_solar_forecast - Wind Onshore_t+150min,0.003380186146937831,0.002105284833664882,0.03575196883251192,0.005918800584193377,0.004979298614518711,0.04097548890234611,0.0027772169910876983,0.005873359162171255,0.03396610051678363,0.0027872579546069573,0.0024274315737538928,0.02954861265162617,0.0018882996013990124,0.001383756597946558,0.023358107335130628
wind_and_solar_forecast - Solar_t+150min,0.00720833795382714,0.002104372083946146,0.017735540658948595,0.003819513927447588,0.00885180161963217,0.014929272808338282,0.00629452626107377,0.002426324255001873,0.011845829429872537,0.00397118101025444,0.0030643833981639544,0.008183384930995088,0.005581736594436734,0.0015717313784489307,0.011157209631011938
100m_wind_speed_mean_t+150min,0.0035451792591484265,0.0035589233497248644,0.012094007342935583,0.005696224275612622,0.0037738705290994404,0.010190554093362152,0.003999453323078342,0.00409370336228676,0.010919722659760737,0.003654645537659235,0.004577655526514718,0.006435829382247902,0.0015530806303040662,0.0017862458915433308,0.006970551762729883
10m_wind_speed_mean_t+150min,0.0010604880564480937,0.0008713307517618887,0.0030733764167671326,0.0018322314516632332,0.0013441889937166706,0.003878317158095342,0.00097675519619861,0.0009781997537261305,0.002817764014967807,0.0023838969793869183,0.0010677960864120238,0.0011666759751844892,0.001179707582613446,0.0014325462992568418,0.0032531417681857418
100m_wind_speed_std_t+150min,0.001812249321508716,0.0024180968904543077,0.0029381484279037977,0.0013199392799861016,0.0011334584751007241,0.0029358927963935456,0.0023666595265065668,0.0017693676650933413,0.002629953764662787,0.0016956782685685994,0.001548045974310753,0.003262639090071616,0.0023636404419794415,0.00111672718333557,0.0028084866139990936
10m_wind_speed_std_t+150min,0.0016188423451449125,0.0019679922978793913,0.004632559222482314,0.004962653577611491,0.004078179091362017,0.002338914630934312,0.0049641010995947,0.0013681824242989932,0.005683609010571672,0.0019144775518221309,0.002134612607247618,0.0031638707973525013,0.0016781306817510995,0.001335365265558721,0.0019935841955639262
intraday_wind_and_solar_forecast - Solar_t+150min,0.004346767317318154,0.002708734444124275,0.008196419554165914,0.0026400123065291156,0.0038848341560876634,0.005234911057618092,0.0035112669883110357,0.003107453017888474,0.006890975230808636,0.0028315660269369117,0.001979539230471232,0.007243739444560646,0.004064519913101321,0.002967168870687601,0.003976913217572473
wind_and_solar_forecast - Wind Onshore_t+150min,0.005153692437597783,0.003741704644269248,0.012235931012233777,0.00360215822120972,0.003943696878866831,0.006996189331553979,0.001301617434073357,0.0043692235985654405,0.006062205650436226,0.0033512377848619506,0.002821762362422362,0.00569179805521253,0.0018194184714175209,0.0018262896902560897,0.004493617270946288
ssrd_mean_j_m2_t+150min,0.006787314404406061,0.007020066772831342,0.01865531743018073,0.009117461725894827,0.006435238318736083,0.018061532983992948,0.009399822431149004,0.009614617517778243,0.017801136776892237,0.011614267364013359,0.006502638475589265,0.015411233238817658,0.009722573385126452,0.005172953787891003,0.017825024469348135
ssrd_std_j_m2_t+150min,0.0067433740264677905,0.004785855210517184,0.01641218672972991,0.006104588582515134,0.005981599615862251,0.011667671139570302,0.005182176914571301,0.0041627935288379376,0.011959208962448429,0.00811698663541756,0.002058566104693455,0.012664289490428927,0.0034555629113792747,0.0035707476183306427,0.00979588894288463
load_forecast - Forecasted Load_t+15min,0.0026571669576123894,0.0018275776835316648,0.009808191731706757,0.006581978395499391,0.0016425078863612724,0.008077961601973584,0.0036895919460293953,0.004762247665432369,0.006434781858471979,0.003554855447167938,0.001931754325564725,0.004223742456519176,0.0035168739633495536,0.0011330990133601802,0.003605807571046171
load_forecast - Forecasted Load_t+30min,0.0045857517216018094,0.0036427302624042566,0.003849790676730663,0.004223128501293104,0.005300474929747907,0.004414652371724515,0.00269454662062185,0.0036888124652559784,0.0028665896919830517,0.0039797178077587885,0.0032572132997534028,0.0029313318664426335,0.0040143454098015355,0.0041978187666645685,0.0036207162809441798
load_forecast - Forecasted Load_t+45min,0.001222161160027099,0.00168626989846598,0.005842268315202091,0.0010632242631291716,0.005160511815120117,0.003666841733893534,0.004409892101244622,0.0025805366208755914,0.0042939796146092704,0.0013641085554588698,0.0012807001830069567,0.0017830874604537713,0.002337159606307978,0.003476052379069188,0.002136671030603793
load_forecast - Forecasted Load_t+60min,0.0031828350755604335,0.0013351681428848679,0.0033697907092218884,0.001724919054608108,0.001373014496575081,0.002373861631211639,0.001141991911911191,0.0024074371308292937,0.0025900456337803915,0.0025933328546848314,0.0012388654365588535,0.004588094117580568,0.0012852466947047105,0.001428164517692494,0.001669393659060006
load_forecast - Forecasted Load_t+75min,0.0029371780215487887,0.003034858085184169,0.00837113965570461,0.0068082964792120036,0.003610057686753862,0.008954393737112695,0.002844729118704436,0.0023032998386397596,0.009883822846313705,0.005513972662937022,0.008649148278054781,0.012543162482328625,0.005309903438934214,0.004432350363049409,0.010310148595335704
load_forecast - Forecasted Load_t+90min,0.0021859495516764584,0.0019285586258429247,0.009883669956858271,0.0021374133002263988,0.0025546948696355686,0.004830734382752781,0.0032995631774822413,0.002150406955861172,0.003961306215461264,0.0022871762384256726,0.00448067142275363,0.004212374052189261,0.002646488793712706,0.003790943304371467,0.0033186919682157167
load_forecast - Forecasted Load_t+105min,0.004617072720924625,0.0049703239586533525,0.005653399146518495,0.003963438123762899,0.003048978705782247,0.002986797603274681,0.006079090358762187,0.003697835466829929,0.0021819158884847523,0.0023000074866401975,0.006203988052327986,0.0018258302310396174,0.004842229071122801,0.0032186414001771483,0.0026753053683637516
load_forecast - Forecasted Load_t+120min,0.0021274456364935757,0.0029749101514253196,0.0033483409053042122,0.004919863697852634,0.004550638068767512,0.003469979259250977,0.0043235949325553516,0.005479655523075053,0.002615425387612731,0.004604048309380232,0.005008854871019139,0.003790103328077748,0.0072366763431350595,0.006422079343916266,0.0077243035672909174
load_forecast - Forecasted Load_t+135min,0.002338273640721127,0.002995613630504522,0.003998458670946093,0.001613831049000666,0.002689609468692652,0.0031798247123833788,0.005110260065161128,0.0039043351590489694,0.006483902955889334,0.0032614762413286373,0.00645795006150729,0.005424705067216678,0.00323984946329756,0.005394029882477298,0.0066808616282287405
load_forecast - Forecasted Load_t+150min,0.0012418868683616892,0.003493145588916377,0.009406336891403043,0.00164219115297783,0.0008289303735273278,0.007525641907224781,0.0025997533655724965,0.0008015297835269166,0.008654007224609813,0.0017281686570320574,0.0012795196381177902,0.0036733015407698984,0.0013380957097097054,0.0026498972610304464,0.0017284542983979918
