Feature,imbalance_prices - Long_t+15min,imbalance_prices - Short_t+15min,imbalance_volumes - value_t+15min,imbalance_prices - Long_t+30min,imbalance_prices - Short_t+30min,imbalance_volumes - value_t+30min,imbalance_prices - Long_t+45min,imbalance_prices - Short_t+45min,imbalance_volumes - value_t+45min,imbalance_prices - Long_t+60min,imbalance_prices - Short_t+60min,imbalance_volumes - value_t+60min,imbalance_prices - Long_t+75min,imbalance_prices - Short_t+75min,imbalance_volumes - value_t+75min
hour,0.004621085821722773,0.0054247573330067096,0.0031941168155681225,0.002320638483341952,0.004365673760253231,0.0027108151807688045,0.0107111990248668,0.009596713604074466,0.0017490746929843227,0.005590598762279114,0.006232851869915976,0.0027386419331032813,0.00788694773215684,0.0065923970875171566,0.00266617405511397
dayofweek,0.004851141598030949,0.004744730771362981,0.002734040778812414,0.004421506381119116,0.0056608547120213185,0.0021313162404381957,0.005535195751371702,0.00585600310875293,0.004122722819454794,0.006938751083881073,0.003938979280609601,0.007932577247245035,0.005303950438506035,0.004584581414525018,0.0032687278989324115
dayofweek_sin,0.0022565650191337452,0.002011318478542307,0.0030837421638684644,0.0010476763121985185,0.0027006996980437634,0.0044699185412122805,0.006472551798550739,0.0024762531573708202,0.003661915552789253,0.0032057353082582266,0.001437425559256667,0.0031520615849791084,0.005600230306325102,0.0027449157158334855,0.0023858860738546353
dayofweek_cos,0.0023865887313504574,0.0019091658370875848,0.005285064409021288,0.0022201000239565473,0.001697714684408311,0.011040548488497734,0.001754639973543817,0.0016303910205588182,0.007487442129291594,0.0022897123939815173,0.0036909525438577474,0.006751045106560923,0.001781446378890905,0.0051644357620098166,0.009305922681232915
day_of_year,0.012129141482786508,0.014003560958888557,0.0033771735116079073,0.008778011133646941,0.008983476383771631,0.00668316112532375,0.008574668232540716,0.010315000466274796,0.002837238522929283,0.01258007987246674,0.010047563936881488,0.005090008233466506,0.009945476977649378,0.010972923919128562,0.0025702083018659325
is_holiday,0.0019747393585639655,0.0024644586790637957,0.003405566387111321,0.0013638718809443162,0.002435640648473054,0.0034859558404423297,0.001709542360825708,0.0028220861191584844,0.005489930027863011,0.0033346285306615755,0.00386819392896723,0.00443202773667872,0.0034080995909171177,0.004339544727932662,0.006867557985708117
intraday_wind_and_solar_forecast - Wind Onshore,0.012035499060351867,0.010453202333483205,0.0044843950341783055,0.011623409002473635,0.009684138701595657,0.006270017054234131,0.0049138440495817125,0.0026267205377134813,0.01251119013475909,0.011984404736867873,0.002390716385446012,0.004342806279692923,0.005598426459103848,0.011194787280946911,0.007083883237158261
generation - Hydro Pumped Storage - Actual Consumption,0.004723706804434187,0.00452707712836127,0.004302150366769638,0.004145757584244166,0.0028319204496672227,0.004760126668705198,0.003936637302522286,0.0020175405380955455,0.005463921645969094,0.0016491092605401719,0.0013890750562607081,0.004956824467068145,0.0022512891684607437,0.002052190687212715,0.004810487235474284
import - RU_KGD,0.004370534203164425,0.0023708750126024826,0.007303679106149502,0.002071384727745226,0.002229379631506191,0.003936602436258908,0.0019177258327247274,0.0021811618913852725,0.003652444970890073,0.002065510971721778,0.004752957997319754,0.0034257521920853834,0.0037235457797251,0.003015495834408739,0.00421816843523925
generation - Hydro Run-of-river and poundage - Actual Aggregated,0.008668432539212517,0.011006843689945527,0.004059458716918016,0.0023048286930416,0.006769863514913595,0.0021192394774927834,0.005391385454237024,0.006209213246162108,0.0014716055045714712,0.006028555300348671,0.004939380547810288,0.0012300685076349397,0.004932285602099796,0.006770135140017374,0.0022407575845136305
wind_and_solar_forecast - Solar,0.004908925704721241,0.0038221479255616943,0.017509165263938486,0.0028987366689551663,0.0027124419157662488,0.006714364556595683,0.010466625782297342,0.015383136287240631,0.010673191360359852,0.003403418293239156,0.003981434663041682,0.007665590576850264,0.0033697743380616883,0.0039289593152311685,0.00595712049942631
generation_import - Generation - Hydro Run-of-river and poundage,0.0028951807563207693,0.004106404904880037,0.005666641843653451,0.001245150258459489,0.0029335687989441796,0.003984612247671976,0.0015185740321176126,0.001687746028623053,0.0018078317340978175,0.001496684305202507,0.0014139473520513094,0.004012400715291733,0.0016473406224498035,0.0020745875015331875,0.004642161700370707
generation_import - Generation - Solar,0.016460931753950716,0.014066256380177947,0.024910072861417575,0.017340571040247596,0.008751345161116206,0.024947958975681105,0.010266894696077543,0.01845460876154175,0.021139882772686178,0.021485270448560186,0.014349964685645545,0.037016851991880685,0.021203565439151133,0.013426401322278252,0.016529880928632338
100m_wind_speed_mean,0.0020928555770224192,0.0026124462435705028,0.0032943614442083346,0.0030785572907498135,0.0012316204226431183,0.005342531307634999,0.00444618373245612,0.0012340088939276938,0.006206582275674009,0.001199155840790354,0.005335863122681985,0.004822942487880937,0.0018537181886943018,0.0019403062575092918,0.0069274609365675135
import - sum,0.01133195164456265,0.007500577881350182,0.011384928547224263,0.009413243071423494,0.005831898982662096,0.010223466630253824,0.011089067817059458,0.010646869692064229,0.004494170378837225,0.013820971257664495,0.010348964845114097,0.004607751942591676,0.0075114537343652045,0.005589619698925162,0.0047360917295882245
generation - Waste - Actual Aggregated,0.006777047311876288,0.020093209158832906,0.008892915681455633,0.006964646880434884,0.0058949024201301655,0.004837201931753953,0.0035871315493768634,0.003951342662562127,0.005557676687883941,0.008587303602216706,0.007886541073426998,0.004475635232105787,0.005051338743034535,0.007114999239507597,0.007310876341536641
generation_import - Import - sum,0.004165476109296151,0.003681132930887543,0.010677154963515931,0.005340291120106485,0.00497436646911035,0.011483257091225824,0.004982286930082409,0.0035369157692707633,0.008484983411789358,0.0022687895911742543,0.0046426934538940255,0.005839183787274124,0.00462056176292117,0.0031920609657136085,0.0019219768284328893
10m_wind_speed_mean,0.0011353209769308706,0.0010354531021602043,0.002221789543285013,0.0014265543667006568,0.001650371704599138,0.0023040444462976667,0.0018400755425568604,0.0019982189030225755,0.002571933933209948,0.001132813130072236,0.0009162589967709209,0.0019743604364171005,0.002262090263621758,0.002388544692994401,0.004231461954645965
generation_import - Import - PL,0.005083645754639292,0.009477211711397104,0.009827408940102032,0.0016263445578215397,0.005515662073783119,0.007803913900448606,0.004082510277239635,0.010346914073712469,0.007606027927151445,0.008225155291624105,0.002704414360983719,0.009250885762214238,0.0030731717786857187,0.0027499010523854396,0.004957590974674531
generation_import - Generation - Fossil Gas,0.001115556426308558,0.0009796076702612026,0.0014775023870133737,0.0015859183715179767,0.0014579318839601002,0.0013566759633855056,0.0013121912654160042,0.0017266621184808173,0.004240291787689784,0.0023782095432525237,0.0017573468774730828,0.0028761665064448608,0.0013386816515212558,0.0021408482475832216,0.0036941462063714427
generation_import - Generation - Wind Onshore,0.015538505800772782,0.012834559060795073,0.0329410319432136,0.009048508749470784,0.010896919340804744,0.0255059331668308,0.015439211830551358,0.00527692830174783,0.025670476411120035,0.006111709922170121,0.008637908098274237,0.01477816753685329,0.00514879942668415,0.003273373268881187,0.011824327903764243
generation_forecast - Scheduled Aggregated,0.0028301719764256177,0.0027420664006299377,0.002811263353368304,0.0046996226572809975,0.007804074548868812,0.006399044936173596,0.007920543732598161,0.003218598607346337,0.002138959693725155,0.004856289276818643,0.0017859073422505389,0.005632635646293238,0.0029066904057817736,0.002153126069631071,0.003267337395083814
load - Actual Load,0.00910643897323689,0.008143605162265885,0.007856624863820343,0.006582935369450752,0.006604849115214165,0.005317554737128375,0.0037612273529921366,0.004888520944819902,0.003556732532197202,0.0019189419191343404,0.001736841793393296,0.001458481189207305,0.0016743920219514622,0.0033043881514466873,0.0023748550980272967
100m_wind_speed_std,0.005189980339865997,0.0020866481936684523,0.002020512279212653,0.00516310972723295,0.0033482005118626148,0.005344544970483185,0.005084400538535192,0.004231075371706083,0.0052691041881917046,0.004059267252643394,0.008050449845538423,0.0026774267230994155,0.005598359996411091,0.005226267344348344,0.003830443881210613
generation_import - Generation - Biomass,0.005154104867659043,0.002981696577412549,0.007942292849242222,0.001935366876599346,0.002215954760867021,0.002655982100053734,0.0034726662729619873,0.0017929427526141809,0.008266522164800335,0.005625593373028096,0.004465960020545935,0.00820975104009267,0.002497791358735867,0.006690998280188069,0.0031478959232229043
generation_forecast - Scheduled Consumption,0.005541673635660118,0.007838668766722548,0.0031228981479330285,0.0026589501005073544,0.0018274372117125495,0.0030110357129335625,0.0011716291048303447,0.0037464142598182663,0.0018676352088896238,0.0011771336113597498,0.0029694566449422837,0.0013367865832587995,0.002716904166241875,0.0018353450223746676,0.0012094659151171072
10m_wind_speed_std,0.004482180054881155,0.003228591104278621,0.007317591411045214,0.0025132068037792125,0.0038089442476193654,0.008946550729717274,0.002969503732467274,0.001333773070609368,0.006805460080763623,0.004441612122687729,0.0041506648809363465,0.009356696809627465,0.002182610079245933,0.0024481545648031896,0.003832184315662744
generation - Wind Onshore - Actual Aggregated,0.013772890490592545,0.012991294108578586,0.02702713265235434,0.01737378358821297,0.014214676984644029,0.02323222283410723,0.014040062570357805,0.011991792576955049,0.02443787970712856,0.010951564138464164,0.01135941308033216,0.01774973196873418,0.009506931538013305,0.0055602613549990566,0.014661184846146853
load_forecast - Forecasted Load,0.005352663433533053,0.0017598985495578744,0.00267575145277533,0.0030496836390816497,0.0050728421761250505,0.0066051056822147985,0.002296044133129044,0.0025692574931117634,0.009028558009391417,0.0026430222189769664,0.0012945438246933917,0.004736199475707508,0.0033800419430071995,0.0029623870874717112,0.005510210778142209
import - SE_4,0.0012922331839430399,0.0012242779447973362,0.003167270104800991,0.0013636660051477066,0.0013707071540359267,0.0021827949104626897,0.0012869822123789162,0.001562601303729025,0.001964799522111207,0.0012283933730854529,0.0011813995895496774,0.002899335535348257,0.0028996080252090906,0.0036758061558221015,0.0010062527642044187
generation - Solar - Actual Aggregated,0.0050423424640302986,0.0028289057210076863,0.006757629387731868,0.007762931534318341,0.007885840588362043,0.006013480859734955,0.00982606050096001,0.005933298043122221,0.007026014537317679,0.005716552328702164,0.011499986056506258,0.005654341474666581,0.013787618533184286,0.008193032587267226,0.002542537368835383
import - PL,0.005250493022453157,0.0021516106072721184,0.006543980168775306,0.004681166875123381,0.0035457419822837438,0.011215702572535066,0.0034906561461748426,0.003676378084011958,0.009749183800187893,0.0036812962412423075,0.0034463559223513584,0.007696718710682035,0.002968139777551926,0.005261861055537338,0.011171363184752408
temperature_mean_celsius,0.002255713833164009,0.001440997842784327,0.0027195658995028678,0.0022345662292326553,0.0027201098234982055,0.0027117420550089263,0.0032257284520046596,0.0036619122595930092,0.0019822293830106903,0.001493211525093102,0.0015390502264306179,0.0015713957068710443,0.0028966661265494623,0.005088314123428973,0.0019902943191191296
generation - Hydro Pumped Storage - Actual Aggregated,0.008955370127834612,0.013838980235050258,0.004533377608866431,0.004830354998877738,0.010251390813675243,0.004836647549527697,0.0033454598648677346,0.005242436862845352,0.0024361793265507002,0.0030411240382820777,0.002101549570848874,0.001666785470225932,0.002074442581177664,0.002195301724195815,0.0011191489972343335
import - BY,0.002545195587565104,0.002472706968848797,0.0020841038737344207,0.0014765747375375894,0.003053869435479555,0.0022587321718601744,0.0016193022412899153,0.0017979360578920024,0.001665038616152742,0.002824353053987579,0.001684330215123282,0.0020670201598781547,0.0034254857248006373,0.008135428011286422,0.002262828046343202
generation_import - Generation - Other,0.017913364776250093,0.005094096881198993,0.004545008948059149,0.004499380937307705,0.0057092022042737655,0.005241238007188258,0.011048872539620789,0.00855477714294102,0.005588537242936582,0.004112910399006978,0.0073394002716268,0.004418779751607872,0.007453891084065617,0.0037802723540989974,0.010967621363550279
generation_import - Generation - Waste,0.00905452602400328,0.009240436657473766,0.0076493354951508085,0.013856474034575513,0.0045059977019955115,0.015621528830437456,0.004155010420370672,0.0072041786411587054,0.008923231902933367,0.006877591109077002,0.008719855238782203,0.004748512152743387,0.006024073186097666,0.010278651510430791,0.004797884997216897
temperature_std_celsius,0.005311101993931516,0.00926922491453297,0.0025108453156274207,0.0042607305667945634,0.004420154610539612,0.0015403327731946775,0.004048339228877012,0.0028829995810465336,0.0051274387570483665,0.0025018024364994746,0.0034233034970191055,0.0021098937657312716,0.002768871188722187,0.0018013254802517623,0.0015182648384316052
import - LV,0.002533255327170991,0.0020719441809405907,0.005906903646828141,0.002423278236264764,0.0013629026596718176,0.003122978866977064,0.0011350205500869493,0.0017421553892954763,0.004660100248191156,0.0034520851667866736,0.0016960698245975436,0.0066249099258347995,0.0018484391336678527,0.0050688762696954656,0.0063343179976436655
generation_import - Import - LV,0.0017654892405732027,0.0019461482792430616,0.005704532537965861,0.004232285316300477,0.0012809951034269034,0.0045231691253302415,0.0014072972173453308,0.0010007111491299838,0.0026605843465886208,0.0016360048876449581,0.0009806074346165588,0.0033440679978812113,0.0019742539176768334,0.0015927386313242095,0.002087042032442241
intraday_wind_and_solar_forecast - Solar,0.00951501528202357,0.004908086107306644,0.009345879974702256,0.01487216165634527,0.003373289122031565,0.016096882565499984,0.009050502899031925,0.009798975509831507,0.011333296278038687,0.0055590871884983245,0.003833448780144863,0.007490970998033049,0.003831312592970182,0.014328541307186242,0.009594637617361514
generation - Biomass - Actual Aggregated,0.00640915476583541,0.006849895427949377,0.005008694595524503,0.006030787261552178,0.0030671317803171406,0.005580947991031281,0.0024931503324330693,0.004342263128845388,0.0040142606946865275,0.0034595988271212265,0.0074138117348848025,0.007482879005285213,0.005947962049162015,0.005031277302476155,0.005803934860043228
generation - Other - Actual Aggregated,0.004929419950008196,0.011883382813074604,0.015119537080339796,0.0034152015573200457,0.008726245289701182,0.007483742536876889,0.004949746482059709,0.007167052766129928,0.010298511314138522,0.006156785404464131,0.00738779957471661,0.009955841132360092,0.005891109366263549,0.004798116932852281,0.008946915707342214
wind_and_solar_forecast - Wind Onshore,0.005885472628714979,0.01572002726432402,0.008369213781235885,0.0037858256324343528,0.0021786935654833995,0.007361770621062533,0.0025960404079523867,0.002580236174988386,0.0046030947364870374,0.002532815350671626,0.007794327345012789,0.012630453326681163,0.005431146720296965,0.0027567392056016614,0.002443462291981177
prices - value,0.003599636072303838,0.006124468037674888,0.0012658932910588874,0.006313586705874514,0.00425246698119372,0.0024592583376697803,0.0034593848797157987,0.006121058088973769,0.0035522137727857627,0.004371663580766835,0.004122581712457759,0.003192251695782488,0.004202452605863073,0.0042267873724015316,0.0012401749991854559
ssrd_mean_j_m2,0.0012036697998262299,0.0014763488910507477,0.0031192456078329087,0.0020890004012180724,0.0014664123959087193,0.0029198244326235,0.0022514946881692596,0.004123524285079839,0.0022728680634263583,0.0011380833402281497,0.00112562944961212,0.0016713956839835191,0.001093585992939552,0.0014342561852955242,0.0019640028620729025
generation_import - Import - SE_4,0.001571743513699488,0.001506158307907981,0.001890993711228475,0.004379029158648336,0.0013086805937914505,0.0023165421697976855,0.002625922364156054,0.0028926307070032634,0.0019144325314197203,0.0014891561621541314,0.0010848465970548205,0.0021032787889732844,0.0036371284031320103,0.0025769379652520004,0.0012446877147694977
generation_import - Import - BY,0.004201797017249192,0.0019445901929138927,0.008284380429569865,0.0034728467943223222,0.0025246862064711877,0.005269751043109863,0.0016745077308532928,0.0019558736161452545,0.0079784736635047,0.002047838164015957,0.003911363979816088,0.0034829568693949113,0.001994523521592782,0.002307811590082565,0.008233350921887905
net_position - value,0.0013306892051659816,0.0012119761698972979,0.004930476744068073,0.001560635030303274,0.002024197519032441,0.003539579550837516,0.001039348405775513,0.0014210240354386768,0.005622637929544908,0.0012701926516892855,0.001154503838622304,0.004119267259598928,0.0013507957758065459,0.00124311739855807,0.0038026302788571227
generation_import - Import - RU_KGD,0.005966913722688332,0.00188049407468111,0.0043194728562207275,0.006963159831415397,0.002056450108157151,0.003213580237015776,0.0022168137669632414,0.010371737585403025,0.003351031434397669,0.006108269328367897,0.0017568454069541986,0.0023659069443529007,0.002348079559760663,0.0018808825358119065,0.006886596070398809
generation - Fossil Gas - Actual Aggregated,0.005685914392292034,0.0012634235001451088,0.0031150564806666807,0.0013769322547782395,0.0017773543326666185,0.0021332578699907573,0.0028461824707483175,0.002695640607355173,0.006620792055036873,0.0013468439098937779,0.0023635964206230823,0.005261989651946351,0.004253207056579413,0.002754828230543353,0.0072122623895993455
generation_import - Generation - Hydro Pumped Storage,0.012562951785512269,0.01321792585379444,0.006559147957481855,0.008840993268038347,0.007057188742881408,0.009111832748631058,0.0064688980425999035,0.014481996595684905,0.011787651007951355,0.008331034995382652,0.0023507160247136197,0.005262303194946071,0.008826805495293228,0.008019678152457346,0.0046771534043946305
ssrd_std_j_m2,0.0017696714278995387,0.002407889803904595,0.001581219846534168,0.0027586181451642916,0.0012324785792266085,0.0034308389773398174,0.0017881109905210906,0.0013023014338505163,0.00205761205651288,0.0027115709469944706,0.002005177461977837,0.002232461392399273,0.002578610476668473,0.001377382764311733,0.0013852049536162668
intraday_wind_and_solar_forecast - Wind Onshore_t-150min,0.003768746616727185,0.0028090800395839323,0.003032744526487704,0.0025431532584793788,0.005852951113560266,0.005226255023944759,0.002919215134428555,0.003931197970183461,0.007116756192524917,0.003531981554747077,0.004905657268851428,0.010801340502534004,0.0023400562693691425,0.006340887379948981,0.015766900705595617
wind_and_solar_forecast - Solar_t-150min,0.022102065376762767,0.015305838847423729,0.022694920294961774,0.010186165207021987,0.02148420542291933,0.02597158079626388,0.008279358120262259,0.015998207469194312,0.031765340881625886,0.006605926313781311,0.0031827280631189295,0.013690506010156242,0.021127257891825138,0.004278816863867746,0.007564505613736401
100m_wind_speed_mean_t-150min,0.002109916159635759,0.0018409882344881225,0.004533793180664361,0.0015227583813652928,0.0017922790678039746,0.007231736043810997,0.001027435023266662,0.0009057700458562295,0.005153907514439652,0.004029858133155358,0.0034324336288832458,0.005352767382805723,0.0014708755918168208,0.002254185603442238,0.007423497216808755
10m_wind_speed_mean_t-150min,0.00320168020030178,0.002398384945227917,0.0017810209971539735,0.00469860979506484,0.0013363219260390906,0.0030907349263407016,0.002257603534106693,0.004429136696791375,0.002947764048825775,0.0027034394438037452,0.001279386868185611,0.002945151255140445,0.006127656625225427,0.0013239966834335064,0.001358762116570233
100m_wind_speed_std_t-150min,0.0027544745402901753,0.0013555230494589523,0.0014737702739980704,0.0015889730026424332,0.0010376380729464926,0.0024136530744553967,0.0013750290461298391,0.0012357491679531448,0.0019801056082833384,0.0019914902237785554,0.001278928913123309,0.002823267878344495,0.003872447362297862,0.002159052357575092,0.0024216981069735085
10m_wind_speed_std_t-150min,0.0009251325928084953,0.0012687319825346322,0.004243468502775613,0.0016623058822078747,0.001552303312398152,0.003101251471593059,0.001200361842087233,0.0019953231440849777,0.0025244165006606638,0.001514450671960958,0.0016359830432013955,0.006063640266853326,0.0016382965960212914,0.001154916134715677,0.005418344416610125
intraday_wind_and_solar_forecast - Solar_t-150min,0.013115409896039636,0.012074025106834597,0.01574088888716142,0.014953076933161356,0.016466483999523916,0.018107633340790925,0.013886827780937892,0.0025515084778446637,0.021291917981499865,0.009825410447112517,0.006530682296379382,0.01580503362172749,0.012556947074175696,0.00850627644027918,0.020073689736251253
wind_and_solar_forecast - Wind Onshore_t-150min,0.0018031514368512945,0.008226006983379193,0.0028755165880984352,0.002101050735593617,0.002492219094642678,0.003351230973199563,0.005373676454671113,0.006387879135890444,0.0024409628891144167,0.007861963423381895,0.004363662367509192,0.0028781954315975043,0.004045810657638867,0.0036133511562177318,0.007885478897875145
ssrd_mean_j_m2_t-150min,0.0023915657809761796,0.0017000814959974378,0.002331663282791851,0.007905285941815237,0.003201684499923431,0.0013264381039866748,0.00446482791368544,0.0032754789251853256,0.0019511904015894288,0.0037759939327812616,0.0031063586412806215,0.0037398135368171097,0.0021593651712628345,0.0015858763368632935,0.001874723306931287
ssrd_std_j_m2_t-150min,0.008572571805416374,0.00513784564357411,0.006041207310430763,0.0063434797105037435,0.007236158892421372,0.005538300924788928,0.005732564351204928,0.004372343336604445,0.004402056890327003,0.005285381543065114,0.0045806903076427265,0.005119899100887551,0.005255102397994051,0.006904366303315328,0.00435242141123581
intraday_wind_and_solar_forecast - Wind Onshore_t-135min,0.004496725599863567,0.0074697864299305364,0.012837246839640102,0.007590942135619571,0.004886346026483807,0.017438798220231547,0.007732856577298662,0.008456885542542295,0.006588705272693915,0.0036881185734034716,0.0023929605155599346,0.006326845334129757,0.005682506290966558,0.0030136239878356718,0.005538200337115996
wind_and_solar_forecast - Solar_t-135min,0.004379390770303417,0.007606356481699549,0.008813648424347776,0.007844373032217845,0.0050878189210875465,0.006212376411971036,0.0074940158541148775,0.008271940902312053,0.007871135861932999,0.011440299434492773,0.011674968233055551,0.010147462983877632,0.008972413301660709,0.010596427721276086,0.01193446632082214
100m_wind_speed_mean_t-135min,0.001461859459740026,0.0017203872953305108,0.004685508438080433,0.0018482804739724087,0.002449869434255106,0.003945979272117256,0.001490028740073285,0.004358271256444823,0.003020776087906597,0.002284979061976628,0.0017684595074933895,0.005642585471567145,0.00131556378062362,0.0012821515317807553,0.0022969653062336875
10m_wind_speed_mean_t-135min,0.0020426280283281813,0.004471541841676299,0.004831103697684739,0.001392370529519212,0.0041851896626581035,0.0035515539931096213,0.0058122166974371794,0.0030146267766265,0.002601575986196622,0.0017453188431773015,0.0014674884894384378,0.0017141634315920556,0.0016742657077415402,0.0010759220730765264,0.00262954742424472
100m_wind_speed_std_t-135min,0.003586503271877973,0.003017634297324548,0.0017388356131576757,0.001134589829845936,0.0021490154019576267,0.0031591862574123298,0.0026655009668493782,0.0034077519855800348,0.0013058829115250318,0.0034096525255663435,0.001486410977975936,0.004244306415195752,0.0015494086905780478,0.0014857478023354816,0.003486401915984061
10m_wind_speed_std_t-135min,0.001198736999532457,0.003923056689161967,0.0032480056821393645,0.001436939731608991,0.0015589507111808416,0.0019675173774298853,0.001421779032610175,0.004494074039237148,0.0027279994625414475,0.0017298580290644168,0.005501245464532985,0.0014190885881766918,0.002295485409546927,0.005317689488689211,0.0015088957969103375
intraday_wind_and_solar_forecast - Solar_t-135min,0.006243836207929718,0.012459325818199432,0.018581955101893984,0.002278554968526578,0.008862510827234018,0.020609373818831954,0.01118896892471821,0.0035265553086087495,0.015938431265007238,0.0102129001680878,0.003333023910712427,0.014734917391680029,0.004896761518671156,0.004435953657086429,0.01141697692519665
wind_and_solar_forecast - Wind Onshore_t-135min,0.004683918943270782,0.002904043150864709,0.003391251333366753,0.00345588961102942,0.0019592023881377825,0.0035539347280046057,0.0025257829092024623,0.0060030841479347145,0.002186421427281857,0.005831593428324595,0.003032111644754082,0.0032108272288919578,0.007091301661715988,0.0045324001187427715,0.0029730941607562043
ssrd_mean_j_m2_t-135min,0.004317959659289045,0.0026733234028743025,0.0022139631961446186,0.002405211549545612,0.002677292194499387,0.003180330153340037,0.0029435458805546657,0.007664865593033028,0.0019859366221422763,0.002794771031786695,0.0014850244409312836,0.0012790063794187745,0.006497469397290842,0.001764650871557933,0.00539032609971855
ssrd_std_j_m2_t-135min,0.0013897430789638746,0.0016375173352653292,0.004034177738437052,0.0034923474168590475,0.0033825868044514208,0.004521329559360538,0.0010251019384384108,0.0026420818150763806,0.002663177159809493,0.0022309108715708134,0.002111909866458518,0.0019807821975027762,0.0016770742034586874,0.0016431896253411651,0.0016162658104006483
intraday_wind_and_solar_forecast - Wind Onshore_t-120min,0.0060676177625002764,0.002484281260491116,0.00442645669781632,0.0024919002118115826,0.002732536934111522,0.00987307922859327,0.005947202196071885,0.005548292744953869,0.0020191173247740154,0.0029879062838842857,0.0049283741882809404,0.0031132866508567078,0.0024300205950203236,0.004604373825903167,0.0033548672593205994
wind_and_solar_forecast - Solar_t-120min,0.007736327516942765,0.002734004219552844,0.029927389507094632,0.002731270969383786,0.0037796999855399917,0.018927525191004862,0.011038706793396842,0.006182979856407315,0.02856517139004518,0.011281620489455236,0.007379599276022418,0.02856655338210112,0.0034758535950686563,0.010309122662372829,0.019917109069327126
100m_wind_speed_mean_t-120min,0.0016254317637021812,0.0012241668520910024,0.004317468621770558,0.0011267223125105376,0.0014207424848366372,0.005958824393839678,0.0015755808500969124,0.001335734178644998,0.003841037078602767,0.0018584409047148257,0.0026632171039100284,0.004349167575828688,0.0017320644958974754,0.0012184838961857168,0.0015053268412461875
10m_wind_speed_mean_t-120min,0.001554617535289708,0.0011145229357071003,0.002698705310531295,0.0018139342900940392,0.0020597708164249865,0.0035772500324149233,0.0030156353282291093,0.0014162716851692494,0.005261326219610055,0.001599678638356636,0.0028189685439283492,0.0020411682610069876,0.0016123197752917235,0.0015364820078550565,0.0027085467067772696
100m_wind_speed_std_t-120min,0.0018515532147343947,0.0025253030952462723,0.00177344359941344,0.002630161303028217,0.0022957498317218777,0.002530325864870065,0.000854768945611795,0.0013253373229722455,0.0017440899769898693,0.0016748221750917764,0.002648218611825541,0.005227023349871161,0.0018848227995310936,0.0028909643755741852,0.0010452390646566983
10m_wind_speed_std_t-120min,0.0027804931820282945,0.003148896064638393,0.001768034878547951,0.0039052780790818815,0.00400952166835755,0.0019055899925178891,0.003490954945361409,0.0016093417789879822,0.0014189773755488204,0.004009296494420596,0.003837779523800009,0.0015899551571434446,0.0013588057599114335,0.002424306482512293,0.0014408600878341531
intraday_wind_and_solar_forecast - Solar_t-120min,0.015920814684999642,0.015965758711026866,0.004690030318408617,0.0031603841788426052,0.005650448681414673,0.004358381356572863,0.002602899277323104,0.005176547560110976,0.007793372087021794,0.0028993212822938405,0.003534142064498155,0.007746797742020135,0.003060149597111149,0.005772586808905544,0.00965454188550757
wind_and_solar_forecast - Wind Onshore_t-120min,0.008622550104986658,0.0027377846817980755,0.009328602188539661,0.008047884011229144,0.002423329993511288,0.003964834666370734,0.0061935565986404985,0.0029949309615367385,0.0038399166380203268,0.006029219346847526,0.003374836324990611,0.004373949158847609,0.003975734608388393,0.005290418256307021,0.0072063384406974365
ssrd_mean_j_m2_t-120min,0.003945967626372464,0.0010261294640390589,0.002345004813512787,0.005154728492001596,0.004964740817224083,0.0024971488890005275,0.004873018346293975,0.002024345254387299,0.0017764362863028965,0.003656513171048573,0.005700805151021086,0.002627560101405834,0.00719153432422172,0.0014512877535952952,0.0013274370934436774
ssrd_std_j_m2_t-120min,0.001571281919068042,0.0013423084211320884,0.002552966568523516,0.0011872106503797112,0.004171650943571876,0.004738140663742342,0.0031467265578648948,0.003592292855022606,0.0014461811765540916,0.0031920946141690363,0.0037315923586029383,0.003246627560889465,0.0028936747396446664,0.0034864831807863085,0.0015370075232563067
intraday_wind_and_solar_forecast - Wind Onshore_t-105min,0.004280008536809419,0.005967203014120969,0.005238266085408668,0.005585477535682912,0.004919214319711046,0.002366356079497564,0.012466085142641532,0.010783243838275666,0.007257951860785397,0.008687352713921428,0.012685407625172956,0.003173623722229422,0.009546498752355546,0.01738111254919204,0.0021672294398936173
wind_and_solar_forecast - Solar_t-105min,0.0044837333305940774,0.0028281494729926636,0.007754264228363354,0.0025323723487276767,0.005382577541011415,0.012598000812122336,0.0030747308784910958,0.008572599725073815,0.01149820535733852,0.0032904342707024627,0.0034524843896324457,0.006023841267952776,0.003151256357427215,0.004081819284301218,0.0065314740800265555
100m_wind_speed_mean_t-105min,0.001303369332469174,0.003983765267083072,0.001767957196421321,0.0024746877703209977,0.0028476695879162436,0.0017525945859806597,0.0051932564282687966,0.002725854098724085,0.0015630041660680263,0.0029205526018995444,0.002142860892799945,0.004068094698674031,0.001974654018837555,0.0031556044042591225,0.0022580138776875174
10m_wind_speed_mean_t-105min,0.0031235444352532794,0.0016675676568524977,0.0030681026843403744,0.0018347028465046265,0.0016031948293234563,0.0016691704332829431,0.004893549000929852,0.002342534526810141,0.003340873642940096,0.0025916785943518334,0.001721112846545111,0.0026912224529505122,0.0012589553816314946,0.0017706342861310987,0.004414442778090233
100m_wind_speed_std_t-105min,0.004408537675733214,0.0020363381365673377,0.0031519159295703503,0.0019502553484871895,0.0028830692693591117,0.0013904306800535551,0.0011301798407207001,0.0033832505889686217,0.001386186519265948,0.0015627183505357606,0.002635907663571743,0.003572678246790019,0.0020740358507182464,0.001718719802555995,0.0014808679155864865
10m_wind_speed_std_t-105min,0.006627245104589747,0.002317215038228824,0.0016437959498910005,0.0035748544075995597,0.0015451328975952948,0.0013845350764036084,0.004034050710226438,0.0022810082397581935,0.0011496757151493284,0.0025981762958836043,0.0037341824948380234,0.0017674152903596222,0.0015199366995491345,0.0012643225913739117,0.004200596383452648
intraday_wind_and_solar_forecast - Solar_t-105min,0.016177462259103777,0.010521436026248807,0.01566233072434602,0.0026447920437649374,0.020413987471954897,0.0169278136361645,0.003582714595889229,0.008110419092239682,0.019863524085696554,0.00487756575322237,0.008985618086572231,0.006244401361167547,0.005687353562226917,0.003274185348811443,0.003402758792206441
wind_and_solar_forecast - Wind Onshore_t-105min,0.00424360991692356,0.0033166630275945864,0.0037432701598900165,0.003577902412205731,0.011898018990465062,0.0021087485859302433,0.0044813151770231345,0.007126753923705109,0.0023970232593565014,0.002666773543102522,0.0028977065510425747,0.00406191763033712,0.007731053016228543,0.0046153587340013475,0.008912697204665164
ssrd_mean_j_m2_t-105min,0.001809395117897111,0.0018872361663061384,0.003194841541167989,0.006704046398430364,0.002395601045676358,0.001985728336039756,0.005738776666941703,0.004759150297066299,0.0012334217522088694,0.0038708153458646847,0.008454617852214142,0.0018674836870743831,0.0066131810480874265,0.0034516262620909403,0.002597755624344586
ssrd_std_j_m2_t-105min,0.0023100358832982694,0.0028103863469698355,0.001679537764583074,0.004883641351661936,0.0032017241878681945,0.0017097501406979063,0.004624372588280494,0.0033019737436407012,0.001224055289393391,0.0061989017581672665,0.005363459249869265,0.001538299345983887,0.0029774104775615344,0.005084486068465594,0.0023855155122482754
intraday_wind_and_solar_forecast - Wind Onshore_t-90min,0.003405306186530652,0.0054319024165743034,0.0026169857007248536,0.00297035315316316,0.005467914016152207,0.006455618535634131,0.002441450973086944,0.007155023828392586,0.0027116223874950264,0.007469143762140447,0.0032648808255589757,0.004831966797490168,0.0034236861966464856,0.004120760872520122,0.0032383461710169285
wind_and_solar_forecast - Solar_t-90min,0.004014757224405912,0.015648557755215734,0.005280120821711989,0.007458228015883833,0.016660610076352896,0.009386218543953419,0.025508646214730105,0.004769407354277519,0.011244468473892993,0.0125266656426611,0.004468601427710837,0.011623939219731256,0.007538378781795472,0.006467028748701239,0.004552633281601113
100m_wind_speed_mean_t-90min,0.0012259650636706283,0.0028826667370467477,0.00510032673745809,0.00307552829620181,0.0026636057962750783,0.0033727879375760493,0.002371152648759562,0.0028407105523765496,0.00529847859225265,0.003095376341895644,0.002452397413742801,0.0018618828787803068,0.0015888249971433197,0.0031917679565140133,0.003462098136110626
10m_wind_speed_mean_t-90min,0.006002136601448001,0.0019357272266311157,0.0015781801564726265,0.003737489569093668,0.004305997073683102,0.005567952243145555,0.0016404003742809437,0.0022303290914460375,0.0029876824843004216,0.0024054457926431494,0.0017156526521193882,0.0022321748002723323,0.0017926444435333905,0.002823482564747053,0.0029024638722312374
100m_wind_speed_std_t-90min,0.001733757216016329,0.0038744536481933665,0.0023881791911163647,0.001677519392926115,0.002101685091261743,0.003848740491769604,0.0035621749496133432,0.0033734386048836313,0.006835522424121109,0.0022798655235437763,0.001587269034374458,0.005804894312653232,0.0018837248830591306,0.0011811333539784527,0.005388494915286174
10m_wind_speed_std_t-90min,0.003394511555961799,0.004730008927597282,0.005601428323370783,0.0017297110862550653,0.002075635081403334,0.0026923831426840933,0.0029543135994067595,0.0038861464401124977,0.0023136675398975513,0.0017584830486625832,0.0033625361332030933,0.0016477774359350405,0.0035370775281235185,0.0019865726110656397,0.0021201151882632983
intraday_wind_and_solar_forecast - Solar_t-90min,0.005193019527436263,0.008900546457607562,0.00590145105360682,0.03321423994546058,0.008704024982755073,0.00850898387234065,0.008349455155301257,0.009450402815617792,0.003936312043555518,0.005145161419578926,0.006656823986204472,0.005544664662742207,0.008823070980117337,0.006857978640014153,0.006956309815413078
wind_and_solar_forecast - Wind Onshore_t-90min,0.002318750016852391,0.004451891341857845,0.006254796776065632,0.002922197217035318,0.0030937037844050792,0.0048883494862038785,0.0066502835949522705,0.0024641771706556026,0.00258949738931733,0.005582882830667586,0.0023410605977405795,0.004721836897886533,0.005167576365593391,0.007408538913932716,0.003714574821205588
ssrd_mean_j_m2_t-90min,0.0019226914928785845,0.0019102022256438432,0.0017375024569989818,0.003500759931921493,0.0018355211928519565,0.003620429933202104,0.0013262053413859575,0.00112665299611308,0.0013946619602418196,0.002637360929035822,0.00542613234515602,0.0015889172417741975,0.007439358637377154,0.0037570266024079045,0.0017024884222330457
ssrd_std_j_m2_t-90min,0.0034852485515075387,0.002003100635920191,0.0012596447272610334,0.0014369655326827342,0.0012918092861248169,0.0016369732769755956,0.0022587313430162794,0.0026254548886381597,0.0030389673042009236,0.0019947983510483027,0.003071599231048822,0.0034938399579359613,0.00237341594911868,0.0055984090762372036,0.001882641263116966
intraday_wind_and_solar_forecast - Wind Onshore_t-75min,0.002685757346851517,0.005221210051637172,0.0027730520056554724,0.002198216847828462,0.0044434908082330365,0.008797759608378329,0.005359140860756611,0.0021853896614102268,0.010391001623676857,0.006883194417205232,0.007979349851338156,0.0044420552273695645,0.002343892336026329,0.009579540807473677,0.004862939051394278
wind_and_solar_forecast - Solar_t-75min,0.0035428975481863745,0.006177287308877112,0.00492149199514472,0.0029536206229417985,0.0060795705165735394,0.009145403543096108,0.00906724743080099,0.003404505014203096,0.011746120013891585,0.004160294802229146,0.011515834638682576,0.004757375589467188,0.005248558724288614,0.010330773851339473,0.0036363745832027235
100m_wind_speed_mean_t-75min,0.0017093112909369666,0.004072046295616019,0.004457843910136035,0.004781708521706605,0.0038906114275341678,0.0019304768891161075,0.001962926874700315,0.0021595289689552146,0.002494904394789046,0.00333126063519876,0.012650130040128715,0.007936278818775464,0.0056309980324422216,0.008003680824313051,0.0030664366316559607
10m_wind_speed_mean_t-75min,0.002175990633178344,0.0015766323356715191,0.0019435037579537493,0.001121670365343334,0.0017125816940106234,0.001973357955534084,0.0010092709194479993,0.002146086847856168,0.001696151272539737,0.001980425459541948,0.0015302387319952686,0.0019765917401150545,0.001452102844343699,0.0027057137766596496,0.0026616204438905697
100m_wind_speed_std_t-75min,0.0014207118381091277,0.003376295139607464,0.0027643939613371912,0.0011852074642165463,0.0021102339953622505,0.0022758356354042916,0.001755634387912096,0.002250531368418027,0.0014905397333077701,0.0031815881096745216,0.0028121334711358943,0.001877194308946855,0.0012842529088602532,0.0017316023438003186,0.0018943116962072395
10m_wind_speed_std_t-75min,0.003724482687080126,0.002759690003329524,0.0034169255310189327,0.0027521200509516993,0.0030424110904641566,0.001296735776747937,0.002177500487435623,0.0016448603100216134,0.004391572192524166,0.0012013402835764281,0.001142417077304799,0.0015240451144109101,0.0011752050375395129,0.0016750532730204668,0.0016098146388603708
intraday_wind_and_solar_forecast - Solar_t-75min,0.005287524954363789,0.009824359287092648,0.007106487665034365,0.013522667364462905,0.016674826803682662,0.009450391202314222,0.015995804211852375,0.015482624825508537,0.006316292557605266,0.017811860457824878,0.023131949252216146,0.006509663527867815,0.005512103108756946,0.01846033893650747,0.0030593065646952484
wind_and_solar_forecast - Wind Onshore_t-75min,0.004096550133192068,0.006809598428633762,0.017112590604501748,0.003958980512153176,0.003939337644461375,0.017243342141948233,0.0038634560690456966,0.002725736111623746,0.021120826730635145,0.002820931395315938,0.008281753528121044,0.02083006040982218,0.002232164314102192,0.006721119292260027,0.01627739487533563
ssrd_mean_j_m2_t-75min,0.0013340459465734965,0.0031739728043157812,0.001505315084475365,0.0013357497382794463,0.003544586151945623,0.002526110411697118,0.001807530302135092,0.0023694622405136556,0.0034721049669096827,0.002374757955209816,0.0012368487040520222,0.0034784773381807098,0.0027586490161811525,0.0039839689176733376,0.0012315160849207132
ssrd_std_j_m2_t-75min,0.000944147197548233,0.0013933233593825206,0.0017109206591881048,0.0014986467588723826,0.0012183144486698438,0.0020392298681906596,0.002170057768749757,0.00383045547662914,0.0019675675109265284,0.0013547201015883274,0.001296930900247844,0.001158072324738896,0.0011737914895546453,0.0022975951555110896,0.0012205367984008716
intraday_wind_and_solar_forecast - Wind Onshore_t-60min,0.003315168266429623,0.0020285409064540543,0.004538159681836987,0.002497575474980408,0.0030773067657444246,0.002812952096664958,0.006290049502851616,0.00270136961659955,0.002257310379822911,0.003717832271799125,0.0035451252432226283,0.007370004307062117,0.00340110792470864,0.001976059803655744,0.0063935877552546
wind_and_solar_forecast - Solar_t-60min,0.005751002303496307,0.006000930052842705,0.005617666707374155,0.0037299451242872694,0.0040057058241764025,0.003857029433414937,0.011457526554637297,0.007463069121697117,0.004541611266732162,0.013336721677711466,0.0035882702187827816,0.006465055376965438,0.005013308320757005,0.005042560811183364,0.0062853290895668575
100m_wind_speed_mean_t-60min,0.0028738894278103545,0.0033697145014375566,0.0022455567579945067,0.0018474782001976565,0.0027109751994426005,0.003516826868610224,0.00137450046370941,0.0031619743617466154,0.001646420817891439,0.001954344547114506,0.001605416410951875,0.0018242099692615738,0.0033711534663707424,0.0016888899473360653,0.0010672894271519908
10m_wind_speed_mean_t-60min,0.004323138309548085,0.0039372900102330275,0.004895219041867676,0.004213192458618323,0.003369560943156273,0.001950949743419187,0.006153021540490954,0.006230742811849268,0.005724700943286734,0.004985071542891774,0.004580868483157246,0.0015057666953634907,0.0034006554392144606,0.0022926936113044577,0.0035132306367795536
100m_wind_speed_std_t-60min,0.004834608667464635,0.003644874279114447,0.0011647647633470798,0.003026901538246193,0.003141819997991661,0.0012755732466721383,0.0027945151303256353,0.0024561534021061105,0.0016599154036684922,0.002922269741604396,0.0024637288677073457,0.001061774019508789,0.0010809359913712341,0.002640089489690638,0.001080094185771486
10m_wind_speed_std_t-60min,0.0017355029463033134,0.0012939485324168344,0.006716853372949117,0.001251444271973469,0.003008024510321775,0.006367175625004166,0.0017771096927986037,0.0018666524333875714,0.004323839512949689,0.00523373623245061,0.0034398202089523694,0.0035992344733949723,0.0035988415882033564,0.0034784286380245247,0.0015185101048341494
intraday_wind_and_solar_forecast - Solar_t-60min,0.008467395151201344,0.009789024623316437,0.003863474602428141,0.0085437171671756,0.008550369900571241,0.0063877890998137446,0.004750448378956662,0.015033273760833254,0.013517911970891873,0.009051724266490055,0.005015725914773157,0.014112853049256956,0.004803850006311904,0.007137448339144612,0.015350762988098723
wind_and_solar_forecast - Wind Onshore_t-60min,0.004208029670000542,0.0030573177223295715,0.002811523256405053,0.005594600776910738,0.0033136995027198283,0.00715905682517041,0.0019624735128546717,0.00594885826438258,0.0024637148591732513,0.005863785361239934,0.0038522425887636018,0.003094702937269631,0.006521636449153448,0.0028334995504164908,0.0035370377208619173
ssrd_mean_j_m2_t-60min,0.0031641687149312927,0.0014438749173077668,0.005690106484646094,0.0010758105851673464,0.004645780760110938,0.0028958917712593574,0.0036910842137931467,0.004457284558000794,0.007241570130849141,0.0023326732850232476,0.005289833745351643,0.00509215448676332,0.0030670312803608795,0.0034592681550129783,0.004454423938740774
ssrd_std_j_m2_t-60min,0.003988050336090964,0.0017996594519299833,0.001957106921794548,0.0056326938972379136,0.001106940878110663,0.0019413786902114224,0.0009375083160621216,0.0015281093142602913,0.004421001209942915,0.0029982961973443025,0.000843495147561839,0.0030431058018821205,0.001160632192749972,0.004106784630621405,0.0011529097239206293
intraday_wind_and_solar_forecast - Wind Onshore_t-45min,0.003072049257328672,0.00616457140453349,0.009424105724487163,0.0097357281178829,0.003068276223793603,0.01206154652258556,0.0018266425268761565,0.004310690509786468,0.01549526441978378,0.0028415250498434828,0.0018264409492039703,0.01640342982158836,0.0032489551922341205,0.012840356142063683,0.011313244146131184
wind_and_solar_forecast - Solar_t-45min,0.003990980136123426,0.003624586590409649,0.008365850110518295,0.011070404268133643,0.004511387906221898,0.010907490558567361,0.011701124746578898,0.022204478686180664,0.014798177371019846,0.008645951747554136,0.005501100035445688,0.010283196034026332,0.015981878624971073,0.01425604787782504,0.003811996534213904
100m_wind_speed_mean_t-45min,0.004270593021399691,0.005400669250740066,0.0028590078500385515,0.005345777998133599,0.0030902034366904444,0.0038341392087934308,0.0012280076038259722,0.0032852839704739837,0.0021427081556466875,0.004564070471431478,0.002883753797847362,0.0016423245351918467,0.007631433492322685,0.003677589349961636,0.006516646960724757
10m_wind_speed_mean_t-45min,0.0017903949252636266,0.003917885335800747,0.00527180292581761,0.0021119536653538946,0.001217158779604233,0.005180839333334916,0.0028092306819789883,0.001359059499871364,0.00304918513320672,0.0011456341678766648,0.0018451610559404798,0.00419341354099015,0.0017521982266734994,0.0013960560492937476,0.0024291097587956756
100m_wind_speed_std_t-45min,0.0017079955249400883,0.0009816710078193863,0.0024865053194344,0.0016840869950515867,0.0010553314574831348,0.0018071301558375125,0.0012910098845475772,0.0013838448742827722,0.0019628722173137022,0.0012518175652606943,0.0014386094661456355,0.002434332244078178,0.001268926535885157,0.0019274806305784296,0.002369534891351577
10m_wind_speed_std_t-45min,0.002770635030343328,0.0016548312076831734,0.006609516812131915,0.002637848912032496,0.0017972670140416085,0.008336633293261456,0.0037130421436750113,0.0027519547788924683,0.0061431633968040845,0.002675073684776578,0.002466914322542834,0.006375433286772023,0.004735371461943942,0.0023757544408708783,0.007389259660278185
intraday_wind_and_solar_forecast - Solar_t-45min,0.004763499639984729,0.008968410365132512,0.013474437452663551,0.007807925116420847,0.006757985600634129,0.016963441668165616,0.016289376079457726,0.005964916932422057,0.010732920557868056,0.011536817545307713,0.019836505256440432,0.014183010190958157,0.006843993669601787,0.004705803287813978,0.006133150699819453
wind_and_solar_forecast - Wind Onshore_t-45min,0.004833323530122698,0.00407229643294454,0.017553156615620538,0.006645862707192464,0.0029158466985697517,0.01648071097663342,0.004635668743842755,0.0069281114656660064,0.016279266344685312,0.004713584561160133,0.0026637399719838866,0.015894912115955843,0.0031981222377256697,0.0023582824418185737,0.01789736175696453
ssrd_mean_j_m2_t-45min,0.0014624564747682599,0.0011197523049526125,0.003494583493004029,0.0010957807477525422,0.00129761011708365,0.0040646370925987866,0.0016267478351605859,0.0012675587105186424,0.0035132959718339406,0.0016212900303414698,0.0012540248468740174,0.001589123355398428,0.0009754965121346686,0.002151100978891918,0.0012589253586495488
ssrd_std_j_m2_t-45min,0.003375507088170707,0.003152661413950227,0.003952654249209445,0.0028394132732435084,0.003019438059805907,0.004692675024091841,0.004871081453917213,0.004257063926737828,0.0032360439699477867,0.0035539399003616835,0.002730480509446352,0.005107709465994048,0.0012071872230685586,0.0037492648603147244,0.002358685478781922
intraday_wind_and_solar_forecast - Wind Onshore_t-30min,0.0042602074671913214,0.006743370403070003,0.004009078252135623,0.0043522054152181225,0.006978391220226513,0.00465156400102569,0.0024890594844455337,0.0035853944598748058,0.003827549817011459,0.005765423019973241,0.002367670319845274,0.004975656218735821,0.0021483382335453598,0.0028527395530070407,0.017463288888102398
wind_and_solar_forecast - Solar_t-30min,0.00442787193289223,0.007584240341436725,0.004244531575092879,0.005339471812771081,0.004937241994531177,0.005003691511781654,0.014903297585638938,0.013740087462298106,0.0031931548080852963,0.013028913613765326,0.015315620292461972,0.012803951787616825,0.015369387752340117,0.013590000775526278,0.005072767695462972
100m_wind_speed_mean_t-30min,0.0019322501390452089,0.0023746163939072176,0.0028558135872481217,0.002033104557386423,0.0017243093868064534,0.0013770202501254972,0.0018350353089685997,0.0021524986006515976,0.004144603814284892,0.0010903836741463237,0.0012754692516888325,0.003103365872640097,0.0011238991275777154,0.0030640984160263543,0.0030915897906161264
10m_wind_speed_mean_t-30min,0.001101088605928453,0.0016360656889592064,0.001458090080025613,0.0023728186088092114,0.001750375573101337,0.001552074657186779,0.0044411266716083446,0.0012039075522407075,0.0018416292816586975,0.001734412414538383,0.001320948854450762,0.0034537756308454844,0.0013475038615774792,0.00316196464569839,0.0021901056774277093
100m_wind_speed_std_t-30min,0.0021584786941516543,0.0015441150313145044,0.004674507903243011,0.0010610901770087367,0.0018538897983917195,0.003351716315334443,0.0010092613903250366,0.0023061179658589027,0.004747725056593481,0.0023730702043558267,0.0035896853127460417,0.003943305479305764,0.001514626923164542,0.0017462332714358979,0.003396344293269067
10m_wind_speed_std_t-30min,0.0013479871654058116,0.0021240309230219053,0.0024641902666801344,0.001644041976729568,0.0018316893756264107,0.0012710701462988255,0.0014059772365508252,0.001632536768815271,0.003197947088934711,0.0025565116933321404,0.001970343159317963,0.004168755410408266,0.0029814592117790254,0.0021684488081010612,0.0016725740567544562
intraday_wind_and_solar_forecast - Solar_t-30min,0.004423519967705943,0.0035654769039392704,0.009846372262472869,0.002669069404117181,0.008719219407757918,0.00674767383062499,0.008066516859340482,0.007476734865340404,0.005235958097613661,0.004129190776692283,0.007017147146438674,0.002773776874961186,0.004114805330579202,0.006016076727666586,0.012117205361690139
wind_and_solar_forecast - Wind Onshore_t-30min,0.0070110841724135755,0.0027393367335201047,0.01546665163821308,0.0031840059730855047,0.002162451780784977,0.019835903558312565,0.005469744295701162,0.0046125528456123,0.018900915303674992,0.010643761589889436,0.01364646158648361,0.024660612769141152,0.007520163289846096,0.00925969648098544,0.01671940468644607
ssrd_mean_j_m2_t-30min,0.0018807097680546576,0.0015777288248864352,0.0024916056191505048,0.002311088204387488,0.002757436755367962,0.0019802855176312734,0.0033824233877367076,0.002276988365860234,0.001459526095120964,0.0016691375580867316,0.004377792787661747,0.0017682083355055056,0.001677517617760941,0.0020452775015910446,0.0012564280728502126
ssrd_std_j_m2_t-30min,0.0014222646010912286,0.0011609157184168453,0.0021303323760976127,0.0011655275130314066,0.0010396574899112921,0.0019074233235405699,0.0011143643263558261,0.0010548344017554427,0.002038806377776382,0.002931423625458194,0.0012608017343427491,0.002984435410186052,0.002787379375364253,0.0013817122199541246,0.003568792017006672
intraday_wind_and_solar_forecast - Wind Onshore_t-15min,0.004505979059697893,0.007411009664374433,0.006731752734005568,0.004108935875632596,0.003223150653142511,0.00944461802630758,0.002610861873772592,0.004468055310078853,0.00947251601138032,0.0067844413003676895,0.006102434841687682,0.013253836921448965,0.0034856173673942976,0.00308329183789283,0.013928647622702557
wind_and_solar_forecast - Solar_t-15min,0.007967656610540871,0.0049879383773641164,0.02459760223304329,0.004119271500013383,0.010415492288382665,0.02752719318363779,0.004258219255703807,0.006057737176912724,0.019966064428143,0.010148359691505902,0.006853153359861608,0.022535020762930798,0.004623463909115966,0.006920673100663407,0.003197762800626151
100m_wind_speed_mean_t-15min,0.0026665221478774583,0.002713375095902393,0.002418789096357614,0.0022944891486167763,0.002365167432025828,0.003026518784035943,0.001381433666679868,0.0048988175185259025,0.0027253862727388877,0.0015344290535558684,0.0026571470160779427,0.0031912201857558103,0.003976691026258777,0.00275157302280968,0.0015268187400315583
10m_wind_speed_mean_t-15min,0.005312137560183146,0.0029978784671047835,0.0018163117323840652,0.0019089725812418692,0.0015484683511822368,0.004766857064318173,0.0013233962985899552,0.0025284702347853454,0.00608562385381083,0.0017923920348312094,0.001203326594290246,0.0027682366103044843,0.0031126857063027273,0.0011397101027471308,0.00320920926594772
100m_wind_speed_std_t-15min,0.0012511180840854195,0.0015187054978337642,0.0013058255274277144,0.001728469951322495,0.001884237884223694,0.002667255625347025,0.003928196814992589,0.002067724679717685,0.003986330722053026,0.0036090440258467423,0.003474257038111318,0.002782143314075256,0.001536305157191009,0.0013542335944166553,0.001986313960411404
10m_wind_speed_std_t-15min,0.001244755504391037,0.0016500983178542583,0.0019881386160208194,0.0011476434546366363,0.0012444302304793382,0.0029868248698512617,0.0016122025110671529,0.0019633916582406526,0.001650953894567465,0.0018161542855191328,0.004611366686427573,0.0019728583772066484,0.0018454204705476514,0.0017778601998403474,0.0016630963125135168
intraday_wind_and_solar_forecast - Solar_t-15min,0.004785142678849297,0.0032917821637256568,0.006256628099922636,0.004260908569207118,0.005341680088927206,0.023004717572242952,0.005620736931472493,0.007310902646620206,0.015086409679490317,0.01637766611939878,0.011742414396750974,0.011074860349957817,0.007219871609137044,0.003865420740089803,0.0171771338339895
wind_and_solar_forecast - Wind Onshore_t-15min,0.005672812120472372,0.007017845371301519,0.012330022298272524,0.00389114672265714,0.003948349981956198,0.015069073775091738,0.006383428031247604,0.002881720469858578,0.012354046429147274,0.006210779435029508,0.0057102366302497105,0.007853729136617403,0.003336444125418893,0.003693149476133385,0.006150291725509305
ssrd_mean_j_m2_t-15min,0.0015494576713263085,0.0015910826720332808,0.005455811161322345,0.004601623638838646,0.0018810273703666097,0.005330142227005126,0.0014607132132641708,0.0014345418134880674,0.003728497952601174,0.0010281652367852986,0.001697901866574739,0.0012291187663995514,0.0012345001532696642,0.001608353518666661,0.0025795666873191293
ssrd_std_j_m2_t-15min,0.0013297381416532516,0.0008876109437123887,0.0022765694003592215,0.0010717689891080226,0.0034036285623260483,0.002257997798426004,0.001928738873855309,0.003806952194057999,0.004240825800463427,0.002060574407459825,0.0009816186238626868,0.003129899979460788,0.0011150530053937473,0.0012409834616864829,0.0025008718991302884
generation_forecast - Scheduled Aggregated_t-150min,0.00389207015055581,0.004028657874845521,0.0038007085595345414,0.0023017065282851944,0.0030035684992344614,0.003605684772883251,0.005658232783070673,0.005161484410582489,0.0042335154986485575,0.003320605588853141,0.0067254008717536635,0.0029262352262267085,0.002044028768576027,0.0017520228826615493,0.0033441104005901253
generation_forecast - Scheduled Consumption_t-150min,0.000913536411925179,0.0019044518497480568,0.000980344071153013,0.0012497193923036321,0.0012889086474442593,0.0010566208627654987,0.00274175567578277,0.0023930535303225042,0.0030162944429175695,0.0012768116680008461,0.0015493867437089649,0.0014327562292255607,0.000678232434632946,0.0015814024338910713,0.0011078978848762517
load_forecast - Forecasted Load_t-150min,0.0033176128770282956,0.0019322779400026775,0.0021265351681413447,0.0015847333147900144,0.0015376488029942266,0.002021748581416432,0.002095317378975551,0.003428955090126692,0.001697079624384628,0.0036993017202862576,0.0020941452321076213,0.0020076178599356355,0.002016644726609229,0.0025356270406127804,0.0025605877121829507
generation_forecast - Scheduled Aggregated_t-135min,0.002378626806557804,0.003522876023229401,0.0025821737286407824,0.002824496176790987,0.0022616082690590246,0.0032157419792038125,0.0027128374187141164,0.0018685933995002415,0.0024563925309221304,0.002137633544954042,0.002885948860959388,0.0053057307149611006,0.0037433748747389473,0.003851133958080027,0.003117522782346299
generation_forecast - Scheduled Consumption_t-135min,0.0019981462660598483,0.001308346632606117,0.0018597620390646626,0.0018486182548303988,0.0016008155033077856,0.0015955211273085297,0.0016128457008913984,0.0014388136586248948,0.002071207560766197,0.0011926726610131482,0.004651366496225819,0.001563286941064689,0.0008444774401995119,0.001958631387044477,0.0010278227908241924
load_forecast - Forecasted Load_t-135min,0.0012817738671249117,0.0017721889217300487,0.0018953156076531742,0.0023368751793404956,0.00153996984376397,0.0022577175756159705,0.00121906291145433,0.0033034935944961036,0.0020777219828087253,0.0011699053836911162,0.0014486848137598826,0.0054428762959569214,0.0015265003538142991,0.0018121006437459074,0.0030595496671180626
generation_forecast - Scheduled Aggregated_t-120min,0.0031156956951242593,0.004638231938921308,0.003708740879350444,0.006839384184204391,0.003721609326329144,0.01421901137156965,0.003356838037840589,0.004948148783087163,0.007058339528033685,0.003738078072467033,0.002610418812905664,0.007327891475668366,0.0030363313319971895,0.002030864523932905,0.004838098234518838
generation_forecast - Scheduled Consumption_t-120min,0.004558355283224955,0.0021276334764588683,0.002109995813062142,0.0013648913125402942,0.0013174800954370766,0.005796740000369028,0.002679829316071583,0.000793036138748544,0.0008716478379720912,0.0015258653135642817,0.0008853756944678252,0.002286347025215946,0.0010981642778242532,0.0013189854059319258,0.0009438753569138499
load_forecast - Forecasted Load_t-120min,0.0032409280723302344,0.0020177064039098697,0.003103537655767468,0.0019200629397137163,0.0018829110940559986,0.0035095827868822198,0.001047377364692011,0.002051611605236758,0.005248842760051047,0.005908345466457831,0.0015142338655305138,0.007416770766865739,0.0014216281204917323,0.0032600601057729364,0.002291035818896489
generation_forecast - Scheduled Aggregated_t-105min,0.01100796333650942,0.005431928758640425,0.00424880826746994,0.004583371986901511,0.003131681884127829,0.0036795197022711362,0.0027591438871086213,0.0026203804757587933,0.0038485149213483964,0.003842089709936772,0.005043357672517231,0.0022796537432968763,0.004448873938567658,0.0018559634930672927,0.003667887934261671
generation_forecast - Scheduled Consumption_t-105min,0.001972477686522325,0.0015573382489883442,0.0012297205146078341,0.0024857118450745475,0.0008991402055576145,0.001223198713398915,0.00257111059736053,0.0030273154103979323,0.0027609674038321826,0.002227123038348509,0.0010432905867853606,0.0018214327545338165,0.003319642422391553,0.0017822758958482155,0.0017714523823615309
load_forecast - Forecasted Load_t-105min,0.0022082419395094348,0.005577026326071064,0.0031384921250173646,0.0034394214638887206,0.002923993822194461,0.005793230137900536,0.0038753625623103288,0.005028650409713009,0.003527334025218124,0.0035005491644096763,0.0026148605215794304,0.0025180185903991513,0.0036390040562009744,0.0033047790837226784,0.0021535265493603218
generation_forecast - Scheduled Aggregated_t-90min,0.007174802767862275,0.0023630414743838627,0.007659813322385162,0.004262910889296109,0.002894992735125925,0.004501418407937081,0.003933509773803053,0.01146600917862088,0.009982799388424609,0.0034681466065194398,0.0029887195011992843,0.0030119755872042332,0.005564703279583227,0.0026982823286653,0.0024517699538619125
generation_forecast - Scheduled Consumption_t-90min,0.0012884883741132852,0.00318925952862628,0.0012023727723492357,0.0020757908219720777,0.0010364216433936236,0.0016597147342217796,0.0013178698600677307,0.0014558106257352393,0.0008940823765193499,0.003845091903116554,0.0009441509639818833,0.002411450244297157,0.002571244221384404,0.003754332525539212,0.0017764307262848433
load_forecast - Forecasted Load_t-90min,0.0016282955719998425,0.001325678866995645,0.0072549847997288456,0.001422494884941443,0.002289681073164502,0.004986607334965811,0.001155396837936621,0.0018827735880154251,0.005549503049631312,0.0025962907307375644,0.002084019277559037,0.003924181407083779,0.0018012178685057733,0.001660342952171959,0.0021078006058828577
generation_forecast - Scheduled Aggregated_t-75min,0.00238426816847641,0.0030262071954657585,0.006829388346533961,0.008911625696833653,0.005813671169396912,0.002228764330713602,0.002280782191411163,0.005960644646620494,0.0035869799781658,0.002469951915210004,0.002745448256455802,0.003447171815623051,0.0019876421724948157,0.001992921316610591,0.0029035539204314773
generation_forecast - Scheduled Consumption_t-75min,0.002712273329103482,0.001961047309601895,0.0011902945810388702,0.0015025587758673283,0.0012176023658794293,0.0023706298292945575,0.0012724350239186606,0.0012428302468933908,0.002009549041987839,0.0012066006117847793,0.0028414371127000776,0.0010977411069090976,0.0013779790903645334,0.0022845093089345027,0.0018813668160305498
load_forecast - Forecasted Load_t-75min,0.0023130837442085976,0.0010037579282670777,0.0027713292947782976,0.0013439264008416104,0.001500243791471121,0.0022782706931470786,0.0020946123899975647,0.0014192881424187362,0.0013415452254926094,0.001684594940853458,0.003833134378808609,0.0026522131781657665,0.0018111947879951914,0.0018433159823844107,0.0032415396744054307
generation_forecast - Scheduled Aggregated_t-60min,0.003205430395660187,0.005242096394531132,0.0052507901097060316,0.0029846397287692527,0.005392747046007571,0.00723527274949447,0.003272727419401235,0.0034434850001780434,0.005062858528001015,0.0033760253810060023,0.0046780349251021106,0.005476359256894739,0.003268723375811533,0.0045578673255695324,0.0047785973052718875
generation_forecast - Scheduled Consumption_t-60min,0.0027173035104424343,0.0023959410114775892,0.0010094043494059406,0.0025100727337448916,0.0033705474684538783,0.0010204179985362316,0.001756302224503088,0.0034373359028977576,0.0015764025298783508,0.002579109944013908,0.0013665526617264731,0.0008790709452007377,0.0010107438274967536,0.003926738974099862,0.0008126517831623233
load_forecast - Forecasted Load_t-60min,0.0021010640300283966,0.002015295852182419,0.009454018998043465,0.0020194051152639075,0.002516617156609527,0.007047927096215972,0.004761474651433559,0.0016991375086781774,0.004891497890765094,0.0015082221576112715,0.0027997161343361653,0.0015749015808169133,0.0015312805844105242,0.0029575557350071903,0.00424539670856575
generation_forecast - Scheduled Aggregated_t-45min,0.0033344227119628156,0.00243909907884904,0.0030173445421351063,0.0020871999938844965,0.002117976839738276,0.008641680693512172,0.0015593210930551322,0.009342001477285521,0.0036425111643095536,0.005720216754041758,0.0021089433701454254,0.0024686735829500322,0.0025272572712308375,0.0022927966192719394,0.004771860688312813
generation_forecast - Scheduled Consumption_t-45min,0.0008514835527921605,0.0012075465394752883,0.0025523603965502844,0.0008728591230036499,0.0014491758697549812,0.0028948374405154027,0.0013488543427865806,0.000952666222634889,0.0028546491484894433,0.0010616919207691352,0.0008745728684184826,0.0019459358295134735,0.0012898473798720715,0.0016567641934052517,0.003162634415242792
load_forecast - Forecasted Load_t-45min,0.0027461912257942915,0.0010193685094768625,0.0029709303715717396,0.0023831838185678863,0.0019739627830213068,0.001756227858732018,0.0014117477165281444,0.0024742610492698987,0.0033666321166838315,0.002219102528415533,0.004143312993093787,0.001832746106529612,0.0015471955763764528,0.002487643336736255,0.003067868280573748
generation_forecast - Scheduled Aggregated_t-30min,0.0029492015714977244,0.0025869986154220897,0.0074149450200170575,0.004337380825651963,0.0032342317687289322,0.003118517367290906,0.002096062817283382,0.004467727974349145,0.0063240325879523876,0.004723652456767013,0.002419183504571265,0.0031202417526938007,0.0014210658586998762,0.0033556538504417406,0.0025273561858389255
generation_forecast - Scheduled Consumption_t-30min,0.0034583191688143415,0.0026288156859172887,0.0017730765569403957,0.001853369550600746,0.001831320400650924,0.001621530605460066,0.004742991657753009,0.0042759006977748865,0.0013739785824905084,0.0016105675791433214,0.002498823709838689,0.0041934698894619945,0.004091214779793518,0.002422243297660316,0.0041570242721936665
load_forecast - Forecasted Load_t-30min,0.008117853121269945,0.009013112671913405,0.003578637298267495,0.002276845800910451,0.006884501497550446,0.0034375454216342403,0.004544623227542615,0.004330215530708756,0.006751003167417366,0.0014814876358013862,0.0034354084063620578,0.007649393278831127,0.003747050393576501,0.0012599218925024615,0.008305609342503885
generation_forecast - Scheduled Aggregated_t-15min,0.008259372235741465,0.006395888109724183,0.002746841027135929,0.0020598230545747355,0.002206465550777466,0.006165013463121795,0.0039739247954885286,0.004152663238225614,0.008747345194133232,0.007389570984702914,0.0054436317052241065,0.002922764823762918,0.00807340811357426,0.007201549786550458,0.002621776370756379
generation_forecast - Scheduled Consumption_t-15min,0.0009411132174514023,0.001759291386996665,0.001893851906810596,0.001162315009937629,0.0010207707552802958,0.001198876313720575,0.0009766537910381886,0.0014932351525633295,0.0010236983918916849,0.0032498493127641266,0.0023721872812193395,0.0009279787362329444,0.0026908014559885486,0.0009095056839755671,0.001731292825862056
load_forecast - Forecasted Load_t-15min,0.0035940919478833423,0.005659073477769198,0.0022296017447552005,0.003842072762722637,0.0039017974923954172,0.004903927731796103,0.001396791934018438,0.001700281454493279,0.0020023611590986546,0.0021921813675030537,0.0014912155537167564,0.00248818520728355,0.0013136529325911397,0.0011921718189682907,0.002991282706679158
generation - Hydro Pumped Storage - Actual Consumption_t-150min,0.003818614309326222,0.002016461127589537,0.004817254809480801,0.0011440837067493703,0.0018273775384511737,0.0018489145684775395,0.0014283601223877298,0.003510565051845333,0.0017360148345808284,0.005910570735533838,0.004804026300451369,0.0016648165231927124,0.0041929900431860005,0.00797765168105252,0.00120739467838348
import - RU_KGD_t-150min,0.0020498083066922846,0.012781612213409971,0.0069902505334812305,0.002351483023221135,0.008307432387489825,0.0062771428673295306,0.005507287422879017,0.00569356628425885,0.005829888553547789,0.0023886721613980626,0.002770090002843972,0.0020456616527053484,0.004225939229905634,0.0030243386080896924,0.004065573412492086
generation - Hydro Run-of-river and poundage - Actual Aggregated_t-150min,0.0018412403715501568,0.004337175800428667,0.0018480231139628813,0.004021999881715601,0.0015192299347309018,0.0014306344132168647,0.00223741147925557,0.0020332582847058804,0.004528759253396857,0.0017765759561010554,0.001160624426301183,0.001492013661531928,0.002084560121302502,0.0021494105512279587,0.0038372316476143167
generation_import - Generation - Hydro Run-of-river and poundage_t-150min,0.004318784044247877,0.004575563453872746,0.006205847610835917,0.0031772007406416377,0.005107831322035053,0.003064758116815028,0.003343501990761979,0.004954575222356652,0.0045550248032668605,0.0058218398875360435,0.0017738762404205773,0.004214639313333464,0.004028693155658402,0.00639979799654975,0.004256199992880284
generation_import - Generation - Solar_t-150min,0.006517488848236099,0.013954589023061998,0.017461694833124056,0.020299524523697984,0.01099460697316681,0.024373354472903883,0.02020573313535715,0.02470586503759114,0.022955734003626275,0.018906839100782235,0.01565948516397475,0.01649444913865591,0.012012502642151958,0.006098866565520438,0.013796368750219699
import - sum_t-150min,0.002294156072961783,0.004566415547275028,0.007903128215992183,0.001923085118408153,0.004640880002469203,0.006346587106399739,0.0023404381675545664,0.0019139496242969471,0.007135010185640567,0.0025948980552475405,0.004361802761866784,0.004122210219445151,0.002010013907140092,0.0013141765447210218,0.006389872746243782
generation - Waste - Actual Aggregated_t-150min,0.00451631991198883,0.007451377070901799,0.007170286065963637,0.004199442047251978,0.014910621603972687,0.004444931053363689,0.01097366755719122,0.009729825028509368,0.0036313459505581706,0.006002678406963241,0.007078677291023268,0.006668335505789401,0.005367597308005543,0.004313200397395122,0.00508120360783505
generation_import - Import - sum_t-150min,0.005761342754622547,0.003050320908315598,0.0078101497539228145,0.0034901795141886395,0.010230566934405943,0.00838550890494662,0.002583298620005735,0.0016321820118837423,0.005409028170139209,0.004757219018114938,0.002195893570609769,0.009027892163801881,0.001805905930941435,0.0029700328502567574,0.00509570815566866
generation_import - Import - PL_t-150min,0.004685547396195489,0.002835924748528555,0.0070468029281073544,0.0026616798546406245,0.0012500683180251145,0.0043756357693437165,0.002635913230042661,0.0034114596658661187,0.005702567125706991,0.002483054694502243,0.0020433630850988037,0.009717163648930181,0.002275480384950242,0.0023467274339982395,0.0049190464679722936
generation_import - Generation - Fossil Gas_t-150min,0.0008863550073224928,0.002850643290534208,0.0009167835702367029,0.002244393511386079,0.0028163092050640442,0.001288903731006485,0.001190350234791822,0.0028377127992425815,0.0043449253109283745,0.0014607002662226022,0.0019957540879127007,0.0008558484714740189,0.0011530391441069696,0.00243997640949965,0.006191399030387402
generation_import - Generation - Wind Onshore_t-150min,0.003341758444141476,0.0038416329455376397,0.004642556729843136,0.0032005634209717757,0.004280930988243199,0.005140370248749605,0.0030738695883173934,0.003499069512402457,0.006410680972094269,0.004515470104826818,0.002820257588127788,0.005760934566646028,0.0026811893949634396,0.006242471018534161,0.0056656700736020865
load - Actual Load_t-150min,0.004022585891756762,0.004394557470563995,0.0034915034444838967,0.004259462367908782,0.003296320905944299,0.00352391300169802,0.0014319559164705424,0.0011572939699017297,0.0017533012991298165,0.00215979267524267,0.004015217808508169,0.00219416050466225,0.0021200783400508955,0.0036431021271687313,0.0012170778544896167
generation_import - Generation - Biomass_t-150min,0.004223294289908154,0.006711699999992561,0.0043550037783288646,0.002347363013708673,0.00857582840253599,0.00416853197637829,0.008242393253138289,0.004506425664165363,0.0027806425616445267,0.0018942116874368367,0.0038110772144082147,0.0027460640012286603,0.004472251738086925,0.0037700959136573145,0.002618122757041419
generation - Wind Onshore - Actual Aggregated_t-150min,0.0075851883914674545,0.004457839954483688,0.005433272941695577,0.0030681247581035224,0.003750244292923526,0.004469852303548578,0.00497746121536602,0.0036447937096199894,0.003738952352882251,0.0039699934488671715,0.004761994563359621,0.004643374623781255,0.007060471925498859,0.004439641263552403,0.0038231562363625926
import - SE_4_t-150min,0.0026737857055240967,0.0034426998527960677,0.003663353314237611,0.002532168529912724,0.004409204529833005,0.0052843272583704675,0.002315686131481925,0.001164921981739127,0.00219994048631645,0.0016689413613457872,0.0016833354895192088,0.0021618977527364507,0.003666041421762202,0.0018639449837437496,0.002681102558184648
generation - Solar - Actual Aggregated_t-150min,0.009300995726733163,0.008227702016130933,0.009638756367494353,0.005799899348822237,0.004838083833599285,0.023194970249402105,0.009576255761659923,0.012419754616370482,0.01785602968845899,0.012435328966221277,0.008161332234314613,0.01258937027335196,0.0163494657630481,0.012286409387559616,0.01965369296708013
import - PL_t-150min,0.002450939144589938,0.002365816598341098,0.00766710126146063,0.0024135264314691083,0.0020897388587316074,0.004287121647194908,0.0019326705370449418,0.0022832366120870804,0.004907831349923981,0.0034438044114276636,0.0031055151133523393,0.001841966817968796,0.004180343822831674,0.0017185517032212373,0.0018970743193095813
temperature_mean_celsius_t-150min,0.0017267157251390018,0.007558336756010249,0.003461858306636714,0.0057984651842334645,0.0015378382827398126,0.005457001303682773,0.0022319268174251193,0.0012362454169269768,0.0027194793274429685,0.004546665637793922,0.003573171241928321,0.005199865670446343,0.001629895845914689,0.0014318920518289816,0.003683068571037438
generation - Hydro Pumped Storage - Actual Aggregated_t-150min,0.0033385598589848087,0.005611179637089663,0.0036471331839785536,0.0035910686038987476,0.0020594573378509722,0.00280691561235426,0.0025408964949710936,0.0028541202086380508,0.0015567424897326419,0.0013981944321840275,0.0009690778519026253,0.002064100157567715,0.001020944009046616,0.002682410461341192,0.001990385105496898
import - BY_t-150min,0.0013300445438853784,0.0027594111520711524,0.00354915486335085,0.0045343392948852855,0.0011480356021338594,0.004278134668027292,0.002758465845441606,0.0018573740852098127,0.0028020098094220887,0.0039428658975703005,0.00160810900004617,0.005567245195037685,0.002217024745517847,0.0017580814661978365,0.0023551686036835237
generation_import - Generation - Other_t-150min,0.0037828003519293817,0.011961251465960231,0.017687091943040287,0.00475474659368092,0.008887536159358944,0.008518457616246452,0.005198229998084344,0.005148297460092863,0.010627906196616094,0.007044779734813005,0.005777117888819703,0.007618904228855172,0.003341913901186217,0.004190870280232502,0.008904860829572954
generation_import - Generation - Waste_t-150min,0.0073404730422407735,0.016792015266430097,0.0043304684184458896,0.009392832316712884,0.008986131522733557,0.011045678439168115,0.012949837588741502,0.0038026612263965943,0.004152107691848755,0.005016322555225997,0.008251579319581651,0.0037023074323724358,0.003542863530592513,0.004038394993054681,0.006011831512383651
temperature_std_celsius_t-150min,0.001515170210810993,0.001385485881366435,0.004861027365877817,0.0010065048271551405,0.0015240215272337991,0.005656616376545117,0.002059160466510548,0.0019962953678149234,0.004052710453986947,0.001634253350752715,0.0013460734743334798,0.0021191877358414787,0.002027236974814514,0.0011556942616002743,0.0011911412506015963
import - LV_t-150min,0.0037503590876513046,0.0014424913554520345,0.004111953351562989,0.0014139302957540281,0.0017899164198106519,0.004810530510705575,0.0017451026057060516,0.003968708957219633,0.003239585104570324,0.00166566002835134,0.0022214589230643467,0.001963140741625466,0.0010606237198408054,0.0026957181071134073,0.00190770555315612
generation_import - Import - LV_t-150min,0.0008819985092169418,0.0011123978889795581,0.0015743900457082418,0.000875546727012079,0.0014781331099015915,0.00153889225518202,0.0026731001836560607,0.0012367580745476516,0.002029322754511668,0.0017371273505241334,0.0014799316481916094,0.0025539597311014435,0.0019865596018589712,0.0014446342764082374,0.0014948821607694072
generation - Biomass - Actual Aggregated_t-150min,0.0020634418189329155,0.0024631935477264053,0.0024735915174751424,0.003542596964110999,0.00238728192077906,0.002904432005095259,0.002229007793815981,0.0020084044247419114,0.0021726097392456723,0.003158538594381753,0.0058008635586829765,0.002926046572954874,0.00277237984706403,0.0025148509584778365,0.00355845195047732
generation - Other - Actual Aggregated_t-150min,0.004091003839643235,0.012332780259370337,0.0035197361243360773,0.005137607663134986,0.004252900231374952,0.004641689438904905,0.010228749959253946,0.005364078535026237,0.004627296284088971,0.00416671786941879,0.004259950623425539,0.010791796826633799,0.005097072787169964,0.004168250881097606,0.006425683568148997
prices - value_t-150min,0.0046623247870011255,0.005728672775621817,0.0020872151493678075,0.0037833398314505756,0.005167901734304905,0.00245326644983777,0.0031899701628462936,0.003366202456008068,0.001825072239338624,0.0030040167061488317,0.004668585429299583,0.0014577072540269001,0.0037422532556083753,0.0025215686487297263,0.001599443177062085
generation_import - Import - SE_4_t-150min,0.0018217809335060338,0.0015180721138349327,0.0015838453482169826,0.0009012056096685228,0.0028464602284257127,0.0014307249871280874,0.003167625813955965,0.0014469545008375917,0.0017745834082550118,0.0026762976807596602,0.0033094865147268136,0.0015114636201853883,0.0018038039456932892,0.004731706997587026,0.0019357687859992438
generation_import - Import - BY_t-150min,0.0022915849040437025,0.0018170144934483688,0.006835021748149302,0.002651070973339074,0.0016182806625947707,0.006855447330512106,0.0023045949336938064,0.0026633652783812065,0.0044836665949478625,0.0023939207999792416,0.0024609383676347536,0.004424730081096641,0.00191160764552842,0.0016781142917152464,0.005295604733799337
net_position - value_t-150min,0.0035536025469982634,0.0019808884999707745,0.0010044153530193256,0.002581069604719687,0.0014426469957006703,0.0016489690907719706,0.0029559556528383837,0.0012325300300581148,0.004726190939287335,0.0009406377905136197,0.0030462337832721006,0.0023436496401950534,0.0024071360150662714,0.0015129652298741122,0.002272664862901365
generation_import - Import - RU_KGD_t-150min,0.0026286901941057293,0.0022264264006557825,0.0033841741441538033,0.004039994552282223,0.0025664548833792653,0.003388901947202612,0.0023723851976283185,0.0037157545698496505,0.003934349490277782,0.0023817066765623165,0.005057941103208577,0.002555996541357672,0.0021085830002357396,0.001993425395637516,0.003452317808732005
generation - Fossil Gas - Actual Aggregated_t-150min,0.0013389989363386122,0.0013661676119227195,0.0019222357782973632,0.0037884605835570256,0.003316585137916263,0.0015973116376317193,0.005794143611041363,0.0035225174749803044,0.0023365189773621752,0.0034442539051524365,0.003239315956205246,0.0023211620513684467,0.0022209062237552642,0.0009220546654818236,0.001960121339414172
generation_import - Generation - Hydro Pumped Storage_t-150min,0.0032531379432415406,0.0038745135051576653,0.012310619409632637,0.002744925379278584,0.0024783526184983203,0.01183543492568424,0.00282676023447101,0.0022783162863651116,0.011144294714511489,0.003873805067759349,0.002436367958116534,0.0074567923119466285,0.00196877821885937,0.0027589810409926942,0.00967319719898569
generation - Hydro Pumped Storage - Actual Consumption_t-135min,0.0021597837897488715,0.0019859432800822105,0.00348734791424431,0.0015118343206486314,0.0033305535654685626,0.0039050708344875603,0.0015182877954739524,0.0026712533709251146,0.0016618046267758474,0.0012286090213001445,0.0034621597103514433,0.0020183657296720414,0.002244368343075166,0.001818302754715205,0.0020483506993195988
import - RU_KGD_t-135min,0.007822784394025803,0.0069350971186177045,0.007330067988688824,0.006294401979946997,0.00381534241884583,0.0028838152582311522,0.0031489329817377437,0.004214790831847495,0.004976747374617844,0.003199022132597747,0.0029292279221956505,0.004717187939852011,0.0019393137690776711,0.0043303320334198364,0.00759371358435601
generation - Hydro Run-of-river and poundage - Actual Aggregated_t-135min,0.0030013790262419207,0.0016839612002313516,0.006475826552992657,0.002436436620166205,0.0022732132960518354,0.004192278873968462,0.0015778351361504974,0.0016052132360719043,0.0043155652070345244,0.0026587508983534464,0.0016299951757982854,0.0023869107975187944,0.0029438923009533938,0.007048079895088449,0.004536364128998684
generation_import - Generation - Hydro Run-of-river and poundage_t-135min,0.0023392854358739897,0.0016922640383609177,0.001157874892864129,0.0019791409786867006,0.0029343518439380887,0.0034817197778090757,0.002281187301114187,0.002125367104933275,0.004722692876923247,0.001398301473019501,0.003353408360539106,0.0015038169387762536,0.0019088375843967925,0.0029778946253945834,0.001763058477332379
generation_import - Generation - Solar_t-135min,0.00685941971954162,0.004766235511095857,0.01959912135441482,0.003679771324252215,0.004340199171849236,0.003930414871185803,0.00647165812475032,0.005144058850954025,0.003608500131885421,0.008451047422218834,0.01481115274001786,0.00992647722875472,0.0033413095232860996,0.0042074373879181625,0.016079735335741134
import - sum_t-135min,0.0037226399541177672,0.0034217585635542493,0.0026859128632368084,0.0022895958418425837,0.0021166803473915935,0.0019601733448446337,0.0020356919247305994,0.0020926479781298896,0.005202600635258022,0.004548461098464031,0.00384837914661648,0.004507631770360831,0.0022725035375633523,0.0037386714876965926,0.001902338154979361
generation - Waste - Actual Aggregated_t-135min,0.010119766866653663,0.007121328277435168,0.005847382674182881,0.007355247438372316,0.011057129568071105,0.0073264337093369245,0.010992237281278903,0.0062209490402059375,0.018143244553764818,0.007479907837583596,0.007677478458957921,0.008430125675217823,0.005791537653945852,0.005608355207621571,0.009858454484085087
generation_import - Import - sum_t-135min,0.0035732108296533623,0.0026804126516717587,0.005470461626938232,0.0072690585179661866,0.005236396737246651,0.004549560867087166,0.006580480467975576,0.008639325188043586,0.0020386349477490738,0.002144331399343855,0.005643686675004574,0.005660232778007412,0.004912488549241971,0.005315127102236147,0.0029080673448165727
generation_import - Import - PL_t-135min,0.005013923380385677,0.0024488881051106547,0.003506739419528458,0.0039676869823804285,0.008887754998497258,0.003573587122031313,0.005014464839016,0.006963413053694239,0.0037816509609303922,0.0031131692802719045,0.0037880538948029427,0.004752039571707428,0.006670665064853892,0.002863688994622862,0.0065782782276273795
generation_import - Generation - Fossil Gas_t-135min,0.002168612613651931,0.003192023846277152,0.0021315648579602565,0.004615368239508825,0.007022963901341427,0.0021716884173474684,0.002633569676243496,0.002290356114794008,0.002566351374264741,0.0011013330830069207,0.0017475795194295642,0.001353196760083847,0.00108933640676878,0.0015529542545943684,0.0036543670173105054
generation_import - Generation - Wind Onshore_t-135min,0.004370924717914022,0.0028004733983470944,0.003397852958642943,0.003020772354339897,0.0047792890707787595,0.0030887810533690753,0.003472144070220111,0.0020845533470677823,0.0020716294999238018,0.0018676274930483033,0.0035533286199715803,0.002626155526947514,0.006976929816810298,0.00524641053733103,0.005672298789737397
load - Actual Load_t-135min,0.0014853531769026631,0.004913695376688338,0.005768443194486281,0.004858296946489645,0.0014039132326261097,0.0018388222472785856,0.005329546373606718,0.005935098034835391,0.00439587693593785,0.0016946111791403381,0.002187352798739539,0.0024294403186449925,0.0013542087326045475,0.0024287733826686237,0.002761312210825963
generation_import - Generation - Biomass_t-135min,0.0020828798714646836,0.0055673023639155874,0.0020299435310716946,0.002150198146092862,0.004165530924884706,0.0020185549567504494,0.002623960339853511,0.0047009380234594575,0.0033031579169546603,0.003301034005580732,0.003225552800594414,0.0037248984880789066,0.0033562017084259425,0.0025312008393570977,0.00575748893119453
generation - Wind Onshore - Actual Aggregated_t-135min,0.00301057040023079,0.0024379409458140343,0.004188947314805176,0.003812102632366077,0.004293827172316014,0.007460016166060086,0.002834152294079104,0.0052000367316671825,0.01005629901687098,0.0032704759473836022,0.004030377241449969,0.005870773335733247,0.0069376549305161465,0.0017336632563619786,0.006187970378285172
import - SE_4_t-135min,0.0011040219655292277,0.002072736743279165,0.001687858296547347,0.002176368920715504,0.0029150071065159864,0.006856079470308032,0.0013409516333736065,0.0015032242269289783,0.0036497685723516043,0.0016813594358795854,0.0011462376930721802,0.0015095009869764908,0.0030631442952508223,0.002263600996160676,0.0013421578244106058
generation - Solar - Actual Aggregated_t-135min,0.0106802819505574,0.011377453753655346,0.015098333224275848,0.007232048404272973,0.0038744708314291075,0.012063497820977773,0.0025064079939973566,0.0040962500143688204,0.012054315159788529,0.004372599635131337,0.006192835340531929,0.011478203521444812,0.012480248884379761,0.013211934517137706,0.007802062877737626
import - PL_t-135min,0.0031748982304716264,0.00251894663776784,0.0032078519543124458,0.002620336704685087,0.0030550235092796354,0.006926610686936329,0.0026016093579364677,0.00379037129299968,0.00963062719314621,0.0026535406389916714,0.005223107505767075,0.006435416212374548,0.003950694771609051,0.003963934087751113,0.005969180378570058
temperature_mean_celsius_t-135min,0.005713047547982569,0.0014726571444905402,0.001953036390700552,0.0012669156707379443,0.001948783433804465,0.0021507281771573615,0.003440592944401942,0.006857127839182795,0.0016698268625198979,0.0038457363179823004,0.002348311688458125,0.00146475422823778,0.0022083716672568698,0.002896801812917147,0.0023934686334505387
generation - Hydro Pumped Storage - Actual Aggregated_t-135min,0.0015439708068988693,0.002578864606757634,0.0011371794024582868,0.0038610354248412478,0.001246309261821807,0.002068436061395005,0.0031401222673612212,0.0033010260219143673,0.001637835519181408,0.0012829352840221873,0.001975394985422099,0.002006836644369287,0.0025683884755871985,0.0011160654848947048,0.004164205924764247
import - BY_t-135min,0.00418304294803238,0.0024905139498332574,0.0024221742836934936,0.0016419213077560925,0.006702357050860883,0.0014245490400980998,0.0014993841177920332,0.0019235075203678207,0.0018650167222833715,0.0019617673776147057,0.0016888171239006623,0.0023602771284572553,0.0017139138481691702,0.002820779771942398,0.002341740733381357
generation_import - Generation - Other_t-135min,0.003874048311461593,0.011518849425669032,0.0070262230426174025,0.00622652765766361,0.003848164529821588,0.005664956188462383,0.004183374406523398,0.0052873586202331355,0.0037966125660709622,0.003738612233301694,0.00439160041851801,0.0053360192404416015,0.010043835877120728,0.013260406340215922,0.005148575363268264
generation_import - Generation - Waste_t-135min,0.004014071887317186,0.011315762045065639,0.004698898294494939,0.004417447318518498,0.006804019769573642,0.004704055383393097,0.004740627049839532,0.004704310280538266,0.004664141660733549,0.0045552452155916395,0.0030115928833447467,0.005804947810568592,0.005944651287499709,0.008421769593516728,0.009012865756787506
temperature_std_celsius_t-135min,0.001632509210342505,0.001594708541181717,0.0033118454185557767,0.0015194869836982433,0.0018327940282501913,0.003068504608677358,0.0021868494902387283,0.0019747208464968935,0.0017742598565569096,0.0031440946123060484,0.0018602181632641078,0.00322485079803846,0.0016914069447188922,0.0012624932403163599,0.002836038694314084
import - LV_t-135min,0.0024831770708944986,0.004244290682501741,0.001713865181449819,0.001789968711761503,0.0014288481177463837,0.0009173542380987101,0.005358079445895783,0.0035704981604767452,0.002617580167018332,0.0014554157048023626,0.0016972891649693338,0.0018612771488988073,0.0013086091242057593,0.0016000452864482213,0.0020525015120434775
generation_import - Import - LV_t-135min,0.0024478979053471333,0.0018330348351319116,0.004273777477779731,0.0014848965014275849,0.0033880719677677005,0.0038586830542326426,0.001272793959735452,0.0033557560518938773,0.0024160592160408214,0.0040973239534405365,0.004086454946082086,0.004401925305017358,0.001777375935074815,0.0018191612745822568,0.003595309388685564
generation - Biomass - Actual Aggregated_t-135min,0.004918958192676655,0.003165551959473305,0.003907658253072441,0.004730232233880088,0.005572661238227738,0.003257334087290019,0.0023469365742873833,0.0026273258110886674,0.0026498730864295793,0.002395521790244857,0.0029242853500290947,0.0026483423766458145,0.003529568652060334,0.003984798677738582,0.0030942105158367214
generation - Other - Actual Aggregated_t-135min,0.0051792442710161595,0.011287052795472846,0.010894543799229724,0.0033587405183629925,0.009443415298082982,0.011039182296382932,0.0036413572870606006,0.0041247296164817725,0.009525284852403275,0.00467880631706339,0.007159919730405364,0.007036063786407794,0.008046685732610057,0.016765131715494135,0.005759576358727372
prices - value_t-135min,0.006413589656011027,0.006358427000253869,0.001969901469396973,0.004507583917695229,0.005043786159905721,0.003023653828658837,0.003663053800322814,0.005367410399499931,0.0018576713704992471,0.0043072972232184835,0.004130860189765372,0.001296467820696307,0.003559289964825439,0.005260645693685547,0.001825967869383021
generation_import - Import - SE_4_t-135min,0.0015869397834449045,0.005019365781148281,0.004603155711025465,0.0014597487616319995,0.0017289564324714207,0.005462055737888022,0.0019321406172216485,0.003321579932802706,0.007983724982834246,0.0025894945790314525,0.001213022802163323,0.007835187762721034,0.004877970978845042,0.0030218254151513973,0.0026149145209637937
generation_import - Import - BY_t-135min,0.003034271226342753,0.004476658918265457,0.0017145792107047554,0.004552553378947778,0.004722579166584182,0.002090992014592189,0.001297335416081296,0.0051184387303655965,0.002137195548154523,0.0022881327356244585,0.0028158296208130196,0.0020380211614483413,0.0013136398307739797,0.0038121914101363927,0.0024523694999702456
net_position - value_t-135min,0.001468948394027393,0.0013572504415669754,0.0012146332633951715,0.0010162631409202732,0.0011477256527646204,0.0011128536314645317,0.0021981631136586658,0.0013307902446351818,0.002742011441818704,0.0020549028013609814,0.0019634369117029564,0.0022040930360781204,0.001093080317140675,0.0020576632948741463,0.0040069633903704015
generation_import - Import - RU_KGD_t-135min,0.0026688825704113696,0.0036615482122615505,0.003284133616674808,0.003178351497568656,0.004309780864396089,0.006035711251264729,0.0023241238794239507,0.0027561517818767245,0.0024878137858886477,0.002975784078378183,0.0031367541257668564,0.0031774686351000126,0.0025659716341106106,0.0035442834231448612,0.0024961580386916467
generation - Fossil Gas - Actual Aggregated_t-135min,0.001582475652969606,0.0010804934383522777,0.00302532236327977,0.004453178232201026,0.0011931050941666398,0.0067285257279290816,0.002769081540634943,0.0013275090392480707,0.00262723291149814,0.004628614329267294,0.001284013062627082,0.0037157730420403824,0.0034509025027946337,0.0013647534332515646,0.0010526274978162745
generation_import - Generation - Hydro Pumped Storage_t-135min,0.011700241602491588,0.006424214680577279,0.007264181062590069,0.0018010435933701956,0.0076202614517242185,0.006648841348582209,0.002235528100004217,0.004014004578384629,0.008623040838388989,0.0015669076537554504,0.0020932996773046853,0.003482499540528806,0.0017968791440480345,0.0017780865082850567,0.0022213940136605287
generation - Hydro Pumped Storage - Actual Consumption_t-120min,0.0008079309886305737,0.0012818701519913703,0.0017648770709643032,0.002683720316967083,0.0025395916853758536,0.003447357554665359,0.0013797105430312514,0.001681738243781865,0.0018790388207630712,0.0014623144062006759,0.002028575984899021,0.0025446149434387734,0.0041155470608391625,0.0027308388053784256,0.0017672922262399878
import - RU_KGD_t-120min,0.0024809123000211456,0.0023858274091835482,0.0029136494070189658,0.002094445626928973,0.0020363660485406853,0.0071524319367017595,0.0016753182932993695,0.008338175515527837,0.002369012672129429,0.002207824109543253,0.002045271401024138,0.0026123337548324345,0.004098817793304988,0.0016540908476226832,0.003318216124490732
generation - Hydro Run-of-river and poundage - Actual Aggregated_t-120min,0.0014069507928044232,0.0024643090208228387,0.0021579462634292667,0.0012511350016343385,0.0025314425621691043,0.001977290995785211,0.003462344370861274,0.0017172677315810461,0.0015450470252881133,0.0020023382201607093,0.0014621798165753716,0.0017788220762449782,0.002287847569915357,0.0015729175170458801,0.002448433016324088
generation_import - Generation - Hydro Run-of-river and poundage_t-120min,0.001715114430542144,0.0022387806048491258,0.002170082270601142,0.00151547137684679,0.0033247339366571397,0.004247510454959411,0.005543852985982084,0.006411002469463711,0.003143287227485416,0.004388096005929242,0.006049174632236827,0.0013025333149287804,0.0011964062030241393,0.0011916170602903548,0.0015794862823206586
generation_import - Generation - Solar_t-120min,0.003807310285150379,0.01756705575642809,0.0028896143835011115,0.011063838351709819,0.009784969023411123,0.010880516056788907,0.00677504024324719,0.004072218431308102,0.007323779557213584,0.0037931948268978884,0.004515128421109239,0.009187442451817332,0.004668732987252042,0.0038424069034565206,0.015326513045467437
import - sum_t-120min,0.005604235370534298,0.0043308369619135196,0.0037383534217883606,0.005243393436326187,0.0028700574555095954,0.001995315950807708,0.00185998899727565,0.0037345246362283434,0.0034759260815017115,0.002345342010623426,0.0023038312537228193,0.002555949942492589,0.0055651036043127535,0.0031330711669670564,0.006259459474917094
generation - Waste - Actual Aggregated_t-120min,0.003925535456321086,0.01673380834601994,0.010792046392526771,0.004626005575210002,0.015613337679969846,0.023025572961196304,0.009002155922515158,0.0065597194844631305,0.02006386193848448,0.006259604209198642,0.007373586485904525,0.005063023121690094,0.013975032079120864,0.005201833655539304,0.016198147804650943
generation_import - Import - sum_t-120min,0.0016678140593260195,0.0017385147150416741,0.002225075519947552,0.0024821080426824845,0.002107872674590908,0.0017116742646600188,0.0016672238255673619,0.0025480015764032943,0.0026654785393384374,0.0013459519461910077,0.001863739264724046,0.005798747567994724,0.0018750701941753504,0.0023812472335912388,0.0012865200621717178
generation_import - Import - PL_t-120min,0.00678937714357744,0.0034511558497797522,0.009324704334372654,0.005004946714951075,0.0022044748371981768,0.009456071905879071,0.003216004102590887,0.004019764960692555,0.007038138839212479,0.0022296549662769393,0.005383305780182581,0.009446434841958761,0.004079313401077798,0.005449094853749557,0.007530112882184767
generation_import - Generation - Fossil Gas_t-120min,0.0010208035509406274,0.005348097504524049,0.0013185476652506623,0.0021540762924887533,0.0009827797245480384,0.0011465113343092526,0.0010315123171576487,0.0022549940219651035,0.0008239387449123115,0.0011249359330176957,0.001264341461870572,0.002356215470884308,0.0015452076184355975,0.0022082350953478453,0.0013385774486425817
generation_import - Generation - Wind Onshore_t-120min,0.0025995723634575823,0.004164883744544568,0.0050569912014989315,0.0034949082407645165,0.007666021627497684,0.004559905688355912,0.004482825395073633,0.0027359665353978925,0.0035988389425110653,0.0034428631020746252,0.006256660232919785,0.007044988624489633,0.003237478883864469,0.0021518149705552787,0.00456506405789969
load - Actual Load_t-120min,0.0024311426976550477,0.0017323018281094845,0.0019227183936363873,0.0018503439307742155,0.0034606857626604324,0.0019777768049279985,0.003057798828212981,0.0021332608581454055,0.0014864043350773955,0.005033466984852566,0.001293782813138023,0.0030839549093070674,0.00410641651611877,0.0016429995268590573,0.00259763364821174
generation_import - Generation - Biomass_t-120min,0.0059135397531827035,0.004951387853576307,0.0034501532358190163,0.007458347396808677,0.0025189486421659238,0.0038901659204875613,0.004197995829384126,0.0070707710506794684,0.002283757530314688,0.005010211699955107,0.008861813955008983,0.0020408014774479853,0.006927511966059683,0.0028781253228444257,0.00714234439044958
generation - Wind Onshore - Actual Aggregated_t-120min,0.00523347889212755,0.002515754607214319,0.006085789333568073,0.0020296349055315657,0.002738424604172906,0.006587139926909003,0.002501363750128803,0.004304600683283752,0.011627609341820062,0.007811265488726576,0.004474832255720685,0.005306916451402458,0.0034380955269386745,0.0061376036046349326,0.004969570223153823
import - SE_4_t-120min,0.002637520674442328,0.0026761232056446717,0.001410976458081791,0.0015276306267891187,0.003005101049398708,0.0034633109277056066,0.002997519921620551,0.0010428482183233428,0.0021549843065399726,0.0012770156978742762,0.0016830395937495269,0.003158068878152335,0.002951590972243139,0.0029932117950415885,0.001371290005015851
generation - Solar - Actual Aggregated_t-120min,0.00806105207437156,0.012799234482431076,0.006895717961328046,0.0027056648991423344,0.0047550549571974444,0.01551530852043652,0.004521250118646094,0.0035023783679025656,0.029015875437456998,0.01612485351505893,0.00956393138715066,0.02464564328776032,0.004592277515426758,0.024990800022314942,0.038073883238146665
import - PL_t-120min,0.0023807214874491363,0.002915966805812786,0.006063162645375996,0.0067947294954051355,0.002557200882531106,0.007094579045864521,0.0034356948149484195,0.0032760613742411804,0.008108201478797128,0.002082342805631015,0.003065396037867231,0.004834161049118165,0.003172084206333238,0.0024984623824338996,0.005710000202743686
temperature_mean_celsius_t-120min,0.003768050383600979,0.0036509296199328674,0.004429852035642398,0.004095099372985715,0.0022535717190395417,0.0017047964464586584,0.0047114524370736035,0.0022145349871839242,0.0018062611819489405,0.0018073007730308745,0.0037210623754274368,0.0023772643877655354,0.005098966555271545,0.003521390919791884,0.0013539646621184146
generation - Hydro Pumped Storage - Actual Aggregated_t-120min,0.0017928376985348678,0.0025829103769547147,0.0037588390382225045,0.0027023469056312024,0.0012304356662966142,0.0043083185573304945,0.0016587742360798074,0.0020079988689076346,0.002267505830142909,0.0010657023702212883,0.00103385024736599,0.0016523249953788763,0.0023079314279342497,0.0011777277886521915,0.0014240919769345055
import - BY_t-120min,0.0017144390938951802,0.0017598219533442715,0.006856653688271762,0.0019155530647348654,0.0022558774670418417,0.006348534950469911,0.004116968937771162,0.002338072303951776,0.0026503693259978716,0.001612924469038262,0.0021765973535407285,0.0015242216238075344,0.0023410758986483417,0.00172668909166714,0.0016463219018523886
generation_import - Generation - Other_t-120min,0.012490911305302688,0.004895640429833293,0.0069169883652787124,0.004896570875687758,0.010746445473058074,0.0095523562919293,0.005392946483950254,0.007032410557249932,0.002912315135271001,0.005571645234034804,0.00631919995293174,0.01268428410729939,0.004969089585775237,0.012557443772879196,0.015576595615975748
generation_import - Generation - Waste_t-120min,0.010578794983077388,0.009106312626157888,0.005350952197994047,0.015876770713133738,0.009375378870322493,0.005456124963926413,0.005025397758675808,0.007890769164701852,0.010889552891107088,0.004387137316933149,0.009970205360830733,0.007596372585048812,0.004294997504686762,0.005220715113267034,0.004446733963744464
temperature_std_celsius_t-120min,0.0018943758871446334,0.0037924367410287234,0.005872622317790956,0.0013087508841426825,0.0021704971778456184,0.005232860922292275,0.002236339082945129,0.0009616844994038729,0.004961501162831609,0.0017869544794120885,0.001859943847530303,0.0030078439716035065,0.0026924875225352025,0.0011539883935911348,0.00493021960357919
import - LV_t-120min,0.002039466136912779,0.003252939419106042,0.0024567794230638358,0.0033468276217645324,0.0014081327830410828,0.002052312927183948,0.001497029666185199,0.0010402720678531522,0.004408048221710487,0.0015366536841732099,0.0013444661068965616,0.0015474835313621042,0.0030054566457220063,0.001980724435265074,0.00256345285948737
generation_import - Import - LV_t-120min,0.0026103664912834573,0.002089742654845395,0.0025347302437221516,0.0018706876455103156,0.0019880161053897607,0.002376896273761304,0.0013691098897443226,0.006858366550042774,0.00715509855390701,0.004746825192898541,0.003841213946674543,0.0022191821815888487,0.0032560127874967293,0.0036409038430234657,0.0045190863675161385
generation - Biomass - Actual Aggregated_t-120min,0.003367783318502916,0.0038104611826365728,0.0037426740299588345,0.002419330606571748,0.002248817012251493,0.002167632949331164,0.0034127406555417112,0.003819711548932901,0.003597611546103508,0.006657350779743865,0.0034886539585531865,0.00652260699501494,0.0019379262466140972,0.002566351461666272,0.005957113250275143
generation - Other - Actual Aggregated_t-120min,0.0120616951615375,0.00893075947064699,0.0090436094726183,0.005692800945762428,0.0063985643625396734,0.003717858547941205,0.004670289358258742,0.010666844275792755,0.0059799775614053485,0.007447855003295444,0.0043824169604552024,0.004257374872536957,0.010677308477825135,0.013629030816397745,0.007400399471502169
prices - value_t-120min,0.003286973959112174,0.006313532526881317,0.0009532769853445586,0.0042920185237189795,0.0057047560344472,0.0010023679785836066,0.004415991304940689,0.005055888802665322,0.0008062012074657403,0.004080456711351871,0.004875689519992192,0.000589850285024113,0.00408404321501439,0.003806145445230868,0.0009931431411282575
generation_import - Import - SE_4_t-120min,0.006287761744097224,0.005060014557505383,0.0012837368492964742,0.0049364039526972195,0.0040751970891251404,0.0024880243679672276,0.004463486133357946,0.0027463785372303846,0.0017524949212593128,0.0029653314189540653,0.00578590271282701,0.0017091107306769118,0.005690434244592325,0.005006276583710133,0.001290940633108221
generation_import - Import - BY_t-120min,0.0021885620004450175,0.0026393594353976368,0.002868108811983802,0.0021828299629924005,0.0025173414616583615,0.0020004586881841534,0.0014848448173333964,0.001703981682581798,0.004485328426594151,0.005551366810177569,0.0020401680501660165,0.004618299071213187,0.00217378244926158,0.0020301125164646694,0.0029325087875822645
net_position - value_t-120min,0.0015094840857606186,0.002304687190426421,0.003672652236195063,0.002183733351310707,0.0012651899987868092,0.004607740036342875,0.001348379074714785,0.0031610992022324353,0.004039357817729979,0.00180042581554153,0.002421107522877321,0.0019476333019897538,0.0010609879832386467,0.0015326241932475569,0.0021032750036993095
generation_import - Import - RU_KGD_t-120min,0.0044247493299044436,0.003906368318857858,0.0024494815529742483,0.0017804517040831342,0.006058926047990099,0.003931709493173912,0.0029024204622946853,0.001968715169877214,0.002877499132122466,0.006412487804540433,0.0026658565891875697,0.0021473576500939087,0.005871532200542788,0.003691283490562796,0.0021961358847979113
generation - Fossil Gas - Actual Aggregated_t-120min,0.004174074129958172,0.0025439370727021924,0.004962233482277952,0.0036808132512087467,0.005414836932672188,0.004540957042016089,0.005190583036834141,0.0033728047325566877,0.004452124729868956,0.004631378226331435,0.0043410168011323545,0.0016459287300331197,0.002984137008868856,0.004704654185814434,0.0066770570005755875
generation_import - Generation - Hydro Pumped Storage_t-120min,0.0025811818794099963,0.0038040872577321354,0.002444471018162403,0.0025827841186860496,0.0015981812909480482,0.002176404763532105,0.002251541273539942,0.0027263429566708624,0.001971273878975808,0.00328598407548634,0.0021206668725744747,0.002087360579637334,0.003641176315152279,0.003077989698768306,0.001740098052765461
generation - Hydro Pumped Storage - Actual Consumption_t-105min,0.0027332715549214298,0.001021183734764918,0.0014010905229433774,0.0013120953774664486,0.0011464899706543292,0.0026598182259576788,0.0017092399905591265,0.0015411300774894698,0.0025418990101401277,0.002205655191070946,0.0024885105537041452,0.0014485363158501059,0.001548696937762088,0.0014413274070075204,0.005410624345831593
import - RU_KGD_t-105min,0.0021122503432015947,0.0022383946618092523,0.004771334556153306,0.0026273130116233005,0.0023747880831051587,0.0025716091965095984,0.005840044887594559,0.003193628959569537,0.0028532409365016067,0.0036543579292342655,0.0033318918606764785,0.00264682053827255,0.0028851031921585672,0.0036055831192275036,0.004814886205508515
generation - Hydro Run-of-river and poundage - Actual Aggregated_t-105min,0.0035039720301003855,0.0016545585756985019,0.006112372567367856,0.0014434822038283527,0.0024466063824420416,0.0019135992993083164,0.0016245549862587722,0.002114009106362346,0.003104869020156002,0.0026076131100635394,0.005141495881965966,0.0014623511290275245,0.007332204294143594,0.007277439379933639,0.005332555919347215
generation_import - Generation - Hydro Run-of-river and poundage_t-105min,0.0024602574857381116,0.0021546308788219903,0.0024374229620771075,0.0023519425014615083,0.002702797211456982,0.0013083497678030654,0.0017359151896234833,0.0018623362237603941,0.003700349675696998,0.003658354696475726,0.0027296984963686554,0.0028719761365191515,0.0018667960144152858,0.002373681613797089,0.003366774497430015
generation_import - Generation - Solar_t-105min,0.005775563587047145,0.00802858385510126,0.00947526932243636,0.0031514025705223505,0.005439155333631788,0.006297249676466891,0.013236283373757032,0.013541628063750977,0.0058630414871340695,0.010519927486342567,0.013265262825792889,0.010230142161817639,0.0059598214812417605,0.00768659885172201,0.005612553536252449
import - sum_t-105min,0.003520735307049563,0.0036014476585528427,0.0015948984198613516,0.003906944449613548,0.002058220665287081,0.0022742366919173947,0.0034055729906922352,0.004298413385174399,0.0013294317159725324,0.001921236491380114,0.002201888997645483,0.002096186080292682,0.001466116367238783,0.001598212548142328,0.00211363121098816
generation - Waste - Actual Aggregated_t-105min,0.004299016543890048,0.005032811475629387,0.007761651936937142,0.005478169649955816,0.007644011993728782,0.007768786653065945,0.006196451192331324,0.008415023947099145,0.008491109737864462,0.009377330485462153,0.014469323421235459,0.007141660589328239,0.004687335407852516,0.0049964772946023,0.005132987945291006
generation_import - Import - sum_t-105min,0.004386617369253144,0.0033744891608648688,0.002090035847989213,0.002125191986920527,0.005680677062621271,0.007753496416054986,0.0014851950255679186,0.003938911793221677,0.002627976501815283,0.001337495092822337,0.0020365816887968433,0.0043272796867295255,0.005334819164978398,0.0029627412241770797,0.003141712159983399
generation_import - Import - PL_t-105min,0.002309305922857675,0.006780657266252092,0.0034939533609540377,0.0023266931795068897,0.009361761833524725,0.0027324900329831507,0.007896930059694569,0.005411166390052927,0.0034911947918772057,0.009232544648839394,0.003213008154532872,0.002997773195791524,0.0036933212815154094,0.003308334254965814,0.003833709650309743
generation_import - Generation - Fossil Gas_t-105min,0.0026885867127748497,0.004282431628584164,0.0028718746135837137,0.0014491095896489697,0.0011355582087651328,0.0016423545800857938,0.0011363062643035846,0.0018027904972095711,0.0023262820088275475,0.0008320813158650254,0.0010168249199955426,0.0018077972650507946,0.0020119429573478556,0.002588928317893533,0.0016310339402193677
generation_import - Generation - Wind Onshore_t-105min,0.0027637572254134283,0.0022782790219089293,0.0028295259561925833,0.004540991605834279,0.002690011189346251,0.003435378452648365,0.006144554987833544,0.003080802661015923,0.004628766557003473,0.002390298328929703,0.005709357207586436,0.002642088526644329,0.003754945345866872,0.013094046677663755,0.003436974135673154
load - Actual Load_t-105min,0.003015766803056977,0.0016011742969754153,0.0013085059648508944,0.0020701807400873803,0.002219648913205674,0.0030639565436895284,0.0030788620549747066,0.002772604799014516,0.0025642567532013346,0.0028134522884774925,0.003755603004809018,0.004012790971348295,0.006485897304839455,0.0032831807691582073,0.0025047822436672505
generation_import - Generation - Biomass_t-105min,0.004834232822513513,0.0053045476400002374,0.0038471010824578118,0.0022650078161696,0.0031169701118087686,0.0030450335889063355,0.004803797081553057,0.002798537559559918,0.0021241849369198463,0.0029322111219329374,0.0038533447908757805,0.0026923977169981297,0.004374284138969415,0.0072239226794335995,0.004379607797109202
generation - Wind Onshore - Actual Aggregated_t-105min,0.0029166602562087293,0.005105770879650436,0.011433987790358969,0.004581041837131124,0.003632583677550514,0.012541439823760811,0.00223125489616568,0.0021715475755254374,0.013967959778630757,0.004934637634038154,0.003294827218811747,0.007852955920203386,0.0030197389879702994,0.00387557691528491,0.012034975481008472
import - SE_4_t-105min,0.0010826266753235813,0.0021671120353857986,0.0022001507489990218,0.002313202189145386,0.0020025361576008435,0.001455884862754374,0.002961899024279319,0.0047622899682755815,0.003803238271333612,0.0017678725674581982,0.0018892575782592758,0.0015905930999588235,0.0027205714356103848,0.0013669627021772612,0.0017428328070107
generation - Solar - Actual Aggregated_t-105min,0.0035754776794801727,0.003831185911886223,0.00562716340071438,0.0027907198846892243,0.004474448226640107,0.0037408022928921126,0.01013960269627023,0.008436866210780863,0.00728344411204489,0.003308253154946101,0.007033227376421109,0.006410372583202929,0.004065369133047171,0.005008133783948324,0.007213695151111097
import - PL_t-105min,0.00774624991861856,0.01250466320009582,0.005801831546988979,0.012095893368896214,0.0027891596543913695,0.0034600458732483618,0.009928811534125089,0.01005162213186486,0.0023031971408480558,0.0019596122102294657,0.007524654357286636,0.003997792073747405,0.006099632951123567,0.004765032839553897,0.001996056004124057
temperature_mean_celsius_t-105min,0.00323592318673127,0.004934159966142033,0.0019102042344729853,0.0028652023684153393,0.002361435933316443,0.0017228234711019468,0.005102759192062876,0.0030261151761369546,0.0028249443182667166,0.0036615813836356212,0.003137831572425057,0.0019849222275629473,0.0019312800053896807,0.008209827633289478,0.003038152787524723
generation - Hydro Pumped Storage - Actual Aggregated_t-105min,0.0034770542593760183,0.005781091228331207,0.0031725194781756726,0.002927209985897207,0.003148454436493921,0.0012294079530186081,0.0036414117630629334,0.0049135536817580035,0.0020121764478967636,0.004991279088833835,0.007103964995214483,0.0033944465462700463,0.003356477555602396,0.0036440466308076793,0.0024063322546589916
import - BY_t-105min,0.0016552142654581985,0.00271559397711826,0.00270923356109779,0.004785728728555114,0.0045770056449910045,0.002329286918669368,0.004648422478663633,0.004603930750554355,0.002084337112504727,0.002318954503417899,0.0038792066886262546,0.00646155688354338,0.003966629644520708,0.003471111594744798,0.0014480381738451343
generation_import - Generation - Other_t-105min,0.004490976773240618,0.00449179000855429,0.00684199670750877,0.0047813116792640355,0.009972214675406576,0.013014404556277441,0.005647647607654107,0.0033219153251939134,0.0036690228588501556,0.007823810294936265,0.0032557700136180757,0.020170639633157406,0.01029368439116206,0.004616732993822069,0.01362747304070217
generation_import - Generation - Waste_t-105min,0.01798891711246688,0.011989352962526028,0.012970184627112758,0.020658012445142957,0.01549366934671707,0.010963425910985279,0.007901322003757741,0.007485516497798926,0.016654409387403576,0.0050883819825467075,0.013316409952560207,0.009900212912492861,0.014503400701877582,0.006944437053305592,0.004344128552247902
temperature_std_celsius_t-105min,0.003039296084758689,0.0007548863866622923,0.003415483847362566,0.0016667343727140179,0.0021196333710481667,0.002204600241683238,0.0019011784441862573,0.002657950944483673,0.004562294610784193,0.002637256642774446,0.0018553640304964176,0.0014765993062139842,0.0012738043153462967,0.00229019125111472,0.001203282486961939
import - LV_t-105min,0.0017410988233093577,0.004529035945113719,0.003590341119447203,0.0011107558176609018,0.0017907460983074088,0.0016033925983314247,0.0026016830864310806,0.0020491221128504547,0.0017270246415655493,0.0023097223235308776,0.0019693331664730066,0.0011089269813626288,0.003983415010483441,0.0035507631536152075,0.004240899188265757
generation_import - Import - LV_t-105min,0.0019828249469919113,0.004811252875030732,0.002029965843104037,0.0034757568416680443,0.0014665853550618522,0.0019223141267430037,0.002422568100519129,0.0028990184256338127,0.002788605758243648,0.0039353733622008065,0.002913454184192233,0.0033630365187491407,0.0011343938357586012,0.001846306826811997,0.001560757280545772
generation - Biomass - Actual Aggregated_t-105min,0.0020209313165032656,0.004056414740567562,0.004227229843228997,0.0024086360981195867,0.008122375906910747,0.005056038723409074,0.0022903770458365218,0.003916325525260618,0.004479341362430205,0.008783778576995246,0.003636692341453454,0.004291109764635479,0.00335563234669371,0.003126952778689997,0.003971407030505361
generation - Other - Actual Aggregated_t-105min,0.005149861245608917,0.005418662909783961,0.02107677975041406,0.0034469394110345775,0.009908956504760681,0.017937160028228392,0.0038972809417027747,0.0066731023567335795,0.01023612235292603,0.004547210186413622,0.003354186565125019,0.01833612166678995,0.0063315409528140664,0.005334794552681956,0.020410531908542907
prices - value_t-105min,0.004189803615943674,0.004482855726815615,0.0017079569787611035,0.004256502784208806,0.0026231329302938773,0.0014932557848422903,0.005106481833714497,0.003876514917541499,0.0027376543129003037,0.006974514170964312,0.003013367775007282,0.0014867576258875488,0.0038908553370238224,0.005713401676282956,0.0008395323763079432
generation_import - Import - SE_4_t-105min,0.0038874450869261635,0.0038785195973086955,0.001891670292650815,0.0029812297880653206,0.0021612966359070922,0.0017339735624082096,0.002947817543079509,0.0015611826623644447,0.0025287175463759013,0.0019320069348491415,0.0032315365827803363,0.002217061510360509,0.0040093420180793374,0.004345790210930318,0.0034558267917645935
generation_import - Import - BY_t-105min,0.0016452160544067737,0.0013903354952371956,0.002246629086491339,0.003817387078435786,0.002966584684008012,0.004283543852829098,0.0014686888169828762,0.001276755070535728,0.004470654990473122,0.001840602731642548,0.0011988962060868289,0.004056930677767923,0.002436086751504263,0.0024656953722551407,0.001567145167802437
net_position - value_t-105min,0.003731647663723379,0.003012953941437445,0.0021243864210373433,0.0017796596737655363,0.0011816693155569738,0.0009120516354428218,0.0009878570955261239,0.002659273592325917,0.00109233488269183,0.0017598193284284207,0.0025085741799712197,0.001374787303150697,0.0009293491972627805,0.0007121818144796634,0.0009425338998864845
generation_import - Import - RU_KGD_t-105min,0.002271714067626817,0.002342613987409095,0.003316372624547512,0.002793112374787597,0.0032747580721388656,0.007383288865472423,0.0019424510784456289,0.005654779418182443,0.004642202555667609,0.0034361544379135013,0.0021019495588184326,0.0022689905858678684,0.0024186559784338895,0.0030234620489982262,0.0026144929589727328
generation - Fossil Gas - Actual Aggregated_t-105min,0.0008902083443027778,0.0010448197500279833,0.0017748230387796865,0.0008847031884224634,0.0023268352949207837,0.0012460749514311828,0.0029923414696386317,0.004627355298725888,0.001538081809213054,0.0018726788074909565,0.0029249194662825176,0.0019697683086178585,0.0012350949097917692,0.0012352514090716795,0.001671093870900677
generation_import - Generation - Hydro Pumped Storage_t-105min,0.005428661033794924,0.002557429871035254,0.002859002361820785,0.0039048105186793693,0.0025228999611777,0.0024244196657746213,0.0014286811818819843,0.0020267769918482373,0.006060185326212377,0.002447996545357114,0.002852294058092866,0.0030105851577072826,0.0016512791812479009,0.0019004924707733152,0.004146857760360945
generation - Hydro Pumped Storage - Actual Consumption_t-90min,0.001628837121883422,0.0016014996973401593,0.0018348317021846014,0.0023883566206723116,0.001650035990020797,0.002902075694551968,0.0017804792615879706,0.0015572995732477466,0.00581791356721078,0.0030592505314125445,0.004535833640646161,0.0023817481305289335,0.0017123050134932782,0.0011575996434332865,0.008192128255745047
import - RU_KGD_t-90min,0.0035976686346821224,0.0019014180319190928,0.002679495889699865,0.0018631554440252103,0.0023513896340371047,0.0031451757126078517,0.0017781265386565223,0.0029465373977182025,0.0019732925669977705,0.004463951235957211,0.0017007427079315676,0.0022329544448703017,0.005676748530953774,0.0019414483682994614,0.004024315416322679
generation - Hydro Run-of-river and poundage - Actual Aggregated_t-90min,0.0017172230146139781,0.0026735603977517714,0.0031161158540198813,0.0014115933115342613,0.0017005393187714617,0.0014946866019851085,0.0029028539935916343,0.0019491320955521588,0.0026264017139110366,0.0027187437477259662,0.0024070472397110976,0.002025143948853156,0.0016399084052552552,0.0019124514678319428,0.0021800845283323723
generation_import - Generation - Hydro Run-of-river and poundage_t-90min,0.002188427802793285,0.0023126954369981833,0.00188804548682333,0.0021390851041842326,0.0015641871190236998,0.0017283088113567828,0.0012683062128180608,0.0018056198866597698,0.002050389243216159,0.0029245480005156426,0.0014387370952681521,0.002921599534721281,0.006189231819094857,0.0019549943804258872,0.002830066330960108
generation_import - Generation - Solar_t-90min,0.007778936001770489,0.0041135492824932954,0.005233763835970421,0.004706969388319522,0.008896824847928655,0.006638383769199208,0.01150277236241618,0.008918293383178025,0.021545062189604322,0.003683063334098051,0.004714282210410971,0.009175715340203623,0.01319043956097994,0.011791407377262657,0.014528753434225564
import - sum_t-90min,0.0020160179474050894,0.0016144256592406237,0.005415180668085668,0.004061229953400016,0.0021861693739647307,0.00611463622496467,0.002653309951221672,0.0022592790005892312,0.011009756107552676,0.0071401313335409215,0.002326463361720471,0.004640542173349786,0.0017848451899371866,0.0018396986567486237,0.007514919532119166
generation - Waste - Actual Aggregated_t-90min,0.00788788282911662,0.010475859623169527,0.004203647026083672,0.013206338999534637,0.0067822937249102325,0.009368930163322147,0.008622831393707201,0.011543836699544044,0.008567171536618843,0.006125340182334185,0.011393763717518596,0.0053285577031629144,0.0036463501754337812,0.00974824803462252,0.004061172375752904
generation_import - Import - sum_t-90min,0.004548407115740702,0.0020295306036148303,0.004592833814462665,0.0017673736817414465,0.0019040710130016124,0.004387257014075203,0.003183134606375461,0.0018527660717481923,0.004130594542526523,0.0015490872940176815,0.0035763301500537636,0.006686869732010564,0.001712062119900338,0.0018426564408680407,0.0021340639234936135
generation_import - Import - PL_t-90min,0.0075507887963646,0.0032547062063677003,0.002253633929222815,0.0030169744412560247,0.0037822631456274395,0.006142762109036994,0.005831134394233231,0.006493273371765099,0.00542041750804816,0.002618122875655274,0.007288016755806893,0.002600389980570526,0.002606260867988567,0.0018569425490891263,0.002367669836985897
generation_import - Generation - Fossil Gas_t-90min,0.0014399651654366608,0.002168086443447464,0.0017789309396994213,0.0015079998590781542,0.0007832632903557624,0.0012239586103828515,0.0009367791848547142,0.003983130406431883,0.0011370190337506756,0.005160022435127758,0.0013582545631825268,0.0020211482884209316,0.0015880808188703669,0.002936452833324438,0.0012469519757274839
generation_import - Generation - Wind Onshore_t-90min,0.0030266227711244938,0.007193921118774597,0.0035945463930556797,0.005364032047792534,0.016638841275780577,0.003512484417647329,0.005341818455445946,0.006481373291769614,0.004800934005459567,0.004890105822272744,0.006971981487458834,0.0029018971103078003,0.006149524205848138,0.00833113236119607,0.0035135748332286313
load - Actual Load_t-90min,0.0017879412109264195,0.0015605912606172297,0.0039048778132273585,0.0020583007363577507,0.0018862471823276792,0.001577136122233469,0.0015261226396123674,0.003340325191217744,0.002060228635386011,0.001646169168277538,0.0014167626383108144,0.003031277749938454,0.0020437010154615793,0.003264309766318547,0.0016641465041343508
generation_import - Generation - Biomass_t-90min,0.0024856214261901642,0.002660677646436625,0.0038986464632926074,0.0027307820184505546,0.0024470975699114206,0.0031743223160356137,0.0022050475765863667,0.0020748973953502625,0.002457387654257673,0.0024472107132687596,0.002352419923825437,0.003141209235018323,0.0028033916142394446,0.0024269526593961926,0.004678718446431503
generation - Wind Onshore - Actual Aggregated_t-90min,0.009601193151916505,0.003344442694557074,0.004947211800770674,0.0031511041908288463,0.0076286610798042605,0.004984048920205709,0.003469244320069265,0.005150204240829226,0.011224960807496246,0.0025878159350224907,0.0026923835888637768,0.002844222052654459,0.003153263409508327,0.003190563099818604,0.008454438151391514
import - SE_4_t-90min,0.0016417176982904493,0.0038282646968291374,0.002265988918410585,0.0012789716063050492,0.0018508258532137915,0.005764556627427169,0.005079014273123903,0.0017460852219146545,0.001882683544325232,0.003650917887005562,0.0037367358042347406,0.004572922059004668,0.0015245213423684162,0.0031495718268506607,0.004503663215993583
generation - Solar - Actual Aggregated_t-90min,0.006843615907745175,0.004414305279685323,0.005564388787073767,0.003832088508108427,0.004767182129906359,0.009546140445789206,0.004076414077107643,0.003659828371719186,0.009406432038072012,0.022028211777978868,0.011203364185428654,0.008104702768008792,0.00484476309095686,0.003829270856249991,0.030693642906699098
import - PL_t-90min,0.004299126155518024,0.008211956851675495,0.004069832390156989,0.0082612334786877,0.00468463362494731,0.002743963843118763,0.0036618018454205414,0.0025744779029462277,0.00962825638584036,0.003459796171398466,0.009731215379397327,0.006207901718078915,0.0071386490328723086,0.00918174063575134,0.006467907249578275
temperature_mean_celsius_t-90min,0.0016279304738154679,0.0046318276828533275,0.005266927586375459,0.00194294911311772,0.0020354832572993475,0.006515023253085019,0.002844690605062169,0.0016887319912457883,0.0031102393113687865,0.002562463443724482,0.002232854151441643,0.0027934591391931465,0.004648128204340537,0.0030873935470581274,0.0013007514672062825
generation - Hydro Pumped Storage - Actual Aggregated_t-90min,0.0031136150055226606,0.005243550900886475,0.00506316831415333,0.0025034684413749344,0.004304567013590713,0.004225512672157493,0.003301009734866966,0.004883986055399873,0.003024858338341801,0.0034584396514273975,0.0012828961076288578,0.003527679730168529,0.0034945455039996887,0.0018310809801846517,0.0023123959482127246
import - BY_t-90min,0.0019015427967324285,0.002268772301165029,0.0034239024757680456,0.0014620893129745128,0.003482741368932466,0.00507308717345586,0.001292832900049575,0.004165940222235804,0.004019506766449922,0.0013850465112973324,0.0028289078661887287,0.003957843778573078,0.0014661030374227267,0.0018046200944732505,0.0016997930135366915
generation_import - Generation - Other_t-90min,0.0032869394166023086,0.007454456329832283,0.005083921655856102,0.012586034380942692,0.003511301462854135,0.005454207908189347,0.003860480547883526,0.003221708059527259,0.005374478224066991,0.005359737794055946,0.004558109437965413,0.0060152957111986325,0.0031198191580729144,0.005591964794746673,0.008427233771586544
generation_import - Generation - Waste_t-90min,0.006494588321740593,0.0082183894180489,0.006300014620458569,0.004978017204617572,0.007565248903122665,0.004842641751762528,0.003742517885132202,0.014142467286026658,0.0059639943898182534,0.006157201199595875,0.004645996883475163,0.007074536587018883,0.0044988318055693526,0.00518938728586636,0.012848584226831009
temperature_std_celsius_t-90min,0.0018745346502496432,0.004912465290730325,0.0016475762461546993,0.0016735362652418645,0.0013755159187528534,0.0016657443485796647,0.0009737447189995692,0.004482556590172862,0.0012126533415225823,0.0027207731824742043,0.0015729428060553801,0.0016401907214622041,0.002600901735222692,0.005643709839612711,0.002073918771599892
import - LV_t-90min,0.0012602540187053818,0.0017238394297810374,0.0018439055966009618,0.0031796888420544747,0.0016717629511201722,0.0049114817478675835,0.0013054108402666316,0.001171125380228375,0.007797878455672617,0.0016642704980558848,0.0011902625301627267,0.002189592434180554,0.003482821564663368,0.001038202047908271,0.005646039066610683
generation_import - Import - LV_t-90min,0.006564207139692371,0.005174825472950033,0.005559918418108282,0.006685021145633073,0.004382221067252203,0.0026047362067624816,0.005192237691459013,0.0051509548115936925,0.0027750314357649587,0.003455960603292624,0.002946885452405695,0.0010379267463733867,0.004848240231287491,0.001798167902993555,0.0013989020419840016
generation - Biomass - Actual Aggregated_t-90min,0.010200823167338967,0.0048611311506574564,0.008389022890944033,0.0035054052698201303,0.0025391988318197037,0.008652949895651546,0.002544083503667025,0.0028517426318176147,0.01276676040655002,0.0035646417952739286,0.0046058617712533305,0.010425384055590257,0.0026237423829825273,0.004608479199505155,0.013104393564397469
generation - Other - Actual Aggregated_t-90min,0.00980927195939148,0.0033770896566857117,0.011397620526246101,0.004826983796216155,0.004283785342509191,0.005209644786845274,0.004315807793464046,0.011746794529219187,0.004052795147280676,0.012892851091811281,0.009184977804179652,0.004557168176641426,0.004482923399209539,0.008710823000365962,0.00788724703843036
prices - value_t-90min,0.006887936328646901,0.006528780854709112,0.001150008435597897,0.007474178095541447,0.00522187457624932,0.002129528826022579,0.007235613600135366,0.006092378201356041,0.001229466589156118,0.004797839333044522,0.005902943332655923,0.0010696415016434458,0.007223190151953531,0.006109290642198176,0.003130586039796981
generation_import - Import - SE_4_t-90min,0.004824165561371046,0.0030378353829873957,0.0049477696106914664,0.004147107440143373,0.002943985661217539,0.00167595977385281,0.0012578318220532196,0.001159361449942935,0.0015579380836989003,0.0017446653730735307,0.005978592559538811,0.004104548129742852,0.002589445039895509,0.004609053413922083,0.0019454410425942114
generation_import - Import - BY_t-90min,0.0029596504513319816,0.0026486663195100847,0.0029475660898397107,0.00152089142825389,0.0023479110713306,0.0021876747825181155,0.003075793499012434,0.002440451182264951,0.0023547510784998737,0.002140759158473884,0.002638802977200612,0.0023055957851858154,0.001317497949553399,0.0024443595051634476,0.0017108098756325205
net_position - value_t-90min,0.001952945912708401,0.0016052416111867842,0.0012474433388138095,0.0008599427295785063,0.001215354990300625,0.0011667730451520128,0.001621203977191726,0.0013944747940672641,0.003021806206024394,0.001204891086788848,0.002128385740038425,0.004062222129283327,0.0009025146986896288,0.0008973788089749633,0.0018913355679114829
generation_import - Import - RU_KGD_t-90min,0.0015880440193050162,0.002084112132267592,0.004400784454269342,0.0019042880055321803,0.00430842795757053,0.0043764739632169945,0.0031035394000764427,0.002698631714718431,0.004997046460382989,0.002023786623315573,0.003077581546701367,0.0017094855947798351,0.004981179559603334,0.001889748650463389,0.0033127532545881876
generation - Fossil Gas - Actual Aggregated_t-90min,0.0017840087606391536,0.0012168699425862996,0.003085742146203188,0.0011822417976500219,0.0012480014874315657,0.003112455355190832,0.0015373738379125825,0.0014627239015489978,0.002374091356767167,0.001585138464552074,0.003088545880120364,0.002112313124252637,0.0024613170471566265,0.0010866362003661152,0.0019772988588292718
generation_import - Generation - Hydro Pumped Storage_t-90min,0.001935596449593504,0.005835274004904932,0.004743130221613683,0.0017247932273203332,0.003348208282700625,0.004514138378868666,0.003789534145487778,0.002121635160023743,0.007177885832788888,0.0019789686085082392,0.002785097383110042,0.003441895699487759,0.0016491705167745749,0.00487606531675192,0.0013987046270499378
generation - Hydro Pumped Storage - Actual Consumption_t-75min,0.0053690807409147966,0.00326311030298848,0.002404335466970224,0.004371817468170775,0.003575594770078169,0.002649257237790266,0.0026933037541068644,0.002456254645196168,0.003948850178217981,0.002894159129384207,0.0017016596847479377,0.00655875842027308,0.002307258230645857,0.0015860731578991364,0.004215423235787967
import - RU_KGD_t-75min,0.0053371349473600276,0.003393813666318238,0.0032272254705349042,0.0025434816672877786,0.007249546497710981,0.0035367183485623174,0.004085771128193301,0.006313085043337196,0.005791604237048887,0.005971343099081423,0.0020773136684238123,0.0033418709167058296,0.0019101025936004987,0.0018100008331825848,0.003925064352268237
generation - Hydro Run-of-river and poundage - Actual Aggregated_t-75min,0.0021254585941501316,0.002374126836326468,0.0023254720843437723,0.0018442889643324634,0.00212642111851892,0.0038148140295379564,0.005278572672616974,0.006379083531122888,0.0011054624154348857,0.0022749901406864267,0.0030352040052057418,0.001615720359026909,0.0017634550466696056,0.0012708949827283504,0.001805835244971604
generation_import - Generation - Hydro Run-of-river and poundage_t-75min,0.003455738327509607,0.002010393583799441,0.005703332548320759,0.002351054015839054,0.007616102572763339,0.004621479175162676,0.0030186581049638337,0.007712023400628823,0.006430139684322057,0.005268626127421157,0.00404254902874527,0.00986164590867702,0.0034599358334744465,0.00466631418576435,0.0019448805860265565
generation_import - Generation - Solar_t-75min,0.011395214439551637,0.003417477588426095,0.00773590746584523,0.004825382371254818,0.003567307845122741,0.005977786482477768,0.006653263017824429,0.007061161395659781,0.007975078697068056,0.013218619583487452,0.004113837194753615,0.004284830066550967,0.004288082327690972,0.011562792927619739,0.0033627675692914634
import - sum_t-75min,0.0017045190452518,0.0027219066298175675,0.0034722713132439367,0.004291530658729243,0.00228151400131901,0.005708080731747032,0.002166771606744987,0.00169091515407073,0.004669979434685956,0.0019518491058552172,0.002523547136994239,0.003726878567111271,0.0018235237518600229,0.0011588632388125006,0.00671840428204996
generation - Waste - Actual Aggregated_t-75min,0.005233506496617337,0.005674033418710678,0.019434356832760385,0.0104765368457156,0.005252433649045997,0.0222973214230733,0.003247771126457337,0.009935449916488323,0.006980926729847852,0.008907127529535501,0.007401548920273854,0.013971149447861535,0.0064334051964233365,0.00782831045707644,0.006935397685399948
generation_import - Import - sum_t-75min,0.002416452913352032,0.005867041006860518,0.003003920317415577,0.0015216536148344062,0.0034417083550584947,0.003709662267493059,0.005337314299053105,0.0026620409470447157,0.0025873225970858586,0.0035657376739472967,0.004667187549744085,0.002227300671768262,0.002356601021728352,0.002320538884162488,0.0019339708807208354
generation_import - Import - PL_t-75min,0.010023279906032257,0.0045022503023135416,0.0038826013381758457,0.0071579627083519885,0.0044216704506457065,0.006164829531397117,0.007194419930565346,0.004068132103497191,0.004615693263855519,0.007464906773058374,0.006733214485815551,0.006194674425281846,0.0024326227340970945,0.007133097165944264,0.0037023848773169448
generation_import - Generation - Fossil Gas_t-75min,0.0013796303766557684,0.0013587186292159004,0.0061673790627974085,0.001061223209864636,0.0008448243827493798,0.003074086717154387,0.001028154600882317,0.002932761573152675,0.002926681832514987,0.003789171295444248,0.0036415746891616434,0.0014868796769778782,0.0029577865195087724,0.004285862990102032,0.0011468846949942418
generation_import - Generation - Wind Onshore_t-75min,0.00930157625873835,0.002061833045147523,0.0023094399618807985,0.0025703409690534043,0.002583872177900048,0.004279247111851419,0.004772875100607052,0.005114330766741659,0.007008552124858397,0.0023494033674400614,0.006595995790194138,0.011153878690576675,0.005274901083597797,0.003914719318511743,0.0028624348066425684
load - Actual Load_t-75min,0.0013729608041205665,0.006029624388109368,0.005789501580002252,0.0029384793028129933,0.005072070861609063,0.005324026058970957,0.0050624758231861055,0.0012514557448588448,0.0074126863135679745,0.001648467900125297,0.003363055600208327,0.00261457862329371,0.0020041204412514163,0.002408983109886549,0.008232208359393553
generation_import - Generation - Biomass_t-75min,0.0027029076303915645,0.0037268831002202204,0.005641876327923455,0.0021623164140703467,0.003827272946566154,0.004303750250495795,0.005329330004742588,0.0018791539813473718,0.006734898734638477,0.0030777879674715224,0.004784718950475508,0.00937095555185806,0.0021428812314625246,0.0019283718920992214,0.005388411267993433
generation - Wind Onshore - Actual Aggregated_t-75min,0.003957436480259275,0.005592320733018823,0.0029903603308493983,0.008171721382623218,0.007661024876460943,0.003733718799597682,0.0025369952029086562,0.0027959843773160175,0.006829460351383034,0.0066719786104386,0.007675815738552047,0.00314742019345249,0.002836131036812958,0.002987061771254048,0.0037302968925921505
import - SE_4_t-75min,0.002273425877311638,0.0023556529730990403,0.004707754030599972,0.0026055050555496566,0.0018249140992429602,0.0020271550761099206,0.0047539246643355,0.0011768253829069124,0.0022419529148330073,0.0029580954079938236,0.0021784929124241898,0.0017876401991443345,0.004312010798045066,0.0015178227177885333,0.0021369298430618075
generation - Solar - Actual Aggregated_t-75min,0.012096032722825839,0.004571374276642018,0.007530501260629535,0.006380627708853126,0.004033885838115566,0.005432206097046219,0.015299036368300222,0.009931455447587723,0.0028661724226267324,0.012766825497545141,0.020352233574585626,0.005026842086377655,0.006688436131400522,0.0058133445955745626,0.00454614383430635
import - PL_t-75min,0.009467250150119072,0.0102590859906868,0.002857472017210512,0.013535769282876572,0.01201494614053081,0.003935091534367529,0.009235613111726706,0.006131205042793226,0.0033866405089474937,0.013000056393968408,0.012751539170945762,0.004668870415559468,0.008128742917957425,0.010990203905264024,0.0033043325429325705
temperature_mean_celsius_t-75min,0.002720300153810058,0.0034552715908046138,0.003156093760042495,0.001943615551355151,0.0033375078842691436,0.004318057990574971,0.0014735507674831752,0.0039437380663152905,0.003897786450368585,0.0017977770421130116,0.004397790775357862,0.004466810555208326,0.0016497187449795092,0.0029339660413324965,0.005353908791188587
generation - Hydro Pumped Storage - Actual Aggregated_t-75min,0.0031111460918955345,0.0011012632027018298,0.0009429471218550134,0.0008657053391452792,0.002560538462260638,0.003948518998731743,0.0010731783263518081,0.001506118807443272,0.0013153550631750477,0.0017461845254924811,0.001549522867243013,0.0027935550560432604,0.0010438157535602385,0.0019431766404159135,0.002044985911124968
import - BY_t-75min,0.0025837625189351456,0.0015302430708948123,0.0024813258718459678,0.004211204998460743,0.001814633041670504,0.0038894427394479862,0.0019206518347199904,0.0033070218882894553,0.001587994525791089,0.0018022277681902779,0.002035278894658404,0.0019218181527601245,0.003253265458781243,0.0023251785777483745,0.0019298396061344647
generation_import - Generation - Other_t-75min,0.005484080433510826,0.01612163200647774,0.006929685468889602,0.017082463835369707,0.0036851080567535063,0.003969837363846636,0.013301409671421426,0.008443303218798975,0.007722050422986512,0.02020385843332042,0.010075412583858906,0.005148108750205211,0.009107433465960142,0.004096754739521202,0.00514634500608463
generation_import - Generation - Waste_t-75min,0.014051482054550434,0.012167464251805541,0.0069438578941008015,0.01385267633254989,0.0049016391821023715,0.0070466373649142044,0.005876448148923373,0.017878052807092898,0.005070345382199491,0.010644363280851395,0.006090699156666233,0.008825878994085087,0.006839701347926166,0.008518575838594188,0.0031443951586197726
temperature_std_celsius_t-75min,0.0012081720284481889,0.0010709873996080433,0.00245769500068409,0.0011808823467767979,0.0019631017587466884,0.0012169250139249924,0.0023075952510989736,0.0013739314391175413,0.0048137628258446055,0.00314749027924654,0.0008986145724268227,0.003355689784200877,0.0010984159692187631,0.0010150550770914606,0.00511670993611483
import - LV_t-75min,0.001985808993224964,0.001741621885920722,0.0012220526454029823,0.0010594116079137167,0.001767024196844659,0.0026934544849609664,0.0016085683103751762,0.001903887759028521,0.0034342886704562263,0.0023199940653748853,0.00472849892659633,0.0024387720777008324,0.0029486002065095816,0.0015854108382409322,0.0019706928565788075
generation_import - Import - LV_t-75min,0.0013587303544110227,0.002017602830492592,0.003894930420732635,0.002003488684291369,0.0053676524035108746,0.0028907279599244477,0.0014397367534302247,0.0021964750790066318,0.00207108508503552,0.0031037534006304666,0.00222132124503878,0.0016614174161613845,0.001858309945642759,0.004096675661778136,0.0011187205819544487
generation - Biomass - Actual Aggregated_t-75min,0.00513367862294399,0.003134581019383404,0.0023740577406351805,0.001840174945750638,0.0027989388191563195,0.0022061702145297203,0.0041256461474258686,0.002229287357678459,0.0025608183690746956,0.0018553398936965095,0.006683762447210029,0.001984042487330498,0.0019544841969218398,0.002497239989278569,0.004278767910458555
generation - Other - Actual Aggregated_t-75min,0.005305824506714998,0.006335061649514501,0.01073845978477766,0.012346882220725093,0.008282855486279004,0.013473447071470218,0.0030221730467279713,0.006502414319972331,0.02061027069042302,0.005245818384854829,0.005921219339811614,0.009151038235595479,0.004734852101489622,0.006381712969886848,0.006846902980308186
prices - value_t-75min,0.0021717945446280283,0.0014827549475921842,0.001749310875397896,0.002443100968564977,0.0031584423423591944,0.0017044835891028925,0.003045959684450281,0.00413582873822088,0.00240377837866572,0.0022055463411561503,0.0034715173660748635,0.0010751460027030363,0.002554261273726297,0.0029412371151374826,0.0029598340386364727
generation_import - Import - SE_4_t-75min,0.0014175403519384418,0.0024872022088558198,0.005342750703898673,0.0011684944083963273,0.0014114727299279367,0.005433441746738026,0.0013251577238079335,0.0016991541329432493,0.005313125643777312,0.0009608809970047787,0.0015480058252051094,0.0038849780382679455,0.0013744054170128947,0.0024579399099943656,0.0033171615636629214
generation_import - Import - BY_t-75min,0.004967926646408159,0.005392325460881693,0.004879464428715437,0.0033058507128007476,0.0016903755116331922,0.005231400836981265,0.002333818177211924,0.00422641287674287,0.0031356142695781273,0.005448427647032077,0.004721659147273385,0.0020901569386451227,0.0020354381513509453,0.0052727012397372165,0.004212855881709401
net_position - value_t-75min,0.001494272535987875,0.0032628458042945566,0.001612769578858206,0.0029852853669935938,0.0020016253162357315,0.00160241168180346,0.0025818752585546464,0.0033414640641326516,0.004085190049225276,0.002251750016387632,0.0015277479798893126,0.005769094155534163,0.0010812049774370962,0.0020198988934885735,0.0031931304761619685
generation_import - Import - RU_KGD_t-75min,0.002660176931283786,0.002769799510117707,0.001875375016252292,0.0017161172236258152,0.0067903746282099746,0.006671300070942379,0.0018386302093947506,0.0017133948791015427,0.002036196630540417,0.0024207985052780716,0.0018992717287264894,0.00765330002445262,0.007226930582226487,0.004655970367726695,0.003239009528380848
generation - Fossil Gas - Actual Aggregated_t-75min,0.0027016685888629583,0.0015047025148635668,0.0014267706864709454,0.000967027885324569,0.0028951449588166724,0.0009487376425271919,0.004837505331321153,0.0010492576816734528,0.003549733426552848,0.002156566034872412,0.0018366262846930112,0.002552498735912195,0.0024644330501760125,0.0011356308270233058,0.0008729141647288543
generation_import - Generation - Hydro Pumped Storage_t-75min,0.002274279554068926,0.0020095624053062407,0.0020113699915681026,0.0023600060104008664,0.0017707688490422697,0.006273034626176013,0.0031788755766888246,0.002091985499146176,0.002229128963909716,0.0015915613304579778,0.001921196902545489,0.0015707818553126315,0.002093574229877049,0.001982385159025398,0.001576966767516069
generation - Hydro Pumped Storage - Actual Consumption_t-60min,0.002960349253296954,0.0019206105865362808,0.0025563968889546233,0.008602415034692968,0.009002859165782865,0.004669577757718799,0.002023626131308447,0.0039075637541391185,0.003222668963702745,0.0020363970351156696,0.001915251893581626,0.005004386670580061,0.003880724766289859,0.0023106547806648905,0.004665579067070212
import - RU_KGD_t-60min,0.004410913709834858,0.005143373605344095,0.0018299380595938146,0.0052991200032070085,0.00727808919508243,0.005405483226530577,0.010585683932062238,0.005338361550297123,0.0031376706987357467,0.004569819177553654,0.007681909741415438,0.0023960835046841567,0.004227510122069361,0.006434804258673466,0.0022455502903849264
generation - Hydro Run-of-river and poundage - Actual Aggregated_t-60min,0.005264654282662378,0.00932919536679401,0.0029345703227481863,0.005741156778131881,0.005101810740056862,0.008603945109131018,0.005985309955693083,0.006037997401514985,0.0012821320399752948,0.003798701739587159,0.002187258261083116,0.0023462370889319574,0.003382219359768655,0.0014598794991134128,0.002101822354752585
generation_import - Generation - Hydro Run-of-river and poundage_t-60min,0.007459198623801058,0.0030459479002311125,0.009319358693806862,0.004359740879333913,0.0038479654590846623,0.002719991112353739,0.0030816394460107402,0.0033968793087115045,0.0028094031275054474,0.0029064117226203054,0.002789961372680409,0.005409285372079467,0.0018029791607950755,0.0014972249718593958,0.0012505552653219638
generation_import - Generation - Solar_t-60min,0.016842813623514304,0.008554131152815898,0.02975760653501129,0.022078668917514734,0.01580028007096189,0.03477482269263419,0.0160770491760195,0.014215478811223875,0.03809761648834683,0.013123668954922323,0.016717760609681137,0.02080532223674527,0.02857988386670695,0.014770500178390648,0.019067877852496168
import - sum_t-60min,0.003106563910637078,0.004386103356985587,0.0025970872378375132,0.00247350445721986,0.006080754836089909,0.004411291828474987,0.003134910865598613,0.002044007698829773,0.0019539923005431775,0.003255203698774494,0.0030947843499670854,0.003679051134125984,0.0045001891389401865,0.0032840991701887107,0.004878817868091573
generation - Waste - Actual Aggregated_t-60min,0.011117680713694426,0.004490389143706125,0.006137220603509377,0.005423588002548058,0.012512046511663356,0.011476558091955667,0.008619778959327959,0.0034755487398688274,0.007717003037461837,0.004191628817623496,0.006023457285216751,0.011843210768129211,0.009882951410831084,0.005925339912402705,0.013164399493698511
generation_import - Import - sum_t-60min,0.0020889214365397493,0.00253847894352225,0.0025533108467570855,0.0030035410928437615,0.0016270908736025832,0.0027834446167071293,0.0021646478773892567,0.001618403172366925,0.002661538895685794,0.0018509757977118397,0.0017681341769457504,0.003557137302872434,0.001246397619276422,0.0037244461319533,0.002562680219799404
generation_import - Import - PL_t-60min,0.004041649873951428,0.00234089801432674,0.007206168890791559,0.0025867148815332257,0.008916196661128197,0.010595777231661486,0.003298744919238061,0.0024587863302754725,0.0022413658465329717,0.003031446847118332,0.004230145309769796,0.0020951624019580777,0.004187402047666638,0.0025784833783236536,0.0040965645176916044
generation_import - Generation - Fossil Gas_t-60min,0.004738807902098415,0.006634443507478863,0.0025658963510904868,0.002367589401670557,0.0022916830948488498,0.0014736082710155643,0.004299922196260013,0.0016372783188940048,0.0009361124590663508,0.004238353733355325,0.004484253676069784,0.001201636043770577,0.0019521958007497914,0.006225901331286877,0.00328434714751711
generation_import - Generation - Wind Onshore_t-60min,0.0032413531030558713,0.0038944547938234565,0.014504657726465666,0.0058093806117794885,0.002726363762748406,0.014398609006595507,0.0041889645526985075,0.0024383914079917305,0.014302846204711386,0.016382676959423408,0.010428048173009302,0.019321673734870273,0.006775292426285887,0.008894927081557398,0.019831072236789624
load - Actual Load_t-60min,0.0018736463047519009,0.003909878687759374,0.0021617327327185195,0.0035094783032589023,0.0019902344910151444,0.0018406481453655489,0.004768692864337936,0.0025165036995676926,0.0022897221969597013,0.0033532220893591784,0.0017691627553476793,0.0013014719726987208,0.002440189705332159,0.003394513110000844,0.0011219666438835247
generation_import - Generation - Biomass_t-60min,0.0032114583622751525,0.0022515085653376445,0.0046474364921195955,0.0059457171068788735,0.0026618083983030376,0.004709595632888522,0.0029828389699906948,0.002710364679725899,0.002536579104801035,0.004836061858859012,0.0026366754292394034,0.0022341797801300346,0.006978517300682142,0.0029494839663002496,0.0026470186385461145
generation - Wind Onshore - Actual Aggregated_t-60min,0.0031157001289611797,0.006822744943014186,0.0024589502285866727,0.004031120065930736,0.006801619340995785,0.008425090284163161,0.006476895416355092,0.005451938545025768,0.0026014909732940622,0.004138545048331253,0.0038036912529641996,0.0023409106686003724,0.008705955705931046,0.0038898696886571996,0.00388147961881441
import - SE_4_t-60min,0.0038456133766740096,0.002277163097096832,0.0011094038885894407,0.0022819520079956418,0.0025957539624832863,0.0015988249149241937,0.005573262638339656,0.005347387231864559,0.0028450910595339564,0.003499780782498874,0.002206645613882756,0.0015410079281973595,0.007165384996362263,0.00312345124649255,0.0016506647935420914
generation - Solar - Actual Aggregated_t-60min,0.005468697612279356,0.010224002479197225,0.003280787491890351,0.014239301391444314,0.005245032081868601,0.004048261992216226,0.009175015462398732,0.004816941388383384,0.0059760723546964985,0.008354355295173263,0.016173596183907648,0.004909271269842009,0.01266501438992782,0.01432539811875904,0.005168443674207708
import - PL_t-60min,0.010011759326065657,0.009968890026633745,0.003795128366725294,0.0036073207164763516,0.00924701473931782,0.0023911209260513715,0.0023899077156793284,0.009411057718501979,0.003998755630766937,0.00722548770562571,0.0067244674496614604,0.005870520968155688,0.014749912436993327,0.0154016459575505,0.0030497663448086315
temperature_mean_celsius_t-60min,0.0032666285672803496,0.0013705545821399029,0.0026630148317944987,0.0030584646764109493,0.002103529272947526,0.0017042828481562537,0.0021981023563687357,0.004988946812663926,0.0017232262303150492,0.003140717233905434,0.002200158382736845,0.00200458030790287,0.001287606808208693,0.0016009011881287733,0.0011614555254909646
generation - Hydro Pumped Storage - Actual Aggregated_t-60min,0.0012910441779931717,0.0011522243075160078,0.001587710306084773,0.0014810562579045837,0.0025701531861723197,0.0009750604146949229,0.001126940309255815,0.00256552408225798,0.0014634339852709673,0.0029568335771600687,0.002512732208804664,0.001317285018745679,0.0018092438358471555,0.001226716255825977,0.0023525516274821713
import - BY_t-60min,0.0042063069876257944,0.0015004150137128817,0.002822285419426407,0.005963435500198102,0.004621648577620363,0.002261745431780582,0.0022805545945657284,0.0037715316103203804,0.0019121826125151529,0.004938181518560668,0.0034783398535932976,0.0031452730861492454,0.007593064261127438,0.00433234501240986,0.0028626490312708484
generation_import - Generation - Other_t-60min,0.007280584039112,0.011413583360146732,0.0034087279443310763,0.004393333492263935,0.0050702972230610615,0.011520910002669553,0.010530599019180954,0.011761672239623294,0.003632813786594852,0.003716844404757126,0.006182736706440096,0.00326995735320952,0.0054523729649990854,0.004459433855558018,0.0034708084217136273
generation_import - Generation - Waste_t-60min,0.009760378799313912,0.003830836532489684,0.006560520260018165,0.0099778153137122,0.008954064093028137,0.00847751811183025,0.006806721073848166,0.005618267610909925,0.003648276444577277,0.003847018582495366,0.0037819927505443047,0.012731265630354755,0.010700220380131213,0.010805227107739483,0.004414203974211887
temperature_std_celsius_t-60min,0.0018641109967159081,0.0015649384890111832,0.005282080685305118,0.0013721449328809286,0.002383723012593691,0.00294090925904311,0.002627617791958983,0.005710914943285388,0.003164020733885991,0.0015950619125428603,0.002583925875795103,0.001895213982704128,0.0035751521748661618,0.0020106826449491563,0.0012146642802709096
import - LV_t-60min,0.0013450899928603803,0.0013689140056158066,0.0014905980436894879,0.0014155405076948,0.0012703484682988345,0.002856578904476919,0.003187488704174541,0.0020739787944758065,0.0011979656233716014,0.0035808143178601313,0.0011956266402253278,0.0016395397323685757,0.0008643321425092836,0.004668305243059876,0.00213865043409055
generation_import - Import - LV_t-60min,0.002435595140237922,0.0012503270288279965,0.0026417764528006275,0.002560993544213943,0.0017136741401446898,0.0012581957836048333,0.002624344512081734,0.0028252919162005128,0.002462333831130309,0.0028213196920423796,0.004784074577656611,0.0024681595543124784,0.0018797709234477224,0.006516125546444528,0.0013535365263112453
generation - Biomass - Actual Aggregated_t-60min,0.004284874360504546,0.0033876839649201428,0.0028165267881959154,0.004909573166861719,0.0026215646347827713,0.00226978128009614,0.0026426097337734974,0.003973432600626438,0.0026934107617835254,0.0021503902811364243,0.003028044852959283,0.0037081115224063977,0.002453881462298341,0.004671806053181399,0.0033664905509504022
generation - Other - Actual Aggregated_t-60min,0.006461618238677034,0.009835315178002929,0.004675232653912644,0.009063185174620686,0.004100107470978401,0.004560529018221132,0.004211060010231734,0.007333497809900109,0.006571948945537997,0.003899532346178603,0.0035526879193457715,0.00903225393527464,0.002878720922891716,0.004950260190036602,0.008689235153621666
prices - value_t-60min,0.003090691856596095,0.0021983577048499685,0.0020287848970915547,0.0016940114163480756,0.0033854738252121026,0.004101867284483887,0.004253693429269333,0.004258117080076318,0.0038437450417349622,0.005770286483170935,0.003379904694441507,0.0012928749277043607,0.003174072850672019,0.004503191502612026,0.0020555738074394866
generation_import - Import - SE_4_t-60min,0.0017153595444588062,0.003744996516849824,0.0018086299697424692,0.0012008203147688618,0.0022405327834458147,0.0024457278396507716,0.001357044953608238,0.001282766781421742,0.0013851906485624567,0.0015627048485330306,0.0016652771700692028,0.0017845664005799336,0.0014272260205270867,0.002559853988401301,0.001347906173699812
generation_import - Import - BY_t-60min,0.005065545724621188,0.004028135539857885,0.00272293630731815,0.00627283634980995,0.008430594131888939,0.002274834131624175,0.0031957228872925045,0.005866184177240939,0.0038258384576330398,0.0017002022864726315,0.0033596589259209395,0.0030653806705670376,0.005173663596473489,0.0042034358928031,0.0019646223277823083
net_position - value_t-60min,0.002192565367287898,0.0031637744055718715,0.002404466547406855,0.0018846183264158752,0.0015827771706863132,0.0023132686997996642,0.0017307460883357634,0.0012572711820071163,0.004477689418796217,0.0039380171022457945,0.0021585198476966527,0.0037304867946913872,0.0009528869761743408,0.0013318992653000806,0.006528947696984687
generation_import - Import - RU_KGD_t-60min,0.004122007078214665,0.0038202515682860395,0.0023495602131970374,0.0021617077974615314,0.003933154124305474,0.0023101710635673955,0.002852225374899717,0.005368135314685787,0.004439968555349423,0.0024535326315454995,0.003599350076588962,0.0028115436716900605,0.005093828867338743,0.0030344883334823864,0.002812119055473886
generation - Fossil Gas - Actual Aggregated_t-60min,0.0013281121331528993,0.001275927925136898,0.0024468940334075456,0.0014317430409237204,0.0018021760700639789,0.002395333822823886,0.0008495263977065406,0.0016577581339208792,0.0030945567701049868,0.0009479045343705366,0.0017546044751891258,0.0024859789728143367,0.0011437846970921868,0.0034105002521500863,0.0015586261022222062
generation_import - Generation - Hydro Pumped Storage_t-60min,0.0023825592951095586,0.0014628665214941065,0.0060631621981883654,0.002267569389216078,0.004374437266334553,0.0060945815636659975,0.0017311942225953772,0.0040419223259959836,0.005316050906285455,0.0013841553789366117,0.001652130503383887,0.0029473944737110286,0.0019290002787446952,0.0017898000518439404,0.0012770462078376568
generation - Hydro Pumped Storage - Actual Consumption_t-45min,0.0023181850078217393,0.0015285668104065735,0.002582115700301074,0.0016804670723184927,0.002964071197817248,0.0018025368978260303,0.006577004930286421,0.0023314397913227368,0.0019969612097847857,0.0017146432051636112,0.004767228606573554,0.004143969623484736,0.0024269486449525176,0.001967586858231698,0.0034725197191110054
import - RU_KGD_t-45min,0.005769452018728771,0.0039019690432069184,0.0044281833072936936,0.007532921978636296,0.0019729484567187682,0.0028689457535256225,0.002600593669267255,0.003895912860301678,0.0025546882006638044,0.007669764094986022,0.006417147571453825,0.002356681187653521,0.010613099570386112,0.006409620239879587,0.0025852253632510837
generation - Hydro Run-of-river and poundage - Actual Aggregated_t-45min,0.003465628335128713,0.00315303617715108,0.001704421602579714,0.002906564436246299,0.003464251148475341,0.003359210899162463,0.003141480434602727,0.003101181822960825,0.0022556133675243474,0.001986206467725424,0.0025946384703902366,0.0036541489362334686,0.0027009456008781855,0.003432459666626528,0.0013011572723082168
generation_import - Generation - Hydro Run-of-river and poundage_t-45min,0.0016143065413357363,0.0020966662424270906,0.0016849936465409884,0.0014338069655036633,0.0025551174608735893,0.002798289274993749,0.0018495477807327916,0.0028059673065076824,0.0030081590452530234,0.0019642350132162392,0.0015832674552912066,0.0014384274224894399,0.002516434249235317,0.00161842744425212,0.0021883087448559308
generation_import - Generation - Solar_t-45min,0.004174136813162477,0.007386460970132248,0.007329550478696319,0.007240960837043531,0.011111521260056179,0.013216341673332863,0.012314626076598188,0.005929037411065338,0.0034574146918330373,0.00369096784705647,0.00522018932012179,0.02127975521271583,0.010633053650986766,0.003847280772057957,0.010524253038781354
import - sum_t-45min,0.003431173199964178,0.003004124499218051,0.002414312692217436,0.003602455739375728,0.0026676650984718436,0.0020242678978229377,0.0014293080588340672,0.001523987389353806,0.00641820664153056,0.0021733207776906058,0.003862260420548864,0.0049867818415659715,0.002890164471245953,0.005842061920266133,0.008404009152912749
generation - Waste - Actual Aggregated_t-45min,0.011341161325763096,0.003397112221510724,0.009346575053277774,0.0032891977200997643,0.010137062477737345,0.0030084435750889044,0.006387227738639694,0.0035960285470978876,0.004402807015445433,0.004707032677320967,0.002967507948349521,0.0053223885281204275,0.004415486988043085,0.004796525750411092,0.004812077307440632
generation_import - Import - sum_t-45min,0.004558057241826645,0.0037127127815647326,0.0024106824083107766,0.0019112000356108184,0.00472665630517622,0.0024484242723660826,0.005377182415177231,0.0030425655361768804,0.002097858467634069,0.002017058564500985,0.002383270935541077,0.005078090748636896,0.0020304191059231018,0.002364414777488719,0.005344503804208216
generation_import - Import - PL_t-45min,0.00398662876031608,0.005971565945950715,0.005185264722490502,0.0022452492783704655,0.007370986952319072,0.01680324665277203,0.0022155707862015106,0.002472398652191998,0.005768537372807259,0.002425863956717194,0.0024984433053124064,0.0049859144265328725,0.004014263781978798,0.0027934564889401372,0.0030048450678950758
generation_import - Generation - Fossil Gas_t-45min,0.004246618960925844,0.0020553348209950855,0.002242755668119571,0.0013767678777667242,0.001299214180015781,0.0047015605432679875,0.0015834325116302352,0.004317546249832958,0.0018974800675177904,0.0014357579399911628,0.0021313233282744476,0.0038635142548446313,0.0013390275992749138,0.0028837171974209924,0.0015052963590051148
generation_import - Generation - Wind Onshore_t-45min,0.002316519537067052,0.002452867796057035,0.005588694204157946,0.002970675676371684,0.0031302659282584954,0.002808249295265938,0.0016375841949293317,0.003132511101401576,0.005448983342546853,0.002494875424497877,0.0026049962885535934,0.00340833976207864,0.00676493085135371,0.0048507335641952525,0.005951536779631169
load - Actual Load_t-45min,0.001979403330227342,0.0017370080551536375,0.005368242347838532,0.002152026181744077,0.0015867440869219535,0.0014942532235825182,0.0013409329890173467,0.0034662637242545316,0.0017725038226878952,0.0010047429003293474,0.0032753132638845273,0.0035057720042756557,0.0013743784398880052,0.0016850369107246478,0.005968197244219482
generation_import - Generation - Biomass_t-45min,0.012031566267134622,0.006896328065544367,0.004007066403328281,0.00635895002793768,0.00212798245586373,0.0030596422026741834,0.0032467790974415036,0.009363235929486109,0.00469212803341361,0.004093121563608293,0.006997855286768754,0.004124539447229836,0.008659764602780342,0.005557654426191221,0.00316274972872543
generation - Wind Onshore - Actual Aggregated_t-45min,0.009003344116743393,0.007390364862716524,0.01067231400860328,0.00528979559042682,0.002725520497908292,0.015159634147184988,0.0028016201899226873,0.003261958074321228,0.008727420705494296,0.009094443328489433,0.006935559274839761,0.012710830667281698,0.0034258666213172547,0.006636572176576465,0.015966388542190544
import - SE_4_t-45min,0.004431780943446938,0.004761106611949799,0.002548419736336655,0.003587987679606158,0.004597117387540493,0.002679062469404016,0.0014434714111230278,0.0026126093196226067,0.0018245212124438695,0.0062093275257175265,0.003831597566113487,0.005503337019032188,0.006326501654481035,0.007328842966884622,0.0019335013908162182
generation - Solar - Actual Aggregated_t-45min,0.02225308708589364,0.023482875893823803,0.0100543365369615,0.02888594973142244,0.00971709402741908,0.010312423417268292,0.008700986684787495,0.014802922718430636,0.007039507029609013,0.01216964508307683,0.009809215853856586,0.008424603467002271,0.011397991037745669,0.013112977951412176,0.004057333996406669
import - PL_t-45min,0.002511324744776175,0.005656428451175088,0.0029461231874684016,0.008092785618486233,0.00248459354646684,0.004706470087859998,0.009005657158737449,0.007576148909247422,0.004173740812374213,0.003980224795538561,0.008208480234206944,0.0020261205116960355,0.0034935368973717687,0.003520664275530635,0.0030950044718556454
temperature_mean_celsius_t-45min,0.002623972353257386,0.007816547147525853,0.002700369195368694,0.0034577609332050088,0.005707838101214975,0.002017667780871534,0.0055727079297954564,0.002772096352933659,0.0025725603329292425,0.0023665181668038712,0.0034201588963464927,0.007054567483106439,0.0039691665181517235,0.00557514183958483,0.003487883237382448
generation - Hydro Pumped Storage - Actual Aggregated_t-45min,0.0017091339330079335,0.001946417273436964,0.0016113247263717767,0.0017401365223688855,0.002446126061855466,0.002039508365761321,0.002419524866074994,0.0032378659161331597,0.0021578890272521676,0.0022993062779301,0.0028773359426600108,0.001083691416102056,0.0036788677957265464,0.002369658241128036,0.0012412670009638305
import - BY_t-45min,0.005240267769878301,0.002228337171554813,0.003451610104753854,0.003481927375587315,0.0014430738999608366,0.002876626470248084,0.004888844723290958,0.0025733161371399547,0.004255612830322207,0.002147457196959749,0.001560944831125198,0.00770150172962326,0.0011547337137972136,0.00127111150342148,0.007289816538181185
generation_import - Generation - Other_t-45min,0.005175021146542349,0.00956736256065784,0.014089139702236934,0.0035644580695170587,0.0032956681504801963,0.00908444726283301,0.003877578863593161,0.016979060630503227,0.013869956409049337,0.014607712973480147,0.006708481259487599,0.009760054874153866,0.007556863275230171,0.01106354456533154,0.015368565574241074
generation_import - Generation - Waste_t-45min,0.0038731372646961973,0.004208304002604564,0.01806521435736613,0.004828576821452771,0.005159632701522696,0.01487497207034903,0.014807205655350117,0.0042363645170989915,0.01538467735418817,0.00976288541527174,0.013630012171532143,0.005673132108629943,0.00992640127280265,0.01094261891442875,0.006756401688311598
temperature_std_celsius_t-45min,0.001304217714114202,0.0014462968159900812,0.004406359981032438,0.0011807398729411034,0.0015249434449113393,0.00497177035028949,0.002786462863034103,0.0012693746306085814,0.0036609019577776964,0.0011149004691692044,0.0013212966449380019,0.002788768489018139,0.0013508160131391377,0.0018652077098918198,0.0019392288290837314
import - LV_t-45min,0.0011116724524217717,0.002202490951380696,0.0069274638010028864,0.001540467067065947,0.002497138422752414,0.0070894284940477515,0.0015280121367264314,0.0010252976434137508,0.006187615675808956,0.004428590092240598,0.0015171924821995616,0.004571507558587655,0.002894693011692198,0.0017778067697399819,0.008629482015305256
generation_import - Import - LV_t-45min,0.0011220147966632794,0.001513341484733246,0.001627441159343107,0.004129314010293456,0.0020194033836323797,0.0015789141624752575,0.0019068964423240686,0.0012287741720647318,0.0015379300654324198,0.0010019334503953133,0.0018896537633695516,0.003775388190850208,0.0026984017752683938,0.0025414312919997428,0.005904209217766947
generation - Biomass - Actual Aggregated_t-45min,0.004673045705323602,0.002248806259231969,0.0037022983129427305,0.0032961793988988573,0.0016428060339976583,0.003184111104404451,0.0019482590652619364,0.0017606108307429622,0.007989636778867862,0.004250522532332979,0.0028160315391132828,0.0034095648647380584,0.003776112816602108,0.003703986804033434,0.0042928483129398955
generation - Other - Actual Aggregated_t-45min,0.0035895548081016386,0.006494466307529365,0.006187383834133584,0.003333477572612992,0.008761994504789981,0.0035267800239507778,0.011173217172631667,0.006585514572232568,0.002840855342242321,0.005659186957398561,0.004794558718927874,0.003207047370378405,0.003081202391853367,0.004835229117185008,0.008645517643146377
prices - value_t-45min,0.002774028396801441,0.0017372919243780415,0.003626695559345535,0.002136641840746961,0.0024149149749902107,0.0022375177812227775,0.0026014241371522077,0.0018793271779659335,0.0024880032222756652,0.0026743291764745438,0.002641999040115934,0.0010166410359097498,0.0011031911459467665,0.0038938032712994754,0.001448874212973351
generation_import - Import - SE_4_t-45min,0.0015868659499542446,0.0034269665932059753,0.001286207673378044,0.0015827984316538278,0.001692548610387803,0.0014083485062888598,0.0018181133444521152,0.0013944805800556424,0.004442763268412819,0.001908509225068883,0.0016993971954935318,0.005929320127437677,0.0013442626635605847,0.0019225401320011315,0.0026730115822174412
generation_import - Import - BY_t-45min,0.0027376980987737624,0.002077936711220673,0.003104094517865633,0.0021069622810082366,0.005264991253530752,0.0023981465703654978,0.002069488001132413,0.004881520772220938,0.002430442121957867,0.0032097183027326535,0.001856652274355838,0.0015362805824628368,0.0053893560308206365,0.006466220899113978,0.004184941914145043
net_position - value_t-45min,0.002934885310311074,0.0013527107134154903,0.004135536415556657,0.0012866025620930088,0.0013275067579638744,0.0036738114562863303,0.0032736908320293878,0.0015775358965693159,0.005020116992373459,0.00263373042675812,0.003289476004209064,0.006575386228034858,0.0011845210319506804,0.0013235689446355536,0.005413199535192689
generation_import - Import - RU_KGD_t-45min,0.006192854129039915,0.002208059655418765,0.003741141086389689,0.0035845329928542924,0.0025085575570142284,0.006586570502826362,0.003578976136952406,0.004161742087728271,0.0033099731187485304,0.003876696362727671,0.003920805908182956,0.0023418622690296615,0.0027003384362742507,0.00601335037779063,0.003999036221110146
generation - Fossil Gas - Actual Aggregated_t-45min,0.0016254208653381284,0.0019988118941400897,0.004646266723342706,0.0014052627478454269,0.0015978973559631414,0.0037002566202791057,0.002143753457341518,0.001026969370751317,0.001486815097541239,0.0011845925868055928,0.0029919958661994315,0.002575972902439389,0.0022320519063068786,0.002651169877950451,0.0025424120959946775
generation_import - Generation - Hydro Pumped Storage_t-45min,0.003082680730922448,0.002580118149686314,0.0022173199505691626,0.0043596672666167255,0.00526643249708286,0.0017532498118625881,0.004462927341704926,0.006526771879831358,0.001889573864261365,0.006271854505955162,0.008304826100008541,0.002048141876788577,0.00411178258197333,0.007205354194944448,0.0012085632358853219
generation - Hydro Pumped Storage - Actual Consumption_t-30min,0.002509804565408558,0.002085055944189662,0.002272414906733502,0.002039759040386343,0.001773268509109812,0.0014933611990886676,0.005110328732720518,0.0012842557893577577,0.002932913098817153,0.004638902398641221,0.002982397839027726,0.0030274381732524488,0.0019056485782930396,0.0015865241840310347,0.0021852752704871817
import - RU_KGD_t-30min,0.0041977969817671695,0.003866521071980742,0.002056483570169803,0.0038270161958607785,0.002981307980542624,0.00299519859691236,0.002184904500769335,0.0036421430733042824,0.002247411300393651,0.0034523317928942562,0.0026212710636234534,0.004696781580860261,0.00352653799982113,0.0015500935640302487,0.0024265003061791504
generation - Hydro Run-of-river and poundage - Actual Aggregated_t-30min,0.004049302283099223,0.0030027106095080855,0.0014993295056256102,0.0019338886500672742,0.0015889345727599106,0.0038500342572879162,0.0026806490797774032,0.003959284700136777,0.0031957011367030647,0.0022734608718829284,0.0024669502071367334,0.0016166356015096426,0.004954335846712638,0.0014573765369850662,0.0039299436397595856
generation_import - Generation - Hydro Run-of-river and poundage_t-30min,0.002109049932931157,0.0017625175056027729,0.0016255498103623723,0.001733021688114377,0.0017157162130843062,0.002271522402057599,0.0038468809945024986,0.0038691894631556352,0.006321947696265852,0.0036544965078428504,0.005821943710415099,0.002051802722744924,0.004339116940647728,0.00297593340279127,0.0031090915578261048
generation_import - Generation - Solar_t-30min,0.008451493950262375,0.0037057343792189384,0.005255937124058619,0.009464142953301802,0.004412050489741432,0.00647757524842018,0.00688584655375962,0.01959163651165727,0.0032029227556135994,0.010306729523075774,0.00522204113252701,0.004895503416687916,0.016996899247540567,0.005662390582880107,0.0053597918080238284
import - sum_t-30min,0.003459905620112295,0.00282802389405424,0.0031452505686697806,0.0013170363298520443,0.0027201156281503247,0.005626319646551337,0.0016900848642185337,0.005970980892421267,0.0034541205525451917,0.002143165181086033,0.0027811214107896377,0.002553465203417545,0.0025690672856417225,0.0026539362257499304,0.0023431647227284886
generation - Waste - Actual Aggregated_t-30min,0.016917105903117773,0.012578356668847846,0.005592680849649696,0.006366621302204294,0.008509562930629044,0.005752794323285343,0.01223246274157009,0.02575892812450911,0.008692863148036849,0.013210755140240508,0.011457366529664796,0.00711637168822881,0.01687070299617335,0.01895790235570166,0.0072196540167933565
generation_import - Import - sum_t-30min,0.002058261387912353,0.0018579029612028535,0.004975363337453018,0.002828361247546127,0.0023493181913959234,0.006958267184976648,0.003149689344264516,0.001738093130786183,0.005609171422384861,0.0017546762286037847,0.0066698508157869586,0.0036738095663340574,0.0011789138641337899,0.0038498830275457293,0.0033944585839271895
generation_import - Import - PL_t-30min,0.0051758419461020826,0.002827129165933002,0.004863818801026354,0.005042435100913281,0.002616558952672676,0.006956082753074043,0.005888604622441562,0.004456971270439681,0.0023711693126169846,0.0030263639588614523,0.006856046670767682,0.002982823604172154,0.002771296977294327,0.002403531911530081,0.0041196104605260185
generation_import - Generation - Fossil Gas_t-30min,0.0035640167792496415,0.004449809943092987,0.0014642209146968526,0.0014166415650868202,0.0035584725504857993,0.004075305745296646,0.002875630519434708,0.005171509130741469,0.0014750366937068976,0.0027644821543871103,0.0018969420153621287,0.0030270953801245924,0.0023087107493147416,0.005400113410782069,0.0009021664790270734
generation_import - Generation - Wind Onshore_t-30min,0.002750185189746844,0.0035667324825590183,0.024136942341159283,0.006378086917410656,0.0041480600949371366,0.027444073682952878,0.006542459173725433,0.007752269096811688,0.015119906581992837,0.005203311563716852,0.0025156649075501036,0.02465036041586427,0.008877588731318838,0.0050383676842048995,0.014108193357809795
load - Actual Load_t-30min,0.004357639213108996,0.0011880772797624103,0.002123680516852346,0.0011995762278850179,0.003607414612928551,0.002600492387193299,0.0021227448697136424,0.002367206219692889,0.0021674385505330066,0.002147112769049045,0.0039998488437358905,0.002549279672836235,0.0026503115658360913,0.003600274758264277,0.0014533942819317644
generation_import - Generation - Biomass_t-30min,0.002326326684840751,0.0024157427624554658,0.0029320824936180543,0.0025910364923074666,0.0030741950319697936,0.002458311918137497,0.003939163849835495,0.003230011482325608,0.0027312038826166826,0.005750705064623616,0.007088286953687202,0.0035406132027637795,0.008225124711723765,0.0058238023134763355,0.002207821948646597
generation - Wind Onshore - Actual Aggregated_t-30min,0.005406243925332092,0.0042206230087804214,0.006745028058126081,0.003081079872621558,0.003505765455004621,0.010700408830012748,0.006779813228569765,0.004116447626103763,0.004621916316369607,0.003021550703802575,0.002673470794015884,0.011883036093680858,0.0037448515544970177,0.003061705326606898,0.00868891972979236
import - SE_4_t-30min,0.002593124567847667,0.0027751496371211035,0.001652942809419983,0.0011986576839499322,0.0018902276337890954,0.0024362595934253476,0.0014777850191567267,0.0015934771457740452,0.0035230719999854044,0.0020310605104532442,0.001729043924774487,0.002981331700400688,0.0019777636537901344,0.00213955930642436,0.00199001389475427
generation - Solar - Actual Aggregated_t-30min,0.0060022865711007395,0.012620218828695216,0.006263024206853515,0.0044386873756120625,0.011290136200045708,0.005324244249154077,0.003510874694397671,0.003935333758892739,0.005957456848934157,0.004083019432345509,0.010592884450459679,0.007790957563722827,0.007433492818836612,0.013574820653482676,0.012403808994575228
import - PL_t-30min,0.004931042209570933,0.003974435885480829,0.005266924091307402,0.00377272455676939,0.004353813744703075,0.004727770610312291,0.004569451693379961,0.013256058558472433,0.0052479260953869015,0.01618151913402835,0.00915794308292243,0.0030126519160764927,0.009029362789231526,0.013625326745037455,0.0023466300007474955
temperature_mean_celsius_t-30min,0.0012596887789300126,0.0028745128943810415,0.0026479627455264563,0.0051506820656486525,0.005395010044512219,0.002278994609127494,0.0022638335415585973,0.005410549122791053,0.004617557170490329,0.007620925132662705,0.0037215156951888274,0.006101018266999745,0.002926827463628925,0.003802555861984729,0.0034075841469482383
generation - Hydro Pumped Storage - Actual Aggregated_t-30min,0.0016079376564885025,0.0011400713045004523,0.0015199331115618407,0.0009643354218096646,0.0024089180386799853,0.0010434527601373702,0.0010817325185798836,0.001587036642316889,0.002003805630205534,0.0017288652348051983,0.0019791806092616755,0.002374321066636185,0.003459203738322685,0.002481231730545005,0.0011496119742278098
import - BY_t-30min,0.0050642924623389264,0.004476935001530364,0.006210103538403928,0.0013771343346252252,0.0016322052639493449,0.007458381200383883,0.0034658572398257093,0.0019381057344730833,0.0034863828544730497,0.001436694888715465,0.0014447411615828968,0.003026932192586173,0.003516672703626682,0.0030704132260382265,0.0025959314224601256
generation_import - Generation - Other_t-30min,0.009382465955909993,0.005911765353016562,0.007077717926131299,0.004563622126210248,0.004204481879359264,0.005860813745746782,0.008196579850909984,0.0040330471817324,0.004710724264134114,0.0068537292193173015,0.0036604652735559282,0.004308165388137695,0.006707964811532292,0.0056570859824250875,0.004625955356102168
generation_import - Generation - Waste_t-30min,0.005476659992063105,0.005618454630066481,0.0046683966788527865,0.007338968098189071,0.005475620109318697,0.005886311398288853,0.005919726093961344,0.005159083409177129,0.003896264925853757,0.00820450359631468,0.008344528397225076,0.003264769792896345,0.004893635032012753,0.012204604679893236,0.01720829372805565
temperature_std_celsius_t-30min,0.0064318541000411645,0.0019979233421522622,0.0064801684633130205,0.0017956828141063852,0.0036800451579074435,0.007833798216221112,0.005339917498636168,0.006429373342376493,0.0039037729972224043,0.005221405462534221,0.004151769375966069,0.003872722273647014,0.001164280631279503,0.00379011365279257,0.002900970518692702
import - LV_t-30min,0.0031546232161481385,0.0018593405999749847,0.0036092514778683837,0.001594548882797426,0.0020021489648534042,0.0015447493607475735,0.001596026227940456,0.0012989770384868678,0.0012013064591319563,0.0014915081769358949,0.0017797760866997124,0.0012992218673431352,0.0013009895822527825,0.0017650798538270465,0.004420760069951939
generation_import - Import - LV_t-30min,0.003497306907719576,0.0019866221020217838,0.002234847161064181,0.0015501980876651941,0.002784829274892502,0.004836681193637787,0.0016599807553975552,0.0018341082154640844,0.0024819216562336805,0.0013837931853213376,0.0009615841705394814,0.005115135023777839,0.003106872347681019,0.0028914894039176035,0.0031561097534599865
generation - Biomass - Actual Aggregated_t-30min,0.0051353807397545095,0.004673375691505498,0.0031358697664309147,0.0037386378717692422,0.0022938047130135145,0.0033955666602450947,0.0021387484489857798,0.0033586968182689816,0.0042101032328218935,0.002163539906398455,0.0031259284637053498,0.00150898038233845,0.0024964944923449367,0.0027634033835802255,0.003267055715623428
generation - Other - Actual Aggregated_t-30min,0.0034955861259641095,0.010529347365675675,0.008574101567464822,0.0035015192260589175,0.003251279108813378,0.010344676154112676,0.012203705009495025,0.006902623487669189,0.005524515245151633,0.003671618526520433,0.005174081869288784,0.007127757723808827,0.007467996157171001,0.00798950098547357,0.00498924136537471
prices - value_t-30min,0.004754474370391108,0.0028722863290111035,0.0011417788105318324,0.0027993504295591265,0.003508735831002923,0.0013806806983958494,0.004532035298406754,0.0033254455326132302,0.0020747601153043435,0.003542347705452812,0.0038185148058437336,0.0032054262456040305,0.004474322403722909,0.0014576514373757163,0.003402826388787176
generation_import - Import - SE_4_t-30min,0.006845655571032694,0.005505055887250819,0.004157068692991743,0.006064710986458522,0.005232311122783358,0.002281344513875638,0.0028689228557705064,0.004890123402967958,0.005289365281925711,0.0040678377174692745,0.0009469162169230003,0.00197816481759628,0.0023939360197746283,0.00253732141632031,0.0021099340744140135
generation_import - Import - BY_t-30min,0.004336641262583726,0.0023831727513443186,0.006595583108821302,0.0016220255102380179,0.006722238858768833,0.00298304662747978,0.004431551595946075,0.00395559557429442,0.0028177095981372986,0.006331239708109933,0.0038838272676075575,0.0028966283484260203,0.002276677052206651,0.00411896956970304,0.002753168237554746
net_position - value_t-30min,0.001199265158786261,0.0007991941387072074,0.0016672953055240213,0.0009197459141331592,0.0013866040854936727,0.0017627114766481213,0.0009126094207113056,0.0008735326335070113,0.0011696038222935386,0.001382764806461637,0.0021477025652657175,0.001754267365185342,0.000925648925501946,0.0008149437315273644,0.0010527503456773956
generation_import - Import - RU_KGD_t-30min,0.0026837977701452474,0.002113155270126299,0.0031809265625009145,0.0021833859580037826,0.006496664620062802,0.007351916577317752,0.004027457175572635,0.003997477547860399,0.007130994731596729,0.0027872609312355506,0.003204057814746193,0.006026189477965091,0.004163307719936711,0.0031678881629923126,0.0030858514586198
generation - Fossil Gas - Actual Aggregated_t-30min,0.001166312750402618,0.002011390822159683,0.002406765801308211,0.0012475127841616994,0.002072238630332322,0.0013208340526289248,0.0014398088000666576,0.0037843672928866,0.0016813895005006998,0.0023516598271417022,0.0017236439934158626,0.001565288148849504,0.0014817451093808813,0.001636705197829997,0.0032630131069599885
generation_import - Generation - Hydro Pumped Storage_t-30min,0.002093009365567468,0.003239874201530256,0.0011634998208537581,0.003310848785342614,0.0018222564809184405,0.002022945243631966,0.0029012938243104143,0.00227030975059688,0.004440427228510089,0.0018666135698649669,0.0028665764765228234,0.004519157364040439,0.002161184700337799,0.004191328858943507,0.001581079511185635
generation - Hydro Pumped Storage - Actual Consumption_t-15min,0.002290745893795247,0.003128080034418417,0.0029857357425717053,0.0018297307462189565,0.0030194365217689665,0.0014022717525341477,0.0024269334547461765,0.0016431038098835414,0.0031811120376660255,0.001435131114005344,0.0020303516123959184,0.0012623145533511887,0.0053964508668432245,0.0018603667534343913,0.0024076966457905655
import - RU_KGD_t-15min,0.002580033197304147,0.0017133704248265076,0.008236661291215568,0.002351295518355073,0.0029248915641564965,0.007030622912745457,0.004725893776601879,0.004477072926272513,0.008205864377785473,0.0018482890032682918,0.0023936916330112583,0.006808013632427901,0.0024309459432772657,0.0031634244164488335,0.00451757581118477
generation - Hydro Run-of-river and poundage - Actual Aggregated_t-15min,0.0030971814606527916,0.0021070624058902466,0.0016436548884722697,0.003227244729987433,0.0019356543461883575,0.004032530948012209,0.0029511655090536807,0.003009519366823952,0.003156142166095378,0.0036529118513208233,0.0064878175585545254,0.0019847933640166956,0.0015116767149761473,0.0015825832603886738,0.0030808168508610835
generation_import - Generation - Hydro Run-of-river and poundage_t-15min,0.001337606096681384,0.0026737299503874967,0.0025404505499900553,0.0016609331604686304,0.004038945974570197,0.0023898097775181667,0.0015813222041997507,0.0017473647703820916,0.00280089463973286,0.0021811501604643126,0.0024218267476335312,0.001877840315897629,0.0016376257935162358,0.0038234112234495116,0.0016295492829813156
generation_import - Generation - Solar_t-15min,0.008871906400436273,0.011479242316314413,0.007365972280962523,0.008279668519778852,0.004007658818477125,0.005379265831781595,0.01271327256600489,0.016706671447380358,0.007991876881565985,0.006250286821515147,0.0029404179128741815,0.005940732515672608,0.008500779447205332,0.007928718748074517,0.005323905244115395
import - sum_t-15min,0.0021651749063858004,0.0034785069648119132,0.002883664882193898,0.002870978873781496,0.002890066552261487,0.002352236303206155,0.0016369331870757834,0.003177315923758442,0.006163336540637829,0.0021336424725786856,0.001757571819711302,0.0017977164872363574,0.0023294898605080903,0.0029170627319745107,0.006776404033486869
generation - Waste - Actual Aggregated_t-15min,0.00727385070866876,0.013026803557178937,0.004590992007246314,0.014599315285333432,0.0045593712223635525,0.010425637613396248,0.013618910348115605,0.0058128311075088274,0.0069363270396734155,0.014544429844230763,0.019149751029835897,0.004634306481450039,0.0035919971545899897,0.008084102221710233,0.006785622818850243
generation_import - Import - sum_t-15min,0.003701878706597199,0.002517336024886731,0.00300408752934527,0.0045355057580181895,0.005472430027410155,0.0029408604211398595,0.0026473395479042665,0.0025242926814662498,0.003693439019650441,0.008256015078943165,0.0021505715253020983,0.005550868166224973,0.004165686089534574,0.0052009676827001385,0.004888827952661813
generation_import - Import - PL_t-15min,0.004533160360278998,0.005925048928293109,0.0034786590931241788,0.004963118148647481,0.002346923496643285,0.002267711300168003,0.006030844939093186,0.005101731331224982,0.0035403321349549515,0.008636086403210357,0.00670199864346614,0.0028348174981601914,0.007315764724389737,0.005507541026810941,0.004991915678510622
generation_import - Generation - Fossil Gas_t-15min,0.003497401981290892,0.0025129715584316726,0.002037776831129804,0.004709637796418974,0.001207564049374014,0.0013094629382485437,0.0016679130418838213,0.0018311816958644159,0.0012745557227444805,0.0022759032296753505,0.0012968685121404634,0.00186693106027451,0.001105384174066785,0.0022441785014289052,0.0023034006294874415
generation_import - Generation - Wind Onshore_t-15min,0.003485909802184324,0.003290259011564103,0.022410003336237425,0.005599797723567462,0.003211347383802149,0.0174223652225337,0.0037289194678905915,0.005298773371439892,0.020662234651186738,0.0031118860964197666,0.0027299291724666545,0.01051280283540109,0.002408594083583921,0.004078453792782966,0.006886713563177182
load - Actual Load_t-15min,0.001132555967134067,0.0017643396757686673,0.001963610779564533,0.002796018870159969,0.0013971833919702021,0.003482785253705515,0.004797928450770428,0.002764021540827798,0.0016474033482525101,0.001324695632825751,0.0033074799539526793,0.003656473141561946,0.0028850933470712333,0.0018111752806119056,0.0026148035716913255
generation_import - Generation - Biomass_t-15min,0.005067942720260021,0.0028150404899915885,0.0018752228420748907,0.006824150090969852,0.005404064047041175,0.0036549804503501946,0.004707023273225786,0.002858410381059912,0.0034001703908206763,0.0038310604063808568,0.0036255222150612097,0.0059512772212474375,0.007071867910501169,0.0036708376855203824,0.002712503723530972
generation - Wind Onshore - Actual Aggregated_t-15min,0.01554916615500406,0.004536988270525399,0.02058932908805582,0.011321485542342998,0.011014487731190457,0.02241846976125089,0.008882666362522286,0.002721192066941512,0.019141175562079296,0.00879098532405078,0.013037539032557105,0.016754932849652505,0.011536294754478149,0.007574547637985233,0.01224601108906063
import - SE_4_t-15min,0.0020550828914929296,0.001245713635825382,0.004333703339381828,0.0017212769872330682,0.0036400408264910668,0.0018407424445763354,0.004711877868145393,0.001402669226077478,0.0014125188854402495,0.0012452523867654008,0.002282628801166538,0.0016198159600353391,0.0021626214278130645,0.003271150104311232,0.0013491092508008933
generation - Solar - Actual Aggregated_t-15min,0.025145927233781548,0.020177234633905757,0.0055056344587017065,0.007340463921099854,0.005300841982401835,0.011394675487733366,0.006895550045514938,0.01434513458343281,0.0034415593412386444,0.006797560430271006,0.003786931858038315,0.005369950186997812,0.018882643251992706,0.009254211232837178,0.004008526231276847
import - PL_t-15min,0.01042174016829813,0.0027207288140016317,0.0032208619027023814,0.007975819955829138,0.005061346592983227,0.00739740219065061,0.010972760004494375,0.015156576847584802,0.004056270470104437,0.010452300564596954,0.013360096244097803,0.0039334880183319,0.013598050616074943,0.010951036054335419,0.004307165559350324
temperature_mean_celsius_t-15min,0.0022112641243234067,0.0022182217564741223,0.005947912056501082,0.0014641929258968958,0.002381040685532298,0.004980148688609916,0.0019509307569815064,0.0037111303102350347,0.006265816066945263,0.0013009277874698455,0.0011987999482411169,0.0037813131267816972,0.003742630903958343,0.0029517572283293703,0.007055616050594835
generation - Hydro Pumped Storage - Actual Aggregated_t-15min,0.01049356820010871,0.006224302634327614,0.004738060826170113,0.008347305815615982,0.006738331062078942,0.0021213976964136235,0.005014762064930437,0.008418561819649768,0.0033500186951641807,0.004323753651726292,0.008649748551863012,0.0032181036060828774,0.006651173205989835,0.006849022101756418,0.0013451434165053797
import - BY_t-15min,0.0033946007065314915,0.006644408451466006,0.004976492350822809,0.0040542812696694455,0.0047663511353885045,0.009141051033395343,0.009409164383847382,0.0068876159097708296,0.007730937001519124,0.0035140586116394843,0.005389987217055022,0.006661142811381069,0.0046613770082385595,0.006788176848604052,0.005643933758140975
generation_import - Generation - Other_t-15min,0.0029018405894034914,0.004593910283349032,0.0034180410226254026,0.007117506989613503,0.0049816438967986865,0.007546541098561647,0.005858490958287575,0.009892201509141614,0.006476689687490307,0.005857480979366187,0.011611684733025526,0.008169192684887094,0.005740747394149366,0.00539441767244989,0.007757598261539457
generation_import - Generation - Waste_t-15min,0.005441421415311197,0.0037211796372866954,0.005490843922766999,0.011373373296308272,0.022016637490305583,0.007952248831283214,0.007048335928164306,0.017687264074163978,0.009363122015263799,0.008258527702713764,0.01336712688204716,0.008491558638336073,0.016292656357887608,0.005777472001289425,0.016829269743178037
temperature_std_celsius_t-15min,0.0023840036963335364,0.0020061900227344724,0.0026524684027963304,0.000731885065893323,0.001585146763897569,0.0020832542209218447,0.0022192705780721554,0.0015793760551300693,0.0016118835832701279,0.0011424501721717206,0.001468232987099782,0.0013774295802045345,0.002724881940810519,0.0027313463080945156,0.0014097996507481411
import - LV_t-15min,0.0016142446253143135,0.004672027767228428,0.0032014489804159892,0.0015793372185884493,0.0017592195112383707,0.0014656899249430352,0.0016064338214160899,0.0039733790235259225,0.002254810817405996,0.001492622870219293,0.0018675877026207673,0.0011585918620808115,0.001350931810888312,0.0022450223061805446,0.003447358989441
generation_import - Import - LV_t-15min,0.0011181335179849157,0.0027227796188144565,0.0012951407181426475,0.001490653214392296,0.0026197207158784293,0.0021167171902561678,0.0020116553139705503,0.0009446726923342794,0.0012414144535881065,0.0014869950042071878,0.0025024330952919628,0.0013947106321447792,0.0015154727151347061,0.002509421590901184,0.002060486052509077
generation - Biomass - Actual Aggregated_t-15min,0.0018864186553057465,0.002330844774945035,0.004460812033338698,0.0033696179398604613,0.002652039068105296,0.0036382811298171875,0.0026297508980278506,0.0017213802144033252,0.0017399820928111467,0.0021348151412273635,0.002648014981994493,0.00582322652147559,0.0016368316255010028,0.001736866412753443,0.0033496764952797094
generation - Other - Actual Aggregated_t-15min,0.0039689233800807525,0.006896716362405641,0.007109621497009357,0.005511533936696651,0.006263854772481863,0.0067449322300944916,0.005857140468919169,0.005874684634032746,0.004524798094083963,0.01336914617135335,0.020071344459985995,0.003446237583279412,0.0076193061218418736,0.010909673345716783,0.007503640572249424
prices - value_t-15min,0.004101921677149221,0.005741245128834748,0.0017388225653530752,0.007165170695974666,0.008290262696129503,0.0030664267227066377,0.00437965528668974,0.004595780833800745,0.0026380152788161126,0.004398724844051912,0.004494241843793134,0.0029266716999821938,0.005981240723877818,0.003966619346892003,0.0026921393782195083
generation_import - Import - SE_4_t-15min,0.0027874166543530236,0.0061486255207491925,0.001352438346450981,0.004203033736817815,0.00386759206703573,0.0017255237135559583,0.0014120667555143883,0.0038733355517470043,0.00164802948540364,0.005047692897461729,0.003900727399799507,0.0013304132312252932,0.004374558703302796,0.0016195873681526792,0.0013935490736798784
generation_import - Import - BY_t-15min,0.004133002245354874,0.004196154745550303,0.0021238328041472414,0.0047951164941696335,0.0015950106676597216,0.0018057496535006975,0.0016874544883958152,0.00281982641818945,0.002618525920013781,0.0034332931896269656,0.0029478967671634562,0.0012889786784173224,0.0030944563354887576,0.007155094372332314,0.003901048710627947
net_position - value_t-15min,0.0011445705192650165,0.001142188607387709,0.00474422707900294,0.0026932138627735183,0.0013084846408924022,0.006616096499881451,0.0024381262824110764,0.0010054713631975573,0.006120548589680766,0.0016587429433852776,0.0012931716817028587,0.003879451954881915,0.00101587812268491,0.0015636924374519481,0.003879947370015145
generation_import - Import - RU_KGD_t-15min,0.0022706350377748093,0.0015596885531399493,0.004393973511083459,0.002297075138107175,0.0025449716873954457,0.0036110812002771125,0.0016966396211028042,0.0018937988831221446,0.003404950219348393,0.0017950095695832716,0.0024130675031283316,0.00327833217311354,0.0015396233346746157,0.00556121809486649,0.0029987360384111524
generation - Fossil Gas - Actual Aggregated_t-15min,0.0018271719400872826,0.0011306865155829655,0.0023062777025288595,0.0018671488130539728,0.0015925463717060778,0.0023722913514902756,0.0020570673439451637,0.0013986926710639978,0.0047400036924518645,0.0021276618329557095,0.0010708492504759306,0.0012996813344950623,0.0010359049605149267,0.0011482354717609268,0.004620597356581129
generation_import - Generation - Hydro Pumped Storage_t-15min,0.005585710617873702,0.005566528065736748,0.002239563229150576,0.001835524075756439,0.001814617160216585,0.0023007017711155413,0.0014153125895859375,0.0012430464524885564,0.0045342490573284525,0.0026245727048456046,0.002837519680955438,0.0017916128375009635,0.0014130913603999033,0.0026872021120070712,0.0032149709676796193
imbalance_prices - Long_t-300min,0.007992614011315709,0.010027158362841874,0.0016143358666561199,0.007950174248020631,0.008471899845705594,0.0054140315300683145,0.008758923143623178,0.009431987459280209,0.004144470205761536,0.011996298945770832,0.00893302206296812,0.004533860790623294,0.010278172668142361,0.010803070058638696,0.003304823879570904
imbalance_prices - Short_t-300min,0.006719359361595707,0.004828035521883067,0.0020415891598640885,0.007364887866133358,0.008342501192790223,0.0019030592431531943,0.005494612589414828,0.007263603350256744,0.003401773587334901,0.011181796411052346,0.007587931502280298,0.004290283506013566,0.009072167911580437,0.010564520304222242,0.00219042294265887
imbalance_volumes - value_t-300min,0.003537641439661002,0.0044620062431095,0.019239182055433048,0.005554252650709145,0.0021601338247287456,0.02054327195660153,0.007377319111230691,0.007264198320298419,0.017778386205493008,0.012019118170826914,0.0029751872765057213,0.014170110050519725,0.007040464646686814,0.006583054658321998,0.015214914230969953
imbalance_prices - Long_t-285min,0.007047574063495631,0.004540502183303033,0.00409287591820248,0.0057422633841924834,0.006910599158335117,0.0011632894047197766,0.00863935203278379,0.0073781987210631995,0.0008246100618089259,0.009013691167535512,0.009004476850699576,0.0018484356671651767,0.008134650565203629,0.0086490136012726,0.0015448000872130478
imbalance_prices - Short_t-285min,0.00760638090456996,0.007440907610907743,0.0028255265810093987,0.008257841423765058,0.009059142337617232,0.003871186635518825,0.008129395244483022,0.00704143998274958,0.0023748331581828095,0.006090497320263239,0.007472662967541282,0.003453316549484498,0.008656332551483502,0.0062721705728763484,0.0015856458868481694
imbalance_volumes - value_t-285min,0.005913683660808602,0.00841750323654287,0.017651372781285316,0.006767689011488983,0.008880913142296777,0.01874797755768668,0.006933988121998482,0.007153329009034678,0.019579025208484382,0.010603110246585857,0.016492084221477854,0.018582082059263486,0.004502834550217756,0.008983270585087666,0.024689346987346653
imbalance_prices - Long_t-270min,0.007593335229443255,0.008906887015748708,0.004929044242020609,0.007433002128098451,0.006029368312345468,0.005895352047944471,0.007065996380155411,0.008417618140065315,0.005012740892892907,0.005993912423502479,0.008286741036688909,0.0056268342031107746,0.008300289734179386,0.009956451662772339,0.004750879063134562
imbalance_prices - Short_t-270min,0.004107725915961055,0.008498057846059965,0.0025585936566866964,0.0071862027589795615,0.0071912162067965255,0.00378763103652409,0.00877256911045697,0.005416227346817322,0.001126375213547817,0.009846159722557786,0.009534067209002387,0.00263736649360726,0.009374173173167947,0.010029933811732917,0.0027819851573567577
imbalance_volumes - value_t-270min,0.0023416311564824354,0.004472722248017817,0.01672350602177903,0.0033832623659568527,0.005106911531726837,0.01790305623912718,0.0019345252796310888,0.0029594797681646696,0.018577035467462793,0.005314288416949239,0.0016865344200650725,0.016755038084789703,0.0035172497327650943,0.0024486811733002013,0.01860165222507203
imbalance_prices - Long_t-255min,0.0018356356959091044,0.0029709797866426016,0.0023501489268073785,0.0024226776312402764,0.006726657335835625,0.002290283345248099,0.002915393808384806,0.004230793565126987,0.005656168796049315,0.006189590734526064,0.004913422932506364,0.001972126807294444,0.003394706445378688,0.004929520864812275,0.003092805858319025
imbalance_prices - Short_t-255min,0.002414589460422576,0.004097627259088767,0.0018725564248229603,0.004978991830856103,0.004881342202583255,0.001985198021206088,0.005025815002867603,0.006073766490546404,0.0014195915773977958,0.0033255626878608384,0.005374433971377585,0.0013053027106088848,0.0035456698383434285,0.0032295653338403553,0.001661673885242635
imbalance_volumes - value_t-255min,0.004332318862861939,0.0029775295048211775,0.01435176342327395,0.004584896170457796,0.0033328269619405547,0.017851809503379626,0.002518514025956733,0.003161408763552572,0.012037159221916227,0.002045849455629522,0.0020224091829099964,0.016846221585915828,0.002057603601955634,0.0029674532915068995,0.014347259522182867
imbalance_prices - Long_t-240min,0.0041305275488357435,0.002800159599862127,0.002567436392763511,0.0024622357266798644,0.0041157978102255586,0.0011892580075268597,0.0030788304426441755,0.006161589579191059,0.0010890938654374623,0.0032758395465207284,0.0017374842318886295,0.0010333159948677348,0.0012875017056812794,0.0038418876136456673,0.0024090425019398934
imbalance_prices - Short_t-240min,0.005469076069271978,0.002500370844129975,0.0025466554575814372,0.0035815637965788483,0.004153755401746821,0.002035186340007613,0.004225440181078738,0.0036820463884860146,0.0027822490200999253,0.002237184292936945,0.004392071973632937,0.0014103919639019296,0.0035437046810116043,0.0036834834353594486,0.0010447814273172754
imbalance_volumes - value_t-240min,0.0016926449615719008,0.0032197331889856286,0.009882772967805067,0.003550694422205197,0.0028642477417470218,0.0048688300625608465,0.0026364689933843694,0.005338148452505266,0.0031329586028429617,0.006651989638855468,0.002488126112774921,0.010507690490892856,0.005523014553165922,0.002954468993085811,0.00631828615060104
imbalance_prices - Long_t-225min,0.0028011345726833953,0.006832495245660539,0.0026852151769271586,0.0011656875186954493,0.003107670573264841,0.0012742416964072732,0.004215774124637392,0.004349011560694635,0.0016803986761401576,0.004451065771818293,0.0026445970317981846,0.00271755564216528,0.002201304553788759,0.003938382756402007,0.0011647203004813492
imbalance_prices - Short_t-225min,0.004464115018796292,0.0038119069601380033,0.0016461449143560002,0.0030556225996078864,0.0013593198560640759,0.0011281619939037455,0.002091144489861108,0.003253995975883299,0.0028025340589016424,0.0016235197971301717,0.0026413452857564153,0.00434421089487546,0.0023302709648060044,0.0016177087103746999,0.0011240231604124347
imbalance_volumes - value_t-225min,0.004113458617699507,0.0019449473872491581,0.01296771939365135,0.0015264816860244537,0.003132940379960928,0.011456656550508341,0.0013928119209649593,0.0021387940873955815,0.010197189213999081,0.0031047319216422693,0.006454447007299166,0.012458228687784867,0.002709377853147089,0.0058162814190473,0.012749160717707127
imbalance_prices - Long_t-210min,0.003162464696901452,0.002471372514038876,0.0011500240430530083,0.0029914947230818144,0.0036242600596269768,0.002853174982217297,0.003391384178024964,0.002479609528014862,0.001956817235807648,0.0034724870922868832,0.005072435262820364,0.0025810342897570992,0.0032542327834962632,0.00374479876021951,0.0010689206136577241
imbalance_prices - Short_t-210min,0.0027842688504479155,0.002468552708063726,0.0020480188306828493,0.005058378492845805,0.004981211019352486,0.0012509532103106267,0.005600289965741467,0.002975201148514998,0.0012923603610064448,0.0025845426103542194,0.007042515916804405,0.0040129663505549616,0.004711835056870769,0.0029982637523849006,0.0015619857378369488
imbalance_volumes - value_t-210min,0.0018912019316253464,0.001868910709078591,0.012014912841890692,0.0024449799001909013,0.003206013614605325,0.008191937124625837,0.002217545901056636,0.002162687654727506,0.016044768869491237,0.0036143933851704784,0.0037398640833107492,0.013082422010411392,0.0037287616219523444,0.001801036304176705,0.0148759466352858
imbalance_prices - Long_t-195min,0.005251865198475571,0.00672432443183061,0.0014764826578002612,0.005477887771468886,0.006823068359501121,0.001153733421718698,0.007299087260769738,0.006442257702372444,0.0011347342788385788,0.00756471387818965,0.004164771839577952,0.0014313100694690916,0.006321348241785017,0.005660026937239309,0.001661429720193155
imbalance_prices - Short_t-195min,0.005274928144647902,0.0059756019961278075,0.0042595459854019285,0.005935962445602968,0.004037637927806827,0.003959116136691592,0.00460407305753688,0.003981741034265724,0.004679715256132113,0.003644081537625425,0.004450517133325775,0.0028790226333840108,0.0048515715316634666,0.0030331488232950505,0.0034886463921320683
imbalance_volumes - value_t-195min,0.0023286845034526777,0.002392965735283724,0.010303994990401407,0.0016726744948172155,0.003677596091220039,0.008318712378979399,0.0028527237711837186,0.0029040044831481282,0.007872964979462268,0.002250436645583193,0.002031343321977147,0.008016756908255047,0.002591912667375709,0.002443683325437938,0.007277886946256331
imbalance_prices - Long_t-180min,0.0074002276564951895,0.007255975808220683,0.0029649794057659165,0.005362522573050228,0.009340157838324557,0.004744511349332243,0.007915552258316893,0.00901915739919923,0.0026400803070173425,0.006534992850029084,0.006937692891016923,0.002187872520951714,0.005479441418643546,0.007115887884650874,0.001641533080802219
imbalance_prices - Short_t-180min,0.0060816966677521124,0.005361013157795242,0.0015754320660630583,0.008275396159187948,0.00619019553333419,0.0024230830091639746,0.004475269911206851,0.004392845315043814,0.001298077805522496,0.004232560778591505,0.008497867975471309,0.0011670167341630987,0.0034150433779141167,0.006073672954006725,0.0012355874651984776
imbalance_volumes - value_t-180min,0.0029402306780548313,0.0033016113608155136,0.006433596507159109,0.004948327937274371,0.0029752118420483383,0.007378249707533541,0.0029697716388400294,0.0023803430432112692,0.008860435361668351,0.004126293941355471,0.002959454329169603,0.007906965094171027,0.00504850933869875,0.001889495123971983,0.009951645382001516
imbalance_prices - Long_t-165min,0.00775814135632163,0.011245378664898453,0.0013207895673531312,0.009775631752787376,0.009355071558333292,0.003612319880391624,0.009760730263282311,0.008257427393749822,0.0025243103989500922,0.008760077499453473,0.008783829329413493,0.005169345340318614,0.006631140995457827,0.01005987453617854,0.0048346073543982584
imbalance_prices - Short_t-165min,0.009856422304888838,0.007477127660225961,0.0015547501765372544,0.005406283757267374,0.008042027206302009,0.00142483990554922,0.009217758633691118,0.012109517857737956,0.0011754512643219642,0.009142607637753826,0.009541853148275777,0.0025098234019460507,0.010076171538086782,0.010553222343661843,0.002804709260861273
imbalance_volumes - value_t-165min,0.0013018071287933708,0.0025380356496202696,0.010879761579853948,0.002041544365373511,0.003925454541796398,0.01217220159883891,0.0016517918361060283,0.007246502369956943,0.01339367723849864,0.005383619390660897,0.0014877770049696436,0.01154700977599714,0.0062964188626065155,0.005532972429886286,0.009343757362750693
imbalance_prices - Long_t-150min,0.008033036584340153,0.005710060909123967,0.001028327794383813,0.007101175856383634,0.007572644645836817,0.0011590718355444097,0.006768908074416686,0.008594506234047002,0.002364337603493368,0.005855088735454046,0.005917867946147453,0.0015786336389674034,0.005665864697861253,0.006648115974321626,0.0014852483549530006
imbalance_prices - Short_t-150min,0.005010769594680824,0.008887542578289867,0.003715548807031155,0.010212070099230914,0.008081925437460086,0.00441186630710763,0.008886763936381612,0.0051193672920253445,0.0021831928286137553,0.006385016629924394,0.008283519758326292,0.002679273967092058,0.004862083316805183,0.0058725619815086245,0.004953072659511236
imbalance_volumes - value_t-150min,0.005146731878186984,0.0035009117702074944,0.014837921083882065,0.0035397906507992046,0.005085260345058486,0.019899121241604915,0.002555559550291946,0.0041755269863097055,0.014562608040025226,0.0028274179650179575,0.002390731043118649,0.020769148731931638,0.0037233414281527075,0.002952657238028678,0.012005110552616315
imbalance_prices - Long_t-135min,0.0046693635443270974,0.004769499639241986,0.0018577577331616339,0.004996771590303979,0.003853202856608732,0.002610372305078272,0.0034039753321922035,0.004241784434363581,0.0029820244718025608,0.005589364099323461,0.003126856389447653,0.0015118410317695634,0.0028995407816109946,0.0050560336622475005,0.001645952144012881
imbalance_prices - Short_t-135min,0.005145947470208739,0.0062287840693607,0.005178217995620798,0.006342067339517143,0.005796220923053624,0.006150114922042121,0.010311521913337856,0.006917412808317749,0.001994966806138791,0.006606031934599741,0.005797678778209956,0.0024708720282683315,0.005852953990022797,0.00522271676424316,0.0012568635774122185
imbalance_volumes - value_t-135min,0.005320923319908616,0.0022008387673558617,0.010311824643198634,0.0017906998602411476,0.002182350690055955,0.01194431221722698,0.0013917689944141784,0.004832424687789171,0.009487709165669003,0.0018201352440548816,0.0013071923496609371,0.006930155053292765,0.0013163523336673392,0.0020615335062902887,0.005324130820095889
imbalance_prices - Long_t-120min,0.003477810101780051,0.005940321527734341,0.0012632808469602423,0.003718145375696622,0.0029410839455631505,0.0010775943304834072,0.004952651254163357,0.004474021230914332,0.0010396862607990442,0.008147202794156328,0.0062710193413659,0.0023207627598403635,0.0033617535974683507,0.006030267467403974,0.0036024364414115554
imbalance_prices - Short_t-120min,0.008268341899229198,0.008930950880327146,0.0038594249928944465,0.008462774311119574,0.006217688763204933,0.0023095634459014036,0.008069190839596558,0.009184350489667849,0.0027058502558530233,0.008158818432639237,0.011490237655918462,0.0017224893225034066,0.008696170391296618,0.006631222782430996,0.0027944301559209633
imbalance_volumes - value_t-120min,0.00546462549334683,0.004782452488880154,0.01930387233766305,0.008003799568952672,0.0047254872156918286,0.02148054665484233,0.004010089604393216,0.001812730407448271,0.02289561889779361,0.0022970595586405125,0.004647111816400866,0.01712564818855026,0.007775387660487468,0.007234049145794416,0.010188478188683802
imbalance_prices - Long_t-105min,0.004615273738310862,0.006797273348456656,0.0025119149503291284,0.007802547462903021,0.006825379848418379,0.003554259748720142,0.007724274556549972,0.007209638603242638,0.002346392077949531,0.008404737397744612,0.006961325412150473,0.0015278283560696763,0.0033663852001718625,0.007581229155082837,0.0035259819959901507
imbalance_prices - Short_t-105min,0.006158419483520447,0.005294592339253541,0.002894856660384903,0.007165540058867919,0.008414828749557273,0.0014721615444123017,0.005983761133662597,0.006541512834359309,0.0022051423544694445,0.006418459745087602,0.00842825933486165,0.0031085318167297375,0.010126856272196165,0.007983397669362603,0.001210782278654733
imbalance_volumes - value_t-105min,0.001961471894535862,0.0013830537486513776,0.017162867012086167,0.0024989547824707187,0.005009812118769333,0.013538023104943477,0.004590230900788356,0.005207583560510102,0.013724096589969122,0.005122309931088239,0.004141867037578777,0.012239821861378005,0.005559931154297374,0.003084409205841439,0.01325297197230975
imbalance_prices - Long_t-90min,0.00584869318388428,0.004955021621906781,0.002061232268182721,0.0043605964568184845,0.005438622509331253,0.0018119689331806512,0.0057505917865228184,0.006114102470831767,0.0010376934602618348,0.006352907981919998,0.005780309980000311,0.0015902582723647356,0.004931288728195795,0.004404448735713231,0.001482951650263999
imbalance_prices - Short_t-90min,0.011886939065961997,0.010865860756035545,0.0030310125766627605,0.010583590323811223,0.009773596803417604,0.004069671288451673,0.009626510768619482,0.01021541125159456,0.004678216986481857,0.01075433703446106,0.01139022611555265,0.0032690142940580247,0.00871326823074196,0.01108856877139317,0.003405040100109545
imbalance_volumes - value_t-90min,0.010337729903497966,0.008442751473092357,0.015381123957002274,0.010816931511551957,0.013936333247134825,0.023203638217615664,0.007367142104790674,0.006668712998798582,0.02091664733755533,0.007295000099772551,0.006387504142155194,0.016319335810321717,0.008245409126686355,0.006596551672795613,0.015802652908139862
imbalance_prices - Long_t-75min,0.006613488290398891,0.008594890397343988,0.0021765631462266127,0.00706288523551666,0.00767479160836956,0.0014998600294427434,0.007058653479931309,0.005885149835699849,0.0016168744143122353,0.002766811866573576,0.005417300050736913,0.0014775385073610323,0.004044850335435967,0.0038189803736422617,0.0016628357629980429
imbalance_prices - Short_t-75min,0.006200839067285415,0.005295745905457807,0.002938098201957473,0.003838150836634668,0.008386154874489876,0.0015227970633663972,0.006561209698156744,0.006029096407202814,0.0015747569502459556,0.006889886732358718,0.007135957153757772,0.001835447408586333,0.007901290454348783,0.005801317711582669,0.0011649074321039734
imbalance_volumes - value_t-75min,0.005066478504289989,0.0037092787105466414,0.023528381302632625,0.003759236798243819,0.0034244572198019797,0.023307370426730815,0.0066584078702362605,0.0032842939024521913,0.01684769864790178,0.0024931047849590868,0.007082704643761644,0.01871361271307251,0.004463959025751592,0.0032252036075915386,0.01787767142285884
imbalance_prices - Long_t-60min,0.008684246569020615,0.00919165495926427,0.005542778755781,0.005823772171859673,0.007919472082101493,0.003545863992694649,0.0071054045368287005,0.007605782245072987,0.005656389362098707,0.011480339307003306,0.007248944204642555,0.001295394960368867,0.007709838351278449,0.008658104369791544,0.005152285916376059
imbalance_prices - Short_t-60min,0.00645830870481609,0.006836474890835234,0.00505454120795423,0.004348122119365144,0.008359192883275681,0.001912160186490837,0.00737639397597195,0.007501102078645999,0.004718349361285618,0.009962419159571254,0.00710704593887931,0.0037697022867978374,0.004530645230905066,0.0074106572378696,0.005398657056470256
imbalance_volumes - value_t-60min,0.01383115402693511,0.008799388319857826,0.03858268173315446,0.013245318278495687,0.009914106011245167,0.032308961527378416,0.012352074166494276,0.011348193031909886,0.03159968617264531,0.01342417198008934,0.014849877001863205,0.03298594773979858,0.00996436435538635,0.011898346122788325,0.027898073116564774
imbalance_prices - Long_t-45min,0.007950672277525881,0.011134220567429111,0.002250806385498436,0.011028521588130388,0.00996547485240444,0.0011439297836095647,0.007301571107389463,0.008160489681351465,0.002382721503252469,0.009127871116274036,0.006420719948549958,0.0020983321003441233,0.00522217725604969,0.007638745657295203,0.002026234186050715
imbalance_prices - Short_t-45min,0.014389931240955774,0.008454186680151906,0.005089633456496813,0.00980562164029834,0.011678483497962588,0.007125669151313559,0.00877836658898559,0.010894108713851892,0.005976432685827603,0.008959136799239787,0.011917632212711396,0.008048276767934112,0.0111838041017254,0.012050953082027263,0.0035961631679638233
imbalance_volumes - value_t-45min,0.012922278550096962,0.013960414991379367,0.03396526410184742,0.00918127925488625,0.01381637260088337,0.03211243027953606,0.01322100181026326,0.016247348941345763,0.03473301344620995,0.009789685065272351,0.00635090004484664,0.027828073850079817,0.0054992929699928935,0.007082488957552414,0.026090868910745486
imbalance_prices - Long_t-30min,0.015942394836049062,0.017699609763443733,0.008479645111214268,0.013917355610858067,0.01395994086934661,0.007254709380991699,0.0091739127326,0.013984304678218904,0.008946191184430062,0.010843240493311895,0.009458764754301229,0.005690869475445652,0.012888764745867774,0.010121470618490093,0.003208344847931585
imbalance_prices - Short_t-30min,0.011151881388366746,0.009767184086875205,0.008528085705931516,0.010210236819322744,0.005589652212589499,0.007863992870041329,0.009849170988863079,0.008278551441155286,0.006614402801063989,0.004250322777137626,0.00669304936781009,0.0035138188640366935,0.007473484101385111,0.005065968526731013,0.005634860740528893
imbalance_volumes - value_t-30min,0.012650401442232577,0.015879139785763982,0.036493467938313186,0.008453441799287248,0.011522665033579415,0.03588547065541934,0.013106729806138901,0.012783568535880478,0.029611179777872167,0.014869299660367687,0.007312622231014757,0.030057144584596244,0.010811822481657145,0.011412489669481147,0.02417628620765936
imbalance_prices - Long_t-15min,0.014912062445553601,0.015399912016291636,0.017029637533632923,0.013606545736751286,0.015228389090596466,0.012699960753270716,0.014941321444523054,0.012925219994373037,0.011510132272396731,0.011742265109132859,0.010608338181045838,0.006668650803851051,0.009818448259134357,0.007872474132309435,0.0031826980812229523
imbalance_prices - Short_t-15min,0.015914501223250454,0.016932001923792996,0.009174641063487797,0.01523132292119044,0.017061942158223247,0.010221136891555944,0.013161152129323455,0.014799547713439097,0.005317437779958709,0.014596350968800834,0.010704255399832618,0.0054651796499238115,0.013612734023743541,0.011788117634270748,0.0037900944659322706
imbalance_volumes - value_t-15min,0.019440885039482964,0.017283709233772242,0.04747741849836894,0.018588278901288505,0.01647470243347925,0.046419756688992495,0.015288689805665855,0.013747735993674723,0.04220676857989747,0.016031863086100204,0.014067582543561002,0.03437714606139343,0.013466765698511154,0.012421351607372344,0.0340783979116386
intraday_wind_and_solar_forecast - Wind Onshore_t+15min,0.008526162569878579,0.0066384761823937875,0.01422891771598779,0.01499582873518375,0.011471492449352808,0.009102028342398625,0.01122971956186666,0.01013529083452886,0.012020085235322768,0.004246615001441114,0.011764227243329515,0.00926055465297759,0.008572465157427359,0.007252711165061555,0.008850179739833038
wind_and_solar_forecast - Solar_t+15min,0.009996569404363982,0.0031112577071580744,0.003652360521506125,0.003473351994908171,0.0049890489037070435,0.011142103790043621,0.004309476052632817,0.010101713130325606,0.010232745157359203,0.016111923346679758,0.001992336912985593,0.007692980761975036,0.01059920944285841,0.009944824350663111,0.008029951678162433
100m_wind_speed_mean_t+15min,0.0020967870270778804,0.003617714918497768,0.006130249993919278,0.0023161882783751934,0.001447775250574523,0.008266675980768924,0.007958424623371685,0.0032030094481942796,0.005466664972592298,0.0024774430909452576,0.004021316164995369,0.002958282468612197,0.0038094268385420946,0.0020030214924590837,0.002923099686920068
10m_wind_speed_mean_t+15min,0.0015305148295058687,0.0015798753151366326,0.003143803906410767,0.0016236805110659133,0.00442877370352926,0.002073866103389264,0.002857055781883673,0.002436697682546992,0.002483051891377272,0.0023175605387259564,0.0029646058842690763,0.0016049713998261836,0.002587586420097068,0.0012028853890715253,0.00615512787071566
100m_wind_speed_std_t+15min,0.0021336176801992224,0.0017272536686825787,0.0012379371220754365,0.0020710087882125664,0.0029848032786576367,0.0017772542169898315,0.003301087068223751,0.0012095151032626744,0.0010636903289141628,0.0014570192748838053,0.0034554775545298073,0.0023756646828005613,0.0012937453787969845,0.002778165716046715,0.002152589467056714
10m_wind_speed_std_t+15min,0.007060816592598712,0.004083066394899561,0.005063064623072933,0.008755047330836532,0.005198855705633832,0.004864319393855112,0.0031212614474716246,0.004037422116763082,0.006772245062578805,0.004051773646990114,0.005866951176814837,0.003831616167395623,0.005493233058197802,0.00451509794292042,0.003934512478031138
intraday_wind_and_solar_forecast - Solar_t+15min,0.010534111227627818,0.01573103960089793,0.0062964272384087965,0.005084583774179919,0.009940463600658405,0.005211587771471386,0.013537382060974778,0.020125048904723372,0.003402347287737939,0.008900996030455645,0.005627495572795738,0.0054507565337899,0.004927400981719984,0.006559619602024554,0.0044091114785710485
wind_and_solar_forecast - Wind Onshore_t+15min,0.009819305748796978,0.0030053737066071166,0.009558623204218748,0.006851736322601937,0.009275984357187553,0.009221563182978116,0.003095386209233766,0.00284661121801048,0.010328659213517881,0.0034711042747530884,0.002617479012822514,0.005110572458611443,0.0038870143446520728,0.005763416740071989,0.004499482092830021
ssrd_mean_j_m2_t+15min,0.012241944955982034,0.0075941628498840145,0.01325724270291903,0.008076395842910642,0.012856504984229104,0.011104171866623802,0.009042700114494437,0.009516492911236128,0.010391544718237129,0.003840211967830328,0.006365153706050478,0.005181061357200178,0.007334583086936618,0.005469205606299511,0.0041634830971052
ssrd_std_j_m2_t+15min,0.0009904472738894584,0.0012518604019114718,0.0023003037425914953,0.0015588225486444572,0.0011991458562870322,0.004268068351793772,0.003981540455002687,0.004308978307661164,0.0056973247230289415,0.0016890620440026395,0.004098489906620671,0.001413692354486102,0.0032760334661902563,0.0023504331820196284,0.001501033388312976
intraday_wind_and_solar_forecast - Wind Onshore_t+30min,0.009146440687428366,0.006591002872366516,0.009781934987593558,0.006689159590783675,0.014175160333729763,0.0040042002874915855,0.008051720240264331,0.010958651629605356,0.011009312154455983,0.008017850675588306,0.002032010821040785,0.003580473610433728,0.010817573954493127,0.011781306245835368,0.004401319989422973
wind_and_solar_forecast - Solar_t+30min,0.004276680125502935,0.00942102617198907,0.02056595716886477,0.0038962238741405597,0.010992630082530014,0.011696483446936952,0.014324842069185252,0.007272108923527412,0.014745832818909548,0.01138727205845862,0.010726800827205807,0.009311147333777626,0.004546705755737093,0.004258530899376637,0.00581298713903061
100m_wind_speed_mean_t+30min,0.0024512454844751517,0.002553386213226986,0.005857789963341929,0.0040654689491912,0.001938174707914186,0.009371026858458208,0.0029066134996128313,0.0020182817803456603,0.009688313963457403,0.0044340281540962674,0.002763508146681488,0.00972759765394585,0.0016690009452900085,0.0033723186119218552,0.009868022674389068
10m_wind_speed_mean_t+30min,0.0019138893437893785,0.004954017511226994,0.0013508174124452807,0.004939740893274575,0.0011093105158947764,0.0027143023234731346,0.004319465753073019,0.006038670349433233,0.0012874196763286818,0.0032189521108870168,0.0035436646728958295,0.0027375833950682134,0.0014106871167025475,0.00245658305904044,0.0015426982738317746
100m_wind_speed_std_t+30min,0.0019538313591165204,0.002808523454923943,0.0039723246684206966,0.001407397435654275,0.002081756123649029,0.0022429966130330286,0.0035395319276258306,0.0017365059337448657,0.0011839389456541768,0.0018005826802182127,0.0011354966552123641,0.001585227334042429,0.0014884261065749341,0.001152382072506498,0.0012584447564986476
10m_wind_speed_std_t+30min,0.0020261058674796006,0.0015739387887388147,0.0015367975188887613,0.0011974875872433587,0.0025141193575182116,0.0049509305949659395,0.0010684491108388556,0.001399210524496084,0.002043010463130486,0.0025170650975233004,0.0010273355416875348,0.0022195625273961923,0.002899941165040218,0.0035187142531231076,0.002911831355493632
intraday_wind_and_solar_forecast - Solar_t+30min,0.007254913882810797,0.004106936807302191,0.0040281715017245,0.0026647318320546275,0.012239192885230295,0.004350906112031225,0.013984304832614725,0.0030849546834637066,0.007780845293985294,0.0037346334409894552,0.018202357981121166,0.003841649613114441,0.005071331899029246,0.0033532898517387366,0.004449713983815854
wind_and_solar_forecast - Wind Onshore_t+30min,0.009201255015127571,0.0075758524017433045,0.003308882700794129,0.010951790447055828,0.005467236341770445,0.009982094333178338,0.007567017518060311,0.009685149477962113,0.0020034164526973653,0.0038129587376623136,0.0035714019546494455,0.00307873241024447,0.013440607160911895,0.00585099555060151,0.007401585218085529
ssrd_mean_j_m2_t+30min,0.0014397019034322511,0.0019508964419835025,0.006874267257346219,0.004243359734082333,0.004463449412200135,0.001695092735515118,0.005230204687017249,0.0019481755135680031,0.006807515728625731,0.0020470530674865585,0.0035259600527666633,0.005174806836050266,0.003121825417780201,0.002402496812720983,0.0015252798297850632
ssrd_std_j_m2_t+30min,0.0012958797321006158,0.0014873420341666589,0.001788887701495014,0.003072810027857486,0.00141678456525392,0.0019953433256978317,0.0013684446656361616,0.0012926576277586719,0.0008205520283700025,0.0014741679117544208,0.0008686717519249214,0.001203215406931122,0.0028134240903727914,0.0013542205484621944,0.0011574219968770194
intraday_wind_and_solar_forecast - Wind Onshore_t+45min,0.013470361463912922,0.010867497266695864,0.017148455708054827,0.008973615528962909,0.007953275582978677,0.022707511077242087,0.012516662176749379,0.012499274561283528,0.012985327126858464,0.0072478993362492476,0.011342841974488692,0.014039796525927158,0.007226500865228445,0.011654798137722537,0.013262667310870255
wind_and_solar_forecast - Solar_t+45min,0.0039790600500127764,0.005037057292691543,0.019761869277204823,0.0034261976929064984,0.0028932403721366883,0.0227371724274999,0.00894985496818117,0.003029673420964173,0.02320115066983999,0.009289321845557424,0.016026521355516708,0.02228440073337697,0.017152370044815485,0.012835355033836322,0.01706083667580242
100m_wind_speed_mean_t+45min,0.0015175398261380905,0.006430209243684658,0.006089427074011837,0.003126374862375087,0.0011991609038094566,0.004648945186934725,0.0041624938092754745,0.002900439754557738,0.004947177371831117,0.005309958275847748,0.003478699043490451,0.004183945549790678,0.002743559953474573,0.0048893649084493515,0.008225476431121023
10m_wind_speed_mean_t+45min,0.003751542144361508,0.001227757996181481,0.0037268789635418217,0.0018379069057241396,0.001724606728296294,0.005125577811236326,0.0027976216278420905,0.0029710905009287672,0.007527029798569856,0.0012038176212981852,0.004172583886727921,0.004438410896465939,0.001957760944705569,0.003633613344513833,0.0029227858841377385
100m_wind_speed_std_t+45min,0.004728278342001431,0.004787452513191966,0.005213258515579583,0.006084445782047624,0.007759538559632346,0.001986465106176297,0.004792478836817963,0.005585542000717396,0.0012309706232354074,0.007311052148063026,0.0036826529234781444,0.001645744843798525,0.00554597689658749,0.003177068539836,0.0029346519268819973
10m_wind_speed_std_t+45min,0.0038758805136224054,0.003649408732640495,0.0036164275115422697,0.0013090380462287214,0.003187455093303015,0.0016181276720344613,0.0010629750856573992,0.005147224018965516,0.004096088363998206,0.002750292316334878,0.0017130550079599515,0.005995403197563519,0.0012993531494115019,0.0034406735528245917,0.0022767629314603254
intraday_wind_and_solar_forecast - Solar_t+45min,0.013847114569551195,0.007492514129200572,0.00421067050262036,0.011303359746641945,0.024857970740646124,0.004455811337339356,0.010323299986453094,0.023982769197150446,0.0061700539948895995,0.005803306208010326,0.016763487244505087,0.006985875532909631,0.01614813292614417,0.017166976043125032,0.004243233190330102
wind_and_solar_forecast - Wind Onshore_t+45min,0.007692758218256131,0.0030332667187103653,0.008296924688254876,0.008064239949191688,0.005335101621793001,0.012935668847705528,0.006414206916073454,0.005947247751675149,0.005601964775725719,0.0030572824637474694,0.002746451366627298,0.003950981427036823,0.006039912484768138,0.002720552540069093,0.006086770643506497
ssrd_mean_j_m2_t+45min,0.006718808544028434,0.011140766584554512,0.006800971207398107,0.008705345907510492,0.006417615708290214,0.008330577149725286,0.005442852621707395,0.01167548720321065,0.007783827308736363,0.011040842851507478,0.00856555040492094,0.006589444770582304,0.0056815585921031015,0.009378984745711931,0.008815372215292883
ssrd_std_j_m2_t+45min,0.001165987539266098,0.0008923576348205984,0.0021712688196712407,0.0013540937251482318,0.0013816265927171117,0.001045297937680516,0.0012022894438387085,0.0010596036133892995,0.0010947943887658765,0.0014519367466892276,0.001034485755385532,0.0012313983261246903,0.0014636823093715065,0.0024463431095919077,0.004120862613936879
intraday_wind_and_solar_forecast - Wind Onshore_t+60min,0.012496337360455072,0.014021322149557819,0.01896076550833277,0.009282005661854782,0.012053814663733647,0.01852963965169147,0.006025240600341931,0.010380950466656486,0.014724228763210704,0.005372841344360495,0.010070872146850889,0.018139889303187374,0.008946996809609118,0.008380429625136458,0.007286072758038699
wind_and_solar_forecast - Solar_t+60min,0.01297735057544196,0.015480210662179162,0.00945642994535774,0.0085507216495771,0.017254624273016817,0.00450751548442372,0.0023785609750106005,0.003804579206352173,0.004753672550903502,0.009457529208581035,0.0035626075747040888,0.0034450063991744175,0.004119997280969983,0.007056584263285913,0.003422222035195773
100m_wind_speed_mean_t+60min,0.004450697030701121,0.007340223758859338,0.004800940672163051,0.006498661985500803,0.007522753515118893,0.006524732502963161,0.006195758554080385,0.0036826728809701307,0.004340027475796887,0.010469677740940824,0.005023770536830853,0.005830737196515656,0.004498655080189565,0.004408944426506423,0.00629923463279647
10m_wind_speed_mean_t+60min,0.0020144816545189315,0.0033486148529105115,0.0036417330554613728,0.0026575538124316155,0.0013574946404301045,0.007182967207598267,0.0020225734249506785,0.0015860978816398302,0.006478702096213965,0.001299195582359971,0.0017760546728477493,0.009281709739938379,0.0031186882347083154,0.00183282008847641,0.005437365851208597
100m_wind_speed_std_t+60min,0.004355303729629668,0.003623648716648404,0.003189926723654537,0.0018039455296670894,0.003085169691218539,0.0014246004385968262,0.0009994036545956533,0.0015431727702155057,0.004604765907412002,0.0025148465665574805,0.0025757514240176533,0.006655679047824378,0.0014455035861146825,0.0027016809499712624,0.003942369263279261
10m_wind_speed_std_t+60min,0.0033534971042781764,0.002414240815712674,0.003147654350291077,0.001302457293661746,0.0020838556489773054,0.0022144632457647903,0.004103412978695814,0.003512435208856914,0.00391311262006002,0.0029984912537111084,0.0014794248420998883,0.006097791430089273,0.006850902163258979,0.006860887717484729,0.0032401771416443806
intraday_wind_and_solar_forecast - Solar_t+60min,0.0026270428021807676,0.007023170741952981,0.005988750439712021,0.005111484978996487,0.00552431256853879,0.004986486284012131,0.003316343509598937,0.006170003687091594,0.004552601729172921,0.010705776504306415,0.008289501223141997,0.0066950041672716905,0.003849562522491254,0.011379585558604959,0.01338462178948248
wind_and_solar_forecast - Wind Onshore_t+60min,0.003644115240505016,0.010036546825969708,0.004789801950112917,0.0021666205814993874,0.0035517178931931993,0.003001318119586358,0.007765836969154407,0.008452065162093276,0.003120178689459863,0.001986138657257925,0.001938219432306596,0.0021264231135546654,0.002007283190438102,0.0035534944122916842,0.003024672285102497
ssrd_mean_j_m2_t+60min,0.0026089353189290704,0.0035549287692308554,0.010568907170560124,0.006366787186143483,0.008829889456683305,0.011445019834543928,0.0057015772202175866,0.005008079876585725,0.011443259306543042,0.005845133646609611,0.006764946652798244,0.012364794563298347,0.004342528266208319,0.008990083944394428,0.008622280949075502
ssrd_std_j_m2_t+60min,0.0034323237207863713,0.002394295924335893,0.004923646267052391,0.0013589176054352946,0.0012301548418017774,0.0015256184251975355,0.0023920169610387346,0.002267083309549946,0.0013705126489476243,0.0014170984941865754,0.002045976936009538,0.0016282103733046825,0.001971426997983144,0.0018886461954214155,0.0015458012052972662
intraday_wind_and_solar_forecast - Wind Onshore_t+75min,0.009599556548551845,0.004661282711178501,0.012870648290303507,0.009776286370558409,0.012676725639630603,0.01552290284099945,0.012567397877857728,0.011243320918081735,0.017921467393760396,0.008986274636186863,0.01344216112656568,0.014256340841304336,0.017497752123570534,0.014308524320294964,0.014863419892208185
wind_and_solar_forecast - Solar_t+75min,0.010956946421623797,0.007002820455883353,0.016391582091724557,0.0031649793912173437,0.008179508962063665,0.017767994170599197,0.018422116549481872,0.014673977846301568,0.016196270898759395,0.012695076096067822,0.021921582403483627,0.024819515402443357,0.007261197188485312,0.010334360830059269,0.01841813398816157
100m_wind_speed_mean_t+75min,0.0012163107624955955,0.0012255163523068404,0.007568560186595278,0.0019004585288457747,0.0013419146100841317,0.008748883221756841,0.0029953770502470435,0.0053334290520297145,0.009317208628548542,0.002789330969368706,0.005566438288155041,0.005966815085321287,0.0020463291341820877,0.0017504944375723425,0.0107825166374314
10m_wind_speed_mean_t+75min,0.003913835649255134,0.005332220680606042,0.006275524478289299,0.0038835832800517664,0.004824530462396069,0.004313569758385711,0.003598138309440401,0.0027349423033797963,0.0026101353463786835,0.005317056705549475,0.006163612783786448,0.0015684854659257326,0.005389902217735653,0.0013113176979117896,0.005336939647535474
100m_wind_speed_std_t+75min,0.0012096879807686491,0.0018620744592626579,0.0027653170031003357,0.0017072662109937937,0.003120639879366536,0.0018404908839889913,0.0012814373096905456,0.0013654733952760125,0.001347854331865676,0.0010125488440501159,0.0015740765110247139,0.0036291141569458887,0.0011795215603954147,0.0019534420548270644,0.0013366316028204893
10m_wind_speed_std_t+75min,0.0021616768562044797,0.0009958012201578866,0.0017737485839663804,0.0030082698308378894,0.002231963580764841,0.001751144780016034,0.0025862410981571885,0.0032859929140277018,0.0024439093605133164,0.001726594279370147,0.0008754036618728947,0.004568231469752846,0.0016058834464540723,0.0017528580863327078,0.0018653855988800387
intraday_wind_and_solar_forecast - Solar_t+75min,0.004413912919713766,0.008331868704015505,0.0027147593924028114,0.004018505299580284,0.00975097444775747,0.0045589427649249505,0.016728798666648798,0.01239741505472921,0.010017906132059579,0.00660868699726052,0.011784011044353974,0.005475470990813846,0.008190890670022327,0.010239585352846234,0.005102185842980361
wind_and_solar_forecast - Wind Onshore_t+75min,0.004360378689423669,0.004215856620486192,0.006141174903164938,0.002970346154302206,0.0037537098495730916,0.004983357758465899,0.003194660690150613,0.008582945985006517,0.002353892761741008,0.0027453394762487733,0.003079322495069391,0.003460031602166964,0.005425884167694221,0.01262157316325829,0.002816806072699592
ssrd_mean_j_m2_t+75min,0.002722312672278349,0.004832271312200874,0.005824278766358475,0.005017424643070626,0.005057027957702303,0.0045810949430979235,0.007000777270368417,0.008648402484686813,0.009338310932071181,0.010341738202318084,0.009817760807811283,0.006482203594991006,0.00428524116411063,0.007577843489263614,0.009800926214258652
ssrd_std_j_m2_t+75min,0.0025550591061328305,0.005664393416562234,0.003119330685981367,0.0010075031413542205,0.001811394394416425,0.005577302550309468,0.0017306661015745704,0.0028787909496923022,0.003128894255729392,0.001372894906270858,0.001315536390523448,0.002032731755545683,0.0011674997529857762,0.001409518048448433,0.002580855510834226
intraday_wind_and_solar_forecast - Wind Onshore_t+90min,0.007552623810926889,0.010033575617009774,0.022972204029640123,0.014953143265585823,0.012617775717109907,0.03033996690541244,0.011670479711530561,0.014826632026946755,0.02143668752902886,0.013910356583546673,0.012903944975078048,0.024164470496893044,0.01256838986841467,0.012285997526050777,0.022015496716208872
wind_and_solar_forecast - Solar_t+90min,0.00502262992721262,0.010316693963904982,0.007064437532435477,0.012736227683959442,0.017170128812009352,0.00992297840775791,0.004833671739473402,0.006736387888364333,0.01041315096305334,0.003097663285274393,0.005915216321263415,0.019492357572351467,0.01226196503623214,0.010888952897814306,0.011506233611805328
100m_wind_speed_mean_t+90min,0.0018396297681738361,0.00244459287871814,0.008229139445036709,0.0027729202202035593,0.0026083232244800457,0.01079605126743263,0.002705283807940759,0.0021537228783354294,0.008467640158687572,0.0033647273107317234,0.003997791810252238,0.011284773037623382,0.002305188986036228,0.0023649548306384533,0.004551382519717663
10m_wind_speed_mean_t+90min,0.0013046162616179799,0.0019230155874647608,0.004294328166049496,0.0028544328200987364,0.002193609711219324,0.006125208749882859,0.002880468522082083,0.004626931559740569,0.004951457721349925,0.0026485572389152025,0.0021678123871988644,0.004440517897315658,0.002031275260622806,0.003596282808201977,0.007537411526718643
100m_wind_speed_std_t+90min,0.004972787413749757,0.0029272902047273418,0.0024766871757092306,0.003680002649620292,0.003976849565733573,0.0019175430925588443,0.0015772346930107233,0.008144937365141231,0.002521243492374424,0.003409345225232755,0.003007840692114769,0.0023182362994623416,0.0021989165020477233,0.004053203693969408,0.005166239963737098
10m_wind_speed_std_t+90min,0.0024228153756521353,0.0011363611005496068,0.0018934686796737879,0.0012617357499548234,0.0031566365803828377,0.0014876390435601934,0.0013354784202283553,0.0017248902966474303,0.0012675929353085848,0.0015755483785533215,0.0045802814608687185,0.0018114174242432454,0.002313925660747827,0.00324491399892122,0.00251184007970096
intraday_wind_and_solar_forecast - Solar_t+90min,0.004883619281637948,0.004104768523343864,0.008826920613706534,0.006336769018069162,0.0034606911498522093,0.00468481292925253,0.004492499139293614,0.0029623192623984096,0.008036374812957547,0.005061701555400532,0.0058597882045296505,0.0076719119505507935,0.005310776280205118,0.003217353541085686,0.00424900539367718
wind_and_solar_forecast - Wind Onshore_t+90min,0.005614320603677243,0.004932894132231126,0.00962434605033377,0.0018607843370355114,0.003330589282883011,0.004221549488418305,0.003287368663397501,0.003113458831728508,0.0037600934975798735,0.0025559761468020954,0.0031374155267039896,0.003239743666571485,0.0025692916589805464,0.0032931576846203826,0.003658715802366714
ssrd_mean_j_m2_t+90min,0.001176834546498867,0.0015991083039243676,0.00314610219484166,0.001542045614827657,0.001450999336806035,0.003283048729550501,0.0017375737854847556,0.0035816250777074856,0.0072002684583421794,0.003170589012371238,0.005319695571273769,0.007368231892555741,0.001633816584138458,0.007858187629761232,0.0032887983967929985
ssrd_std_j_m2_t+90min,0.0027599790596182176,0.0011349838621854361,0.002890935330895445,0.0014847573830732018,0.0038566966888811294,0.003512243773972841,0.0019820954987085316,0.0010509094003249401,0.0009642697284783707,0.0030103624188441247,0.001823078946318674,0.002023892481931398,0.001067426007379254,0.0027838390913519787,0.0011687510960064031
intraday_wind_and_solar_forecast - Wind Onshore_t+105min,0.00518650336367864,0.0049439613665496155,0.008020978881333577,0.005996857725756854,0.0024877600423573653,0.014664917982416228,0.010377175131601689,0.011802773377828998,0.003887637411885521,0.012512062166519173,0.016839748767015408,0.012332253041371586,0.015078316432307474,0.017820922564162175,0.008281572080732076
wind_and_solar_forecast - Solar_t+105min,0.0031859052866570893,0.004445570223969583,0.004271737039150139,0.017943549498970243,0.004687425152747437,0.00781337690141072,0.006514368508736766,0.007480108209758328,0.013378684574156068,0.007598920939502932,0.01384501626668498,0.013172507991188468,0.009784771512488077,0.007305330519338895,0.010294073645801746
100m_wind_speed_mean_t+105min,0.002916290127100325,0.0023184002279322156,0.004944189786539937,0.0016108902635564846,0.0038703182244489653,0.006210828530244498,0.0024321666814585115,0.0014107239773011315,0.007650791655614739,0.003632685719130677,0.003563039893876521,0.01151425711912998,0.0017275007178940314,0.003643858553649352,0.0028723683434009216
10m_wind_speed_mean_t+105min,0.001675701030619166,0.0017162977854443397,0.005660660060809846,0.0014887942030413796,0.0015779289036574938,0.010287730331459898,0.002883007444459508,0.0012623940445027984,0.008462877178069903,0.0016654551910564805,0.0028368982919655538,0.0034497605110900623,0.002613526009738962,0.0010836294222467586,0.00893828232523083
100m_wind_speed_std_t+105min,0.0023510906215062732,0.0011700428414017309,0.003525392048890353,0.003772259937684339,0.0018310375381557263,0.002851239341044675,0.0022530872747163356,0.0012779006359634195,0.004869666476984719,0.0012889618866194325,0.0013768036198266032,0.0034728903297018407,0.001109582549973652,0.0019394340054545865,0.004479246990301363
10m_wind_speed_std_t+105min,0.0016629641735847827,0.001553749393299313,0.005634922275148711,0.0024163791317968163,0.00474765464921802,0.006752994548602942,0.0036163265373907053,0.002150788234867832,0.005687084823268378,0.001566993211578847,0.0012467716274803138,0.004801107848707033,0.0025531897791681592,0.002552277986887475,0.001275264824478654
intraday_wind_and_solar_forecast - Solar_t+105min,0.015106594283228332,0.0119326265832824,0.0032691817451359385,0.005636168606430147,0.009774786470210529,0.0038669996020071267,0.004347409517336928,0.015305799979658332,0.00691107743116288,0.003975943576577265,0.006509251818043594,0.007576628028917185,0.0028394790648853816,0.003928400620913123,0.008366055701888399
wind_and_solar_forecast - Wind Onshore_t+105min,0.008814287188702337,0.010664900516017952,0.005138124251002864,0.004513398207487626,0.003397368844227458,0.009374989505698978,0.0017181007022963968,0.0031930984993587116,0.014419988574612944,0.004295675789747292,0.004751496292505181,0.014999959801413297,0.0018945932220958638,0.006049758459819713,0.012405807709710644
ssrd_mean_j_m2_t+105min,0.0015822497355688938,0.003548500030361083,0.003059267137423376,0.0013792158461483268,0.005476331586343349,0.0015224069205910383,0.0020942961301479955,0.001436722565301352,0.0018415002993056077,0.0013357678407355706,0.0015276496423865637,0.003906359154338133,0.0025619908868611675,0.0023507539509428172,0.00454172908322289
ssrd_std_j_m2_t+105min,0.0025421210865899865,0.0033566140502953204,0.0037433831663790896,0.002674208018626814,0.005193588493355492,0.001837419321770767,0.0050516374955914215,0.00324668525288007,0.0012801115830869065,0.005131533695170219,0.005929241773599643,0.0014204427980121183,0.0040034576999296405,0.004193162671355822,0.002673917978985628
intraday_wind_and_solar_forecast - Wind Onshore_t+120min,0.0033444959542009655,0.01213886427989928,0.01701594170628232,0.015713477967537984,0.008579370007631952,0.020887141707638876,0.009444801513695892,0.008731612358466465,0.015549613713868893,0.009456891229456232,0.015408263049550442,0.014312960677281808,0.008114296410758925,0.003369472485417646,0.02564661684329258
wind_and_solar_forecast - Solar_t+120min,0.0046191975553629165,0.0037719230908237478,0.01621016490904003,0.007490737815671309,0.009562975878562611,0.010179810654718636,0.009493956621496182,0.008534102707521925,0.011779328414992052,0.004230994749312686,0.006291626192432886,0.008108991885494106,0.0035574730109685787,0.00412606721933571,0.0037052117208186248
100m_wind_speed_mean_t+120min,0.001601288195995835,0.00184848832802345,0.010891761610866524,0.0031908648207108854,0.001836113277776235,0.012323812360478768,0.002198296464428495,0.00248539911693706,0.008815389218179917,0.004654196025116107,0.002641610257739785,0.009576201271320315,0.002385552564655882,0.004681180367939305,0.009239221205119975
10m_wind_speed_mean_t+120min,0.0044953070999108604,0.001754628778064216,0.004786540663910273,0.0023134816588526517,0.0012725655136473506,0.002356201174136004,0.002437199807901152,0.002034248969886903,0.006353885740535589,0.0015743995224357138,0.001390429412085723,0.004308181583503028,0.0018780383359389816,0.0019681263496175916,0.005492343332018208
100m_wind_speed_std_t+120min,0.0025984742428718163,0.0012749169778574015,0.002723962415740061,0.0031040304350427733,0.0021212392834123648,0.004403585535700586,0.002124350630079789,0.0028673976885438606,0.0033564566937839117,0.0028024255056434415,0.004327704616391202,0.0022688800291434746,0.002867182728802618,0.004242209709056624,0.001573672416893487
10m_wind_speed_std_t+120min,0.0015164530088137554,0.0020093241008053157,0.0013320362206320623,0.0012036673721613623,0.0014849088150695024,0.003054747451406001,0.001411433965815604,0.0019054511805793482,0.00198586195752182,0.002590685910053935,0.0022037171683132327,0.0032414545458309477,0.0011411233953074315,0.002677416937057842,0.004190262071053439
intraday_wind_and_solar_forecast - Solar_t+120min,0.008801179559217416,0.00447437593911252,0.01815150408941554,0.002651380064018895,0.004456118167759086,0.016024030216329265,0.0030915538578415182,0.004789367022499391,0.010314031142450403,0.005247425247899628,0.0034832212361188795,0.015270433551631869,0.004709908014235907,0.006167711399449388,0.009575234053249006
wind_and_solar_forecast - Wind Onshore_t+120min,0.0028969415448009384,0.0028222933139763883,0.006401373567176051,0.0016411893146805595,0.0026485063943568433,0.002648364877917288,0.005371235693274684,0.0019579018677877685,0.002181122088667962,0.001964007031716392,0.0016154322753789074,0.0027872960765957942,0.003788137111418564,0.0029251527932732985,0.006070034290321018
ssrd_mean_j_m2_t+120min,0.0031294820912662544,0.0015542957700495207,0.001669365940221553,0.0015725849488208042,0.001989584727893998,0.001431114096046258,0.0008753755982071425,0.0016098548068694072,0.001892480158766375,0.0025455566706441457,0.005222421167403809,0.0042819822194651355,0.005367306772481243,0.004313835342868061,0.0014021982467895668
ssrd_std_j_m2_t+120min,0.004612511491091937,0.0008267757538991703,0.004450545927262283,0.0012372234423089594,0.0009550470053145546,0.004547405433626409,0.0010586531776837092,0.0018377593709637948,0.0050337340589030645,0.001057124776113426,0.0034393647065408006,0.006601924002290616,0.0012351725575318823,0.0011160095236882625,0.0038707737576187356
intraday_wind_and_solar_forecast - Wind Onshore_t+135min,0.002831200584899079,0.00881097884857445,0.015449728766194312,0.01178395211026509,0.005395023533130825,0.015258631680133476,0.01157005880691213,0.008338902926576793,0.013862924830369593,0.010886631096029305,0.010879506997629506,0.008596764933019585,0.005835152701388324,0.005333683365298384,0.009447863727910772
wind_and_solar_forecast - Solar_t+135min,0.01084602380510114,0.003335045341904788,0.01781915899759042,0.004729076593577247,0.014581189924283535,0.008004181340384093,0.0036520925801160047,0.009735957795573085,0.004609417430715439,0.006069781493446499,0.003480292654450295,0.006210737348491421,0.008383510597490386,0.008376043004453096,0.0069785553763495045
100m_wind_speed_mean_t+135min,0.0015739881247563972,0.0023337635100870104,0.00447843599187945,0.0015671206031047404,0.0026332311910909996,0.005767618336315763,0.0029910036536712143,0.0012843040885031768,0.0063899365101715375,0.004123107696017541,0.0021340645467716967,0.004866190503245889,0.006390698118877481,0.004096862080766186,0.004845019144207981
10m_wind_speed_mean_t+135min,0.0012423651139924915,0.003665967293189169,0.004790701117868593,0.005389666034603124,0.0010413819209198465,0.006784977355708179,0.00437878174521029,0.0014237334608114907,0.001147477772270122,0.0027862099663088884,0.002564010584028438,0.0013026925033950646,0.0019494272238237613,0.0027470533616105967,0.0032182026327604945
100m_wind_speed_std_t+135min,0.006738934070237974,0.004563328695837299,0.006274533430951123,0.003986043679191425,0.004756764499512428,0.00493992271658999,0.002888810937280141,0.0029371263896880466,0.003842189814996381,0.004303167681091736,0.002386336539690092,0.006552902201809957,0.00512496819290709,0.002740993481551868,0.0012598751546352106
10m_wind_speed_std_t+135min,0.006056942727183923,0.0061820574382950326,0.001630736786919215,0.0023905202695150363,0.004579077070986272,0.0013045053142611777,0.0010600453178676616,0.005614488939627336,0.0015362815469397901,0.003007527949359428,0.002625019924062684,0.0014456786988055227,0.0025491568026036475,0.003528205758905983,0.0012426649755914241
intraday_wind_and_solar_forecast - Solar_t+135min,0.01010091256148371,0.008314010786845755,0.009994974154898955,0.008117897203997927,0.009561830040314816,0.023572399495249557,0.006741646571343608,0.009952293418049521,0.009743943858015655,0.014096759069092513,0.012626256046605704,0.008565494580583505,0.016921034248051,0.013265288874712497,0.0049340485146294666
wind_and_solar_forecast - Wind Onshore_t+135min,0.0063319619928224715,0.007512609111153097,0.0046472043491621665,0.0038730149296425224,0.002775600177717024,0.0026867277196290615,0.007080679359854912,0.004978945736138485,0.0033062050521893978,0.008291937346851682,0.007765734968961624,0.0047364967856565274,0.01074349669444564,0.010458747287022561,0.0020004987709335183
ssrd_mean_j_m2_t+135min,0.0019781500105472104,0.0034035184990752897,0.005617575539705285,0.0039151094504529735,0.0012248630625490478,0.0037819845805335036,0.0024354563124961716,0.003840212986484403,0.0035340039321199584,0.001078523499109906,0.0019325380040036179,0.002432101319561298,0.0022261472301051983,0.0013953396622348607,0.0018328874002087332
ssrd_std_j_m2_t+135min,0.0009773312036895731,0.0025059188413697484,0.005822214238385641,0.003917092879993106,0.005171498320781275,0.007452025636725011,0.004089276253442221,0.0073274563133791165,0.005746040602178254,0.0035347156079551497,0.0047216785227738,0.009993725516746054,0.0037863492802462134,0.006877682426246338,0.004318205592637242
intraday_wind_and_solar_forecast - Wind Onshore_t+150min,0.01250624069145124,0.0030318753014998948,0.02294010852197607,0.014650180613418343,0.015293112435538206,0.012221840737421871,0.015412400399669422,0.01731537543032755,0.01998337196646389,0.016515508369688178,0.011766940647621172,0.02112134832445736,0.01259105651943537,0.01060222989304566,0.014145246097685232
wind_and_solar_forecast - Solar_t+150min,0.0042058845685061215,0.005253124516442312,0.021884318816577434,0.00675155814906536,0.008285965470351585,0.02357368490995941,0.002783006829346505,0.004581529820703622,0.022937720996622373,0.011755686888271158,0.0045684171315497225,0.00972909490170423,0.005177196064586042,0.012694479607939456,0.003777004607282379
100m_wind_speed_mean_t+150min,0.0022806610925281347,0.002099938007138917,0.002144117625582794,0.004148624540651326,0.003300722495088621,0.002284987891853234,0.005308502735222646,0.0021774183533829613,0.002127714109938097,0.002876211974092257,0.00254744139642861,0.002444890331516035,0.007577739665648551,0.00501590196215966,0.00163218974461779
10m_wind_speed_mean_t+150min,0.001380045843127391,0.0019889227635235328,0.0018207056392705,0.0018429925516458923,0.0031596839092972004,0.00138271788072052,0.0014935184222385942,0.002298061162677186,0.0018055252901567655,0.002452771341805601,0.0013962544713465946,0.0026424155910353877,0.001610649830319744,0.0026764654765011075,0.00527499496017299
100m_wind_speed_std_t+150min,0.0016803512055894316,0.0009924522684752902,0.0020266962406813036,0.004107191975865135,0.0009165721212698372,0.0020634378243285026,0.0026340236837945666,0.001651414481018719,0.006036381547695782,0.0010627306372819022,0.0017373869830062177,0.0016320166111681261,0.0013102781542434058,0.0012880716594996216,0.0014391186386405934
10m_wind_speed_std_t+150min,0.0026587587987469304,0.002865166900305667,0.00433399996073058,0.006580196462065942,0.0035040565160707046,0.00525476641150999,0.0059082551570318175,0.0025689551381547064,0.003020188774049075,0.0030578067066016957,0.00520983062262917,0.0017876146366184002,0.005810492456563224,0.004046442186467175,0.005152100420367787
intraday_wind_and_solar_forecast - Solar_t+150min,0.009861429852884612,0.006601664361667645,0.018473792719771155,0.0033633473902903006,0.0059001527030814035,0.005438767372969778,0.0052654275012891955,0.014133501564268954,0.011699290530224971,0.004403075090696803,0.004745175869353261,0.006815815691858006,0.0023579730188753273,0.004751604141313465,0.0070294201903479915
wind_and_solar_forecast - Wind Onshore_t+150min,0.0029096276743341603,0.002598408362000896,0.008119368068233598,0.004419306719781161,0.008789256860189198,0.003683428063606698,0.0017660214107278306,0.003454887877154988,0.004018504444677092,0.0031142472507399363,0.00861448464453133,0.00823376936110617,0.002658937615211471,0.00812625469876366,0.006130652198743064
ssrd_mean_j_m2_t+150min,0.00422065327688506,0.007572721993987216,0.0024945259887847442,0.0062715770451250135,0.004720966279252025,0.0020178913359213766,0.002252525212824821,0.0020873986294500354,0.002008718170789507,0.0010059583598122116,0.0012733604135495397,0.0017189366360562416,0.0022071978801359365,0.0010785251723254988,0.001523187235292653
ssrd_std_j_m2_t+150min,0.0015003777283855014,0.002205438410114766,0.0011102349038130796,0.002497165007984222,0.0012165149060201657,0.003282594090247585,0.001314439845479228,0.0019242433845520282,0.003033164341428346,0.0008568926572597775,0.0015434176995704548,0.004009855664953647,0.0012378501218338442,0.0012512275834972114,0.002613830546322788
generation_forecast - Scheduled Aggregated_t+15min,0.0037367686495974797,0.007675413863060385,0.002422645325648773,0.005224526301462902,0.009362453653591729,0.0015608097377617014,0.005250618242313067,0.003004490021847232,0.00317196598522105,0.004365275060791419,0.0048998394820391694,0.0028771898081031396,0.002698002520336388,0.0021021731607852416,0.003671083446622106
generation_forecast - Scheduled Consumption_t+15min,0.00314078366139438,0.004160016878100577,0.0027971791419477087,0.004268541581579484,0.004164772285090294,0.003759286094806157,0.0028319860450974374,0.0010144166611136143,0.0025662141473821974,0.002033525439753248,0.0018514360314438817,0.003889447588007897,0.0014723559943153929,0.0038288486995434142,0.001076825345770203
load_forecast - Forecasted Load_t+15min,0.004096144840024976,0.004359305648869849,0.003802960067974709,0.0024898368105641566,0.004635328994674637,0.003022587848186049,0.0023623574634120815,0.0025957530559016957,0.005372404490140525,0.001462496247711897,0.0014562983788705423,0.005035213461023659,0.002594821329070328,0.0017076860672492842,0.006581399626413713
generation_forecast - Scheduled Aggregated_t+30min,0.012116018274371981,0.020371508302472648,0.005968398977893343,0.016828006394312978,0.013458477277265046,0.0031663572928137002,0.011271622585998557,0.007614866571373568,0.008144949985846323,0.011753183637963956,0.009585578079108871,0.006120206413366759,0.013668030602890213,0.009837244601389102,0.004060117173945201
generation_forecast - Scheduled Consumption_t+30min,0.0031183107448014198,0.0033269579149200583,0.0035200875087975873,0.0013264273102631704,0.004479718396323733,0.004348354637651937,0.0030193132749118377,0.002013296706247047,0.007312100393464789,0.005727874273667112,0.003318594221229432,0.002378704049009684,0.0033256257330067456,0.0014298862417022064,0.0036025892784455208
load_forecast - Forecasted Load_t+30min,0.00570932483411525,0.006795894816455985,0.002400285175725003,0.005671607057123765,0.00707524031991943,0.0023541817509078553,0.005179678793844232,0.002369168869769965,0.0017491522963919124,0.003205691072253103,0.006526165824725467,0.002157497374821105,0.0059157035193184125,0.0044195218488966926,0.0027526576613054205
generation_forecast - Scheduled Aggregated_t+45min,0.01539753430448036,0.012734082003487857,0.011507029050233542,0.01598447707190644,0.014890119422110729,0.012094394564373943,0.019878387214651412,0.016150613718651584,0.006159713190385446,0.0070408742356448785,0.010593482293143098,0.009247649191559503,0.008356062873795964,0.009933857454219833,0.006994554202999098
generation_forecast - Scheduled Consumption_t+45min,0.0021754737386027044,0.0013255315745325901,0.0018477411468643368,0.0033829453389970466,0.002219877512999119,0.0024184519409463975,0.0011528017678160722,0.0010644134890326314,0.0011039231029099027,0.0012816028092636315,0.002581645920119172,0.0011494412019773107,0.001474634933035304,0.0014389636159576184,0.0013534328854584601
load_forecast - Forecasted Load_t+45min,0.009042670382055803,0.006876827251682698,0.0019091670425818847,0.009971758761224919,0.00573166579606459,0.0013596355625495563,0.00744145924316399,0.008553852182727952,0.0023268711622804403,0.007976255543951993,0.0058774404604664595,0.0049678765284697874,0.0060129671569357016,0.005514724018775269,0.0034387151745158915
generation_forecast - Scheduled Aggregated_t+60min,0.005099347821771517,0.005308103197017772,0.006170912530604255,0.009366616751998662,0.008697746705500322,0.007220392706941311,0.00501798518760188,0.004809719759035943,0.008247879180123164,0.009624006762796853,0.014793814683172968,0.002639848610434001,0.0044453823802950865,0.0033333065645101668,0.007100485934444805
generation_forecast - Scheduled Consumption_t+60min,0.0025397105739211837,0.001439826801141578,0.001335310774091795,0.003423748681278084,0.003520915696572047,0.0017013677215672943,0.005081799656385556,0.002582268012705754,0.002377349679412873,0.004314444958403328,0.0029416684645793795,0.0015932027661001485,0.0037571008603990777,0.0025405616900952737,0.002299454778087238
load_forecast - Forecasted Load_t+60min,0.003931104764149495,0.0054980634051444216,0.0025989210393723497,0.008528361376025714,0.008188578618428437,0.002104723523738812,0.007101383550216269,0.005575730041040515,0.002116184542450128,0.007804026768281801,0.009634892230604236,0.004123222647548914,0.0069955585327261365,0.009263876476339647,0.0019615285541258343
generation_forecast - Scheduled Aggregated_t+75min,0.007784187518702311,0.0042868833260381505,0.003340353098511059,0.00986483692227921,0.005320435867283777,0.005626596877536713,0.011555046447683707,0.012126449863248127,0.006135317550467562,0.008062867523141904,0.003338373818849277,0.00260761694348912,0.015196781179722165,0.01100994130790059,0.002594904224701736
generation_forecast - Scheduled Consumption_t+75min,0.003298958341940306,0.0014483980491640978,0.0015826056969212915,0.001960182142087433,0.0016088249169170013,0.0030861791927382,0.0014345240858594935,0.0038851618101616624,0.0017040787060022921,0.0018836995523997756,0.0018031515509533164,0.002041058643545966,0.001181386412065649,0.0012787597302529612,0.0026508524573255273
load_forecast - Forecasted Load_t+75min,0.007306423829242703,0.006091694486796769,0.0018498139096082013,0.01033230670053308,0.008432354070682777,0.0013490382873948192,0.009995495188376481,0.01049509676136222,0.0025845063043528,0.014538768838167015,0.013103798527619802,0.0034853566162528294,0.01013746115340109,0.015247019200895011,0.0025993479624812606
generation_forecast - Scheduled Aggregated_t+90min,0.005872123596890106,0.005901893317939084,0.005465672887547043,0.012183619535018807,0.0036579769616391787,0.0053232021748845,0.010800487504442572,0.004558841409729212,0.006202802404525755,0.010534083901655321,0.011089353537419811,0.003053290944395485,0.008707952855565963,0.011796912535806768,0.0046511438855304735
generation_forecast - Scheduled Consumption_t+90min,0.0019181265559491294,0.0015859929895800065,0.0019643625181788595,0.0015146432697232513,0.0019103199946034692,0.0016033741666633431,0.004062857239157893,0.0031835607850953236,0.002296444603335857,0.006212446191580966,0.005948882438708097,0.0016301532130455598,0.004964551331475377,0.0058492746583651755,0.0013237851806934486
load_forecast - Forecasted Load_t+90min,0.002204136137463971,0.0036010056827239507,0.0021663604711882273,0.00565639563795321,0.004824810635989707,0.0019383700100195256,0.00771157192888495,0.008735273510878641,0.0030543793420911244,0.006717878972105609,0.007366453802747855,0.0015602843635781482,0.00978176195841661,0.009363932305353956,0.001249775029430225
generation_forecast - Scheduled Aggregated_t+105min,0.002114983629663584,0.00414706406092273,0.004394418845862674,0.0029829045903143198,0.003214165773799323,0.007140567625414406,0.003616631944264402,0.002551186523048841,0.002569416115803506,0.00335056298061636,0.007608522759546758,0.004373413177973361,0.00689066617809749,0.006135376646274381,0.004994700017208743
generation_forecast - Scheduled Consumption_t+105min,0.002103227335753218,0.0015206831196836958,0.004707845067488961,0.003707271675404627,0.0018994973247836242,0.0043152867703825,0.0017360117267662646,0.001745922995491128,0.006215819855686277,0.0037100527352886274,0.0018886916813747377,0.005853836548747495,0.006665453222114593,0.0022915586693743537,0.0047159579076978845
load_forecast - Forecasted Load_t+105min,0.004130123159487084,0.004363435525219756,0.002623201748730935,0.003649716833998809,0.004469169324558607,0.0014567562845979865,0.004282946211026207,0.0030822201171977212,0.0048785182233987145,0.008435863158767461,0.009344032816743635,0.001682998513631901,0.00782814364524529,0.008848465153814686,0.004076045103594879
generation_forecast - Scheduled Aggregated_t+120min,0.004821729351959221,0.0044846097033587285,0.009400483181445225,0.0052507924929414,0.0026228861344225153,0.007581574296556937,0.0028853569768398303,0.005961854143519304,0.009274938319613284,0.0077228211550755075,0.00776005991874672,0.00860282935474811,0.002842436750031993,0.006675751731463606,0.009751938867253557
generation_forecast - Scheduled Consumption_t+120min,0.001024758819775002,0.005060120646376163,0.006801277436316013,0.002284216380337398,0.007073729655239731,0.007458341967780143,0.005267282437765971,0.004327538702054881,0.006143092485028319,0.004495179515215568,0.0034406610994010406,0.004889029020210728,0.002387463063620089,0.0009468702044537167,0.0035201847621938215
load_forecast - Forecasted Load_t+120min,0.002376719793461234,0.001882866860663782,0.0029049760716682157,0.0015370101884084307,0.002506304456509952,0.0025256837146239094,0.001293984128168944,0.0014440144634227181,0.0031914869451884443,0.0010703834884494298,0.001444410626834724,0.0026693272462465245,0.003177400944565761,0.0018281014501667415,0.0013632753305973893
generation_forecast - Scheduled Aggregated_t+135min,0.007255495276782312,0.00588903744700292,0.0026792924890387437,0.008759641073331294,0.0026320513035007027,0.006121271979161975,0.0023404666203114175,0.0027093584998660845,0.009772067300509661,0.002241870377356463,0.00411543929106665,0.0025617067660075464,0.0063449286257127825,0.002770126907051008,0.007461292006409451
generation_forecast - Scheduled Consumption_t+135min,0.0029528986585555684,0.002333886615175288,0.0016148166051170847,0.0008177727721398469,0.0008859528225301005,0.001111627972612041,0.0018074476962756307,0.0022860241544226485,0.0024434758457928182,0.003155468527008907,0.0024545425892229106,0.002870968083938351,0.00096546474284645,0.0015151763690555526,0.004176947035236481
load_forecast - Forecasted Load_t+135min,0.0017800170901437582,0.0011496858484058236,0.0022482244925047324,0.002206718090294089,0.002322027256501201,0.0021724252351586985,0.0028391537085935854,0.004943521394298841,0.002290312396671709,0.0021955159649405687,0.0015026496050431887,0.0014947116047969757,0.0011609856309896713,0.0018936684194558778,0.0009310670456452499
generation_forecast - Scheduled Aggregated_t+150min,0.011726129799281807,0.007047634103037126,0.007621948556035932,0.003728400393973061,0.003946923920796507,0.006528780517663108,0.0031363729846016213,0.00582791666545927,0.003541535950589605,0.0022662506659685278,0.0042624082326465215,0.008890223510690702,0.0036013019464526223,0.0035177061921385757,0.010291137393818645
generation_forecast - Scheduled Consumption_t+150min,0.003294069684459828,0.0014336883848434354,0.0020468470883497503,0.00499576587456977,0.003502136792172678,0.0019290249697914987,0.0033600481140310876,0.001841879639060153,0.001188823980563029,0.0010739688239473253,0.0017784354431767042,0.0016168992470229568,0.0014170255895828631,0.0009739146105680448,0.0014504993851696781
load_forecast - Forecasted Load_t+150min,0.0021180176547468364,0.005248008769820899,0.0061790715996262405,0.004782815798920637,0.0029306072962745587,0.002649862500042673,0.005539862443481979,0.003009719629135361,0.003469199443863545,0.004704980827046711,0.0014517015533452877,0.0012089442261976728,0.0029372413883636457,0.0022851472020784056,0.0014408664646466604
