Feature,imbalance_prices - Long_t+15min,imbalance_prices - Short_t+15min,imbalance_volumes - value_t+15min,imbalance_prices - Long_t+30min,imbalance_prices - Short_t+30min,imbalance_volumes - value_t+30min,imbalance_prices - Long_t+45min,imbalance_prices - Short_t+45min,imbalance_volumes - value_t+45min,imbalance_prices - Long_t+60min,imbalance_prices - Short_t+60min,imbalance_volumes - value_t+60min,imbalance_prices - Long_t+75min,imbalance_prices - Short_t+75min,imbalance_volumes - value_t+75min
hour,0.01946420839545317,0.022877750161336734,0.039580919764470306,0.022416735118371434,0.023262307106982915,0.04207676742877811,0.02080776532040909,0.024028028996195643,0.042157615336589516,0.030985045034671203,0.033025955787394194,0.054983840501867234,0.031030093050794676,0.032234899890609084,0.046790630190167576
dayofweek,0.004556112062603461,0.005281337828466349,0.010300576215037835,0.005055298147355643,0.0047470082852778435,0.01292838901120922,0.004632918649007479,0.005089423143957902,0.020940133066417274,0.005110509124562668,0.004354136943835328,0.012308738242871186,0.004510249045072897,0.004479434658411265,0.013364434753962996
dayofweek_sin,0.005952333168704428,0.004815950053883171,0.00952757076804255,0.006683960932433365,0.007108466902462169,0.011335099512837588,0.0076019592731126975,0.008472287487996936,0.016475627324100968,0.006491214244233561,0.006917097301978252,0.011996692618260568,0.00759199069724491,0.007858008746941777,0.010478612639620223
dayofweek_cos,0.006880224166394328,0.0053451385790322095,0.007222722675343902,0.005373907448465616,0.005317184185871156,0.006827292856594795,0.008383665340626066,0.006819377696912852,0.007532626865351631,0.0057987942926265535,0.006024008579928022,0.008024527592031518,0.007884905319666586,0.005866507547898437,0.01021613746623916
day_of_year,0.015679972897152766,0.013933028744038893,0.009020337855647086,0.017955253482236002,0.017184699370387534,0.007082294244191871,0.020466052589545144,0.020531090255652088,0.006286007823020441,0.021719388726283796,0.02475041460363991,0.010713020607265207,0.020354725884121763,0.023504790237609995,0.010929847753527611
is_holiday,0.0021461649247553395,0.0019483172320669837,0.00271845417924078,0.0023005173690344234,0.0023818077365704085,0.0030749908466234503,0.002380562740517121,0.0024542883631511357,0.0034501157016302384,0.002659468627822207,0.0027316611064061363,0.0034534688461872066,0.0028054203335282184,0.0026638545856221755,0.0034047672796426696
generation_import - Generation - Hydro Water Reservoir,0.002226095660431383,0.0018241471688579623,0.00411860051583426,0.005238526217599428,0.006268278762086993,0.0065678836939696335,0.007025379243086718,0.007410606021759122,0.012423391085353614,0.0023375973426454947,0.002316848000684331,0.003873352010778035,0.0033920802466698204,0.00232484537673281,0.004651143268621126
generation_import - Import - RO,0.0059725650975597094,0.005403827198468207,0.009201391523500206,0.004456969341408695,0.004680671095971775,0.010993118842263356,0.004902243293981883,0.004338894345535664,0.009423218154257484,0.006008588410240009,0.006614795388595667,0.012764444980151893,0.007482228277032846,0.006952493446369772,0.014423149226611713
intraday_wind_and_solar_forecast - Wind Onshore,0.007555707698904371,0.0020725151221258785,0.004708421897382323,0.004736361658226087,0.004699239316656531,0.007715845310347504,0.0024350307087051986,0.0033354122153068603,0.004456928473839071,0.007237851366171526,0.006819251169916243,0.015821174529890413,0.005805057906145521,0.005875565030992761,0.007666692247687024
generation - Other renewable - Actual Aggregated,0.01162116513605588,0.009459117828097363,0.014805325612253,0.009811692908115219,0.007402795833146228,0.016972978044708726,0.00874614853489038,0.008252403190985205,0.009542468850588194,0.011422725748670927,0.0101340925541881,0.016323297656330397,0.013619859856255061,0.0138762317354267,0.019995006664365066
activated_balancing_energy_prices - Price,0.02278483578914893,0.021845056314894463,0.012469211155379526,0.017187863097002265,0.017020194346172503,0.00826139443278953,0.014002149719650333,0.015467439011517854,0.00577866891650774,0.01625386680588417,0.01586090928473277,0.009852864012558712,0.013817070034041536,0.014753113432700048,0.0076237434620088605
generation - Hydro Run-of-river and poundage - Actual Aggregated,0.0035257867666819037,0.002309058612669901,0.004351538611066644,0.0032772684832980304,0.0032304007122045276,0.005202768303814537,0.006342391432695877,0.004930403419984827,0.004432113926854072,0.0074163167560764125,0.00656195755378576,0.010135301158250513,0.005504244661937264,0.005378439032611823,0.006938446836218646
wind_and_solar_forecast - Solar,0.006432820485759294,0.0099086665683717,0.006161174725476485,0.004152455724899937,0.005063968762640798,0.0077876642161390916,0.012779117215613952,0.01079075288846434,0.014677066797566682,0.013556194507184045,0.013503068691847147,0.021371860382427256,0.004277715657348381,0.004094137099832551,0.00738631784754034
generation_import - Generation - Hydro Run-of-river and poundage,0.00476441288060596,0.005183854053357208,0.004655682092816733,0.005529421925884483,0.004881634822489105,0.007063468726913925,0.0025904383387944565,0.0027078272710099895,0.0027315983957787466,0.0019052042230900952,0.0016529154727301148,0.003021372264108777,0.004961547691767919,0.004183214247697833,0.0038967859487256647
generation_import - Import - SK,0.030810664095952234,0.023151265180635164,0.0541453400204191,0.03321019314770092,0.030564615335562848,0.05669884556374564,0.030848312269547023,0.030473885128696566,0.061022779855993574,0.018696141706124762,0.01991423759724421,0.018064141106226315,0.023661767547688214,0.02729748164105695,0.044555922742605614
generation_import - Generation - Solar,0.11720675073377788,0.11450625045364722,0.27792017786682116,0.12564572115871123,0.11942554193479009,0.27574416898807974,0.12439973903214559,0.12105201127473265,0.2735240020523779,0.142254573488608,0.13815645271446556,0.2886161597995088,0.1546754387617111,0.14467604835890233,0.26872325214929876
100m_wind_speed_mean,0.004855772112325212,0.004439871931948346,0.004491570743627563,0.0051965050569451705,0.002331158817591131,0.004110437981320501,0.005991453044783156,0.006068865743507558,0.007928272395736713,0.010732258365140296,0.010246570291610625,0.018078247951438243,0.012136316429845464,0.011564934727903164,0.016472304737428202
generation - Fossil Gas - Actual Aggregated,0.177416919064126,0.16565465992968528,0.31600164812146614,0.143439287549234,0.14310021437065734,0.25057917520430784,0.14682595334062354,0.1430306826767046,0.25185125657499885,0.18600845378322992,0.18435935317818075,0.3334024610971101,0.19026894605276176,0.18003381315572187,0.30029210230032916
generation_import - Import - UA,0.03203769541707879,0.021789147011993918,0.05477029699309787,0.02824961432663258,0.026785334223415704,0.05930891751672607,0.0251037657881825,0.024541361927142135,0.06182354876573663,0.031568691473687065,0.027253762278705837,0.06444759348384105,0.030919115663333288,0.025069301835348598,0.06092091868611169
generation - Waste - Actual Aggregated,0.002779332236689697,0.0018050634618425648,0.004729825174363214,0.002357385115199577,0.0022798805948204973,0.004824474342267877,0.0020767525045225737,0.003767932524634489,0.003451562240164094,0.002286745638833054,0.002045926131651868,0.004418759872331521,0.0018639806896278382,0.001480828465693662,0.003315231718854193
generation - Nuclear - Actual Aggregated,0.007464147537826648,0.008412900496346992,0.00990754173066307,0.01208880430572026,0.012275341287662741,0.01891404963741661,0.007805337865429465,0.008258294717146782,0.017901466624869498,0.006795399494272715,0.005449405677354662,0.019236392144637647,0.005712964156731005,0.009040671085072973,0.01870665738196112
generation_import - Import - sum,0.008183993260005082,0.008269336076675245,0.011340158433682518,0.017679849988140633,0.014342641284223646,0.03832365299912635,0.013960426573616132,0.007828670557416671,0.025616136682685465,0.010164122499955283,0.01172011250007563,0.022831026073796237,0.009829284776868008,0.00929444482980034,0.012068017422756384
10m_wind_speed_mean,0.0031899825691925365,0.0022138042758450636,0.009283482348400866,0.002453634550318839,0.0025687698916744923,0.006161654319106674,0.002476924123846402,0.0029512553757995194,0.010533542136652613,0.002399620421540021,0.0025184686286524992,0.010748441861697756,0.0023419725479943737,0.0022191895970054246,0.00941440106317168
generation_import - Import - AT,0.03638110531203711,0.03522517321708438,0.0539889725879184,0.05248394306912087,0.05282431580728735,0.08728118612250546,0.05262361723950016,0.05030159104045015,0.07512602309724571,0.04113133374052631,0.04171972319000634,0.05807774211274227,0.038030426930752585,0.03737361604516627,0.04839342199449311
generation_import - Generation - Fossil Gas,0.1845205773669295,0.1683533345409669,0.31519028514181263,0.14378165459120645,0.1408353974618949,0.2355772062103497,0.14974748708074911,0.14607421037438326,0.2603586199321435,0.19688813885155831,0.1903943357965909,0.3572626524332445,0.2004423247963423,0.1863565650791861,0.31914240786852316
generation_import - Import - RS,0.00315203969635877,0.0016692670945981263,0.004668735007151554,0.006459854657485266,0.004829282663831691,0.006430537336604175,0.003803003086752142,0.003952118377350417,0.006235972389213884,0.0033504355923514597,0.003850142540449269,0.01652645894252055,0.003303811634388694,0.004705390823271045,0.005346842841638136
generation_import - Generation - Fossil Brown coal/Lignite,0.030988883382971837,0.029842158452243892,0.055388528823568775,0.042424166737677294,0.041246533724188336,0.08169439028506167,0.031867039094679056,0.031013488115233485,0.05912359765255678,0.027861673116695327,0.027349025936008388,0.04404557323663539,0.03509190196581767,0.03512118602263945,0.061830302435002524
generation_import - Generation - Nuclear,0.007847271960257786,0.00841936343672569,0.02210887630248908,0.013173549177889071,0.013548681713553378,0.02471545094071189,0.019099340783781373,0.01764586207762477,0.034128834246919725,0.01860976270143874,0.01826762381836306,0.030127563275396823,0.017783693454657624,0.012388433749860268,0.029576082471641712
generation_import - Generation - Wind Onshore,0.05959578106223489,0.05865184776991373,0.09703311307280092,0.056325232229719406,0.05380842477275292,0.0875235292964644,0.05105072179666604,0.05090907627731212,0.08816956053778995,0.046505413112259704,0.04738677503709914,0.08268868184590246,0.052537152241891816,0.04747354819024258,0.07660977855406235
load - Actual Load,0.16227565602969843,0.15351770582213067,0.29665904996474274,0.1659201320745051,0.16717556634102948,0.2856040704094339,0.16095989853492937,0.15456310939462856,0.26806339370366183,0.1640854079091805,0.16299289743974804,0.2692402107778471,0.18376901185791938,0.17442730577365728,0.28441729362029583
100m_wind_speed_std,0.00618129933569162,0.007386929873125155,0.007159219505463625,0.005047884468262055,0.006700084176996597,0.00801116704044398,0.006949069129749432,0.006105194446712631,0.007423570481134447,0.007665492951819943,0.007687903382076911,0.013184831851722265,0.005489914415129533,0.008059044760772394,0.0078073910463022
generation_import - Generation - Biomass,0.016464233884151327,0.014740785390865312,0.02545769539118919,0.006168027022915339,0.009779633621325046,0.013418504955781828,0.012785162285617845,0.01597065561850377,0.036419872477410534,0.008870246648422835,0.017884256007661862,0.020812651732943777,0.02064926053896011,0.023256874990682262,0.04030062150229242
10m_wind_speed_std,0.0027294590739447813,0.002520114908367759,0.012888593423936981,0.004169702986245283,0.002665777096790407,0.015767880107950986,0.003806269010650794,0.0026272501837236177,0.005484948395282118,0.004054053651711001,0.003811714999694459,0.005873717268351356,0.002924943571739277,0.002984528434769345,0.006290221898201708
generation - Wind Onshore - Actual Aggregated,0.05066882895940216,0.04563004164853191,0.09874346266678186,0.046943199799789,0.04607997524930397,0.08991224751222762,0.04517077287896245,0.04354841437065625,0.0813997926548036,0.04478244856557285,0.0460339403450489,0.08396377780463081,0.0482564822469285,0.04718570459270268,0.08533963405135728
generation_import - Generation - Other renewable,0.005814895687409262,0.008056786004988681,0.012124958634275571,0.007396505946715479,0.004355159024198656,0.0060671435857511825,0.003997820459622744,0.003830946423421665,0.0055207566164583565,0.0083780325611242,0.008144981355188066,0.012362066172452614,0.005141863296708835,0.007625166719525623,0.01031729162981719
generation - Fossil Brown coal/Lignite - Actual Aggregated,0.02583876179048093,0.025086722099614236,0.034504756970942255,0.05693869533427642,0.05627786051714793,0.0995174629938847,0.03663464024217683,0.04036233635025564,0.04804399278160418,0.01458462282997698,0.01623169783578487,0.013718212515027518,0.033670439061825166,0.038360455545946026,0.04093257940653711
temperature_mean_celsius,0.007225087144499411,0.009856312624382553,0.024182439636097116,0.018483063856634546,0.017722124156909557,0.03610657190839993,0.02223077259504498,0.01990421508860345,0.03763624591165717,0.01751549954674556,0.018882702024886386,0.02952755224844077,0.023096286385305576,0.022656872161976933,0.03771821558565716
generation_import - Generation - Other,0.019285683569061803,0.02119042941117459,0.02690827572701528,0.017426007534508244,0.02147855438408169,0.028936383575492074,0.019002935217318054,0.015525740965309523,0.021789305110782153,0.020202654149121372,0.02075997905602344,0.02734001842548605,0.02774798615962209,0.027876353267391095,0.03966371673309186
generation_import - Generation - Waste,0.0019513712845148348,0.001817032981845955,0.005547834277263974,0.0028854873271068867,0.00319841021421189,0.004643306138710614,0.006484076972839944,0.005488995875341061,0.012984306557020318,0.006280484794416196,0.006869449484864162,0.0107143347061467,0.006456401681341958,0.005838119372513575,0.009300742604747484
temperature_std_celsius,0.010358695626628105,0.006865714342436149,0.017636043056845664,0.007864859079507824,0.00578426250677876,0.01562501703451562,0.008088029559057758,0.007227980051266058,0.010455593019756635,0.0075621932420053785,0.008053865215133555,0.009947336942515221,0.011334555153731343,0.009812085552275675,0.015527564089323277
intraday_wind_and_solar_forecast - Solar,0.02315129904702917,0.020873475193511695,0.027422421260562258,0.012677998267565271,0.0077922155210617345,0.011825496699282666,0.010922837470890954,0.010304981806562865,0.008412227216938845,0.017874855897258384,0.022964820522931403,0.022441206073912326,0.023576810882077553,0.024841148431325562,0.03850762266959646
generation - Biomass - Actual Aggregated,0.024205162905782344,0.019218374080701324,0.033385066632326925,0.02332913610355172,0.02629681619301846,0.03624235617991508,0.019865945256398846,0.019951241985676462,0.02232122037562294,0.026571090626501245,0.024034881729341578,0.03828472202381818,0.02354850995154993,0.029459723069623578,0.026390866844878475
generation - Other - Actual Aggregated,0.024007897708142992,0.030608284134701534,0.040003839168988635,0.01926977721170988,0.01806304796571203,0.026446481453924208,0.02225548713957869,0.021965700564382133,0.024155360815420863,0.0304872880227922,0.03261169076506485,0.039837211089325135,0.032459764197992624,0.03171483852659003,0.04055773633054923
wind_and_solar_forecast - Wind Onshore,0.00266299586425248,0.002069290503099637,0.003384597689651855,0.005300938563519594,0.0061314504730835325,0.005702197971950227,0.0030014503075526592,0.0025736089978613563,0.0027596709210918106,0.004576224712878684,0.004997944528215157,0.006945098745080031,0.003036222209421794,0.002955419596844877,0.005404549826977018
ssrd_mean_j_m2,0.0035841787285608006,0.003889619228279628,0.01761229341902799,0.00800347530677027,0.005321985335657701,0.012612220954775695,0.0038820024728952376,0.004734850207774798,0.030002881788183004,0.020455569187868606,0.02094576916483493,0.06395309868897311,0.013671976477523457,0.012775513304204195,0.0325525864205556
generation_import - Import - HR,0.006056080339476466,0.00675424484431278,0.008890242962050252,0.009081610087305307,0.008760196011164225,0.011294623431342188,0.00882752246502787,0.007867955778026953,0.015076304013375192,0.005090279759111581,0.005116020867950283,0.007313463375088759,0.002730186936760219,0.00271401669611987,0.004517843347151938
generation_import - Generation - Fossil Oil,0.0005966740598646539,0.0006335880565687262,0.005215554274502211,0.0006763936962022399,0.0005767160679774293,0.00466618025462958,0.0007970238029558913,0.0005223476131855023,0.0034658196691816556,0.0010638535181562928,0.0012521449518958434,0.0049797534298850225,0.0010504816438818238,0.0011342827968856,0.003593758667961083
generation_forecast - value,0.016651996518576198,0.015296243398970545,0.016372662929930813,0.01853935382647478,0.01617735582784371,0.020342771524428826,0.012349946037192921,0.011324619929364416,0.01410354586452013,0.006274613308843982,0.006416584564933146,0.03999392164966775,0.006336747080629721,0.008031762085632181,0.02610510661099397
generation - Hydro Water Reservoir - Actual Aggregated,0.011218528062810946,0.009301790639461615,0.03146208030231719,0.010372746583023399,0.008306926456366454,0.02317535724719346,0.002773156977036706,0.0030652064479454568,0.00839092329070263,0.007637433242451152,0.008752621204432216,0.017713540047247078,0.013975426367493129,0.016378917285546777,0.031655896821423085
load_forecast - Forecasted Load,0.021845697462998942,0.01816893291312954,0.053547107101985604,0.023906088894989807,0.021641551741158536,0.05596884517035505,0.039617252550997364,0.03688286556166713,0.08105740856498596,0.048237018981250004,0.04628624288952415,0.0932915887312265,0.04156080450679292,0.041839406326147584,0.08126247254322516
ssrd_std_j_m2,0.005491791693562845,0.006935554829191006,0.007317761178464025,0.006947939523457535,0.006290179827345128,0.004504407108006489,0.00401052534221526,0.0023708391518121063,0.004958996586206922,0.002334442489998764,0.002445203076553298,0.008503717751882505,0.00395677195478649,0.006367611757385021,0.007835433637403185
intraday_wind_and_solar_forecast - Wind Onshore_t-150min,0.011424301448379992,0.013048498811704121,0.008042945729436497,0.013043092935193273,0.011641932427011852,0.013074912942232913,0.010030734978477994,0.012262599166019527,0.012532833785102412,0.013533732292073181,0.008796914547616325,0.01575562653862289,0.014634009437984787,0.015980623841494776,0.017793899616925044
wind_and_solar_forecast - Solar_t-150min,0.0063334346309952706,0.00589327776531718,0.0509862649347051,0.005352929745553411,0.014394226328615332,0.02391531202470651,0.0072596368534736935,0.00941098522959146,0.04032997347946366,0.005554186677053394,0.009054597975865818,0.023959384476052947,0.00740034101479614,0.004900152391222946,0.05233466866414528
100m_wind_speed_mean_t-150min,0.0019658918242284927,0.002778374294302239,0.005588971287466848,0.0019581928093911076,0.002827750392927328,0.007793538402438571,0.002625682314932419,0.001933049755225511,0.004083026392621833,0.0033079843840634025,0.004585360261929281,0.004284344913832683,0.004863213247771455,0.00650151919410564,0.0048177523351369015
10m_wind_speed_mean_t-150min,0.006547527266040561,0.004314292467608311,0.009362535244492392,0.014441924668048159,0.013520278610228729,0.03085316141706426,0.007025261409669383,0.007419814313585448,0.009296228267652622,0.006817052054455416,0.006134097821042815,0.014417205005875984,0.011150274945116508,0.010986945565557108,0.024902648716961268
100m_wind_speed_std_t-150min,0.005687829699821578,0.005444640651435293,0.008949960998132155,0.0040636934168943525,0.0028457886711867105,0.0038874027898782517,0.007334252217630137,0.0045117181590467225,0.007664854752729298,0.012037387690485048,0.012838656755551483,0.01833127246663753,0.008374452538670083,0.00839445300816169,0.00983724478531076
10m_wind_speed_std_t-150min,0.007159445712750312,0.006247578381600306,0.005390869404699515,0.011011101753618278,0.010250543855741853,0.012633725151331418,0.007880193493396291,0.007580634006742002,0.009075952230600478,0.007594588014839246,0.005852718988669494,0.004145742402688484,0.00560132738025186,0.006959330720903381,0.007101278176585765
intraday_wind_and_solar_forecast - Solar_t-150min,0.008780580954047764,0.01110566943761114,0.012485685125815507,0.00900446163216293,0.01643972479212084,0.016727953068577335,0.014918339724332328,0.011915742318563844,0.018431246201274915,0.019317053955493976,0.022431344016789808,0.03196418103697215,0.021829245783390433,0.02194655745191267,0.029154479269796866
wind_and_solar_forecast - Wind Onshore_t-150min,0.0030100269695058158,0.0028444427139537824,0.0036115650415522397,0.0025906924768110003,0.0025844393020179267,0.00921333128601509,0.004722287119518569,0.003120299583565611,0.010360615158868313,0.008448914676213462,0.009475393281707512,0.016057950875659116,0.005146537845944294,0.004109050977005154,0.006004820416181076
ssrd_mean_j_m2_t-150min,0.014970475618778437,0.01534590121085057,0.032015487631098946,0.01719643159221232,0.019038660470192554,0.02759381832687177,0.012600642482662806,0.014513803162968544,0.015475962302647531,0.010147306154613034,0.01230762088073243,0.013153476200750447,0.0267914909465253,0.02358629672350071,0.041111077644061876
ssrd_std_j_m2_t-150min,0.00841731707316285,0.007125736326590612,0.006657365994678685,0.013719103946365066,0.012879427072562975,0.01578882301455451,0.011705842443947404,0.008119093283276015,0.008655069885651756,0.00403790127297998,0.0042855287319835044,0.004223215987653021,0.007737339770699691,0.008657106233415106,0.012721873301605229
intraday_wind_and_solar_forecast - Wind Onshore_t-135min,0.004999229256352919,0.004591620038030669,0.003175665905797814,0.00198800798614775,0.0021338773384850357,0.006950995353035978,0.0023274829034917277,0.0030990946812107724,0.012636027243028366,0.004940365990164537,0.006454736413246337,0.004805619171001922,0.003942059197226627,0.004137865305207924,0.004366887902200687
wind_and_solar_forecast - Solar_t-135min,0.006996361347275524,0.0048773314111385845,0.013856858293343976,0.004539762567549133,0.006235374104186576,0.00669746633593968,0.012594776383166277,0.006419264478441619,0.012990563023237598,0.01761578475391434,0.010554922470491874,0.02281602322658,0.008435317757312986,0.005627958843237139,0.016983124644814097
100m_wind_speed_mean_t-135min,0.00390890509795031,0.0035489667579813615,0.00914365642829216,0.005657155520610104,0.004450480147632334,0.00803052437972883,0.005943090009691332,0.0035322197823697936,0.004150634002655352,0.002936227069015331,0.0037048444645097333,0.008528947858740138,0.003993108411141293,0.0038071413630113965,0.005873978043749958
10m_wind_speed_mean_t-135min,0.004193202118403406,0.003653116210389271,0.005969441297463163,0.005710412572385394,0.005556851320157876,0.00667820036761077,0.004506882679145065,0.004164076756819895,0.006786056859160453,0.004009721064356199,0.004935350307683621,0.006456688996335288,0.005314168592562055,0.006127738417872933,0.007385249397655571
100m_wind_speed_std_t-135min,0.007176017025161855,0.007241509407474951,0.006273500607611822,0.002797832137299338,0.002569878276107374,0.005067151284434658,0.008389407301256141,0.005764740123118827,0.0074685282897135035,0.002692754850974893,0.0031049548318769667,0.004570952250935079,0.00590942382594585,0.0046597405696920755,0.005043335510446013
10m_wind_speed_std_t-135min,0.004362782642140246,0.0036652966439851297,0.009151894107716543,0.004079922847762645,0.003969143909465856,0.00701671028560213,0.0071739877084492035,0.0063719378692107965,0.008889627375961936,0.005339806107751656,0.00557100465143526,0.003701344851720478,0.00825770221998755,0.006723705872637766,0.0056811297401036425
intraday_wind_and_solar_forecast - Solar_t-135min,0.00473070881016065,0.008838076112397175,0.00879132179692715,0.011033099917789514,0.016146949167436104,0.009979454624080973,0.01420240235273377,0.01278955437897821,0.007797000983489852,0.00453292056531609,0.004394773718344368,0.0231165213623608,0.006560747130806704,0.005870438807551182,0.022130536865312023
wind_and_solar_forecast - Wind Onshore_t-135min,0.007793562505794398,0.006830016317935133,0.008091928277008265,0.006192087831903336,0.008209175475305528,0.003133674090880959,0.006391378578933654,0.00495412519176898,0.005000077070060797,0.00265227427987611,0.003734744055054762,0.009638207346451055,0.006011359543965227,0.00484392169858711,0.005526966370678337
ssrd_mean_j_m2_t-135min,0.013490823001091485,0.014184667133828042,0.02381102689051477,0.013042088288086234,0.012074308694089268,0.01629737313123769,0.019564857802099142,0.018310528315472765,0.030754717242554762,0.015834607453813078,0.016289780959672498,0.015716460698145966,0.012049159964430145,0.014489729269756935,0.01618084744094267
ssrd_std_j_m2_t-135min,0.01012320742920383,0.007895593748644387,0.007406839392220718,0.0035790453258523485,0.0034616760795420304,0.004771941160238157,0.003683937172303558,0.0032391114787419613,0.005417198418290354,0.0041495087797366065,0.0037532745397056717,0.004472162099821844,0.005840763324256841,0.005467607758244071,0.006216724306859305
intraday_wind_and_solar_forecast - Wind Onshore_t-120min,0.007918031501901169,0.006944783734188604,0.00714432587626834,0.005599021053532852,0.0054961031884740805,0.006213314886093485,0.00444765970088929,0.004177819277629169,0.005709881041510016,0.004743011306997687,0.0038667855218682233,0.009420765669294269,0.005543991238169838,0.006036090264287622,0.010175642083249841
wind_and_solar_forecast - Solar_t-120min,0.008773653429823752,0.00868880834957963,0.013689781163693624,0.005177729091448782,0.004604856681323781,0.014174758978920182,0.006648793042142643,0.005441869913731352,0.013162845926246633,0.007150253611296648,0.005293721033812289,0.03195657475752523,0.007377260975903482,0.008501296127044042,0.023020559293292536
100m_wind_speed_mean_t-120min,0.007821621931445406,0.007914103372925297,0.02484108931551782,0.011126969619799637,0.011662703716281612,0.02151642237245687,0.004381592474071226,0.005902818649119581,0.01907946578389965,0.004009227694496076,0.002988487843536859,0.012222989068533934,0.007711982187467583,0.007852642877000108,0.02410243976637139
10m_wind_speed_mean_t-120min,0.013127302075583429,0.009451677978714088,0.01010291100408358,0.015640872992218648,0.01541031281459982,0.01799130093738495,0.007432775797115028,0.007608919930382854,0.005218892681052466,0.003207606629044676,0.004024504182311034,0.014123723128834057,0.00508366910622658,0.005914618069749849,0.006460782319241844
100m_wind_speed_std_t-120min,0.007107060591963091,0.007147443190740887,0.007232449959561563,0.003610480539956825,0.0029016879887433333,0.004543823635916397,0.005191294819233008,0.004615857469963885,0.0038406555916317303,0.004736805965829944,0.003997043412339736,0.0039963740231687556,0.002869907163568314,0.004857412045943192,0.004414703489785324
10m_wind_speed_std_t-120min,0.0035688026931320564,0.003243653959736548,0.005867505531413372,0.003501777485598723,0.0035148079867694834,0.005256822875580383,0.003932933701966249,0.004628379605806004,0.005756099804423684,0.006762248627634108,0.006942538914205216,0.006750565722752072,0.0037396585145379503,0.005181520273306517,0.005121265623027284
intraday_wind_and_solar_forecast - Solar_t-120min,0.0037185079824212154,0.0031783223876514057,0.02013007003556413,0.012968785851799567,0.011306117279440513,0.016362734026508407,0.009533091832021456,0.004923263075659634,0.01791144130659268,0.009031226704537402,0.01088055501305871,0.008700324901901695,0.004377098975932313,0.0037445183903632826,0.013175736184341076
wind_and_solar_forecast - Wind Onshore_t-120min,0.005688990139507041,0.006195827390852855,0.005033110118505647,0.0042489642980399365,0.002553817064480427,0.005085301452212384,0.002067589326147754,0.002218693281844935,0.003199053358425772,0.0026495085930864663,0.002183918364906276,0.005206554133259487,0.0037822049109527143,0.0033181421181980113,0.005014847416588054
ssrd_mean_j_m2_t-120min,0.004157947691046502,0.0033142427452148696,0.00952642825924704,0.009333777383602864,0.010386967786504102,0.016286218999914125,0.01154215498104395,0.011607725243804452,0.0174145965315638,0.012001171598511063,0.01637859695608131,0.02463031735751065,0.007854957811621717,0.007387372597346257,0.009923275453867973
ssrd_std_j_m2_t-120min,0.003965990165874246,0.004938015789090059,0.006404392736093996,0.009202231651383045,0.00798966821221984,0.008140642119702534,0.0026712972917908927,0.0030782193136328715,0.00519599681897671,0.014189438211702508,0.013861714717073483,0.027326633329706966,0.005138015959575568,0.004840065333544772,0.004705700083304691
intraday_wind_and_solar_forecast - Wind Onshore_t-105min,0.004888068637294054,0.005965553988577085,0.005250001094815162,0.002218727342128659,0.0028287770651540993,0.006083616597963555,0.006577388789184625,0.006830089042563486,0.004821383542950571,0.00904113832677831,0.011467790319162304,0.012215117572974122,0.0048471881543482595,0.006039730948962642,0.00865075626257385
wind_and_solar_forecast - Solar_t-105min,0.004112981603542721,0.006368934036340505,0.017928629424230166,0.013309686457796488,0.01541484970023157,0.030370279528669927,0.006035098413985906,0.005795001269405475,0.006233821408222866,0.006174755761482629,0.004317899169371231,0.013187441650048641,0.004063660234915005,0.008666210616280296,0.006880128316395713
100m_wind_speed_mean_t-105min,0.002231654570083265,0.0031587602314248216,0.004091536808503861,0.002719032673592665,0.0023967524877944015,0.005723531484919249,0.003320384277731648,0.005075748875668978,0.0040947691708624915,0.0039208287814913095,0.0033850194984197516,0.004575011665280727,0.0036364983105777356,0.0027045554321175587,0.009085552581203957
10m_wind_speed_mean_t-105min,0.014693765164774959,0.010657242155780082,0.03518472210910113,0.0044191599326007915,0.003939087343101164,0.009969798204427206,0.0035898810048584553,0.004352141387025768,0.00786627203287935,0.004022066086334462,0.003555217888617335,0.011306709879489063,0.009804798998186015,0.008783031622413092,0.030390999887735234
100m_wind_speed_std_t-105min,0.006278774879297998,0.002705501055368586,0.013184305692011549,0.0027885462148624354,0.0024870495466311694,0.005476545251134666,0.00211921118522514,0.001894737713082975,0.0063483008639923354,0.006164431422087546,0.00434926425399317,0.010484200856466487,0.002977779733414536,0.0035050316916282894,0.006471350296516903
10m_wind_speed_std_t-105min,0.004054893699884587,0.003619446981008764,0.009669825472676166,0.0044738114239648895,0.004015363850424777,0.006336823518959136,0.008668566895055846,0.0077974198785741465,0.0054629898062376015,0.003864520407139935,0.002938928240426321,0.006397254804757722,0.004035587051434959,0.003483631947489357,0.008383960501716615
intraday_wind_and_solar_forecast - Solar_t-105min,0.008453511248191718,0.005618481618312216,0.016759175878381938,0.01071525039611879,0.008795146567797929,0.01891335933038499,0.004915193914079282,0.007336228810687317,0.016679199098449317,0.009656835299553678,0.008313854149015242,0.016698799244721157,0.026147933681320866,0.020966341869920142,0.03788099822105141
wind_and_solar_forecast - Wind Onshore_t-105min,0.0028677662184618384,0.003335800985269998,0.005200978487559041,0.0041053006595557235,0.004287458615273863,0.005743721183777978,0.008868473986978643,0.006681379218014627,0.0032183675783708167,0.009448169778306124,0.009712110354594189,0.00398644359148966,0.009711766598687745,0.009708499769229093,0.005565454010233225
ssrd_mean_j_m2_t-105min,0.009039996014871576,0.00815952328190906,0.022852603593608363,0.008088591995809111,0.006905139422087814,0.0165189458965433,0.008768922094306618,0.010288841809313453,0.021925704047314868,0.01714856954741481,0.014339891634706874,0.034086110021344214,0.017147590223816223,0.013357316892765083,0.03240718505010591
ssrd_std_j_m2_t-105min,0.00566671712641255,0.005676819128580974,0.010180128262480138,0.003431184441037658,0.0038195505606672666,0.009898498022012063,0.004254566077845084,0.0038433650385359215,0.0070846266685493904,0.0054449712888535945,0.003908911274337015,0.006143084846001784,0.00776338042992495,0.009047444540799915,0.012438683857588331
intraday_wind_and_solar_forecast - Wind Onshore_t-90min,0.0033407705973877455,0.0029903980065391807,0.00816273003785227,0.0034945679731699783,0.0033503830938811916,0.003927248217140743,0.0039040474347114013,0.0037776313373738047,0.004815829271702569,0.004635066290497889,0.004550701423244391,0.006885421785867948,0.004678089106309414,0.004187004051240819,0.0065828447611347655
wind_and_solar_forecast - Solar_t-90min,0.006653871873436401,0.007497234718168329,0.005314463296024769,0.011025723081402247,0.006940341379957317,0.017203945037737867,0.01675590495617507,0.018242598501732574,0.02371037325335783,0.02379491901084657,0.014774243188127912,0.023506538085639475,0.0069019709735707695,0.010391151057467142,0.009045148993838553
100m_wind_speed_mean_t-90min,0.0024741110841250704,0.005102935508910378,0.005150260597275974,0.0029967967039410725,0.0028663987500394798,0.007518450156738254,0.004547884722781418,0.004013050141198164,0.005610979922188562,0.003759315367014551,0.004409219463901536,0.003446518060017752,0.002671867234752881,0.0028611691198011614,0.014103468022034122
10m_wind_speed_mean_t-90min,0.0026697092100148438,0.003187378184323279,0.008231210713638575,0.002252786861925415,0.0022178565354801093,0.00499104016828278,0.008382115206724848,0.007096964401600417,0.005483206081546087,0.009513103995588608,0.0073040445262158755,0.005214645123969603,0.00664734116451109,0.004367072521505179,0.0035880697345428416
100m_wind_speed_std_t-90min,0.002572244294279244,0.002529485806795492,0.0034703458846342982,0.0036482106692856176,0.004626651264043175,0.005013585633882713,0.005265099004343938,0.006239682330941832,0.010608419628902993,0.004900300650788495,0.0065598328821870385,0.005949627200256146,0.004902043604597566,0.006026746414676381,0.00502627951313525
10m_wind_speed_std_t-90min,0.0031518585010198875,0.0029573788182833596,0.006465467482324584,0.0059175805357917855,0.0034402965567105637,0.008885611269430228,0.00822326652287802,0.008480996940939803,0.02498337987659761,0.008644426038772508,0.00823757659381954,0.015403567678731633,0.0027873683594007164,0.002892365590851,0.00612256468135098
intraday_wind_and_solar_forecast - Solar_t-90min,0.01666344994890278,0.013961715991357778,0.02361454822888203,0.024612154002448733,0.026570068955970784,0.03535583057435724,0.011789455978709156,0.01372396728579588,0.012198860397900716,0.015245570382023288,0.018345863975206156,0.021937579374658525,0.02579661551231402,0.03181001520943391,0.03757544326374773
wind_and_solar_forecast - Wind Onshore_t-90min,0.0025691466473087986,0.0023643521176336434,0.004476062358782656,0.004443409916140809,0.004274509397232578,0.004459118093391453,0.009825428094523659,0.008287950085999909,0.00721264124139907,0.002779445438905668,0.002510951109092275,0.011973051207249227,0.00476076493088567,0.004540123444628535,0.012812617240168038
ssrd_mean_j_m2_t-90min,0.006156419668775925,0.004725415030509339,0.005054399015360104,0.0033268607872669236,0.0031965555430217593,0.0077687435525294855,0.004995067618850839,0.004716745271391119,0.0039901649206699405,0.008325198095182713,0.009873439488823351,0.010486432979621896,0.008644837131556414,0.009439896249063167,0.009603947062314546
ssrd_std_j_m2_t-90min,0.0038380287152358504,0.004737763953926333,0.013343841832625913,0.002914732377404107,0.0028007315624799956,0.009130086876771202,0.005768712164725002,0.004729051135656846,0.004444851949820532,0.006581769589385658,0.006476806965018966,0.00430069010405623,0.0036830555266888043,0.0033931948418812682,0.0075028044796599715
intraday_wind_and_solar_forecast - Wind Onshore_t-75min,0.0038961532354100255,0.0036735091990381078,0.008722097597972607,0.002902965909878276,0.0032416066247342315,0.008328679656251097,0.0023898015700060567,0.002590828392529147,0.008173070236702188,0.002890369427443147,0.0023454891151804985,0.004268003878182072,0.004801399808930001,0.004066752951911439,0.01366361449660326
wind_and_solar_forecast - Solar_t-75min,0.011201988531320239,0.013332798365685449,0.019763077492651063,0.015296669978124556,0.012630449172163934,0.012235565318063892,0.00847714519609417,0.004486151730194251,0.007144700015584931,0.0069584545605084714,0.007384604599892554,0.006869344691159312,0.01197019915848432,0.006649925115068981,0.012864499109658936
100m_wind_speed_mean_t-75min,0.002956732716747865,0.0022473624485155595,0.013569175063406875,0.0025459140042985383,0.0025578853910210456,0.009316495337605375,0.0028552395474212063,0.0028368285623269003,0.006795625515520442,0.004061021736376574,0.004395839655926465,0.016196692632071064,0.006032171603305869,0.004503407707001315,0.018319846500540735
10m_wind_speed_mean_t-75min,0.00220289308989868,0.004353237903255831,0.007071887163249812,0.006945803469337989,0.010571709395946528,0.007140017427665952,0.011774515698853065,0.01202315778119373,0.006554445930174097,0.0028416051306899134,0.004345968624520537,0.007739718895070041,0.0023696446421017756,0.0022015653396833842,0.009486269968300803
100m_wind_speed_std_t-75min,0.0031645504237012576,0.0030289351202663966,0.009785816189832985,0.002656843537781242,0.0023672064270901954,0.004648709552954188,0.002677764656929412,0.0030493333425165472,0.01045366031366575,0.005621208166537031,0.0026761158387109845,0.0046559936405892585,0.003185014328279067,0.0030851517561814035,0.007909082036439941
10m_wind_speed_std_t-75min,0.00289935197248019,0.0024316457407262534,0.00439530134108827,0.0036469538307680976,0.003354102713155953,0.011812052736902843,0.004987361187464558,0.003951229140756368,0.008778370326420372,0.0024954951381064346,0.0026112591565879482,0.004756387504909071,0.003281467861450892,0.0030780718415890076,0.00449040695534859
intraday_wind_and_solar_forecast - Solar_t-75min,0.006520970102788851,0.0067494407678887,0.026998232860123608,0.00863213474337249,0.006020493299489317,0.028355207667162177,0.005379892485393611,0.004580663703254686,0.029497522747173207,0.004574833393000972,0.005093316311541571,0.0238102089343447,0.005556820137357136,0.006140956623654347,0.01825706504637651
wind_and_solar_forecast - Wind Onshore_t-75min,0.002012876360011717,0.002673337781281589,0.009786844474089548,0.004568551394850146,0.005012575532124174,0.004290483070233677,0.0037617506184401462,0.0050565155950043844,0.003803842386184442,0.0025181165915564635,0.0033927099068287135,0.004062421651301974,0.003394011898089957,0.0038337095962033343,0.006452872612869669
ssrd_mean_j_m2_t-75min,0.011659772434846673,0.01393887560206349,0.009953573051559942,0.014727411982341437,0.01671490870488924,0.012662635296452208,0.01334767468032078,0.013642381027457304,0.008352680552408856,0.009891364817100111,0.009749230013539886,0.010773955997752637,0.012229768563323888,0.014386625723738689,0.010789044082352121
ssrd_std_j_m2_t-75min,0.005765579588401124,0.0033152009619298044,0.008015677432478696,0.0024143943801896058,0.0031328511901735964,0.010255334928611774,0.006176276155667438,0.00742736897946088,0.014587072975948103,0.0023104703613153104,0.0022220516316301653,0.0050051719461480385,0.008101555760058545,0.0068338474668400975,0.010927424470843107
intraday_wind_and_solar_forecast - Wind Onshore_t-60min,0.002046117299583784,0.0018734098609726716,0.00576303145084239,0.0052526992066159435,0.003577340510696562,0.004270495696247053,0.005688344337972012,0.002969596325382554,0.004811479684018195,0.0025402902883095066,0.004496654262180527,0.013139310156202556,0.0030576320744548865,0.002806982580166732,0.006410106059476675
wind_and_solar_forecast - Solar_t-60min,0.005718353264470352,0.005436757176760239,0.005519850076679745,0.002870770942125773,0.004123313317584575,0.00601492902427708,0.00438750021675969,0.003035866772119334,0.015869853512976987,0.007878170340258294,0.0066466023939938165,0.00845143550901048,0.004713556720812449,0.010219209771503757,0.00886517723684301
100m_wind_speed_mean_t-60min,0.007648970660491613,0.0045621035324584225,0.006254771173087192,0.002830487474016081,0.0032269603849272243,0.010997749164022479,0.0028530516636019456,0.0033081179948894713,0.005451804847853964,0.0038119407035392214,0.003703331329640605,0.005805239021719899,0.005600174015631637,0.004314870034882915,0.005613089910340022
10m_wind_speed_mean_t-60min,0.005810337942290062,0.008519279674488643,0.003942686338392377,0.004559184017536608,0.0045709081789736955,0.005834975089805084,0.004389935817123842,0.005617831715078864,0.003961287423666363,0.004299411057502766,0.0051567931653116825,0.004108127848483946,0.006030938469952844,0.007160286152219669,0.0049510584412787466
100m_wind_speed_std_t-60min,0.0029334115278816172,0.0036378639196245786,0.006681271286795891,0.002409966720637385,0.002959185089265702,0.013392460321483668,0.001768419757774609,0.0022784034394762783,0.010365541576902615,0.004339807289541568,0.004821944484820506,0.005782211956839092,0.006502442434317345,0.002999204247335001,0.005963557795475367
10m_wind_speed_std_t-60min,0.006434342152231693,0.006708751499469145,0.012501327334546659,0.0061876641120852584,0.006490897759559914,0.009487841328464128,0.00610755634375073,0.0070851689266419274,0.01133628111015696,0.004315846405921547,0.004793290045002777,0.006204964484339144,0.008181844448292395,0.006935197342985703,0.010568456292453447
intraday_wind_and_solar_forecast - Solar_t-60min,0.004556271268604178,0.009687849191330315,0.007355973961101881,0.005349583896593685,0.007168020684770454,0.008215295981634313,0.004442274503191583,0.0046285376072773944,0.02160021942917956,0.0070394013832119524,0.004797295214414589,0.019578654752433068,0.007801563893998491,0.006618242280347076,0.00794035369751191
wind_and_solar_forecast - Wind Onshore_t-60min,0.005884320031750576,0.009242113144719042,0.002982391134592035,0.010313515220601402,0.009507754788050079,0.005921474274158754,0.010635885663192311,0.013494540477067858,0.006344643604802769,0.010604518337089757,0.012655858196347253,0.007191036948759575,0.009271471847445355,0.008264122854235665,0.003824607388027289
ssrd_mean_j_m2_t-60min,0.003124408852670058,0.0031582126741850516,0.011501189694859932,0.0054868844031873325,0.006232225462443694,0.012313311182078906,0.012915882598590542,0.007503245395080739,0.008418540802165808,0.004514055183660503,0.005563688474718219,0.023135428260007758,0.006156892639296075,0.006013494867278496,0.018297327828622655
ssrd_std_j_m2_t-60min,0.004018798820595748,0.0021852394631759467,0.004909127151760003,0.0059696697185245284,0.004150134653585326,0.00420572448088933,0.009040700225901218,0.007172028562836203,0.006770085543634195,0.003507146222593292,0.003607464772559979,0.005763658219941135,0.0033301979759789904,0.003732702120218164,0.004443401682536205
intraday_wind_and_solar_forecast - Wind Onshore_t-45min,0.002156016331432511,0.0029804328548589183,0.004351594759513319,0.001783717859958415,0.0021986525232312033,0.006922759027569555,0.0034718412689016985,0.0030024751281625866,0.004543334683372905,0.0035698438571052974,0.003992242149373851,0.0033457784803085813,0.0028675158832567435,0.002747706644385289,0.003674671423403197
wind_and_solar_forecast - Solar_t-45min,0.006247031613311265,0.00842263021562394,0.019227771476746057,0.004648529968277216,0.004531963320441718,0.00755962720018033,0.0076718059642371375,0.005459303363924846,0.011065996142886433,0.004874358115566793,0.006275854863812129,0.015463283385397517,0.0077314819074745175,0.008426948264082966,0.01966534913477699
100m_wind_speed_mean_t-45min,0.006473131101933177,0.006386334331182297,0.014000630158567218,0.00603836959246837,0.007208228303233227,0.016943178838715538,0.0026944902163095323,0.002352050458820486,0.0076132173635646725,0.0025667118754518015,0.0034021857883599297,0.005075152979043196,0.003534967431516634,0.0025933930022838465,0.009085744419057391
10m_wind_speed_mean_t-45min,0.006098155491221405,0.004197561700668303,0.0058633005719821085,0.00555231685443141,0.005442267134497343,0.007486421442854862,0.004826996102998237,0.006254840464196604,0.006234990898177784,0.012475652107859787,0.010309306379069311,0.0181149770651009,0.010845573011662054,0.011232273178335164,0.01815332988297905
100m_wind_speed_std_t-45min,0.00692560869476074,0.005983465378798428,0.015293569359178945,0.008872458240337437,0.00870181199666331,0.014731471157443594,0.008978733841016946,0.00882213787481669,0.016727139708080357,0.013504199951072224,0.012972850439844478,0.02516790268907789,0.01073395623936085,0.010569848259547144,0.02321626035984809
10m_wind_speed_std_t-45min,0.0033261517024465517,0.002976345706929351,0.011747545948208427,0.004295098973540917,0.0029400627828799772,0.01792112480749347,0.0033257680171882385,0.0029410958259650215,0.007964552016013841,0.003279765733070235,0.0035637733261410175,0.008220266102302047,0.00333964942536295,0.0024015019975936413,0.012584207346371841
intraday_wind_and_solar_forecast - Solar_t-45min,0.010044904528716089,0.00872875896455116,0.012684842062821076,0.017124100380720847,0.018819016808251036,0.03135662138215776,0.011052349245255754,0.009672854448581347,0.01325249922767398,0.017836880093294896,0.01738005118775618,0.031609587773884416,0.01749621560185915,0.015801052455571153,0.012431106080760401
wind_and_solar_forecast - Wind Onshore_t-45min,0.005172004726251543,0.0037136459381599705,0.004509687412667063,0.004458195766718746,0.0036715937475851204,0.009546324417255165,0.0024902866224929313,0.002559008380976593,0.007804898021498957,0.002972911901291809,0.0019636961309583965,0.004598111674910797,0.003624053311576972,0.0033321184358246683,0.007871895994542683
ssrd_mean_j_m2_t-45min,0.025845697349112014,0.02785674553332501,0.07080225051392336,0.018108471113358972,0.017788155445505254,0.03790409376543539,0.01083370671028024,0.009856155235425832,0.03154046870023012,0.007501355970368422,0.00933784248012671,0.018254169259736955,0.022252721722092247,0.022721946656325598,0.05133344115744694
ssrd_std_j_m2_t-45min,0.003795878209749162,0.004006222503805475,0.011527922234323341,0.00343921129145383,0.002551779353949314,0.004628731774788321,0.003919056947032005,0.004385795564086038,0.013808217302197591,0.0046751150056079495,0.004603252710126981,0.009550302732284762,0.004196523730279281,0.004737043253648153,0.008284596294557559
intraday_wind_and_solar_forecast - Wind Onshore_t-30min,0.004704890452146174,0.007006929576687981,0.010872985250134661,0.007393126960696463,0.0036858552555958397,0.003607131574484811,0.009704201534615094,0.008144357484401553,0.009478381684151828,0.007558315311649494,0.006408535656569711,0.006818785665112955,0.0086338139265863,0.005666359486735019,0.006482210727983329
wind_and_solar_forecast - Solar_t-30min,0.003956329600656318,0.004127098297999964,0.006235800144551831,0.003937967588729861,0.003822735800378723,0.006785775155215561,0.005644458019864942,0.008494763585714963,0.011191177536047689,0.014932571523531805,0.014579206879250706,0.017663658897945425,0.006674792779956079,0.006693375777012988,0.008405096942182012
100m_wind_speed_mean_t-30min,0.004448345464785234,0.004444941693360306,0.008271375559008448,0.0032358296163927207,0.0032091349602915214,0.007539384985517245,0.004133228257306428,0.003891300509758821,0.00701905639011602,0.0056185633694317404,0.006932638864944238,0.010068832131491946,0.00516913197341637,0.005150455282349867,0.012942148832835301
10m_wind_speed_mean_t-30min,0.010011756949450501,0.010839063479696051,0.020614639043771605,0.005251741160022903,0.0053474064181300495,0.008807529375437297,0.006151011814438789,0.006219429119224514,0.014091469911094464,0.009887787364823453,0.009497302880947245,0.02107246399444557,0.013523535282887678,0.013124435963178258,0.020153463246824686
100m_wind_speed_std_t-30min,0.004305497933390143,0.002978665389924572,0.005620611553751587,0.0020876363357729133,0.0038019949827357777,0.004688036477288733,0.00533592017367846,0.004480664338140741,0.012103450246517468,0.003731052092738537,0.0020829407425662226,0.008558923686661729,0.003416967871158704,0.0026731660363875564,0.004771653895569216
10m_wind_speed_std_t-30min,0.0039327688830535406,0.0036104154429854136,0.006562824699143675,0.010253208058213203,0.011214891898871428,0.01596027910261,0.004880030039206758,0.0057999929106899795,0.007263527855125176,0.00949915822218827,0.0110634947618164,0.008474706051126305,0.007925207219914228,0.007397882123632371,0.004955043573370858
intraday_wind_and_solar_forecast - Solar_t-30min,0.006439233617071295,0.004948861818313162,0.02034898498625262,0.0037898203418485535,0.006813462691111113,0.010967678815581167,0.00622737525145294,0.005672200773579788,0.006738775302166914,0.011781678493181971,0.009005332498563803,0.025135926297094557,0.004194099251792068,0.006307576056868129,0.011664724914749968
wind_and_solar_forecast - Wind Onshore_t-30min,0.0077092470502220746,0.007653360462245473,0.005764499771335977,0.003380898142658225,0.002018314208763968,0.005850249299634016,0.004248748200468981,0.005333033894927211,0.00414769323013752,0.008729615083331737,0.007132060494717735,0.006367033164528038,0.00736217557334021,0.005827539212783449,0.0063249768548030265
ssrd_mean_j_m2_t-30min,0.0026722131221285964,0.0029365847870521976,0.012097190029511694,0.012892929883746547,0.008539592092383828,0.05061267605953617,0.007873711577779432,0.007290078710393572,0.02641255886037834,0.005376897732916405,0.006170285733940546,0.025401070965453982,0.0065034518686716185,0.004795502235981985,0.01834228525182334
ssrd_std_j_m2_t-30min,0.0022976386698441045,0.0021896138568231437,0.008724608649243237,0.008708582916220621,0.01008468437182455,0.026455508275517785,0.006817410153946184,0.007951709819881216,0.019046013758932532,0.005619875555101316,0.006242825414362187,0.019345998453514767,0.003551745526927107,0.0036813107952621067,0.00817713783315412
intraday_wind_and_solar_forecast - Wind Onshore_t-15min,0.0034132303456881345,0.006321919841846465,0.006111475271020083,0.0037228864201260307,0.005395618036538508,0.008585541152569931,0.007257823467884009,0.0066564634678401265,0.004591008334436083,0.002524548478268116,0.0039727696431937146,0.004580860476566159,0.003793429033128632,0.004480782641681799,0.0059890899076872305
wind_and_solar_forecast - Solar_t-15min,0.009032890654645598,0.01055768128357886,0.011539404553084751,0.0038127105688995472,0.003593786173061744,0.01972437956329577,0.003918632945180434,0.0029336576211860576,0.017745605690986908,0.005458718818535999,0.003915542975064455,0.014805260766005631,0.004934333038774639,0.0038494632641659335,0.011689443245978624
100m_wind_speed_mean_t-15min,0.006081810537291858,0.005268510765678002,0.004559120538066963,0.004357102026109715,0.005351776086159589,0.005727809710531801,0.007564091938392721,0.007913391001691252,0.006382024027254374,0.009254227906989399,0.010383407979235926,0.008502314117215746,0.012332774841721402,0.012951553015803825,0.010470410101483139
10m_wind_speed_mean_t-15min,0.007537633530630046,0.011015379382610263,0.005132012617042165,0.011989242296382145,0.012985899766441435,0.006346996304859204,0.009277003995612177,0.01198856458084174,0.009393507014876377,0.010895555967187135,0.013926006409524233,0.0052595431004847345,0.009800033784180415,0.012595830344591377,0.006003374144667759
100m_wind_speed_std_t-15min,0.00238279903138573,0.0029175916645936013,0.00873290346988142,0.002566815507292631,0.002867920058699383,0.012912207997846963,0.005638448734813209,0.004956943684745056,0.020690254381937848,0.005316554784646996,0.0069326447093053505,0.019551732839921898,0.005232614280762391,0.004082682724372717,0.008945371950172558
10m_wind_speed_std_t-15min,0.007161985510010709,0.006125285384941889,0.0179430323956185,0.005963958659578111,0.004825376751270596,0.020420566336484626,0.005343709235479309,0.004682988343458419,0.008807991184043204,0.005629709709173767,0.004214122153838616,0.010151353748129623,0.005013745613399806,0.004072494428604841,0.008181761264211303
intraday_wind_and_solar_forecast - Solar_t-15min,0.005353470886250761,0.008311017585145236,0.010476680683947052,0.005497096277839774,0.005471344666948426,0.008148750817284963,0.006617524311430316,0.0064590550119410185,0.01000432737229994,0.004939820271087228,0.005808836700509346,0.0100517354986805,0.007745561880125024,0.012534037268458633,0.022234492470743134
wind_and_solar_forecast - Wind Onshore_t-15min,0.00506894325894973,0.003548003002006226,0.008026446694362676,0.0031248130410531302,0.004184437963842356,0.00448449369449736,0.0025728726131396796,0.00250497351550257,0.006265609811973263,0.003908616314749679,0.0035828531584443228,0.005380133139688041,0.0038623434413821087,0.0028827459759413615,0.004814919967508104
ssrd_mean_j_m2_t-15min,0.01646346974078915,0.017835059592936887,0.02700442748940259,0.01584625821642112,0.014964447607657349,0.0279868032571394,0.0032020128795384154,0.004974230616204295,0.011512582314408064,0.006906143611367952,0.009952020553002512,0.0112359388887362,0.01589467341758427,0.01580535104426963,0.02600668030558154
ssrd_std_j_m2_t-15min,0.009353787814437966,0.009509973991123842,0.021993260508163075,0.009198644842894283,0.008333902669806775,0.016194008831208067,0.00358899342595214,0.0023717814011697557,0.003923746096908871,0.004742431550596848,0.0034848955678153286,0.004128591584398464,0.008043779509149317,0.008301454181026202,0.013813430697118746
load_forecast - Forecasted Load_t-150min,0.009788414311700763,0.00786751400459616,0.006207075784463996,0.01620117123732416,0.014166763293178519,0.006500535217790457,0.019503979989473008,0.016388475431165717,0.01370829073441746,0.01581082914416038,0.015648138721488066,0.006626214524363604,0.014112656609635451,0.012996801757362847,0.006492129942294014
generation_forecast - value_t-150min,0.027883970522922026,0.027999814484949412,0.07223974955955055,0.02999261027018656,0.03033524971343286,0.08103615992859704,0.030183182195949485,0.027753484702585866,0.07405042143072933,0.034270981512927394,0.032890899257625276,0.07951173333717453,0.04279953409073642,0.03717825737577368,0.09339038516423898
load_forecast - Forecasted Load_t-135min,0.004700528173116254,0.0047126074066579805,0.016926209436864157,0.004317145698322747,0.004009365530843184,0.008361147866500687,0.005846875803875264,0.0034237725768639393,0.007776491114034798,0.0033814722659699327,0.003232897351987958,0.007823827056504798,0.004052264906476694,0.0037187571029435275,0.011889119689459904
generation_forecast - value_t-135min,0.018632349663381318,0.02064959238631127,0.043827925739984494,0.01132863399326925,0.013268544665777881,0.03143679826986045,0.006501064219980435,0.00869502117760203,0.018745596771150303,0.01985502711803565,0.01618691712845589,0.04451531736236939,0.026463989620086066,0.025061305868381168,0.0465561050355027
load_forecast - Forecasted Load_t-120min,0.003929230113398944,0.003334983865761387,0.028296115304387057,0.0033273203451662996,0.003188960207294713,0.03509972425580054,0.0040880373993732065,0.0034406179952056848,0.02665609450879856,0.0057184789575348985,0.00638732171411516,0.021134364168807224,0.0087791608931243,0.008411284891815739,0.013017372283771693
generation_forecast - value_t-120min,0.005647945795937631,0.005637188091415737,0.014337150466983075,0.007152219935545872,0.007897742611919967,0.015247712675143703,0.01347809705560394,0.015521835351790287,0.032490207916082,0.006539717184441542,0.008794265220283705,0.02127621447391948,0.00958819359437183,0.00801610463126417,0.02506928481883233
load_forecast - Forecasted Load_t-105min,0.03158549621179736,0.02400827867918997,0.06578007204167079,0.025258081045685686,0.023688011077170813,0.05355256258678855,0.02674069453687116,0.023555425618149457,0.05309262062745256,0.023979362959846186,0.022729123710945716,0.05783671205559222,0.025813586103959098,0.022781494029724854,0.05817019756417721
generation_forecast - value_t-105min,0.008861746156755545,0.012712090488726971,0.012711699467581127,0.014214812034158968,0.016380659682807164,0.01842541225345303,0.015657311122580723,0.014190463879669551,0.015269836366951495,0.012099297822067456,0.006161727462669774,0.014094775973931974,0.007582281823015364,0.007424861825471453,0.016681408060077955
load_forecast - Forecasted Load_t-90min,0.029144578676012316,0.026416408861463424,0.059559117093460824,0.029544071920827263,0.03237053199368893,0.05714533762598876,0.03238321072046529,0.029440275384054984,0.07119244006992084,0.03266195192154555,0.03101796149511574,0.069430215802975,0.03131211598371737,0.028783833138717456,0.06935185575159267
generation_forecast - value_t-90min,0.016717185235764192,0.0138660801341357,0.05170661481896968,0.01217822468241502,0.010243206913949508,0.049747011662082515,0.02141413723822916,0.016730570873784018,0.0646654065049952,0.021317791936053255,0.01837530483653245,0.055351152616232864,0.020720544020798117,0.009124022966232588,0.04690995206263324
load_forecast - Forecasted Load_t-75min,0.029978467583447126,0.027788901035033634,0.06305326736203279,0.031356094546732494,0.02968392658949597,0.060774959310017945,0.027154906879797637,0.025287218630608548,0.06228353769166279,0.03256519458773255,0.03154900667941911,0.06960378357107402,0.03872730186386616,0.03250605731275573,0.0644479022698688
generation_forecast - value_t-75min,0.004374870178733545,0.004363659460628696,0.014064626356754161,0.004976925653371836,0.004750463741529515,0.02271076368571812,0.006093369435372324,0.005951723383234821,0.027507663133255846,0.00909721409688609,0.0063775747972003955,0.01795221242775733,0.0075075604376907,0.009089259435571477,0.013939184317394392
load_forecast - Forecasted Load_t-60min,0.00478070141900389,0.0047599047560688635,0.0071971916522979885,0.007628317829818115,0.0071590213041968125,0.018667588790820446,0.008253051322008105,0.009305275191705733,0.021905882318271324,0.00908645691276979,0.005784135326990736,0.017205514804372796,0.006907368444561144,0.008696091257334046,0.010447165585879702
generation_forecast - value_t-60min,0.03345765346370172,0.028535281224467326,0.058880188514012846,0.019638590365406345,0.01765315709741117,0.04353563901933376,0.03071257383041666,0.029046582274633692,0.07831785549537744,0.0453642537998021,0.04050885750167072,0.09977095809773891,0.03635035326976504,0.03147528626983876,0.07111739921353001
load_forecast - Forecasted Load_t-45min,0.03383997339229972,0.02921863162158843,0.05135859264044848,0.02930588535068091,0.031705112881158126,0.04837941910525842,0.02576145416516374,0.026588353020270006,0.044585937694015226,0.03059759008277615,0.030869255571880784,0.05147701655306264,0.03296077728587807,0.03056258482368139,0.04805873675407202
generation_forecast - value_t-45min,0.024426215998835685,0.024187601282719698,0.045094828671426515,0.0291281743835425,0.03255074579111533,0.048636177817475985,0.02490161681309837,0.027877842395275364,0.03943544034444494,0.017390227558280458,0.018287525744948654,0.02688579099936669,0.02451086379642311,0.024044924956768226,0.03165995756575921
load_forecast - Forecasted Load_t-30min,0.03726837034453638,0.032866106109868266,0.0674053956872085,0.041458690204576217,0.03750227981284843,0.07388586257729912,0.04211501184070948,0.037537850774315304,0.06917308204708388,0.03801798724464606,0.03898165886939387,0.05850345457662479,0.04564975222780777,0.04028394950844813,0.06942741099197883
generation_forecast - value_t-30min,0.021376372760903904,0.012003317035152576,0.04385105145878697,0.013497622631286503,0.007626948922767042,0.0340791797477068,0.01361163973818475,0.005469793270747687,0.03521628569749009,0.015401761752116726,0.013026335623289925,0.027675611439102795,0.015469444155874952,0.015188307971286123,0.04526837086639898
load_forecast - Forecasted Load_t-15min,0.03332260133403179,0.027686975079413968,0.07278119438391878,0.03779549510621655,0.03543651676275113,0.0817718002020556,0.05177570332562027,0.047570234055361656,0.10698404639368528,0.058475747771270105,0.057009189828751916,0.11910097443262566,0.053090578501229176,0.04670872096595122,0.09717341259427485
generation_forecast - value_t-15min,0.007642886165856908,0.009055015026038745,0.023831010555644752,0.00837081578595462,0.007125104088907392,0.03962701286771335,0.020376143987046815,0.013647372322811862,0.04888740184243716,0.014708299706410799,0.01441395906805701,0.0575496903192543,0.010657157736539375,0.010158844754558232,0.024666888643310812
generation_import - Generation - Hydro Water Reservoir_t-150min,0.0067137112106393036,0.005082344965261654,0.0041486960163711045,0.006143335952187044,0.005741463925522112,0.00599703293198354,0.005906016197832287,0.005883534448620708,0.0061649627197984955,0.0035756992066962993,0.0035245027821947587,0.004930710958569761,0.004041164099750745,0.003389782112696594,0.004760454950355779
generation_import - Import - RO_t-150min,0.0032292385765931614,0.003380521707440266,0.0033525891516692353,0.003699474226003076,0.003091990496284893,0.003093870699223771,0.004404234344488941,0.0038307937009540182,0.003061278681481781,0.004216433620382304,0.003779799832704157,0.002438880539807542,0.002279469931490894,0.002717891383415008,0.005096225447798133
generation - Other renewable - Actual Aggregated_t-150min,0.005857704054982605,0.005867007472671958,0.020497015224886127,0.007940006941043975,0.005562005913725443,0.01944989484535472,0.0044514136641489585,0.003818508790484884,0.016825100814952747,0.006326169081108674,0.005317904655675193,0.006641882352232642,0.004989179145298294,0.008526572852861136,0.020874827674240804
activated_balancing_energy_prices - Price_t-150min,0.0021858329633109718,0.0020239956781351793,0.0036364395526227895,0.001828244432086649,0.0015947214225407152,0.0027778540339362507,0.002424931009169086,0.0024612033173161763,0.0025958428868975716,0.0018708802632800144,0.002163722148963643,0.0020517396088853275,0.00220987240647014,0.002843920166663338,0.002310016016427653
generation - Hydro Run-of-river and poundage - Actual Aggregated_t-150min,0.0016349663368309848,0.0014634736414627697,0.0021186597650016663,0.002296738364187149,0.0018125927923499602,0.0030429426915920886,0.005523692725170804,0.003024990366797283,0.006958182110654888,0.0032392549650940056,0.0022300675107680946,0.004597741693914031,0.0019403222160894985,0.0018806349918377237,0.002746119164563879
generation_import - Generation - Hydro Run-of-river and poundage_t-150min,0.0036090200808412192,0.0028584485920291627,0.00837355271888373,0.005314199458814073,0.004031154819824451,0.011988580258697767,0.0032947634186591586,0.0017591068226411152,0.003987286300296091,0.0028922209685042616,0.0016198835850859722,0.00637971799037814,0.003123576656710611,0.0016216575641592498,0.007514224409193048
generation_import - Import - SK_t-150min,0.005536496795047242,0.005805676139948446,0.009784366702180705,0.004577830693978626,0.0045600583233317595,0.019139302664319985,0.01261151974999666,0.01072563100143816,0.02416910593668581,0.010963975553262572,0.012794656182581092,0.02359477502243317,0.006019076484461038,0.0041893492545423214,0.011258543392510091
generation_import - Generation - Solar_t-150min,0.0068986413152865396,0.007207554144832102,0.02914280534919999,0.008777829561360704,0.0067146045993940785,0.01695778803353278,0.010018011876112723,0.008549989006036412,0.017238916792701276,0.009617052018998947,0.00913620965545897,0.020746399528008625,0.010481935357869588,0.01056538472398313,0.02158349446644206
generation - Fossil Gas - Actual Aggregated_t-150min,0.003009912272442307,0.0037119062739589025,0.008886305534502753,0.0037202639237475525,0.004579040690480838,0.0067563163803424685,0.0036668445541126857,0.0031784679017619055,0.010359087094151618,0.00525398143757775,0.00397829090443156,0.004629825724590205,0.0032296168027301066,0.00397490657735716,0.006635438175020795
generation_import - Import - UA_t-150min,0.006430738343851317,0.009330650547737605,0.005963496700940823,0.012603425906592747,0.013669195137161297,0.008236590786736088,0.008733907219901084,0.007832761703029973,0.013512909678080177,0.006180360933072507,0.005100250082316507,0.014659864450215537,0.011164569146822715,0.005811015130973828,0.008668075683017378
generation - Waste - Actual Aggregated_t-150min,0.0032051375739065406,0.0037641113967511047,0.005120475204686045,0.0033354226542771813,0.003191137350353529,0.004020449427557423,0.002720458453648462,0.0027197430180913216,0.004789815975728061,0.0024038678684737535,0.0023222771115915747,0.002664041030939586,0.0032107915890902633,0.004103276548863505,0.0032447173512805422
generation - Nuclear - Actual Aggregated_t-150min,0.004439739477906414,0.0031298836524356376,0.004594500294280806,0.003924706203778442,0.0054631391080056345,0.011920887351603597,0.0033393069600169837,0.0033342309386158037,0.007884285976128013,0.004286237310509932,0.00406347808016244,0.006874030957546893,0.003960424627395696,0.0038818113609668217,0.009308725473812956
generation_import - Import - sum_t-150min,0.01552282064135943,0.018224054014586728,0.027694580614974255,0.006253335679050451,0.008110648636724364,0.018523725784104498,0.006580758964992129,0.007038256133506365,0.007620185743935394,0.005150657422061158,0.007939413809970574,0.010022472243545053,0.014427118752424577,0.01811894744589881,0.027798526060832954
generation_import - Import - AT_t-150min,0.005633682959036377,0.006529086952239595,0.0063829034758135774,0.002987669212501487,0.00316215939851827,0.010670658299488423,0.003522863448695716,0.0026368294444764615,0.014278544582652103,0.005432854392596937,0.0035384091447394892,0.016048809176714713,0.0029047828461764313,0.0031767683067964753,0.006048980763283907
generation_import - Generation - Fossil Gas_t-150min,0.008858292438641,0.010876844290254666,0.013011713230808823,0.012248355073282254,0.010441608341199754,0.015062700263071747,0.005902151406318808,0.008218679547557258,0.0067061642935696,0.006054824669805384,0.005985669797313221,0.01287494007471878,0.0055741393367416524,0.0048944584017601754,0.00844148365387855
generation_import - Import - RS_t-150min,0.006522212271847821,0.005936681184113695,0.002625469674707347,0.006893511177258916,0.008887085743002671,0.003581244156419416,0.008699635942262831,0.008725340661937708,0.003918205400768329,0.005012916172505356,0.004291269822233517,0.0027969380540890823,0.007030720879469299,0.008070882644533412,0.006811801295402802
generation_import - Generation - Fossil Brown coal/Lignite_t-150min,0.00940525997538009,0.008768804541783538,0.00996077833824711,0.00989641564957128,0.009880167610030185,0.013568389670345822,0.02673278124747594,0.024511079968775447,0.043871075486182236,0.018278411995239368,0.019150295790299424,0.02558609360581613,0.014887599388566741,0.010781306634875363,0.01553840809679241
generation_import - Generation - Nuclear_t-150min,0.005427652767590189,0.0026864945906272626,0.004191837641243182,0.0034084677877090144,0.003996557788312202,0.005062876694164515,0.0057491335167160285,0.004090254045705933,0.007389992345972132,0.004369590577643976,0.008978120657033286,0.005893413496971334,0.005835646732375835,0.006175700540583421,0.008526580667578294
generation_import - Generation - Wind Onshore_t-150min,0.005348806110434453,0.0034325262612946972,0.012407555618105108,0.005954419869000049,0.004619783972173764,0.01489022230579576,0.004866882340802476,0.004135871693737726,0.014194739814964124,0.004381122390082055,0.004716145360700466,0.007657838653763065,0.007189512093566464,0.007188397568786058,0.01603088917194873
load - Actual Load_t-150min,0.032266493549148435,0.02988741918647429,0.052319279853720216,0.025790680203601368,0.0313281729479786,0.03884555415791692,0.03633926110345055,0.03647680167655926,0.05729101143036678,0.03068620158408862,0.03233214508606034,0.04341342632274609,0.028190340178553014,0.024357210635003866,0.03751557339352439
generation_import - Generation - Biomass_t-150min,0.008379566534037892,0.005584863690848579,0.008510784782173687,0.006778699266547846,0.0068036345603641165,0.01098523153397582,0.007745574150782659,0.011512309523899603,0.009554349417881894,0.0070572026656427625,0.007971349955449113,0.014039947714420123,0.007051908391295001,0.005387452145212592,0.011255905042382438
generation - Wind Onshore - Actual Aggregated_t-150min,0.003775210364774921,0.0037157346136355044,0.006429411887664173,0.005302743849813851,0.004374542050793025,0.004889776976541725,0.0081967572985086,0.007150852315193333,0.010029475861112587,0.009832900741394496,0.006894101731486444,0.009657160026967176,0.006766267597809929,0.005161023106701123,0.0062963215545751156
generation_import - Generation - Other renewable_t-150min,0.003989763541316279,0.0036932436862971373,0.013640193068384179,0.006692546189242421,0.006380218265876465,0.017540273633552716,0.0077322453288725225,0.010613031029060948,0.027213358141237223,0.004279293977555426,0.00592500439350988,0.020082214480877155,0.008584447216115223,0.006502317318821952,0.021275222013733584
generation - Fossil Brown coal/Lignite - Actual Aggregated_t-150min,0.006253567215142539,0.00562702840122688,0.025369162659335417,0.012467115245852256,0.015331144096515346,0.00958124054633663,0.019854961478355106,0.020406113704049857,0.018667172100947937,0.020125985993392534,0.01798059618502157,0.012436633467032152,0.009901133454795853,0.010314116134548384,0.019524653214612043
temperature_mean_celsius_t-150min,0.00647733848941516,0.0038436186984777123,0.0363987983327097,0.007099995011876672,0.005027489756637806,0.0346031317346642,0.00522831093694731,0.004648731937773846,0.021764607758144847,0.006101009809153766,0.005212150783081597,0.011287603373879393,0.006534150964134824,0.004871985530491656,0.028720395233766793
generation_import - Generation - Other_t-150min,0.014536598113918444,0.013580195307738904,0.020322418597721482,0.007495997804930084,0.007460134553883108,0.005376910564488753,0.006417585115214024,0.0058998342470731584,0.00875044041484034,0.008417805312306882,0.005796112429126879,0.008204722676913662,0.011531805924549644,0.009968036360955012,0.010565180775323825
generation_import - Generation - Waste_t-150min,0.001952782961065168,0.001886614629984706,0.005114738910978304,0.002470100594688631,0.0020853807952407807,0.010980065973715682,0.003255404607633352,0.002204086812434753,0.004690552390287849,0.0031003796012364546,0.0026818781507995768,0.007332532350139445,0.0021494169608965875,0.002404392449419902,0.004539222984694788
temperature_std_celsius_t-150min,0.0031697546404448078,0.004462389883253309,0.004381656797848336,0.0041870059845387,0.004081100672459798,0.014162592014166876,0.003758582585693148,0.004164637838104682,0.005761085755806334,0.005080237253103405,0.004906239185622325,0.006182538508972357,0.005009690015672731,0.004386509556614783,0.005143315392992918
generation - Biomass - Actual Aggregated_t-150min,0.008358000546872973,0.006004550470439881,0.009046223380860283,0.008570303136893926,0.011313912810815964,0.01042694741248124,0.027541188575269188,0.024354515644037747,0.025626212169299833,0.036635731540387496,0.02832391672639642,0.0473597618235508,0.02525558572332375,0.025558914838271447,0.015625698337340736
generation - Other - Actual Aggregated_t-150min,0.004310057894837428,0.008457211074684893,0.008018809647584021,0.010248587699730706,0.015077126698597567,0.011363236957593472,0.005825070148503869,0.009854126311827712,0.007853483348952977,0.007023420258981787,0.010584797866642475,0.007933774006851309,0.011306435149152094,0.010695342859406083,0.005748178064204694
generation_import - Import - HR_t-150min,0.0020824186538147844,0.0018062671453308212,0.0021083175687062975,0.0017829120563992546,0.001979031009333994,0.0016568204504856113,0.002139441841367443,0.0014037151150978389,0.0023191433792517273,0.001715076078085076,0.0018935922020100406,0.0030256127982133878,0.0019182478718402934,0.0016384123628023417,0.0034330877168401914
generation_import - Generation - Fossil Oil_t-150min,0.001150189864974891,0.0012286513727649436,0.0009420634538873855,0.0004887413788896992,0.0005775191857621849,0.0011089315481606263,0.0004883656008360049,0.0005569453248779155,0.0008380906740188721,0.0008505348869081289,0.0008612530545397022,0.0011132621394089029,0.001064849660775053,0.001173250718978352,0.0011019816173293293
generation - Hydro Water Reservoir - Actual Aggregated_t-150min,0.005632787256767188,0.004301163810885101,0.017485491327068302,0.0019699439192743286,0.0022766692197528754,0.006096531177919019,0.00389656775792173,0.003384642320455896,0.012775597784639103,0.0021485034273875953,0.0033516072662018812,0.013908096874984949,0.002422032609713824,0.00220304328632119,0.009220895039528842
generation_import - Generation - Hydro Water Reservoir_t-135min,0.0070845875488303135,0.00726588939964131,0.019058307346203947,0.008860834637813241,0.00893580180756544,0.014014600655750655,0.009324436165868973,0.008680990355271206,0.012521864857109904,0.005213447182425849,0.006337606269509706,0.0071039770725201375,0.00891383078310173,0.006900662564175946,0.00878304800353999
generation_import - Import - RO_t-135min,0.001828908209605288,0.0015163339770861057,0.00702670407309779,0.0013702996379115575,0.0012117901075353074,0.0060687988919273725,0.0022704339219344546,0.0013197328994283453,0.005205471388690057,0.0020133721883048563,0.0021921472699373227,0.007080164503015112,0.0021491686744020628,0.0022599912117821077,0.008434788407030283
generation - Other renewable - Actual Aggregated_t-135min,0.004670493184157749,0.00504653877817691,0.02012670326773514,0.006041363439759152,0.004155152739269397,0.02566704402050527,0.005085591104866126,0.012440814333287562,0.00888046614205632,0.011222568455239525,0.00927356287821749,0.010849729300844047,0.004019528852198619,0.0078023442655976395,0.011974091328469513
activated_balancing_energy_prices - Price_t-135min,0.0028030814518386934,0.0038714311010262462,0.0028546411675179116,0.003053058495377627,0.003913001190987415,0.0031502012241708143,0.0030435771011807448,0.002465035388961951,0.004596691447393823,0.002783142636753837,0.0016487793156798034,0.0037749645768126354,0.0017895169826924757,0.001489748906564273,0.002079416262576274
generation - Hydro Run-of-river and poundage - Actual Aggregated_t-135min,0.002174636655337963,0.0018208146259385103,0.0034675201162301618,0.0023677665871960018,0.001868381571287955,0.003602343515798566,0.006042476988110139,0.00654659503629955,0.008026273548803147,0.0028649837980065057,0.0034536768633056454,0.0045624369602737715,0.002960246832040639,0.00331285447375285,0.005592004327253562
generation_import - Generation - Hydro Run-of-river and poundage_t-135min,0.001250398332878916,0.0013097479897827497,0.0024818033871133595,0.002132897460372078,0.0031393636654383954,0.002130967850203888,0.0022228254205988378,0.0020096733919717736,0.00412203945694273,0.003708080985109518,0.0022635950471362777,0.004288873702717865,0.0014567162624953198,0.0015116762181575894,0.002410902890828538
generation_import - Import - SK_t-135min,0.007112808698429944,0.010202413924860593,0.008239322486485663,0.007493263679773009,0.01370627898327075,0.01257351897173794,0.009739915020314583,0.01067084938816697,0.00731416539257441,0.005640244388650899,0.006747866390553099,0.009726459251949563,0.004489760030726302,0.004456230614679043,0.0163454352659046
generation_import - Generation - Solar_t-135min,0.005998242742274215,0.009611540530128877,0.014202431799010356,0.005752391967530457,0.00515283083498889,0.011892292328302573,0.007179337791092167,0.006709858450158208,0.014627532310838433,0.007891910459899008,0.008099388306218315,0.014827357433605358,0.008581326510774489,0.010730506283110572,0.02049492814876794
generation - Fossil Gas - Actual Aggregated_t-135min,0.011025255571983507,0.010552664200818981,0.028508170491411876,0.009352288785754354,0.013537618191654473,0.01303211743794236,0.02121972083261062,0.022570239883705653,0.040503737552207895,0.013342348086662242,0.015860480155270126,0.02596439600798476,0.01848921374703059,0.016899765634232608,0.029171774541027845
generation_import - Import - UA_t-135min,0.0210654576952511,0.021371543718683824,0.019844025955004327,0.025588449986476917,0.026255444370704935,0.02312284544907743,0.030321011805033778,0.029327068711474794,0.0441549641333113,0.025093914528770255,0.023081814107194076,0.017138396598144028,0.0225415973753843,0.02369066902943996,0.01809290477142349
generation - Waste - Actual Aggregated_t-135min,0.004835267638975893,0.004742807938706392,0.012412480045350094,0.0024210261925977647,0.0025828103602580084,0.008358977134768793,0.0020488711063555913,0.002287954078926987,0.007244646917271893,0.0028743752650043464,0.003974920771339385,0.008687162195325072,0.005610216982593556,0.005334890999878553,0.010113349917279265
generation - Nuclear - Actual Aggregated_t-135min,0.004654949587335978,0.004685190358104592,0.0324987859306857,0.007565863505267771,0.004441913428461703,0.03621535497182049,0.003525330079764899,0.004118456343994694,0.031140721419593318,0.0030484430129981773,0.002905484303920275,0.028365627831895834,0.0057307240486697995,0.005886369789135642,0.033747959476429966
generation_import - Import - sum_t-135min,0.007925453352261684,0.007411620276274334,0.014016521070450835,0.009877008771694819,0.009472569742662017,0.021734837560052254,0.006833958030401845,0.007322045438109853,0.012351635179569711,0.008957662322936813,0.007555481316430814,0.014881489966413938,0.00957417867037293,0.010428112399167275,0.012663756145440857
generation_import - Import - AT_t-135min,0.008838170624083432,0.011112917689074494,0.011267551992830704,0.007436532239061307,0.00791501110118952,0.004364685582113452,0.005762307040018186,0.007005572036723607,0.0063518926657015985,0.005196496936165204,0.00345082254870772,0.004871658964901144,0.00569511964569574,0.007884178931286442,0.004766738601194447
generation_import - Generation - Fossil Gas_t-135min,0.007747275382123916,0.0137080120628234,0.006302334338768105,0.0037434259171568555,0.007329008115179022,0.014971868536347755,0.005980976260740135,0.00965053690301943,0.006882987046548806,0.010863451940764208,0.010400377603138623,0.0145982254161936,0.003932618299143258,0.005923510495907976,0.006585416060042917
generation_import - Import - RS_t-135min,0.006302484139858279,0.004175384423437208,0.011569796859104826,0.0077130880472032004,0.007660306834368385,0.01798069122612287,0.008856225889379857,0.008079575374838896,0.013856608661910286,0.0044948508782235875,0.0035786742962550305,0.007015862686392211,0.004095888638370525,0.005029485545463104,0.013265234086400596
generation_import - Generation - Fossil Brown coal/Lignite_t-135min,0.019880074205917482,0.0232657873982389,0.06910352743564,0.007210682068594452,0.013421906260657123,0.030449436479562792,0.010616899640037446,0.011267843296802312,0.02566388158938207,0.02095793005408632,0.020222391670884462,0.03986809697910212,0.030253928134334272,0.030463718669168884,0.06530326362446066
generation_import - Generation - Nuclear_t-135min,0.006813287799719546,0.0064731093123118625,0.00663015914800809,0.007845221703508288,0.010254470533764106,0.006807238191265242,0.005450407702544908,0.006517665065543042,0.01896081610734109,0.00761916587626547,0.00508115076953618,0.004200427287113144,0.004203224208642496,0.0052613184141591775,0.0078009012565271405
generation_import - Generation - Wind Onshore_t-135min,0.00249000784855491,0.004436945934980031,0.009632463320393981,0.0029953940790546766,0.004011641659260931,0.004543666947691235,0.010093470942614658,0.0070161319770249975,0.00875149465697541,0.011900026645191247,0.008750381679235943,0.012958048768648495,0.007845802242274658,0.004644427425040704,0.005505157409113962
load - Actual Load_t-135min,0.019112505957126758,0.01877665041119326,0.036587958032992904,0.02142583027575165,0.02298365195444785,0.0364736388015881,0.022926114828282152,0.02246959914004401,0.03729694532498252,0.02411192691992619,0.027235567084389914,0.032792684102241766,0.023508669569040647,0.02365139267477207,0.029537053307984024
generation_import - Generation - Biomass_t-135min,0.014847118083198439,0.01309875430957436,0.013140277981117833,0.005130920222432905,0.011719639302540599,0.007486397421038418,0.007375947111926507,0.005517303169689057,0.009734252011105128,0.00561810513918681,0.0079625682575861,0.009515639695531718,0.0064643578614141,0.006108532629201364,0.011839250321150758
generation - Wind Onshore - Actual Aggregated_t-135min,0.006608759087808721,0.00529489305309653,0.007396524406241951,0.0032311724635786733,0.003503500885671201,0.006965656305437733,0.0036880932754429522,0.0033476734739087987,0.008101781867209269,0.003867251163039327,0.00458378348219594,0.006098698960657657,0.0046863696101645475,0.0044244394784618635,0.006762817371738492
generation_import - Generation - Other renewable_t-135min,0.0034447433375444235,0.0034919435298688766,0.005609581621741541,0.006223751925155512,0.004420461644116585,0.00922252525899239,0.010205782800425368,0.0085563571402854,0.012797502017800071,0.009424022506944312,0.009609628936523222,0.014923616849769132,0.012378863781508471,0.007003087498331297,0.008824275783444137
generation - Fossil Brown coal/Lignite - Actual Aggregated_t-135min,0.020326794207678175,0.02163782335986616,0.033734529364730405,0.015296276343215141,0.01617395119482535,0.011290740822871157,0.01805446857944662,0.019148301640001593,0.017812234199660906,0.031642954295050006,0.03128907097191041,0.05005808156973217,0.03642821562383324,0.03920423970831325,0.056127291345386764
temperature_mean_celsius_t-135min,0.008038253393086961,0.004798476847040092,0.010577382593684887,0.006162981590271556,0.00730824916817437,0.017877824300871,0.01578587206712109,0.012923653234185623,0.034173155871641936,0.00846626458900937,0.008166447818082815,0.019021269416500217,0.0055312374023524175,0.005500142518515531,0.01619131798631861
generation_import - Generation - Other_t-135min,0.004402265519474326,0.0036736228722488704,0.02179527926391893,0.0036914955626791653,0.005003419435888645,0.02174443499693734,0.011987391149683389,0.010657954244419671,0.008195806598836498,0.015055630349626882,0.011374490463451365,0.007763957341726382,0.0047700045063375,0.0037884598444469474,0.013847454819606355
generation_import - Generation - Waste_t-135min,0.0024143027885670564,0.0025066447924032217,0.0025390646076002667,0.002239119418551127,0.0020297730744159707,0.010455459944772883,0.002924189702914191,0.0020896684169553624,0.0029021457808421475,0.0026359335263123284,0.0025565683214072124,0.0064434260315465505,0.0021612779601609873,0.00262639104300888,0.0044885565922709245
temperature_std_celsius_t-135min,0.004909252478639246,0.005420215333653801,0.006614567435303797,0.0050704953817330535,0.005554406492716225,0.006837694372046827,0.004368494671178269,0.003299920177398235,0.004387414991282639,0.005111364603722904,0.005454430985118051,0.008842067296915047,0.006701328255058797,0.0060091780387443805,0.007099663570376379
generation - Biomass - Actual Aggregated_t-135min,0.011352201871290163,0.013573147583585524,0.0245255233196076,0.007569884655531496,0.00925029267850914,0.02332994468444667,0.01240995462421597,0.01703105501336631,0.025237571624813427,0.025419093692296883,0.038796010644859054,0.056146529704506974,0.023022240763617446,0.02818809285023599,0.04938601334299892
generation - Other - Actual Aggregated_t-135min,0.010224904178860924,0.01137792496534803,0.010952478413444624,0.006835165674732025,0.008050548619943584,0.007922779907079529,0.01219144382682316,0.01064993660392247,0.005605632546296562,0.012763496091552043,0.010741048838382995,0.011972416929358588,0.01347991381887914,0.010356228678385378,0.012315520863507118
generation_import - Import - HR_t-135min,0.001447943388491808,0.0010694582104752044,0.002210090042322918,0.0029996913949362353,0.0030599600430596184,0.004091979635175449,0.002570851717026926,0.004417899633466732,0.0024194305609689763,0.0017267739723538398,0.0020870732932758073,0.0024462164534415935,0.001630532620136819,0.0014044059832871198,0.0025731692904300872
generation_import - Generation - Fossil Oil_t-135min,0.0020801089016422337,0.0018608992025638145,0.0032891816408955493,0.000666192389121079,0.0005412660253658572,0.0011510646463026432,0.00043007027349881356,0.0004638804588807943,0.0006286250303801353,0.0018014736180632126,0.0011848355477268341,0.002167698759107509,0.001698506782291588,0.0013065971291125608,0.0016783614111263888
generation - Hydro Water Reservoir - Actual Aggregated_t-135min,0.00998501401766407,0.009348264470412686,0.023807226093638747,0.006776940297939291,0.0062646578465173665,0.00861009209680924,0.007323780069567874,0.007165246232838399,0.008646453624567585,0.009297908638520312,0.011049949158305025,0.018642045676213456,0.012920137552202504,0.011449102321239479,0.017566958343959414
generation_import - Generation - Hydro Water Reservoir_t-120min,0.0022241667639027584,0.0016773913828255899,0.00986467367321984,0.004601342343848955,0.006969030700926851,0.010281372355719213,0.005233308089984348,0.004850809599864079,0.008397179868614785,0.002847610040656491,0.0020831645099924573,0.00546414497002479,0.0034706523987251786,0.001955569421324526,0.004086481881811778
generation_import - Import - RO_t-120min,0.0010815605325876733,0.0012616799964052915,0.002080676091481564,0.0024347779281893053,0.0026393443898959958,0.0017617877083903296,0.0032801129408417183,0.0028741657891659996,0.003949290129996371,0.0016153363707789481,0.001703291622370216,0.005055847187315521,0.0013484694265989674,0.0012854129078277766,0.002666304763671178
generation - Other renewable - Actual Aggregated_t-120min,0.00938019376253942,0.007786808824541368,0.009936210860168557,0.00982571047870124,0.008820521251684112,0.012981161020928994,0.01833581916494586,0.02032558818088728,0.022311457449413864,0.016816872345192677,0.018594139993896534,0.02457424173749314,0.004060868373338508,0.012693611859343945,0.00899685297446922
activated_balancing_energy_prices - Price_t-120min,0.002473659832710837,0.002053084563685843,0.002776879698817993,0.0020241457184179126,0.002415274438870256,0.0023223399125781724,0.0020603161982726305,0.0020933071078876094,0.002051600188232726,0.0021336854771598153,0.0029063949996783124,0.002247207769372835,0.003263037640979746,0.003541778428780162,0.003960090240513978
generation - Hydro Run-of-river and poundage - Actual Aggregated_t-120min,0.001856791393946196,0.001662107697670308,0.005453181430683344,0.0023163361835104295,0.0015110390166764773,0.00433368909538126,0.0016083761945631068,0.0016548671972386728,0.007321649455181614,0.0017061234274287926,0.002206256463193313,0.009051949986331237,0.003709251981547823,0.0039024945016899438,0.0029672279413075556
generation_import - Generation - Hydro Run-of-river and poundage_t-120min,0.0017447176776267952,0.0015937749541164409,0.003213715273157618,0.0016514515519101564,0.001555756533791282,0.002887648694871018,0.0015089361942236792,0.0018162235398331177,0.0031649298896099937,0.001941141317950951,0.0020294677131198566,0.002517914116602128,0.003529628341053467,0.002382764608109028,0.005285078120004982
generation_import - Import - SK_t-120min,0.004812385342436755,0.0042468941769550385,0.01688250220438931,0.006012748049486618,0.006630969009012915,0.01916401166298601,0.0067737560269238205,0.00610571537253054,0.013165419859607936,0.006060310854480121,0.0069747260304066005,0.007291714357441379,0.00642276684261742,0.00520601024376083,0.006111625723619909
generation_import - Generation - Solar_t-120min,0.030020525044295938,0.02614712673419126,0.040474418242287355,0.02360943647788372,0.028046927003073506,0.022428962249075993,0.015701428345826572,0.013718607287814847,0.00877338839586082,0.010543763522609878,0.014130809213365864,0.009085522453373414,0.02626235208619619,0.02418376553597045,0.044319566568126904
generation - Fossil Gas - Actual Aggregated_t-120min,0.005297473936690949,0.0045775353783838,0.012173002511553932,0.009181140935226722,0.009995727581765096,0.015589743037598964,0.010630465854779232,0.012876893232951261,0.01641025721170911,0.0077327041471162376,0.0055494420826853455,0.008577227785430295,0.004226842526790677,0.004318041490872929,0.006259960534866707
generation_import - Import - UA_t-120min,0.004683241625556548,0.004266837242981637,0.013374458878621227,0.005241129293390259,0.004317393669045487,0.020584589164180215,0.003670038649038133,0.003757676024283171,0.006257663930008221,0.007711860665219774,0.010011464636634628,0.00867353669636941,0.006479498815129773,0.009641026781986965,0.005373218585613358
generation - Waste - Actual Aggregated_t-120min,0.0022735412636039312,0.0022573550480597076,0.005444517827575965,0.0015021075105810268,0.001964641675454914,0.0018868317230544562,0.0047844463978725,0.002746105457095837,0.004565534289600805,0.002649927205955919,0.0023382471459558476,0.0036872439977505564,0.0022007503626373364,0.002615849694356257,0.004438669422557723
generation - Nuclear - Actual Aggregated_t-120min,0.004258870343626768,0.005625020051931415,0.004314578687801259,0.004055785837236726,0.005083964272511367,0.005004308294388466,0.0073698663936011145,0.005805354849406285,0.01027959429490147,0.007721995718049584,0.007757529936498031,0.006476051261408429,0.004084458115718007,0.006078658801437996,0.005875967630330706
generation_import - Import - sum_t-120min,0.01969246240807115,0.014866779441555992,0.041543053312081614,0.005765952989100697,0.004556450778964063,0.02212933699794303,0.0074212970994231,0.007725276265132379,0.016636198157986656,0.017029252988805636,0.015505743151239586,0.043598826693676526,0.018549803850793977,0.01731994568974187,0.040363828840025234
generation_import - Import - AT_t-120min,0.0067712662167091365,0.007487628884994592,0.008232082873902983,0.014146744243473222,0.019604137191781775,0.03176678152702516,0.01982487050126656,0.020505659075948642,0.03159911156160524,0.01548134210227471,0.018863592044596773,0.026069889519072603,0.014596257693236112,0.015839721602180362,0.018886205901444554
generation_import - Generation - Fossil Gas_t-120min,0.005343590192415831,0.009619538424842176,0.014134277374782869,0.00668838935115491,0.006040519593909267,0.010629282997004339,0.017111097802742732,0.012547239189698302,0.007474838638192523,0.01663204439153196,0.01186135614381783,0.011308255919746444,0.008285824265754855,0.005557318952704918,0.006258323538466357
generation_import - Import - RS_t-120min,0.004097336316608562,0.004110679361285292,0.009529591244019685,0.004919572080261787,0.004066417353264114,0.012814971868672729,0.002638012791338042,0.0035506612968765694,0.008804011961488868,0.003371358250928097,0.003630808856951262,0.005610762882181007,0.003060220011846468,0.0032075865311780942,0.006959495599178809
generation_import - Generation - Fossil Brown coal/Lignite_t-120min,0.006631512116689919,0.004917948514303134,0.009328196946553362,0.015988907909737463,0.009464268239018565,0.006968700941033603,0.007610416885483574,0.00813842043089653,0.013727951747903717,0.010257763578716548,0.007897896520922586,0.006342918571088376,0.01246757030097615,0.010796595613664977,0.006161789691534068
generation_import - Generation - Nuclear_t-120min,0.012578162756166422,0.00939886537050188,0.008009809112656512,0.011886061305878683,0.01193275783979334,0.015019080383586698,0.005900777239323361,0.004484595452502617,0.006121721599556622,0.009226654366910225,0.008107326715020463,0.011595973721414339,0.011709467354710797,0.01157999866339378,0.011692693521938054
generation_import - Generation - Wind Onshore_t-120min,0.0026710526163712983,0.0030584451864306174,0.004087023074203899,0.003998490774554057,0.002781993129654438,0.0034717016184677048,0.004840842426673134,0.005880961388106698,0.006745560898822078,0.002989623734977272,0.003578385866969825,0.003967612071157418,0.005189565959703032,0.0039635703828098485,0.0031332819043873314
load - Actual Load_t-120min,0.02168296916576219,0.020125828885356897,0.018099592248188856,0.02434039725524417,0.023188462598700426,0.029569035868815263,0.01801200962036819,0.018982971353296307,0.013320051836995845,0.016334024705472985,0.016644491558221487,0.014926056183641777,0.020056820453433828,0.021034108292486052,0.01808131755069189
generation_import - Generation - Biomass_t-120min,0.03254044146258821,0.028936020635912427,0.05624781321472255,0.013643487171466405,0.017926517423911718,0.010271999694186889,0.0074080036832274345,0.004048405232936602,0.009916643115311673,0.00676691946146093,0.006191372094681811,0.011476268636754867,0.02066438170627225,0.0209846519161656,0.024327213648357427
generation - Wind Onshore - Actual Aggregated_t-120min,0.0038251607219954168,0.003686883571166675,0.015105238214113342,0.005404671252377738,0.0051345784642030596,0.005771566707895545,0.007260274822032784,0.005889545281906976,0.00557381615011127,0.00651507776273229,0.007317645334418557,0.00515354845310253,0.004520207040209243,0.00464518367312121,0.01358392208580699
generation_import - Generation - Other renewable_t-120min,0.007423048860989183,0.0043915184721229255,0.012393781469443638,0.0062696084935018916,0.004024075319238819,0.010803113622940145,0.004035399221946136,0.0032818549872140465,0.0080818277896542,0.008952685771157121,0.010405950010555899,0.017196873787237565,0.010240959907590877,0.010968499944698123,0.019277859229685418
generation - Fossil Brown coal/Lignite - Actual Aggregated_t-120min,0.0056843901744778125,0.0074306109877907145,0.010627051510047749,0.005764889715865138,0.005312462096089348,0.01158974785737155,0.012039343925585854,0.005392895787502312,0.008784128020495701,0.007455753066387842,0.004656107318541217,0.014053029346700413,0.006613521574246988,0.007096833356459683,0.013800247600709553
temperature_mean_celsius_t-120min,0.008748715306574013,0.00428774346346745,0.006841850160286867,0.007382189258969447,0.005839991028660734,0.007267427651135222,0.009609841015835627,0.00606216902041524,0.0073924790172677605,0.011645555512699503,0.013006784676525059,0.022987436136536418,0.007545386808707917,0.005197311932457524,0.006597084749482746
generation_import - Generation - Other_t-120min,0.006857939178229571,0.007240905056249176,0.010432130320281431,0.004881854954280698,0.007022037243899831,0.006807379585465242,0.006810320758017951,0.004910876983503385,0.008936779807710366,0.0070643338421295995,0.007305952401913828,0.008894240341629485,0.007189794197678623,0.00906643586179871,0.011294045923605153
generation_import - Generation - Waste_t-120min,0.002193083804006761,0.0016669923259455572,0.0024625682258010784,0.0016844039672657516,0.002004978582820968,0.0032206344250532764,0.0018115468239877828,0.0017904531932032342,0.0035797042715348653,0.005518928808250166,0.004980716856553044,0.011299366811608707,0.002991299427798481,0.0030014350082341254,0.002729862369278635
temperature_std_celsius_t-120min,0.0042663618617698375,0.0035991850405143852,0.005318122002039672,0.006348984367396043,0.004998743060747984,0.008450025365465876,0.004933818583667744,0.004998039241756487,0.009031574939737766,0.005354782468036774,0.005758306016461575,0.015964070921138045,0.0039342471036034115,0.0038848378753500584,0.006700687171326536
generation - Biomass - Actual Aggregated_t-120min,0.005172337232741029,0.006706878780459647,0.015727335339518277,0.007000241404178269,0.007103943015137702,0.02030165047029732,0.007605556950507434,0.009789699293825834,0.014470830224076053,0.016798257388396676,0.01801920645250357,0.023060550605914613,0.019127161483989765,0.021678120583703275,0.03007355629478843
generation - Other - Actual Aggregated_t-120min,0.0045823535673262085,0.0059438444810657525,0.024838603000098373,0.0034729727981867883,0.004144180512820896,0.029163584135705606,0.010459662236928124,0.009572077872609953,0.005307899721294234,0.010950764274729864,0.010709288962243591,0.009743390320723848,0.004819043098104885,0.00489819281728461,0.015690907950425752
generation_import - Import - HR_t-120min,0.0022344404646973998,0.002399037194673838,0.006876636103836063,0.003107654102357628,0.0014791269941661085,0.0025804506024396687,0.0014711447342224346,0.0012978909635412493,0.002175721308939501,0.004417651829451643,0.0034907732811552705,0.006953972335941217,0.0031532994121080266,0.006179382415692089,0.006268227985972772
generation_import - Generation - Fossil Oil_t-120min,0.002905016067004908,0.0035539018509734887,0.0020859436487074847,0.004336129509744751,0.003589274165169627,0.004035057137272815,0.0032504666460940823,0.0031854381208731865,0.0025804301588909766,0.0016522610271335907,0.001952808773907833,0.003010478296684596,0.0023855708649452934,0.0026846095598875765,0.0019884002164925222
generation - Hydro Water Reservoir - Actual Aggregated_t-120min,0.006736036820804657,0.0060953765958074654,0.01441824398148674,0.0020385801701236234,0.002264856896661513,0.0028369520508422282,0.002299551809147033,0.0020405466180352504,0.0034351325149677907,0.0026098273411016633,0.0023819267893914003,0.0037589494008598194,0.0041230925449017375,0.005170762355691295,0.012236635861598188
generation_import - Generation - Hydro Water Reservoir_t-105min,0.006208778205709223,0.0038394402153198825,0.004299355755601936,0.008820150318334526,0.007633294617095089,0.00941109432916346,0.003555609763840266,0.004192459995210811,0.004420727015680313,0.0030500533730091774,0.003243516549246124,0.0064281720168073665,0.0025232090111198886,0.0024538709728258255,0.003296501811579219
generation_import - Import - RO_t-105min,0.0015785581320742494,0.0013853674482561472,0.0028420855071144614,0.00299692345483345,0.003087335011616233,0.006372187869012123,0.0018651603052039717,0.0016015591458844937,0.005927198746474459,0.0018212379597543986,0.0013070439744521992,0.003645930784452503,0.0052762294425047,0.004731309047841933,0.005756942653508304
generation - Other renewable - Actual Aggregated_t-105min,0.009591582967990689,0.010072989759775736,0.017805957388485696,0.011860116819304494,0.011586287669924786,0.017574416805709914,0.008436446621132746,0.004528499672564976,0.009935458165426098,0.004897656672941593,0.0037367445983309154,0.007620545595649901,0.005213725388077876,0.005579825262742815,0.00858495664824295
activated_balancing_energy_prices - Price_t-105min,0.0013909534046647424,0.0015317675226424398,0.0017240301059182456,0.0018467880432044693,0.0019152951004434726,0.0015394929145857077,0.0014364232296788942,0.001453331389532309,0.0015291004770715518,0.0011618387536609588,0.0014473021115525171,0.0019589463467473253,0.0013157050228146546,0.0012243997687259025,0.0018054448979928565
generation - Hydro Run-of-river and poundage - Actual Aggregated_t-105min,0.002452428770800907,0.00203857201539239,0.004441350980845527,0.004789222938399917,0.00522585787709977,0.010208038984153064,0.005545176970214016,0.004966508406205321,0.007276236853598675,0.002819620634452349,0.0037784703691941105,0.00400522068554892,0.0045002961542004415,0.004656785272651178,0.005036343504413707
generation_import - Generation - Hydro Run-of-river and poundage_t-105min,0.0029007391663435555,0.002060540381454302,0.006795367608981906,0.0035572263953483796,0.0037118168526162664,0.008270030938620039,0.00526079094430861,0.005104938495550129,0.010744392040714956,0.0048698887746995755,0.004151149254812026,0.007978282531174045,0.0056719463502558935,0.005879457055501917,0.009690947986149695
generation_import - Import - SK_t-105min,0.023608701804376325,0.021129784635530086,0.04049657099452088,0.02240351605473552,0.019998838063125732,0.04520955359467189,0.0064604613030617205,0.0061479966732367755,0.013414409887554029,0.003845747162896714,0.003786323634090877,0.007057009159272639,0.010587507546828419,0.013701595303313297,0.024945342541250283
generation_import - Generation - Solar_t-105min,0.04373462038615253,0.0446383291423117,0.1053190892880084,0.04978840435863822,0.047720489154456175,0.09935449221305316,0.05417718593809513,0.04980055866068869,0.10205567752290517,0.05773493672933546,0.058330831982697416,0.10256330719722609,0.05429913528141333,0.05524540291108133,0.09719058052886977
generation - Fossil Gas - Actual Aggregated_t-105min,0.008813383639006134,0.008979959453201446,0.01724399564511259,0.004284230045948789,0.0036922144149898486,0.007664805981971284,0.0061327269473458726,0.007424584278744078,0.007546302879107316,0.009238697722590587,0.01241890455527755,0.010266788319817352,0.00829922806095874,0.00704880628400133,0.019630414353261585
generation_import - Import - UA_t-105min,0.005085086993016376,0.006824561371242453,0.008379011003808046,0.0032315025845355196,0.003790397928434686,0.009553350899474025,0.0026879259084453223,0.0036964233434100607,0.007821861622120195,0.002993063900554603,0.00489181462968736,0.007054632650164421,0.006375431040163676,0.0039052562223623683,0.009672355751921715
generation - Waste - Actual Aggregated_t-105min,0.0012303229349162165,0.0015120208519447261,0.00651455353202482,0.001358722072443058,0.0014046773421423496,0.007353545521793421,0.0021275626196829763,0.0019853533017401333,0.00464580650048083,0.002873528194350001,0.005467412707785116,0.00335786704520433,0.0025170398114241835,0.007058314238944149,0.0040813221862263166
generation - Nuclear - Actual Aggregated_t-105min,0.0036999516340692935,0.005028494551061158,0.01551307922345586,0.0027084497356772773,0.002879874325549281,0.01634636756789405,0.003420672284993998,0.004835579967924787,0.017862127919914202,0.004598279413252385,0.004945625478503643,0.01181699939967075,0.003608951902271656,0.003785333055672254,0.01861297876847675
generation_import - Import - sum_t-105min,0.01483353124005589,0.012016019641690946,0.03472531868777878,0.012066468677294323,0.009148009715521767,0.02325850868569978,0.007275777539307626,0.006597421841352116,0.03040419802138058,0.010241254495773318,0.01174639120138363,0.013667364523098514,0.011111663843521,0.010457671554871012,0.02987337531963084
generation_import - Import - AT_t-105min,0.008802286471127446,0.011050603549650987,0.008507053202241878,0.015908255590358748,0.014601235807836928,0.022770085548865608,0.015870260884876187,0.013681468318935004,0.017478426122281236,0.014628153293009746,0.014864304305927362,0.01944582755025476,0.01965603648603428,0.018256283171773247,0.026014363242968103
generation_import - Generation - Fossil Gas_t-105min,0.0047011406511314816,0.0036815898050995203,0.007474759695523972,0.0067188610824377975,0.004809600466222946,0.009750654841845972,0.014210929177686921,0.008818347412885487,0.019290109357052644,0.008036142340155494,0.005095786711626716,0.007146575787981419,0.005048833651213499,0.0055090919079229935,0.007519669251073992
generation_import - Import - RS_t-105min,0.004485331577549005,0.003860179273884114,0.010071378926539183,0.003103873756903511,0.0030461194105628237,0.007285519510016684,0.004077774085217243,0.004094050257392155,0.007136546807970717,0.0028408190360023583,0.0024126259476006454,0.004218656020771959,0.0033615634897741983,0.002948017272836978,0.007370964619400184
generation_import - Generation - Fossil Brown coal/Lignite_t-105min,0.008749359756848207,0.007873995111328441,0.01327324236237837,0.019749280762553098,0.02012208843148255,0.041571224108396566,0.016332985752585957,0.013867772748577409,0.026484466963622253,0.008964086953666992,0.008448923747479057,0.014214565716527431,0.009418186553868509,0.01203836639911242,0.009068676117079122
generation_import - Generation - Nuclear_t-105min,0.006341738314687973,0.005835250472911866,0.00644408567053415,0.004092989054595818,0.0032948971699661342,0.004916473631878489,0.004341460308536625,0.003828284031829753,0.00751125589543517,0.004002844049367923,0.004301673391022177,0.0053436746565312205,0.005651797882244864,0.0061353885642784,0.004523762201122736
generation_import - Generation - Wind Onshore_t-105min,0.003105902663159213,0.0025902671706990077,0.003463714357521894,0.003227885353640886,0.006114031459305807,0.004785081580912447,0.0029475472189733408,0.0030778291789501965,0.007323796657396088,0.005719225244330118,0.006886077853880125,0.0054908426535475886,0.002717866391652933,0.002369932800557763,0.0049498779860451805
load - Actual Load_t-105min,0.011967397881104262,0.013642144901088614,0.014500434773799498,0.017436379380495054,0.01843801390739827,0.02556513694698151,0.014467536108801141,0.014888934978225734,0.008420187849489594,0.00890310426484939,0.007739624360696326,0.005387895032617763,0.011491547964058555,0.010699106994419708,0.004662524686635834
generation_import - Generation - Biomass_t-105min,0.006725183189103177,0.01702417459183198,0.012377756702921032,0.006562247696299437,0.009590415223186313,0.023887598893285487,0.006338699948148133,0.006836012051877333,0.018257672975942114,0.004635710699840956,0.006220443398618955,0.025815511562832398,0.0048294081249323426,0.008116870954003388,0.014000352665701939
generation - Wind Onshore - Actual Aggregated_t-105min,0.006838474919149121,0.0074129175206653596,0.010097459961713866,0.009401492267257708,0.008551712423105642,0.011208054188922689,0.009430322339556369,0.007922530550843476,0.009278964486067708,0.007136783175723394,0.009396413234244392,0.004249541084460361,0.012296602704060206,0.01144755287819953,0.013041099839276284
generation_import - Generation - Other renewable_t-105min,0.0037030877180259268,0.0032151864158258834,0.005466116784501082,0.005273752361730658,0.005314636102482837,0.010403884120669773,0.004356714809994628,0.006379268927188605,0.0077872680482314535,0.004851072829613713,0.005345546086673298,0.008186163164144772,0.0064273854467101045,0.008068778903679685,0.00820872775772159
generation - Fossil Brown coal/Lignite - Actual Aggregated_t-105min,0.004319356961608719,0.005981150625853843,0.013295520867583491,0.005143677691852645,0.005259708630774639,0.010888340349363717,0.007118773329444593,0.006700215974164167,0.013704192571418389,0.013750675201765261,0.01149608448502795,0.01925772851371221,0.023457088564580772,0.01987082794026355,0.0249614090284158
temperature_mean_celsius_t-105min,0.02032935872960661,0.020616050386204735,0.039918220720079264,0.012272096748522017,0.00983700252280687,0.017363727196894614,0.0060109227090397324,0.006330288452078094,0.006163456404127828,0.01486303603657143,0.016614608799085544,0.028528592580340045,0.03003607458221086,0.031045169601173258,0.04920766166204703
generation_import - Generation - Other_t-105min,0.003440641763236272,0.00495455245239009,0.0056422991108756836,0.006113285585051927,0.0033781915400136315,0.010975719006015424,0.0038035439292198134,0.005950504216314585,0.010447040009283228,0.00446999969858382,0.0045831047707888505,0.007144038640822259,0.004407201055670612,0.0043514257814840675,0.006543261988892482
generation_import - Generation - Waste_t-105min,0.0017153746347348714,0.0013116059189686665,0.0026486375093586504,0.0014979187753306178,0.0020907987952759866,0.007816544359006002,0.0015337456045799627,0.0014812891727469832,0.0045150006058686356,0.0021648003515929303,0.002147769206916564,0.0036667696855131452,0.003989774193196354,0.003975079335730698,0.0017108450500409162
temperature_std_celsius_t-105min,0.004903394100289006,0.004158387227912442,0.023180807427430408,0.0028966211457247936,0.0055139802991361645,0.004316204524475325,0.0037519077699241735,0.0027198941450469645,0.005375585741701343,0.0035113251928360115,0.002184007731966176,0.009923747935979919,0.011320101230634464,0.00964664654245962,0.026708061270866893
generation - Biomass - Actual Aggregated_t-105min,0.027654387001966825,0.015394593534979321,0.0692960823624162,0.011659339201367401,0.008576548397628357,0.04045029120396066,0.021239421286798007,0.013055917173457601,0.048809334546123864,0.03201363576747099,0.02714159301880136,0.06715679730189732,0.028086202339836747,0.0260837279101288,0.06207531444751658
generation - Other - Actual Aggregated_t-105min,0.0047064985853812686,0.004325927067232442,0.008393325072531297,0.006836151512207835,0.008143314832667094,0.011784015823521258,0.006543556646761317,0.0064353551593630985,0.0062761239792525885,0.007772694732517266,0.006179342218005332,0.010085750666185049,0.010244570255075814,0.010550891139908345,0.01100512183817409
generation_import - Import - HR_t-105min,0.0012948967383945274,0.002854441262752516,0.004694390080912853,0.0031238897654566247,0.0013064577027362247,0.009625324448337778,0.0013129511813140197,0.0017900416395555112,0.006398585060524055,0.0031429575045631283,0.004480115811194992,0.0017584156170523783,0.001600373010416888,0.001289180864095897,0.0040016489754234495
generation_import - Generation - Fossil Oil_t-105min,0.0012314195795966043,0.0009730432391334034,0.001420343592415975,0.0014986663753063568,0.0009142357691525831,0.0011311861133517596,0.0013380684581394463,0.0010550106120863346,0.0018313219321426004,0.00209635559691651,0.002237526170047204,0.00398500524085648,0.0016084337651118402,0.001681719687822806,0.0018975298498535268
generation - Hydro Water Reservoir - Actual Aggregated_t-105min,0.002816075871794908,0.002292733737501976,0.005108810803093092,0.003538158141009944,0.0038102921429508567,0.006966306753045501,0.003763351970737858,0.004056444282203415,0.0038631621112289165,0.005342863697978374,0.0029421357363862625,0.00494943977431467,0.0033985718999656454,0.003338574152492583,0.005055237159027456
generation_import - Generation - Hydro Water Reservoir_t-90min,0.002645316068077591,0.0028253917761248888,0.005179769890516581,0.006521207513593709,0.005047956225791495,0.004385672247100046,0.008106602412275607,0.00592531609168509,0.007964794209627143,0.0023032147152166546,0.0031888865275032,0.009167203133692965,0.0023096459887101445,0.0028137840913168475,0.0051423640442286
generation_import - Import - RO_t-90min,0.0014380325335932866,0.001405640085367395,0.0030879352759729953,0.0018277815855772133,0.001139251862470701,0.0021694328572857556,0.0011052577359746466,0.001137913439566546,0.0020374333797808504,0.002081326364697816,0.0015371693134920861,0.0038384215162534474,0.002607376009783593,0.0030229457761997763,0.0037046208344609114
generation - Other renewable - Actual Aggregated_t-90min,0.009013380658430834,0.008313144941796054,0.01877192158298567,0.01911604145243473,0.019713964546768693,0.03780210388154956,0.011110876773869677,0.01392128298903117,0.03142373014241457,0.00561297903752893,0.005402253207983449,0.01736975746666212,0.005634527972382784,0.007907951279914414,0.018028452433994972
activated_balancing_energy_prices - Price_t-90min,0.001572190097456314,0.0017702612197648478,0.0032612137484875348,0.0017804339933439905,0.001519969002176822,0.002836729018967162,0.0017080218138235067,0.001812498808802502,0.0016068123799955175,0.0032696851389155198,0.0027898331200003667,0.0028283273395300055,0.0024267538578878886,0.002357712482818101,0.002974624436062186
generation - Hydro Run-of-river and poundage - Actual Aggregated_t-90min,0.0016229090630117753,0.0015812771534983766,0.0025987115260641077,0.0018209571337165472,0.0022478145233872054,0.005967150948690687,0.0026240612444407814,0.0022098568098772374,0.010091303624743886,0.0033890110332786207,0.0033536325038439826,0.009669170579654747,0.0018811226004127094,0.0015780282766290838,0.006031597918285115
generation_import - Generation - Hydro Run-of-river and poundage_t-90min,0.0024929780015924053,0.0023426395878391303,0.00311444480303544,0.002955040136399475,0.0032848934602436658,0.005339563677227489,0.0021001913971567775,0.0016323118610666824,0.0031128329693292473,0.0016667080414376869,0.001953644022043136,0.00440604534774775,0.0024913805529795355,0.002064245809160639,0.0034374177889549174
generation_import - Import - SK_t-90min,0.004291228663455513,0.0036510898032720432,0.013932769291608565,0.014985539995905128,0.013938241998119338,0.04545900725922547,0.012788282834299025,0.0101796822292672,0.02744628132645448,0.010015855892757827,0.010667034522719405,0.0258826968834328,0.009143105409415113,0.004620140369703222,0.011409616587009168
generation_import - Generation - Solar_t-90min,0.03855657035325203,0.03758977957512252,0.11362403045292012,0.02896053545234099,0.025486960662383353,0.08633661527509685,0.03786519812807092,0.03983189182501519,0.12019004817795939,0.05494219458529551,0.055278259646933295,0.1291600640125398,0.062821097905864,0.0603545428648431,0.1183039262748498
generation - Fossil Gas - Actual Aggregated_t-90min,0.009530797391990859,0.013222340295156756,0.020039777821541066,0.005801152606123651,0.008586435971445098,0.0075380513229865755,0.004342664103915922,0.003960600488176624,0.008692912134536983,0.0035906958725681762,0.004401548422792076,0.012118430325110239,0.004941576933448914,0.0065829677612509845,0.008206285055865663
generation_import - Import - UA_t-90min,0.0045546880709935065,0.004749389352713479,0.006460847711699898,0.0051174178691017,0.005473461977575909,0.00623968630885065,0.006311583959584823,0.00512498901856452,0.00785349626215384,0.006535062979792201,0.006519876522988852,0.006049152607723954,0.004677997722035002,0.003942636078584713,0.012361969510551716
generation - Waste - Actual Aggregated_t-90min,0.0020011353758859515,0.0019903070442555872,0.003342437427612822,0.001978655550644817,0.002206467818857618,0.003305242308661036,0.0029054262751214994,0.0026108876797115953,0.004975453381538045,0.0023195149534494704,0.0019844307162331914,0.00295232690708508,0.0022033646987802058,0.002571427266261708,0.002970082780393568
generation - Nuclear - Actual Aggregated_t-90min,0.010159496930777095,0.006894272277490018,0.012073601238887932,0.004894605440178566,0.005455276499482807,0.011566213029123902,0.004868615716444765,0.004421111535280943,0.008096450676101085,0.004149710246477298,0.006100436253400403,0.00975671400873216,0.00532082273760625,0.005577377703237289,0.01269800235339062
generation_import - Import - sum_t-90min,0.011573908593753004,0.012977770581215737,0.018044976996105105,0.005651421017619214,0.00827287401778176,0.013359475138864582,0.007589750531646132,0.00910761811940847,0.009921502079450875,0.01233999401678011,0.015226692040338094,0.023968279911598073,0.016284802370428224,0.017361542376707804,0.024410941754482336
generation_import - Import - AT_t-90min,0.003978087291074189,0.004141888946458494,0.016347993569942446,0.0044796043159184935,0.005395788706839085,0.011634914301031642,0.005859469490815172,0.00867321061295297,0.0332761258965329,0.01630739717353754,0.01336999115510116,0.044013437406522825,0.006581378712144669,0.008078109139974914,0.03140242967345694
generation_import - Generation - Fossil Gas_t-90min,0.005344080428440066,0.00845870110886608,0.009068060481411521,0.0033166707318614498,0.005419271710801695,0.01682021934111617,0.006745605853115194,0.006407176460435779,0.006871097520565854,0.003783508151147544,0.0070718087958230175,0.00520266039739181,0.0033520585467790623,0.0034810752281542816,0.015445755642947916
generation_import - Import - RS_t-90min,0.00657690231123479,0.005123407326529559,0.016587696828239133,0.003583079165662639,0.003245502106208278,0.006978022181559936,0.003235467826222703,0.0034600445620831125,0.004983617827550916,0.00331371973392379,0.0035834125044457324,0.007222732534995884,0.003605554449599822,0.003991385613879174,0.007685363777733073
generation_import - Generation - Fossil Brown coal/Lignite_t-90min,0.006183199110591886,0.006690532102871657,0.007796308652785229,0.0066690861500010214,0.009308161663451756,0.011202401912229107,0.004616471260414983,0.004350664266239619,0.010420282605220564,0.005959550866290556,0.004973117904758965,0.008587039466052033,0.0067581811685777215,0.005383612053125944,0.013415158603238523
generation_import - Generation - Nuclear_t-90min,0.0028435934630233533,0.0036763385082572314,0.006503376871879936,0.005928274831167073,0.005723980611273874,0.004359565302835108,0.003252072421466437,0.0028121711992193923,0.0030021880024305573,0.0029329703966286614,0.00403031610576636,0.008146975778574416,0.0031820954878048723,0.003913311183681799,0.006836311116928669
generation_import - Generation - Wind Onshore_t-90min,0.010134907957006362,0.011261733902207539,0.012363551967679087,0.012110933691270474,0.010716012055665487,0.01621064914917224,0.010171565701344662,0.012958286994689842,0.020358919275648077,0.013293694722498913,0.013290343696658964,0.01714766633915542,0.012497956430674095,0.012423169861165661,0.010859431831454458
load - Actual Load_t-90min,0.010025415102289116,0.005638779908549623,0.013332927044148164,0.007306689050343266,0.004649500618887942,0.015046246684141807,0.00852832219967081,0.008464456310271089,0.013566369235764797,0.01249807576498506,0.00938774943867611,0.010804061729766544,0.01252652679815128,0.014269723597186385,0.013271590296993964
generation_import - Generation - Biomass_t-90min,0.0054525582674195905,0.005628732951425263,0.008888969529678433,0.005837910827280211,0.008896305518891494,0.01572053793046098,0.018078928027141956,0.010907832775545103,0.023863881793226027,0.02184567523324222,0.027466073937539477,0.030771039941319033,0.01486845278256078,0.010610965126879819,0.017853027380788263
generation - Wind Onshore - Actual Aggregated_t-90min,0.0027365406226858794,0.0021778036674386385,0.01131018762291933,0.0024909051218035072,0.0021073689902123076,0.013273142597914556,0.0019526016942797355,0.002435773361792599,0.0058604381988589015,0.002665741241816022,0.0034447672147316553,0.012905038892022276,0.0025835147458819845,0.0024030229805084673,0.007694680218965005
generation_import - Generation - Other renewable_t-90min,0.0023083995881440843,0.0024567127262778853,0.005097561198602534,0.006602395971345686,0.008045862162991397,0.017407305981818354,0.0033205052975981745,0.004430998132301284,0.00506379625057616,0.003952916003781865,0.004737410150119331,0.007318093681587925,0.004316140554543381,0.00549852847365446,0.00692746582838663
generation - Fossil Brown coal/Lignite - Actual Aggregated_t-90min,0.00650499418831896,0.0045436289123972524,0.008838911826750064,0.007477516109760927,0.007633559427486546,0.016598116582637885,0.01109629264504838,0.010426254133868497,0.012451217648817419,0.0052149556800750365,0.007261117760527213,0.010402607247320702,0.006202047273256539,0.005010415897122584,0.010150461281118623
temperature_mean_celsius_t-90min,0.0075617478418644165,0.007052733198332135,0.01255394042545231,0.005689570964817903,0.005329745223989448,0.007810605409558775,0.008922863086569123,0.007282414698798675,0.012590347099518112,0.007290550763435022,0.006541497567583974,0.008325511619528698,0.007904120497616532,0.0092176994940055,0.016224064832698788
generation_import - Generation - Other_t-90min,0.019985007956238407,0.016780963832818088,0.024507381176925264,0.0136119783489994,0.010788210552960663,0.023225700051563762,0.006450142633433643,0.0041656273283042534,0.007122801280788735,0.004545652896314096,0.004778594091926607,0.006931892371030699,0.004911546614963299,0.005421366900234716,0.009559874604859943
generation_import - Generation - Waste_t-90min,0.0018991457017681057,0.0017180732966082814,0.003010059969873055,0.0016088613707250978,0.0013345086106226205,0.002847543973242864,0.0036076333883038386,0.004338446047462639,0.004904016062100709,0.001578959043834402,0.0019287371534062031,0.003068313472941554,0.002243898068603812,0.0020071535970942024,0.003433210111411256
temperature_std_celsius_t-90min,0.010608664467050402,0.008687271336719277,0.004270480877601585,0.015479003628046484,0.016428875315586993,0.0204173422895783,0.013585964440946554,0.010407188302671785,0.012064625629398506,0.007002080650179778,0.00601997421476699,0.0038047015375731233,0.009721676905512823,0.009887557650370582,0.009039120966103837
generation - Biomass - Actual Aggregated_t-90min,0.010913367992820895,0.00728322381365615,0.02598452020561672,0.01410659007110371,0.014991216737021659,0.011844385637493815,0.016715919450674847,0.016883974889562524,0.03537856575037585,0.012210219044582117,0.019142876614583658,0.02601603933837032,0.020887709254304696,0.009086956727122016,0.0221584676206694
generation - Other - Actual Aggregated_t-90min,0.003171030365768729,0.0030028972704385522,0.010188205993043084,0.011381918444585607,0.008162415169295854,0.018999362470494816,0.00610469740723056,0.005283235641588362,0.006240128084162279,0.004150210522864654,0.004345723999307665,0.013453526806218861,0.004786300446648511,0.005483551867770075,0.009551335995365662
generation_import - Import - HR_t-90min,0.0013894010734375115,0.001292977456812423,0.0026319773288453236,0.0016271592669772873,0.0010387637492935938,0.0035550060108066645,0.0012280123878117592,0.0012283198822096893,0.0023821935565520105,0.002094996939390967,0.0017964375158453548,0.005132847879314795,0.0030159258957382917,0.0023536948808396117,0.002975826627155584
generation_import - Generation - Fossil Oil_t-90min,0.0005824347443367515,0.0009767419472855182,0.0013236122312500812,0.001149993797687573,0.0007745376780897004,0.0006845758662825574,0.0007856529660875822,0.001189158789858766,0.0012034203604698631,0.0006593445564212174,0.0015187306766777057,0.0008395372079629056,0.0013977339929588197,0.001545177565301856,0.0009134788046354174
generation - Hydro Water Reservoir - Actual Aggregated_t-90min,0.0024493046323974567,0.0025993716178541034,0.002879497674343611,0.004319448428130997,0.006708074403955834,0.011574646779701651,0.004326028998191305,0.004707219482035725,0.009547372649243699,0.007321314519467706,0.008267381071312002,0.01216822771254374,0.006506238459100132,0.005160516224073945,0.00597756004458472
generation_import - Generation - Hydro Water Reservoir_t-75min,0.0022373614309394016,0.002193830728103421,0.005762668085118151,0.002570580991011411,0.003629660423282985,0.012972645090878358,0.001900731638680554,0.0020383344654053416,0.005802059438152526,0.0021439267954805248,0.0021543197156313454,0.010749443458189034,0.0027111221173854575,0.00400103156316618,0.0031183679949172076
generation_import - Import - RO_t-75min,0.004322940722981002,0.005566750811194652,0.0043441884923418,0.0032309651009791197,0.003978535490739887,0.002920078838356858,0.0042174925405524845,0.003584621504725874,0.0023563381303520147,0.00604978430076153,0.007801922574697528,0.004128778667669394,0.0073926111696637235,0.007484024424105883,0.0053515988923390975
generation - Other renewable - Actual Aggregated_t-75min,0.01497194352277438,0.016576383006147808,0.037830432604649106,0.02043370883993339,0.016995507092680783,0.042770372441213116,0.01914901661867043,0.01996788562857546,0.04573247329363948,0.020456697247660485,0.021301411940454273,0.03789570204081247,0.027584014863939955,0.023560161603381858,0.04049152588727884
activated_balancing_energy_prices - Price_t-75min,0.00173598671767013,0.0016523063178823917,0.0034882711831116923,0.0028325366021199443,0.002011786984414357,0.003499498856621358,0.0017530928858750486,0.0015552902562048984,0.0033402009920083203,0.0015676613522455228,0.0017665792742900522,0.0030109757362168353,0.0026651330635413615,0.002619478227437867,0.0031120157439509057
generation - Hydro Run-of-river and poundage - Actual Aggregated_t-75min,0.0014388655650177497,0.0013431622075695485,0.005968290940105362,0.001557722864704374,0.001628569749253529,0.007579447530042671,0.0018597009599272951,0.0017593320617038445,0.00719441148783335,0.0030683528901890894,0.0015223885790795748,0.002040657538181222,0.0015512753416087434,0.0019312617961968499,0.0059954236415069315
generation_import - Generation - Hydro Run-of-river and poundage_t-75min,0.0020045932869397804,0.0011160590634390246,0.0040769773468891796,0.0032637135478726124,0.00419318135210051,0.004862530207819191,0.003222391373001301,0.0023661403575292754,0.007184395693300758,0.0022717539389468583,0.003444936364521709,0.004284220893156999,0.0014263927680840424,0.0016314473151260245,0.00363905233184596
generation_import - Import - SK_t-75min,0.004968663388047389,0.011135149722838833,0.00998050098209751,0.005459881461563782,0.011162443715009431,0.00856164009654094,0.008454537205294401,0.007334440287022744,0.027455792948356247,0.008543640777764268,0.0060467487797832295,0.013271732593584601,0.008921835392368167,0.006705862398219324,0.022198776875295152
generation_import - Generation - Solar_t-75min,0.05475298342405586,0.04991003536933567,0.11360374089570541,0.04329531410959316,0.04205550931335893,0.07410741079732543,0.05077805762470234,0.046612170727108604,0.10050727927382104,0.06506370715994854,0.06101302646024851,0.1166333667972358,0.06782987480040174,0.06633302110008663,0.11930762202877668
generation - Fossil Gas - Actual Aggregated_t-75min,0.008173975556841469,0.007195857124541362,0.01349158813757458,0.006975976685793284,0.0061885955263878715,0.01852662744779809,0.007739028356776543,0.004811388450530103,0.010836547155442076,0.00446607875277914,0.003902939569874661,0.012514071227668183,0.008169283210212598,0.008114571057023567,0.011680271445373364
generation_import - Import - UA_t-75min,0.018545784504705808,0.016021559775515924,0.02262104919052217,0.022750222903152463,0.01966740840373677,0.03299223313393304,0.023394984738552012,0.018548207846353762,0.027483171637279157,0.020642838078692875,0.015259142755050562,0.021719233539992274,0.018138127598562277,0.015149993293714942,0.03046970273340048
generation - Waste - Actual Aggregated_t-75min,0.0037252777263985307,0.004485465739706342,0.00513878171462602,0.002049673429949394,0.0032923755013434856,0.003230814305276908,0.005417689804409747,0.0058333353964044364,0.008704791918513364,0.003506556044934996,0.004473789819270678,0.0036714925183025573,0.006352048106022266,0.007088689130333478,0.0076520133138910755
generation - Nuclear - Actual Aggregated_t-75min,0.002770094428959055,0.002571584383041227,0.004085822766097408,0.002559411330779767,0.0022352047949389087,0.0051694379800428574,0.002544358354058204,0.0021834330290439537,0.004357588048311299,0.004962456574074622,0.004835567680854183,0.007965966386582295,0.004323102526479488,0.0061750830632408904,0.009935783718752646
generation_import - Import - sum_t-75min,0.022955391451840116,0.025446108289863333,0.039591954759031066,0.0274417461045814,0.029236095175205264,0.041922105461585486,0.01999645877316891,0.022077989395038456,0.030146892372664297,0.016290894003308496,0.01991295534686651,0.0263871927080927,0.026044273659099417,0.02469190035950305,0.02683172149621532
generation_import - Import - AT_t-75min,0.006080220179377647,0.007604682652674455,0.00624541399372174,0.006463323860960372,0.006374928440320673,0.0055254097636679945,0.0030976308063000034,0.002579722984520231,0.004955786346548848,0.008152640577347483,0.006737051357651126,0.016885129678004887,0.0052250476057179186,0.004728328644354405,0.008471540074328003
generation_import - Generation - Fossil Gas_t-75min,0.011750813171864138,0.014313620292457927,0.008501350619750155,0.009710783120539418,0.008999517378595556,0.009297246356018831,0.005843225282798231,0.0077167140624333115,0.009448685843599378,0.007354629371366173,0.008327106842476496,0.02537837000057334,0.006521869047737709,0.006412179289032565,0.02246770253263094
generation_import - Import - RS_t-75min,0.00235707326488,0.002300932825721361,0.00638129541204762,0.002976616815222769,0.0026353059296889115,0.005681280178734596,0.0045743112168147495,0.00413988721331043,0.0048847758649033035,0.003181092277976859,0.003059116418844496,0.007944824643654102,0.0031015413028162584,0.003321721670967236,0.008872959779798748
generation_import - Generation - Fossil Brown coal/Lignite_t-75min,0.017418804377375637,0.020021493253800145,0.024455790786982106,0.010736411487447185,0.010131742623285846,0.006879212937343254,0.005331097463346396,0.009314970831554092,0.01192753480247211,0.013988763385551465,0.012801877296646126,0.013735077374039974,0.018021117167476404,0.016783903986914084,0.01853584018933543
generation_import - Generation - Nuclear_t-75min,0.008454368733790034,0.0029563851844432065,0.019263615230694996,0.005839589110430097,0.0028525219784714863,0.015541348813450895,0.004144026759616281,0.0036557863280449964,0.012797416458110092,0.0021805319516054167,0.002259624627383346,0.010608213410025201,0.0024975472670774935,0.0031269818363216474,0.014931031584428638
generation_import - Generation - Wind Onshore_t-75min,0.005969140992401662,0.005867183872811438,0.0053407774168340435,0.0023402535773834926,0.0019089970194663692,0.008000615968325292,0.002169039421291018,0.0020254109337220143,0.00791658179902879,0.0034627348099365916,0.002978820253471895,0.006512811033986509,0.002779863052030805,0.0034260444461860972,0.00474646652863521
load - Actual Load_t-75min,0.009413090543002909,0.00649113208824565,0.011557236753598772,0.004679037999083448,0.00402135602250928,0.013101894361322593,0.004795082861439369,0.002758550413164812,0.005453338235152842,0.004174669498337607,0.0042665665705135325,0.008628178943195963,0.006693582061098766,0.006017450027902669,0.01395611206186004
generation_import - Generation - Biomass_t-75min,0.01966316094098147,0.011353332149206835,0.025523631232092156,0.016285043566196693,0.013853741028920922,0.02438822668720968,0.015335968166882595,0.009520769236827618,0.024500895590899744,0.025821990200051003,0.015264797151325183,0.05267419845264521,0.017458210504129965,0.015191041798054358,0.03361550981707114
generation - Wind Onshore - Actual Aggregated_t-75min,0.006651712852903074,0.007476411607431146,0.007677843150579065,0.005450552385541414,0.0055533368227502255,0.00646828616869152,0.01000755707719327,0.008053814185608644,0.012721305094179115,0.007613703697438836,0.00920770952683597,0.008076803482719925,0.013358474599466718,0.009103723194225949,0.010407641480564053
generation_import - Generation - Other renewable_t-75min,0.0034622264068439107,0.003204217283896696,0.007180679583760139,0.002993420912429201,0.0036872530452477575,0.0049564196122719294,0.0036428620133887647,0.0035104198083354275,0.0104802411327546,0.005197918398427646,0.006075231648635963,0.008008108549074678,0.004361586368275312,0.004562136501772329,0.008311415337915604
generation - Fossil Brown coal/Lignite - Actual Aggregated_t-75min,0.023418302870741172,0.01616587026063644,0.02503239544752796,0.013503197089284755,0.013430016751999119,0.011945358950409173,0.007171806997443127,0.007805817838678195,0.01021293374155357,0.007464287529888679,0.005984577349163373,0.016267616173731767,0.01143899841010716,0.009236385233736655,0.010234031201449398
temperature_mean_celsius_t-75min,0.010687190112222198,0.0072731711932137845,0.01705938091711141,0.005100900147369429,0.006333873938725219,0.005545970257136105,0.005758545894241252,0.005508546471704904,0.014912213408679235,0.00567040164849459,0.005573732310680498,0.01179613966170291,0.007749575516114418,0.007751335085436949,0.007316773659640603
generation_import - Generation - Other_t-75min,0.0056367751816042075,0.004339239037297375,0.0077059557441498325,0.003950455124487234,0.0038919867441020413,0.007858167394719203,0.003730839244893787,0.004881818636553248,0.012452205409172166,0.004214320317404429,0.0050334816519330165,0.014395449409646972,0.005591141263044846,0.004080383226722006,0.005553459085572669
generation_import - Generation - Waste_t-75min,0.004939390089413792,0.003474556179233332,0.003329606434206198,0.0029493652602604926,0.004325943644318613,0.003127977763148351,0.005502429528507492,0.004655754663759581,0.00420920806596996,0.0038331791633545434,0.003182663729904334,0.002487981117563322,0.004223002726821377,0.004443283343047369,0.002508093034271951
temperature_std_celsius_t-75min,0.00643512847574948,0.007346495880254111,0.010367506356809145,0.003364281749159545,0.004078565377423729,0.004620562378933755,0.005644425913049375,0.005126988420593989,0.013430886219583044,0.005798963080698741,0.004055828214453868,0.0053347521738957085,0.004761810710998816,0.0038980497355041734,0.010502004322580433
generation - Biomass - Actual Aggregated_t-75min,0.009622090946952084,0.012072307864496451,0.015666629203537015,0.010708102106575097,0.016253419837787077,0.019216561108460154,0.010696647855910556,0.012163910033315914,0.010819324067259913,0.008623712258172418,0.009770141855849034,0.014107280183408875,0.007990470649834606,0.009399607441511307,0.015025284701563578
generation - Other - Actual Aggregated_t-75min,0.004495944382971175,0.004850048137756858,0.011157120367395692,0.0032115624187772484,0.003308644951349379,0.008189770407442665,0.004113368732221261,0.004538885283700438,0.00843147625519714,0.005260438050654557,0.00430844019294841,0.006290062330673208,0.005530770624749039,0.0055497015810760785,0.0052535304841790096
generation_import - Import - HR_t-75min,0.0011437817034047838,0.0012359633492751527,0.00434899615609902,0.0010899365869972825,0.0013480526791936427,0.003958378199335129,0.0011632419721563565,0.0011005990956582537,0.0038017764187834474,0.0012972972807473297,0.0011885684145443633,0.0034908407983857614,0.001650893962304508,0.0024187861480677382,0.005274599606036645
generation_import - Generation - Fossil Oil_t-75min,0.0013438387844917088,0.0019070537459315346,0.001192417062032291,0.002870772869056168,0.0026728821671786135,0.002712456288620615,0.001988250413908986,0.0024182010785498277,0.002266356538549985,0.0012213887851612525,0.001464835667477704,0.0009937010875892157,0.0023475213850303474,0.0029248751083159733,0.0014905275353851266
generation - Hydro Water Reservoir - Actual Aggregated_t-75min,0.005120464045537801,0.00757240070068292,0.008617180227305652,0.0061356003124164995,0.005299582791290987,0.004050846644370722,0.0048126408317984894,0.002265244192838054,0.0025742713714121237,0.0037119946679104033,0.0022883723765116885,0.004146244695983114,0.0019633396265996907,0.0029550231717330464,0.004674714698433945
generation_import - Generation - Hydro Water Reservoir_t-60min,0.004477046750213049,0.004223841634335259,0.006507906446915968,0.0033416447337140196,0.0032666636146032033,0.006550847735721618,0.0038337393316473936,0.0030667014020782516,0.0034625725199648513,0.00310895815418462,0.0034952827138204157,0.005219002856712905,0.0033293291278314427,0.002959033814473514,0.006292202548698697
generation_import - Import - RO_t-60min,0.0020569703611527075,0.0020537585198062516,0.004474802341123904,0.0028927302040178803,0.0025664010612636047,0.004819154054792307,0.003269194706732378,0.004179069746583991,0.006635324670074624,0.002503753258001325,0.002025453814992943,0.0051781975064695875,0.0014349063433055562,0.0027059439454496896,0.0025058751628748723
generation - Other renewable - Actual Aggregated_t-60min,0.01124131858929468,0.011360537230659247,0.016632053640612866,0.019746687669859965,0.025086261717107844,0.027195895529017435,0.018297613699040084,0.02108790928133021,0.02357557452673791,0.016739890835466214,0.019724169585912023,0.021544723181752486,0.019214547104769737,0.018055426758917748,0.024337863079155794
activated_balancing_energy_prices - Price_t-60min,0.0015552986118315176,0.0013978414639450349,0.0015255102737914967,0.0014521462497028778,0.0013180301001693806,0.002312062911154499,0.0014215945737005313,0.001419674751820594,0.0021203423333222417,0.0012834363060567284,0.0015199090523974519,0.0023188900678457,0.0013477826253393914,0.0018062304010098842,0.00235632375707894
generation - Hydro Run-of-river and poundage - Actual Aggregated_t-60min,0.005267360674418342,0.006946836403837552,0.007038444200061349,0.0036474658590559556,0.004399818084499202,0.0030091060288432343,0.004116787228750127,0.005103797734802356,0.007657367978463298,0.004085275795150664,0.004814763277979182,0.004906888116292976,0.004090483962550934,0.0033453064032328257,0.003513150534542092
generation_import - Generation - Hydro Run-of-river and poundage_t-60min,0.0029772193280132343,0.001954942256266122,0.0030456153303985048,0.002764169147851135,0.0027918348942781107,0.003393182344608249,0.002541607868102801,0.0023194481829777944,0.0029802886942552646,0.0013290577177585874,0.001216027912108757,0.0026398829251065765,0.002229023306399654,0.0014236802504146908,0.0033009667433530013
generation_import - Import - SK_t-60min,0.011652567738605285,0.009818606376473327,0.022689128461097427,0.006379388063396959,0.004713406828705047,0.010648410805195454,0.01625936798044313,0.012770787452529476,0.037839501091613784,0.029959773120615863,0.029401921178636256,0.0616989011997648,0.017036225999414456,0.016570451482228236,0.03340482763529144
generation_import - Generation - Solar_t-60min,0.051181788086265445,0.04851483194965112,0.11205779767897911,0.06308060437993845,0.0667874693153426,0.14198625899711623,0.07535946617176524,0.077109468543611,0.14498775872541592,0.07520547297631856,0.0781946029283572,0.13323325308482162,0.08196127726114355,0.0774580492170644,0.13148981159576215
generation - Fossil Gas - Actual Aggregated_t-60min,0.014177822651181487,0.009804823864130412,0.0403509575057833,0.014887520299897006,0.01587926904008782,0.024299660167496767,0.009795188006499303,0.010090148151622997,0.024696350300768246,0.006409576007201394,0.0051629047030073705,0.013541425079412875,0.014045798212842783,0.014481486659620714,0.032391265479331195
generation_import - Import - UA_t-60min,0.02188379206667014,0.0197534031818941,0.04263998424555757,0.01908513640720048,0.01936575479939347,0.039731405238359004,0.0204202574689989,0.020252017330676608,0.04755630764819216,0.0217713191799412,0.019925556569171023,0.03397459695558064,0.01986263689880775,0.020778219325722602,0.03736434028095391
generation - Waste - Actual Aggregated_t-60min,0.006651669068421143,0.00660037630971874,0.005617643652951301,0.00630381541666975,0.005745326898671919,0.0033049819886364277,0.005829469214576761,0.0044573868049337766,0.0031956432487513665,0.006328693187890167,0.004627002953275223,0.0032757498182691054,0.006519544325919923,0.007290236880771971,0.009696493542738608
generation - Nuclear - Actual Aggregated_t-60min,0.006477608660845362,0.0037209793459342107,0.00790454926728853,0.0032575326440492064,0.0030097504493438675,0.009348380797775462,0.008418408314693806,0.007766976440034341,0.024880502607207745,0.006739573103943257,0.008465342834204876,0.020495459857047534,0.004261685590179241,0.004567745059293884,0.012336678806343116
generation_import - Import - sum_t-60min,0.021864010567260266,0.021653885076804727,0.039926802669768224,0.023344365010147156,0.0251555450406413,0.03693418830406153,0.03427521576965137,0.03335036182845943,0.05785509329766501,0.03400634226151669,0.0372363933352126,0.045610013836412694,0.034747686964190505,0.03625348732402199,0.04334085485574906
generation_import - Import - AT_t-60min,0.013937969035468996,0.016835902666149195,0.0341172790308774,0.022048361434714024,0.023888081229066303,0.04371812483930262,0.02317951145302868,0.022453487950991304,0.04289847357067629,0.021183244475454558,0.02226750888985407,0.042376176853419566,0.021410718940085643,0.02079753355801222,0.03897810639736781
generation_import - Generation - Fossil Gas_t-60min,0.009765675774465308,0.007545137032793719,0.01734263537708466,0.015886264699220193,0.01575271576587693,0.01746703650123277,0.00842912763278946,0.00833086136696511,0.010762040023160807,0.007466184946406429,0.006369205549402977,0.012120322622918138,0.009536452997712332,0.008012005167602183,0.017593644546577705
generation_import - Import - RS_t-60min,0.0037806377032666206,0.00534982917099569,0.006762408514008712,0.0025005276744286676,0.0028148648218709695,0.004053822801344723,0.002896509317102755,0.004047961563133868,0.005308658125451075,0.004631448586100305,0.005475878217959689,0.006165589875085061,0.006655910647546989,0.009988629343180946,0.011519705885519215
generation_import - Generation - Fossil Brown coal/Lignite_t-60min,0.004728124126242619,0.00541552442061402,0.013162527025517193,0.017452163769887192,0.018595710444409632,0.04099520937161287,0.006656819980646106,0.006563212106542779,0.01014081162196817,0.006374025452738351,0.004984117307598354,0.021321334022712107,0.006781810473245989,0.00413201373983884,0.008994151431928913
generation_import - Generation - Nuclear_t-60min,0.003979368393112964,0.005775879750575655,0.009723080462623329,0.003199213981995854,0.0029043189988706215,0.005673582973253361,0.003428225536964419,0.0039799435476325015,0.007164008701753119,0.005110472586560718,0.004935583482219954,0.012063690391354612,0.006293363609172957,0.00413571396102634,0.011577396942666383
generation_import - Generation - Wind Onshore_t-60min,0.006220549470857349,0.004984740559466445,0.010059385155561812,0.0027471575683412084,0.0023982061192527908,0.004743143907517151,0.0047630662661840685,0.002849843782501921,0.006532518541001082,0.0023131452849884226,0.0021461737878744314,0.008192120348893923,0.005494292671806534,0.0033413622125754044,0.00865833470558573
load - Actual Load_t-60min,0.021687883798702387,0.018799049510223993,0.046839725451980486,0.021414332978277342,0.024033477771561593,0.041677533755573676,0.013634131111568422,0.012289195442810524,0.029322943433973705,0.017623096448086132,0.016169051665680365,0.04261788523494033,0.017085643589845857,0.018826798227663404,0.03834937899215583
generation_import - Generation - Biomass_t-60min,0.005842182241562114,0.01064698503308955,0.009613592037691377,0.004561174689063591,0.008366443128630635,0.006275961010638639,0.010384885849741295,0.017268346076700254,0.007511528575174452,0.030331846351531567,0.037141340356979524,0.0472480420466527,0.017706104348988446,0.018402199579139505,0.010962864271865328
generation - Wind Onshore - Actual Aggregated_t-60min,0.008833856049805036,0.01022405409955536,0.01893913268304459,0.010440321492336807,0.010815385965745009,0.024183079490583622,0.011885410072034574,0.00961939248624185,0.025342134063641424,0.010820849079737287,0.009937903785528761,0.01862288147279122,0.01476030104545498,0.012801880157834376,0.01858555175368383
generation_import - Generation - Other renewable_t-60min,0.0031402399083317505,0.0029182992280079815,0.005800204742678033,0.0034533768924247853,0.003375078251454397,0.007160031908657402,0.006313912487785274,0.004118843269112404,0.009840589809391532,0.0038751918918023876,0.0073519323690779854,0.010276826233235625,0.003302953214226363,0.004772456216780484,0.005518043047414722
generation - Fossil Brown coal/Lignite - Actual Aggregated_t-60min,0.01224046880896276,0.016565458264260088,0.02504518398962682,0.007606234317103372,0.009642607636171306,0.02227131488471059,0.01650238473014906,0.012282781902213174,0.039835504396352917,0.027559155394745176,0.026953040813154076,0.07532657532044687,0.015167003150458186,0.01727098733630555,0.04690206785980263
temperature_mean_celsius_t-60min,0.011335831257241807,0.012728738534195145,0.011932260784771642,0.011647419314635045,0.01288500180867777,0.014365540560436785,0.013550457153825846,0.01015501931111794,0.01054107414916507,0.008292511989980994,0.010713579369525177,0.012100300477956807,0.01244137056460022,0.013373398297873791,0.015300585489258082
generation_import - Generation - Other_t-60min,0.010181911933432274,0.007022755490255804,0.01725298361298155,0.012689951459447912,0.01135586078956112,0.024308111847731198,0.0042318487472130075,0.004030895835390766,0.013216682157861214,0.004138526807505287,0.0031760066653459943,0.01926589114045919,0.007807800132732154,0.0076490884291306425,0.025462346406756296
generation_import - Generation - Waste_t-60min,0.005436708518299384,0.004433751046957695,0.004413943132966324,0.0016882460356123375,0.0020816929505999724,0.0022289403471490916,0.0036894174149101674,0.0032219325507794566,0.006881118283138903,0.006002769404345599,0.005057881055904545,0.008191923484245307,0.004350884833646887,0.005767039395252141,0.007955611619459887
temperature_std_celsius_t-60min,0.004368922200857924,0.0037936142145904342,0.005335997982451943,0.006604151438630652,0.005155074358196998,0.005147908265062142,0.00492287094903304,0.004355319959400049,0.010555315954986327,0.004954980432582488,0.004220046585603996,0.024060364679105987,0.004238659809601813,0.00382711749554619,0.00980023258120491
generation - Biomass - Actual Aggregated_t-60min,0.011672912026937411,0.01302629287541822,0.01753143082947281,0.020772104906969617,0.02307519004508504,0.04102001309488696,0.015929609274739052,0.011339280577907175,0.019421974985692942,0.012790740446246219,0.011266744035332522,0.02225275339394284,0.01219256843437688,0.00734230822548841,0.016709744554638747
generation - Other - Actual Aggregated_t-60min,0.008598290377565718,0.0077002203251813625,0.006553898670034869,0.015303872772135947,0.01553340500329216,0.02369438956506565,0.010796774767888564,0.009733585750172096,0.016733954111063213,0.005130728150845244,0.004704050641739741,0.017079842939201628,0.004162350623366365,0.0055043524701735005,0.01551344767701812
generation_import - Import - HR_t-60min,0.004821953091101022,0.003648329660724812,0.007104861711268313,0.0021594867128587793,0.0015504393805622384,0.0034047666932201536,0.00222661828717537,0.0026800106516420784,0.0050050755796692105,0.004139405791429454,0.00363241304220719,0.006167186701612082,0.004404731154994806,0.0044508117216901155,0.008743929186835885
generation_import - Generation - Fossil Oil_t-60min,0.000753305116246338,0.0012094079718663125,0.0007208556442947156,0.0010174891629631019,0.0014307502576411935,0.0011167399975550438,0.0012299889881144282,0.0012345045333004236,0.0022911395147543773,0.0017451689874101249,0.0015106481838668912,0.0036632921027885458,0.0014228888530305995,0.0022723720421199685,0.0026156569481695442
generation - Hydro Water Reservoir - Actual Aggregated_t-60min,0.0029480063710051354,0.0021106952685981924,0.004815775696907849,0.003916439453703788,0.0034955080547661053,0.009516956293853128,0.0030671314529754456,0.003102848662085307,0.0042510545047207415,0.009859211093040358,0.00772821519248464,0.01336284078344761,0.004725274895760776,0.0031431851769769138,0.006261477863383334
generation_import - Generation - Hydro Water Reservoir_t-45min,0.003002732146935159,0.0031974501872382463,0.0036079469614523985,0.0032237475294350586,0.004824397199770829,0.00870442512221416,0.0025719925633984533,0.0028424082904598435,0.0031884818512808123,0.0035923118866339793,0.002520355342407129,0.005484493549054605,0.004576018995138839,0.0025664492269027433,0.008343132405854704
generation_import - Import - RO_t-45min,0.0022923642165367255,0.0019880467603852594,0.0019281936092666002,0.0010174025320811779,0.0014761975759746448,0.0019113425995251419,0.0013894778572982886,0.003054385397678743,0.0022036271020388085,0.0024257484674017177,0.0023144153435205226,0.0019011634107555437,0.0015399758402818407,0.0015151213913778747,0.0044681583259025505
generation - Other renewable - Actual Aggregated_t-45min,0.011695231699501164,0.0159022155321436,0.028370365901697368,0.00778487377177953,0.00867953081635278,0.008480923879185866,0.005787114286069482,0.005062312143629242,0.009162939602368624,0.017795779790780217,0.012639657761963463,0.030621678098083065,0.01626722289502504,0.019603591597599005,0.024746088111933205
activated_balancing_energy_prices - Price_t-45min,0.0024940933606849283,0.001908176554147758,0.002094077007539454,0.0028528616340158805,0.003059354680602269,0.002038984447679013,0.0020514193168735344,0.0015594281186945408,0.002496347926947237,0.0018992833512711514,0.0013543236612905075,0.0029327108922225305,0.0024225441970397695,0.002473866009700032,0.0018431877019360172
generation - Hydro Run-of-river and poundage - Actual Aggregated_t-45min,0.00410616888983941,0.0049874533311231066,0.006441591060582141,0.0018746665467997445,0.001876745116368511,0.0023809740374381365,0.0059136996221204755,0.0059452002231009824,0.013217267059808364,0.0029455561791382934,0.002511997334444914,0.007243438443519153,0.0024467029127672505,0.002133629437263153,0.004142460526396463
generation_import - Generation - Hydro Run-of-river and poundage_t-45min,0.0018893544322240814,0.0019687276714857945,0.001887953461169218,0.001812659160939802,0.0017690483593514727,0.004171568759565161,0.0017058415533369952,0.00156737824286229,0.01327258006419288,0.001862951041173119,0.002045490819013139,0.006643959644170536,0.001644801731456596,0.001527595853601838,0.003678833481433685
generation_import - Import - SK_t-45min,0.04698589021692896,0.03999882464960683,0.10611584035563283,0.03344183716300177,0.03179867563972948,0.05404096891336667,0.02742261940651224,0.020417991147041903,0.05150859596359078,0.013827770401519956,0.015473750654913602,0.036381929815703186,0.03781579247809714,0.0374120337224449,0.09219439596158918
generation_import - Generation - Solar_t-45min,0.02794980433396995,0.03033606862126908,0.05988312183774542,0.028434840099711436,0.028353380886721426,0.05798630744672118,0.029147146194700328,0.03547441867020098,0.06063569616263703,0.05511360254656756,0.05343796883296454,0.09072900052477781,0.0568634648140287,0.05940451596865023,0.0875866199566226
generation - Fossil Gas - Actual Aggregated_t-45min,0.01020713704398804,0.01243680519008194,0.026477845182002056,0.0036446397051106486,0.003945906597355133,0.009000008839422662,0.01324400422468898,0.01261609288501495,0.025273944231914355,0.014583109400540707,0.014414618837588933,0.021334444005799015,0.006550776262218278,0.009214450582715472,0.015660548658062906
generation_import - Import - UA_t-45min,0.006017207875203894,0.007443501518209814,0.010227459142435691,0.014028383635210048,0.01168061003748153,0.022612715579336508,0.018350296302523928,0.014949834784354608,0.03548811619268963,0.011414376511005684,0.00960608935705386,0.018285777083176073,0.007767894201375384,0.006043696291351808,0.015077065280056558
generation - Waste - Actual Aggregated_t-45min,0.003513116592616825,0.0035593662787158564,0.004628708342663685,0.0019714352287010114,0.0029831231652924545,0.0036641637053949124,0.0020732767150311703,0.00134792324478326,0.0030634787238477657,0.002197460030123693,0.002460619843994209,0.0047193412266060475,0.0016964922095776274,0.001518015082067137,0.0033703931984655354
generation - Nuclear - Actual Aggregated_t-45min,0.00578300504834624,0.006736902421651791,0.010309832181577803,0.005507885908213211,0.0027742067383269386,0.0050703835497506585,0.006024283663806273,0.010046446882879536,0.009969164093155996,0.0033215997358458935,0.0037016731890880694,0.004784071939276373,0.00898491190556706,0.008412627543059898,0.012153064311467461
generation_import - Import - sum_t-45min,0.030920414779709516,0.03230253470257594,0.05367761018891178,0.019103626780903143,0.022559183053690503,0.02414032230210114,0.016237636942157224,0.018596330717593448,0.01894342673553183,0.02654556654575026,0.02932988893872971,0.03252087772221421,0.034738491848751434,0.03573763633149429,0.04723342185280058
generation_import - Import - AT_t-45min,0.036508052453689745,0.033121242500652445,0.08348015817382838,0.028676208236429374,0.028255828762019517,0.057618803613760976,0.02811384726857068,0.02741829129205871,0.05853916457491869,0.030818884728047124,0.031168526960864255,0.06041669641959015,0.0383400556276722,0.03520695206527671,0.07666607383685187
generation_import - Generation - Fossil Gas_t-45min,0.013175910171827126,0.01182479293063443,0.04291259609865665,0.007826967365283053,0.004135985332541167,0.011253225963706428,0.005375712899136488,0.004879804951201095,0.00918314843043936,0.004894908297967049,0.004990939793185163,0.008374635271597071,0.004541261130334533,0.00494471071184887,0.01831208707062615
generation_import - Import - RS_t-45min,0.015864549727120904,0.016682731584645807,0.026642313458840362,0.009625240887758992,0.01100760154981981,0.015397340228490066,0.004896320804047718,0.005993424485932337,0.009549840691879809,0.004902506330579854,0.008566555494384374,0.014670420276597724,0.009720771902997513,0.010396839158172952,0.017684741391844
generation_import - Generation - Fossil Brown coal/Lignite_t-45min,0.035395231201761815,0.03088739660558349,0.07651266618067167,0.0182325605803635,0.012126523337581602,0.038393078624270854,0.006177291036306997,0.006369775907350231,0.018513905626372434,0.007262039640902003,0.006931410907245663,0.0189648438387012,0.026487939675076632,0.02511679943159561,0.057859693561680615
generation_import - Generation - Nuclear_t-45min,0.0047291418782042455,0.004522016965420334,0.008604693932324154,0.013990810679650167,0.008860184954857686,0.004899310613394846,0.01118220118372119,0.011467252367485343,0.011687131404614774,0.00429269936183573,0.004703503783297492,0.006708729866953945,0.010075299644930055,0.011837088885295088,0.008320299357557815
generation_import - Generation - Wind Onshore_t-45min,0.02892015713787623,0.024899736733160354,0.04883694821730751,0.02595462782757022,0.02169915359393235,0.048304426433955085,0.022182002836986157,0.01999927092566213,0.04050815541371412,0.022661160831768938,0.020076720954344637,0.03578067559412011,0.022979980258096475,0.018780444232368607,0.0384700406564516
load - Actual Load_t-45min,0.031352737820175204,0.0312295958678842,0.08745809650426964,0.02567263361357618,0.02576284810031939,0.06771116940747016,0.023072727333172224,0.019293074495908513,0.058961251880420604,0.01524290216677764,0.01989077663955686,0.0515414687160519,0.027427335167245475,0.026603134931327075,0.06897371252637823
generation_import - Generation - Biomass_t-45min,0.004968738636654962,0.00470330360400294,0.026880639332637655,0.005821032224185728,0.005408128339999166,0.01497476248197927,0.00860934081637606,0.004974867833931057,0.0088875425420174,0.007953499221492166,0.01078671750639478,0.010746200950023195,0.012079323725846735,0.01341546408382419,0.030772986783907982
generation - Wind Onshore - Actual Aggregated_t-45min,0.022263230343804025,0.022180101473029935,0.031304151726140844,0.018344785326349665,0.017459746134012674,0.02322263657368603,0.018599218596180436,0.017865307401574684,0.02954706246894784,0.013852750964768347,0.014223185159486092,0.013211732258627307,0.01890363406861434,0.01735008618912252,0.02273328274663072
generation_import - Generation - Other renewable_t-45min,0.003689233209928716,0.0031936230143655847,0.008177901212366123,0.004515013707341495,0.005508385519228341,0.007191905137584399,0.0034986589264344764,0.003054010327075048,0.006992487241621347,0.005282539712279686,0.0036641998067971143,0.013334129787879647,0.004325051611297794,0.003877941426569123,0.007901205962312816
generation - Fossil Brown coal/Lignite - Actual Aggregated_t-45min,0.02932063480226134,0.022474731875821816,0.06814973097885377,0.013873212629885529,0.010676640459590998,0.03147191524617665,0.008919483389094238,0.007974722536919216,0.025556277666502866,0.015820352871422073,0.016803610304454195,0.04798837694811664,0.021833785662907758,0.015544408745132387,0.054928268988151105
temperature_mean_celsius_t-45min,0.008757744495153019,0.009971674790067482,0.010680303061300947,0.008926110824927492,0.007860101062266039,0.008954632447694167,0.008848208941810298,0.008633818058277029,0.011674626191685092,0.00779387231545843,0.009318941955636546,0.019169640121792328,0.008868071351749676,0.008928109281200932,0.019965395327993973
generation_import - Generation - Other_t-45min,0.009421399172097153,0.00798198069220416,0.012376165795096313,0.010398935218938277,0.015566263461412745,0.0074613618380353726,0.01402126264477556,0.013906453901654459,0.006239342073982698,0.00753859879024094,0.005908692217555654,0.012794912327816746,0.005988915352823824,0.009580070719166542,0.01624690639500568
generation_import - Generation - Waste_t-45min,0.001614506106365809,0.0016903672646621998,0.005052965064188356,0.0020955790899066643,0.00427223425469947,0.012477962905446475,0.001877480366757709,0.0020882737080537483,0.006406243104549276,0.0020675319492302153,0.0018597219373838812,0.004517147126796317,0.002878524400650349,0.004001942202303098,0.008343980749790376
temperature_std_celsius_t-45min,0.0062678762866707986,0.005282099285770528,0.01743728651334095,0.002075957841487252,0.00193605131006143,0.007242480486786007,0.004016520427949217,0.00257920856738383,0.00503693737251524,0.0031058697103399026,0.004722634772975653,0.006595015009655186,0.0070117184120827005,0.006870863196094433,0.019951870499862707
generation - Biomass - Actual Aggregated_t-45min,0.012949778939626412,0.01675445935498101,0.04962373606744222,0.005725214836900591,0.005172152924116744,0.015408157473630127,0.005516955710671027,0.00606359707898082,0.01010994730337552,0.012719436492778187,0.01076724943191948,0.03351966390055895,0.010643933943465527,0.013373393189176568,0.03068093913301709
generation - Other - Actual Aggregated_t-45min,0.006695629773736982,0.010381381130707268,0.00851117458528006,0.007854365378329021,0.008889391935481399,0.01005262947578376,0.00585546469118708,0.007177331658396725,0.00905912421699395,0.005716339074897405,0.0070425132495897744,0.009486531811213353,0.005411156427763672,0.006924561611271201,0.007785117854687997
generation_import - Import - HR_t-45min,0.004124256942173815,0.0046380741590910475,0.014523541233240393,0.004668467814655742,0.0039570819327709615,0.009531609012919945,0.002082875792217237,0.0016452663283744186,0.005990801223189919,0.0016635585497122066,0.001613220015904517,0.004207904147753652,0.002991446979485545,0.002523429167911672,0.009437796745783999
generation_import - Generation - Fossil Oil_t-45min,0.0019477436249298989,0.0021089791616050206,0.0016080274421710783,0.002086857872456221,0.002923851467683562,0.0010273117345599872,0.0021035474841230553,0.0027763460796559228,0.00101587984411276,0.0018829459002722615,0.0022859734468965486,0.0010245518423525938,0.0033910714173707676,0.0029702610564727367,0.002438150073176985
generation - Hydro Water Reservoir - Actual Aggregated_t-45min,0.003543111629701286,0.003653342940802304,0.0072059653941832945,0.0023638578454920492,0.003238454650380845,0.006059820865215442,0.005476575756646526,0.003807571483437641,0.006673180460194544,0.005401500628460781,0.005828109428525749,0.010612554677230946,0.002868471808103209,0.0027529906759589267,0.004644824482515105
generation_import - Generation - Hydro Water Reservoir_t-30min,0.004335795834382225,0.003328607933715375,0.004397295972758002,0.00355186172905087,0.005524162033940229,0.006580345296290488,0.006572440944387836,0.003664554067632707,0.0029229547739450935,0.0032581292732447764,0.0024288900368001124,0.008922154415821752,0.003096619101911074,0.0024807417138570714,0.007408644607425231
generation_import - Import - RO_t-30min,0.006327720994435368,0.004773391477239784,0.012139331796905026,0.0017289546604642965,0.001380111330118325,0.008585094483860302,0.0026891903972864383,0.0031557381737511605,0.0025299259851653917,0.0011812442877362627,0.0016995659507142592,0.004765400025389681,0.001788485202478114,0.001362165406572558,0.008852511711069383
generation - Other renewable - Actual Aggregated_t-30min,0.022258719068515346,0.02671529395505786,0.027471084678116313,0.005508642237045251,0.004443449554943072,0.011147572211842089,0.005033949270989979,0.00501117578625599,0.006078797272484167,0.006757399448484648,0.00884143700862478,0.012865302749814874,0.005150509762138938,0.008970656530445922,0.007379819652873266
activated_balancing_energy_prices - Price_t-30min,0.0018266514827100764,0.0022596164402311843,0.002581885993740343,0.0017792686659645369,0.0017547732902703501,0.002374315944360205,0.001909942340029943,0.0017144494804761051,0.002537240060111799,0.0020973368060097073,0.003103470731753987,0.0027462320101299155,0.001994667347596419,0.0021792079492956875,0.0027917187607627058
generation - Hydro Run-of-river and poundage - Actual Aggregated_t-30min,0.0015095476263333012,0.0012883137595582639,0.0057172011472493975,0.001415116735475351,0.0019601545555110534,0.0036633949046026826,0.0019558361813940338,0.0015538452302495216,0.003988283537002644,0.0016589742880605627,0.0016582931817829376,0.0038059298129974194,0.0019169440351568029,0.0012595788754674686,0.002179215434410253
generation_import - Generation - Hydro Run-of-river and poundage_t-30min,0.0017062312935415774,0.0015273731144707199,0.004024689889672572,0.001594784845401591,0.002404229268886411,0.0027551188762366223,0.002124104378550328,0.0018087534375345058,0.002866934142592072,0.0019826021771459637,0.0019160243444089247,0.003619475396842972,0.003290454895313815,0.0030435234524318275,0.00302987097770324
generation_import - Import - SK_t-30min,0.004301970446067344,0.004337272694579951,0.015478106145994389,0.016169379385184014,0.012292467497365579,0.046587682607932945,0.004407466742446559,0.004769034514021769,0.014089650752473972,0.009832880960013427,0.009621746721099044,0.009114264149633526,0.00641717346728592,0.007246057849237332,0.01404889256732713
generation_import - Generation - Solar_t-30min,0.023526807330621523,0.02196191937819822,0.05858757728047203,0.022885394221697424,0.017812457738793454,0.04164679128979333,0.027706598960328847,0.026106086816405877,0.05874991835479159,0.03728206827310351,0.03421895123807189,0.07938951609702781,0.04892963083984796,0.04661659593658987,0.08220635952637531
generation - Fossil Gas - Actual Aggregated_t-30min,0.03941824018115949,0.03778775688791938,0.09732125969158369,0.018754324625384015,0.018686743035548715,0.026358436024185722,0.03237051196070388,0.029059873621357837,0.07981303412024864,0.04791514837206341,0.04564834250501008,0.10416364391404204,0.047578784769953926,0.046876576243594176,0.0992672503021313
generation_import - Import - UA_t-30min,0.005417592895784765,0.0037899897423799302,0.013402694368101948,0.008536412525392735,0.007886016137945148,0.01736056883936908,0.010296517969254636,0.01168870291634812,0.017332678273078272,0.010790631607800605,0.008496526554567027,0.02435155664960621,0.007500432617936895,0.004356205674685043,0.014698968960934507
generation - Waste - Actual Aggregated_t-30min,0.003498775366719201,0.0052116819247517016,0.003884454532316454,0.0034507600778815686,0.00469439452019833,0.0034043041833774624,0.0021441712398236634,0.002500507898423166,0.0031363605723327055,0.001910629013363632,0.0019359906769155942,0.0033713524598065307,0.0022113514044467594,0.002473737212354763,0.003098870255264046
generation - Nuclear - Actual Aggregated_t-30min,0.004249518410002793,0.006539785079585272,0.00821407674557122,0.002847154743563465,0.002450479485818505,0.006510140821628738,0.003435768230023541,0.003485803475654393,0.0034242005016049005,0.0025775161770252453,0.003795856300757805,0.004753727146960046,0.005365236113404535,0.0040454481473279885,0.006233697762536394
generation_import - Import - sum_t-30min,0.011038384203377063,0.00902496383826758,0.017930104847873735,0.020766713479097233,0.0205482944671204,0.037211554269335465,0.01784827426585616,0.014793154408966074,0.00989151099175433,0.007869769055152574,0.007127091335558362,0.009719245552309986,0.011871079576310877,0.01139446790401712,0.020954778288178204
generation_import - Import - AT_t-30min,0.014242298305195617,0.01180276396861882,0.029889601121918533,0.027254858463464187,0.02515012704745459,0.05977349001215771,0.02333748705594917,0.02066053723974801,0.04001295865750581,0.016137710754017463,0.015669539542153416,0.03797112526668934,0.021419604003502173,0.019324208333040587,0.04134020266222069
generation_import - Generation - Fossil Gas_t-30min,0.04571010800130898,0.04324858611979289,0.07513976375910715,0.02169440471157577,0.017604286734786,0.018902667850330544,0.04071097235238267,0.03917356964806095,0.07360659308789763,0.046969236976583485,0.0437463291119202,0.07682547980709933,0.045213745388959066,0.04139697209204314,0.07564604571042582
generation_import - Import - RS_t-30min,0.006418288900014886,0.0028077978823330342,0.010219440813369146,0.013400626509959693,0.011767724603691023,0.026648529340272942,0.006340595993482566,0.0063243434799551326,0.0155607534457813,0.003884404654694663,0.0024503081020220635,0.006136048087130802,0.004829421336078667,0.004196003597691743,0.007940460952642753
generation_import - Generation - Fossil Brown coal/Lignite_t-30min,0.008683006274075068,0.005698564003218052,0.041511685953511915,0.02793443547579227,0.022994487606109032,0.07802832126000431,0.00513615583715054,0.005200532566673246,0.03257145154615864,0.015090372887261765,0.011573681215319084,0.017660380747725867,0.006376634501350054,0.005959143545117513,0.034748894605087115
generation_import - Generation - Nuclear_t-30min,0.006024190150469622,0.006614613776575425,0.015096293292415793,0.0058184732826223355,0.004687486914612236,0.013563737657605088,0.014029352865572947,0.01406193854891535,0.026253346713026985,0.011453913172415923,0.011146810393547639,0.021903330995352008,0.00855446861803648,0.00911499888387698,0.01579663015091501
generation_import - Generation - Wind Onshore_t-30min,0.035599767988856,0.033544814974506156,0.06238930970523506,0.03543954466993455,0.03617957181688689,0.058816839723243905,0.03464625559403794,0.032237554303457726,0.05324745736696059,0.029997790770270514,0.03248242511325225,0.049236582450270364,0.040704190875054336,0.041819358276494314,0.06797656471589289
load - Actual Load_t-30min,0.008272691956243762,0.006126119968292187,0.03018213561162702,0.017641932632523095,0.0171374259894219,0.04816508361793603,0.01124033856515598,0.010556166260430473,0.040272635678295046,0.009619049516084487,0.008249695853737648,0.03305215191445313,0.00934550812226007,0.005191083951456676,0.027234478208978542
generation_import - Generation - Biomass_t-30min,0.007382864203340432,0.007417876417193838,0.020168835172109538,0.011521392428654508,0.01161426195590957,0.03079991201849043,0.014052500120465992,0.0072195366118248784,0.02546123763142532,0.006441379233365296,0.0060066859511389336,0.014661172033309413,0.007895427345341887,0.007630915528140577,0.012450761169635371
generation - Wind Onshore - Actual Aggregated_t-30min,0.021492382566699234,0.0228615304287232,0.04952188481955091,0.02371720724995248,0.024197501818998716,0.05409371067170286,0.029283804728824178,0.02918713401426794,0.05534729136472743,0.035820366184147134,0.03870143105223542,0.06193389161094092,0.03928961286321282,0.03808454209915362,0.06158806022023782
generation_import - Generation - Other renewable_t-30min,0.00426145567790445,0.007648975749738383,0.009625402921908971,0.003559468905378708,0.005307794488099262,0.0041190598379071165,0.010149428323013125,0.009684218109279755,0.00609238296879721,0.0069791025433032705,0.007239269501864328,0.004898614125983386,0.006293629756151858,0.007357608589776646,0.004224733118709992
generation - Fossil Brown coal/Lignite - Actual Aggregated_t-30min,0.012482770476824953,0.008488081979849085,0.016066933895868715,0.018109303596967948,0.02179621531777957,0.04016711390555429,0.005880706649833882,0.011973157910186273,0.007285486859058437,0.003314261903719853,0.0050705088856429935,0.009259087419683055,0.005929865136767148,0.006297988548332796,0.007882536901199274
temperature_mean_celsius_t-30min,0.007977351865105448,0.009037537695527134,0.016891545943777602,0.007242784098749325,0.00804362113784009,0.016511513020379426,0.008525678658639664,0.009640762571416417,0.015624399745414849,0.019165249088546263,0.018823819411962178,0.04376046808286628,0.013497740260050704,0.013740993445198,0.028988055136200272
generation_import - Generation - Other_t-30min,0.0162461860541589,0.01824785065188189,0.018720134315691212,0.007807218972546707,0.007949613556980694,0.020469987062562724,0.015094122313650586,0.019531391338408866,0.006283115169315351,0.011630258360728476,0.02291495349703473,0.008250609759234067,0.019310704393312336,0.024872149365372024,0.021652312902084303
generation_import - Generation - Waste_t-30min,0.0022373754636705596,0.002132418799701554,0.004490945321458639,0.0027523493531259645,0.0025925857206755155,0.005986428557189356,0.0025091151615788477,0.0025348864875495564,0.006179577658980633,0.002077423734786862,0.002129431764152059,0.005170980062487161,0.002671069480618826,0.002220389721817128,0.004103126950971045
temperature_std_celsius_t-30min,0.004945649571165632,0.006137828753909161,0.006677822924772954,0.004673228573551569,0.005317950575634313,0.009648508913209867,0.007464105378870954,0.009695101436562254,0.008671185134810912,0.009850051213429651,0.010869235570215097,0.010964749774095253,0.006432541385020158,0.007017827840359132,0.009383124493131162
generation - Biomass - Actual Aggregated_t-30min,0.006870816469609963,0.006373177147866955,0.02526551680007833,0.0098447092514848,0.0073775840698526735,0.019238004115992226,0.006174341767329679,0.007293816790066557,0.023921847770281602,0.008055376427058718,0.01142421987996113,0.02111484963359544,0.0059722179837754085,0.007303135671778136,0.014153563231560837
generation - Other - Actual Aggregated_t-30min,0.00781913774118584,0.011376758540864102,0.010621263365352206,0.003593689607039778,0.0082523819125272,0.010172210374483256,0.004045444118555679,0.003950984695213265,0.007672990333310736,0.005628507040377371,0.005404339842621994,0.01799130531743867,0.004339726686077483,0.008857165838708169,0.012033827307313914
generation_import - Import - HR_t-30min,0.001418110948321555,0.0012708382388495352,0.002837334306002958,0.007892869823379441,0.0073007465103873985,0.012746990246931092,0.007896605983492918,0.005839379310142249,0.010360667840577662,0.0037311323139001614,0.004111181712592952,0.0043162642023380614,0.00378169607054042,0.0030138696039934986,0.0039235024882145805
generation_import - Generation - Fossil Oil_t-30min,0.000760109551217738,0.0007770116807680552,0.0026585967628634534,0.0003149474655610902,0.0004041738114206055,0.0015768299901851605,0.0008900618093393859,0.0012149412986887,0.0027070520168263387,0.0008880031504197632,0.00110047022833578,0.002155129104726939,0.0008302183269968281,0.0006527369550603908,0.0020473046647975935
generation - Hydro Water Reservoir - Actual Aggregated_t-30min,0.004609099417095422,0.00373938703037129,0.004052866282381729,0.007595184174082533,0.005781234051421052,0.003996354637361264,0.010975602881073427,0.005720223324506265,0.0050481771299855606,0.009193348316206539,0.010123543965190038,0.008515735087414215,0.0101376725422233,0.007620920910614586,0.00835509577144353
generation_import - Generation - Hydro Water Reservoir_t-15min,0.0023011280320515653,0.0026183195745634294,0.0036849701708524664,0.004344305722221179,0.004811916165482217,0.008786923758665126,0.0022608240584204397,0.0024315695415384653,0.002649562282559145,0.004645602094807145,0.0037252283746686318,0.005959340335160959,0.0032342297613031407,0.003762122261716286,0.005352205901504704
generation_import - Import - RO_t-15min,0.002325332643033107,0.0015163921346882034,0.002660114613594487,0.002950159019990224,0.0019338335031443422,0.003398245757080076,0.00509387546988728,0.004876131355587858,0.007004714115377283,0.003280499459134717,0.003347286616815154,0.004592491888188306,0.0022342924430358833,0.0021521991833856192,0.0031938187173000186
generation - Other renewable - Actual Aggregated_t-15min,0.006432993855433324,0.007116170057919589,0.00827685266968092,0.0113442577759688,0.011512995697415136,0.03142822203152173,0.013048712391631852,0.01296034453307584,0.03363652598069166,0.01099550694590107,0.01277754459942662,0.042750391672132536,0.00983821012386761,0.013038328765615005,0.029409956182418682
activated_balancing_energy_prices - Price_t-15min,0.002629480839720145,0.0032098459140652265,0.003449148678875645,0.004035611542454717,0.0034695049451202065,0.003271312271623174,0.004966075380485563,0.005191309477947925,0.0030944294622640882,0.003992387787413918,0.003995971935772104,0.002880178117300602,0.0036126254655573574,0.003794111327802966,0.0028371846541431294
generation - Hydro Run-of-river and poundage - Actual Aggregated_t-15min,0.0032801134417277354,0.0017255950378385024,0.008488465813054062,0.001790193843888119,0.001515321984199545,0.005451161105618667,0.0026825450733340404,0.0021831810527000927,0.007841226107158945,0.0036216572314569932,0.0023916443216721746,0.011417727039537567,0.004369604069226625,0.0022586773087596157,0.012365429759001926
generation_import - Generation - Hydro Run-of-river and poundage_t-15min,0.0020296367382961764,0.0017533134412477977,0.011025719959325215,0.002726992886819062,0.00318602258744977,0.0032062916652295997,0.0030299524822221427,0.002602436358826708,0.0034639413455415705,0.0017016257667437458,0.001736896309711483,0.006705548498983262,0.002241309514135082,0.002614410301401222,0.012492608800679136
generation_import - Import - SK_t-15min,0.05598248209129088,0.05418505798948405,0.09827073546359316,0.04987928856021608,0.04833182037119332,0.08225271551683545,0.04376889982356806,0.04221805703805876,0.06231325736548752,0.05694738501110987,0.05879467667234712,0.08368029865203425,0.07300149222928667,0.06981326505096513,0.11146818937466015
generation_import - Generation - Solar_t-15min,0.027805517056127427,0.026509890072396958,0.07239843595121055,0.03410499696718762,0.03052382844890235,0.07253032216487917,0.02413242688885657,0.01946515893895412,0.05171257361548487,0.014698603008233476,0.020053453867920325,0.047419436198659244,0.019541557678836398,0.01618754070517025,0.031076069626782554
generation - Fossil Gas - Actual Aggregated_t-15min,0.09856245952990139,0.08599402240561903,0.20364083344690154,0.0770483849280281,0.07939937605138403,0.15986005245373236,0.06319696008914616,0.0624079150774196,0.12709140039188788,0.08847383132507093,0.0872595344693109,0.18254234601871577,0.1123744070584653,0.10794648300050176,0.20858459123433568
generation_import - Import - UA_t-15min,0.007964313100179424,0.008598882246064022,0.02161567819514312,0.016687054850088315,0.013600270291750349,0.041505370330232834,0.01972977520873428,0.020565925951959798,0.04311438364429341,0.014459414081204158,0.01574412496593868,0.03194576419545046,0.012399709431623706,0.013297909970511682,0.030921240091265643
generation - Waste - Actual Aggregated_t-15min,0.002407670304145313,0.002310731813208804,0.0037181134418515283,0.0029400795015703807,0.002427873885952067,0.003808797286626941,0.0020210934011229255,0.0022290376260048106,0.005796234326990089,0.0032317458698289557,0.003681621620426995,0.004418451184421428,0.0021807931140333495,0.0025059776437701656,0.003673480933441169
generation - Nuclear - Actual Aggregated_t-15min,0.002859065847371312,0.002831096837705445,0.006573481092961629,0.0029640343980208853,0.0031679733698829295,0.00485364678134647,0.0031906698378343207,0.0025445662794500094,0.005653037475560268,0.007966571923345328,0.008997340050584172,0.01753186854021624,0.005833401500709442,0.008511846584602608,0.009746662410117096
generation_import - Import - sum_t-15min,0.01191329929359199,0.010221929469815223,0.03982761376924464,0.01711214387699147,0.01511475153868014,0.04373625739186537,0.005248579532181339,0.004833664866117943,0.02015097152904491,0.003882255544382588,0.004730759979876893,0.007604929444500158,0.009508834717868012,0.009550637131821986,0.02345936551037448
generation_import - Import - AT_t-15min,0.03725161113310605,0.032442905202103245,0.06781339708356245,0.025216267879484805,0.02763837171783962,0.04070318103046156,0.0146199344393317,0.015707130102759037,0.016153567084140376,0.018530658819415294,0.021675340785259324,0.02300889361355803,0.029782714076791308,0.029146378183322667,0.04162728244908794
generation_import - Generation - Fossil Gas_t-15min,0.08532583724336291,0.0760471125082404,0.17453995953302365,0.0777170371916145,0.06879273664823268,0.16461344616801943,0.0622961741623003,0.05373441426956561,0.11331325739098247,0.08301618920458713,0.08070922921805322,0.16562367200502195,0.1049282556947437,0.09445499958680012,0.18249228889285588
generation_import - Import - RS_t-15min,0.016705274155145163,0.016056745217589197,0.02857264326600125,0.013457445567270042,0.014257815448276232,0.020042559571221318,0.006699360203099787,0.009839985931685079,0.014351422852429095,0.009065760293538914,0.010261581216109334,0.01940022528375266,0.011702361493909848,0.011433388324512635,0.02134804836591002
generation_import - Generation - Fossil Brown coal/Lignite_t-15min,0.034316430269769625,0.03608368295349646,0.09623403821219108,0.021215915112145014,0.020719016362716502,0.05191949946219392,0.010121462205446732,0.010148724675982521,0.031827986758435144,0.019830473082089156,0.029642195952226755,0.06729901266504021,0.03673085105008067,0.02499482753385746,0.0754549927400949
generation_import - Generation - Nuclear_t-15min,0.003501093868642897,0.0038155134284461384,0.006461389262316515,0.002517211028854035,0.0038622756423683314,0.012214442244563542,0.0030745733739513527,0.0029252785357539324,0.015263616132200696,0.0035153494803457763,0.0024182581228342315,0.007139073414480663,0.004089319094392508,0.0032506456570226875,0.012366278456438522
generation_import - Generation - Wind Onshore_t-15min,0.008591579817377352,0.007183072757899936,0.02033952598565156,0.020706342087927623,0.021057439584372332,0.04269456381467171,0.02407269227375582,0.02400903460194968,0.05312034151045373,0.02754826425296778,0.027554885453530006,0.055122775866359004,0.02305428115480754,0.02461754811462015,0.04269790984806605
load - Actual Load_t-15min,0.05018315523618366,0.042918807591689985,0.06582597537555557,0.04535582330473699,0.04389314580935752,0.059223342775250785,0.041899546005763115,0.03667787517758552,0.04801267447898499,0.037968833252583864,0.036406219588650854,0.048883550592465325,0.042170948272570966,0.04173227879148908,0.06346372021408751
generation_import - Generation - Biomass_t-15min,0.005728243951743935,0.006865588342960109,0.01715035370584519,0.007653529455288663,0.011291898497274815,0.010626131565044489,0.010389859821210849,0.010315778039752331,0.016921523728669854,0.016778157726272183,0.025020266093022655,0.04157896906690439,0.015209111831050904,0.016137030002835673,0.01946928066481996
generation - Wind Onshore - Actual Aggregated_t-15min,0.019980139413441067,0.01875812529423274,0.03788660046673613,0.020062841493465385,0.019512448394800232,0.035817279474344106,0.029190500941534994,0.03149831162270857,0.05407840536360163,0.034266247052459224,0.03321191826323047,0.06336175239272415,0.036803303959721236,0.033595925683461245,0.054610030049931084
generation_import - Generation - Other renewable_t-15min,0.007400442742216001,0.0043184010763434345,0.006589734797312303,0.003956280924922339,0.0037741141146998415,0.0058989016047235054,0.003552806723969297,0.004775434056512495,0.007368270544502593,0.004364197944207262,0.004601152434610413,0.009039059480004653,0.005162859864847632,0.005733072250666737,0.012609894082605023
generation - Fossil Brown coal/Lignite - Actual Aggregated_t-15min,0.033985948908230056,0.03638198114059196,0.04757226637459826,0.010569679539385106,0.01734816260644584,0.007564915691566057,0.014234805444211816,0.01543590854795184,0.01040352145756242,0.030820360697354773,0.030321236003830562,0.03939717991329962,0.030286342288512968,0.029742321989266202,0.032845523299300114
temperature_mean_celsius_t-15min,0.018637732503644658,0.014264311596591143,0.04115418716776185,0.016877307069076777,0.01629713068842102,0.04294980360526825,0.014776230645646137,0.017012813337831174,0.045717601619438934,0.020805366945889546,0.018168669595152096,0.049905561913037674,0.024145503913692665,0.023614871408382896,0.05306673220742959
generation_import - Generation - Other_t-15min,0.0033568029279558687,0.00444878372587209,0.009819932114289259,0.00353936012595841,0.0031477106683141754,0.01359603288251492,0.003975945619229606,0.0044382946597979755,0.01673461996555852,0.00444510194501072,0.004076075021649558,0.007860316650739151,0.0064424805246562755,0.0045169659456223595,0.00648194384904491
generation_import - Generation - Waste_t-15min,0.0019064035257379147,0.0024956330247659936,0.0027177522398951623,0.0026072132947301723,0.0028489016448438632,0.005552359749659672,0.007652102720421681,0.005866907475319749,0.0071644752170323045,0.0039030919984379578,0.006103436381493111,0.0036201484100020025,0.002810292829475657,0.00224628712746744,0.003351903658180163
temperature_std_celsius_t-15min,0.006295639808213309,0.0066081756322128055,0.0036582830880302025,0.003310797575952165,0.0025376806898457288,0.012977153444226133,0.007379740950273117,0.005769415672961259,0.003712393527770246,0.002673261182641454,0.002683194787711045,0.01050883245041041,0.002885350632159316,0.002649690887077668,0.012988796074252604
generation - Biomass - Actual Aggregated_t-15min,0.010115282415146793,0.008467439593407107,0.013279998527474163,0.00651580579261099,0.0051299306707587675,0.022686193324079795,0.010853225183105678,0.00805350523054949,0.02972224808851024,0.007536340823607361,0.005175955488532054,0.012304657614389725,0.0074232731010420135,0.010095932755681132,0.007563223536507735
generation - Other - Actual Aggregated_t-15min,0.005392493716766239,0.00292593060109175,0.02435006818817328,0.025834278997484944,0.025301658454263815,0.06128340149034921,0.005128275903876329,0.003465034347575056,0.022678147966013057,0.007433076571534912,0.0073256369451860336,0.008028363348897984,0.004683900667370835,0.004067477262660759,0.01291450830064423
generation_import - Import - HR_t-15min,0.007602590793045237,0.00782997049804544,0.013160147273738402,0.008399098068097374,0.007440801574557554,0.01549253906152444,0.005257237654375786,0.005158298775011417,0.007673343716413001,0.0065946332287931,0.007824434180045501,0.010837150259787449,0.010064342953381128,0.01054521781404037,0.015968570194090717
generation_import - Generation - Fossil Oil_t-15min,0.00043148567459047626,0.0006259390864081524,0.0019150867703938274,0.0008161846955135843,0.0006310355108870454,0.0021868684922055764,0.0004348594868491773,0.0004379125442262648,0.0014025537440302287,0.0004964170477336438,0.0004486422830150332,0.0022797666511542047,0.0006022915119956451,0.00040197333108335444,0.0011807949318354076
generation - Hydro Water Reservoir - Actual Aggregated_t-15min,0.00455589173120461,0.0033544523419986945,0.012643175718210841,0.005209741309608944,0.003885784724203404,0.004342104300318169,0.002367079247498623,0.002841104331546376,0.009878828066573078,0.0031287615612116044,0.0032910004053746888,0.0060961599111178655,0.004420155027147302,0.0030762194366216137,0.0071987932173069565
imbalance_prices - Long_t-300min,0.004184632325894199,0.0044426071655034325,0.0036995840583742847,0.007149794245702651,0.007243927298422932,0.004620719655397807,0.007533469596424766,0.009984466158901341,0.004007899211112999,0.004512555023433379,0.004767538689175126,0.009445102060533827,0.008287822399342986,0.006933209881998437,0.006091753738549414
imbalance_prices - Short_t-300min,0.01037283432680124,0.011956134660693351,0.003676981512580369,0.009528757966370904,0.00910646578106389,0.004890875025052082,0.007831606690677291,0.010053404579415656,0.004227930904969299,0.012016132727174408,0.010486552121408749,0.00795930496087317,0.014696642842231086,0.01797909568910836,0.007929999725543894
imbalance_volumes - value_t-300min,0.013573022375414667,0.009518873201718406,0.05025571330433013,0.01267854331891158,0.008771153894362215,0.03307035186671419,0.005002443459208337,0.006403097106717723,0.016162447141085067,0.020828012037058214,0.02389061034984479,0.03590925810021872,0.016900342800887303,0.015093411534824554,0.0617497694769263
imbalance_prices - Long_t-285min,0.0042984615839031905,0.0034659030756511128,0.004220046320275287,0.0033994010157130106,0.003228915325675189,0.004543834136057399,0.003104907671269757,0.002717283855704636,0.00709304645641896,0.005366969876024087,0.005636771995235904,0.005608583502986107,0.0029791830755946194,0.0029927621266037934,0.005021975334158924
imbalance_prices - Short_t-285min,0.01148327841277478,0.01072956047081243,0.007667594696769811,0.012570722789452702,0.016272249080662732,0.012581510581716429,0.011823375148473134,0.01210701655318917,0.007253082255971094,0.011349232097301865,0.012701807235222077,0.010571096036765084,0.00794923827065577,0.010123214449711667,0.007883409844323978
imbalance_volumes - value_t-285min,0.037301560178835645,0.03454355926502194,0.07618874894996407,0.004152980081868236,0.005107515606460424,0.022890151828813033,0.01056278827385995,0.010182579553293181,0.02717190802366167,0.0069048685732268494,0.006746926841376989,0.03284202277686563,0.03142649037306546,0.03087332002488256,0.06495451623282861
imbalance_prices - Long_t-270min,0.0021987926961853648,0.002183945124648744,0.005056344756761973,0.00203957031249638,0.002152396350181334,0.004346190459851641,0.002545355436126556,0.0026234512003029523,0.003261058455496823,0.0028378834803706923,0.002483592559438179,0.003798500376939046,0.003242817043830655,0.003013045320991296,0.0049340724698213306
imbalance_prices - Short_t-270min,0.0031398717234437756,0.003500390903173866,0.004790441451114021,0.003051734323729761,0.003406681611359545,0.008034145642270233,0.006902739241608288,0.007538453101545599,0.0036055111730092905,0.005581760159722762,0.0048888871738017765,0.011102673257395508,0.007452771487060091,0.00678907384311151,0.004476402680936459
imbalance_volumes - value_t-270min,0.005573019781782932,0.00534445288297502,0.011041556904567188,0.03755549380091543,0.0366275663284232,0.06828131022083107,0.00645067675116843,0.00712938890427813,0.016843985290141063,0.01249034305413079,0.011209697884663,0.032503340115490574,0.005836454347865583,0.005556662467803107,0.020227660123979148
imbalance_prices - Long_t-255min,0.004413951955928496,0.003974761795626819,0.00350350835972165,0.004109721384492787,0.002677823808407993,0.0039517279006795435,0.002577603022040421,0.002772173203915372,0.006039362116196571,0.006513699767136131,0.005430564051293913,0.00485852909068376,0.00367183870961162,0.0024684033143257695,0.004131528682552016
imbalance_prices - Short_t-255min,0.0026102526606473476,0.00295022244187021,0.010596783474858967,0.0027435477450280816,0.0034971814019281737,0.0045550623227291,0.0034524697631495654,0.0034975572293988078,0.01093167763092788,0.0033129508770743995,0.003573964928255009,0.0035941517460528305,0.002649118579711285,0.0031757619991294632,0.005826174906031155
imbalance_volumes - value_t-255min,0.009581444411349366,0.007586096839972015,0.026565062169844167,0.004824811929128373,0.003910985536151372,0.010099873255225248,0.031562142424634655,0.029731337024535606,0.06275339322189392,0.006154333355392737,0.006066926381250596,0.036019490386614055,0.010459001092007383,0.011048779453776206,0.036885655243804646
imbalance_prices - Long_t-240min,0.007343152229732368,0.0038357727459479066,0.0056414291730998226,0.004272057066389607,0.0062015108013688406,0.008499725518951892,0.0036502069258531264,0.003153989376358368,0.005676225555442216,0.0029579870723509885,0.005380583785485215,0.009842595089347015,0.0033342455093470563,0.0048281547436472465,0.006580625634351236
imbalance_prices - Short_t-240min,0.014236106571494019,0.014008199098272599,0.00784324710052897,0.014244959582923912,0.015234498927806272,0.006238740139102447,0.014436587341420818,0.01476316969677282,0.008986108506445817,0.009434873128964683,0.012262590238125995,0.004781326068998169,0.01720580797931325,0.0165541457439831,0.00887791176927567
imbalance_volumes - value_t-240min,0.006125988446051224,0.006282156959883878,0.016816992145581026,0.00546241744848794,0.0051101731168455445,0.006792361571841866,0.010952252463130207,0.010212139581853989,0.00880595491035183,0.04006329581286991,0.03606153656834794,0.0734477227042662,0.010800635973628231,0.009964220954689153,0.01057297727638911
imbalance_prices - Long_t-225min,0.003927280527354469,0.006266854277353559,0.010747425643945463,0.010830649507967792,0.00914941476250533,0.0201842316177208,0.008250018266946426,0.007137071456698322,0.009936516822799604,0.0072581113337032545,0.005693263836472397,0.007729058286506188,0.010543397591129178,0.01156367391400272,0.0135652035703024
imbalance_prices - Short_t-225min,0.011183371074323076,0.01228671321371803,0.010309285887575242,0.013798001002520323,0.013531155533215497,0.011896305049653165,0.008092311895976308,0.010030867276946083,0.004010532659896853,0.00951673744287109,0.010987776110298001,0.004189447976234419,0.011017608684860535,0.01383236209867755,0.007734741142277926
imbalance_volumes - value_t-225min,0.003754448224859516,0.0029050197276656036,0.006636173549182786,0.01794396337228818,0.016059815186563357,0.03997355367272394,0.011462188878009328,0.009584251956996014,0.023921317116291904,0.00474617589605441,0.0035062234932829598,0.011121301708310057,0.018106762886221987,0.018964370157686063,0.039146967322347334
imbalance_prices - Long_t-210min,0.0026327973342449695,0.002452581922261743,0.006463043025288016,0.003380401968609931,0.0031421494185484137,0.007183026437211084,0.0030975248955273857,0.002635885361887631,0.007579697983206643,0.0025333049878686325,0.0025278962899792532,0.008548610517729685,0.0024341495302332987,0.0020742275882239484,0.005365784536305796
imbalance_prices - Short_t-210min,0.00606596788258139,0.005598155943869642,0.0038084502721794705,0.00802596014093433,0.006729639950190176,0.005536075753319892,0.006979200717268668,0.006806079067020619,0.004148477523387555,0.0057292547829981685,0.00441849458303318,0.005262620413764125,0.0042983163238495764,0.004191984276660151,0.00509867746713644
imbalance_volumes - value_t-210min,0.004033250023639994,0.003273824766274629,0.015560882582747581,0.0030618460581345063,0.0056139901683945935,0.007802078335131227,0.004623409379360965,0.002530534564763002,0.021054414101039583,0.005234106908264948,0.00486948918892449,0.01861301486609591,0.004005322183735188,0.0032202017492600136,0.008949715855067552
imbalance_prices - Long_t-195min,0.003637488093039792,0.0024814407192861837,0.01648132430079568,0.006780938218013489,0.006378245126108595,0.013930803801093135,0.005492878450709597,0.0045650295007944805,0.02069171956529317,0.00385829809095776,0.0034085927460839683,0.0117871622084931,0.0038601705299779496,0.0031637021480410113,0.018477821049746126
imbalance_prices - Short_t-195min,0.013312515666399122,0.012886747100870706,0.015867926321108825,0.017373949504060876,0.01707738407108991,0.016235144414298703,0.014075518516649026,0.017202430631390597,0.017336465972766744,0.013554608257312794,0.011740248835354577,0.008544829718142865,0.016470934698998463,0.016748964905098546,0.016185423772229115
imbalance_volumes - value_t-195min,0.004403023389422288,0.0045707294914057,0.007526177554316746,0.006170850770749894,0.005976754196541151,0.02267074109168607,0.005543996148503311,0.004712776753122625,0.007852325601339544,0.010569962766292861,0.007615836646826211,0.025802981584289227,0.00799953008058219,0.005956509332543647,0.016930748629380106
imbalance_prices - Long_t-180min,0.0034595840813108226,0.002653105362678616,0.008135456867922585,0.0025760927925964554,0.00355042828669464,0.01748889372125268,0.0026227938772126437,0.002470208844318222,0.013851233844645322,0.002780105366182397,0.002826025095051591,0.014520919716291245,0.0033788647725377812,0.004198492627267115,0.00937613293661707
imbalance_prices - Short_t-180min,0.004764964449452237,0.006517035499196709,0.005397536629486694,0.01030256233284308,0.008181151821934692,0.013837873631506226,0.009259684911288786,0.009317218435695395,0.012474986872040461,0.006116784982697936,0.009779414687101962,0.007462595425004565,0.005741555254904597,0.005638696846530365,0.005723721991034836
imbalance_volumes - value_t-180min,0.004300269404406208,0.0039441208412063136,0.008289091681858736,0.004139324057585327,0.0035894259779652203,0.008412878047973209,0.006688223346995073,0.0057310396890443375,0.021286030283772562,0.004967139696774211,0.00574955240903364,0.006630392397171818,0.005426420846544716,0.0040285611933140895,0.018789284382181564
imbalance_prices - Long_t-165min,0.002653423472709619,0.0023432513054956416,0.010996412420718115,0.00407054722673638,0.004146805253301864,0.011639236890089706,0.005817847258284018,0.007178472670409974,0.014510336196530261,0.004885980927269998,0.004264901083044606,0.009544256109875278,0.003737025242542586,0.004065784269181677,0.013712637754273602
imbalance_prices - Short_t-165min,0.007032445846369228,0.009078330174161238,0.00445677603142758,0.009021085440646857,0.011232032035186421,0.00801012042979346,0.013658611286751693,0.014795538488106103,0.013085630792425945,0.01187696022846103,0.011368414482611115,0.01057358490410843,0.012895396048086696,0.00941912819049321,0.006629142717631566
imbalance_volumes - value_t-165min,0.006018457264341123,0.003849893554126538,0.005270586436312442,0.003926655315389325,0.0037210229532538505,0.007638310844431544,0.003493845822122239,0.004091020708019641,0.012071503754603327,0.0027817331343458138,0.002975056085993515,0.016696495656571643,0.006200460470215546,0.006873727782440255,0.00643355302531927
imbalance_prices - Long_t-150min,0.0030345707197939192,0.0025663182500538823,0.00973201668978436,0.0026360032407092148,0.003515797734766238,0.004000460145876786,0.004551166662735796,0.003774761676686012,0.007228088800165552,0.00502161580392385,0.003990681159204541,0.008077302516248892,0.004335463324194279,0.004761513214947627,0.012947125151011278
imbalance_prices - Short_t-150min,0.003873963042167816,0.005391103505582578,0.007399608010759039,0.006644389278721064,0.006186361172112811,0.0048909734259009385,0.0074598228836512135,0.009138635323110066,0.005666578031305107,0.010066456850676331,0.01338695677301439,0.004528351881432627,0.006748040543286152,0.0075565840663739435,0.008218382837396348
imbalance_volumes - value_t-150min,0.004379330406547069,0.004420216988792163,0.01085408848906718,0.0058048516983662925,0.005177154965083901,0.009686689500304055,0.004866128653762644,0.004290806519930811,0.011665505468881747,0.004737339403428791,0.004251977034988158,0.010394205376422761,0.009520672624214143,0.010915647280715347,0.028516409480333096
imbalance_prices - Long_t-135min,0.006769092948192338,0.006914212918869452,0.004514310982725874,0.004681480767026187,0.004275437313399379,0.004603015485787182,0.008013476602028731,0.007858765923272585,0.01685888562304899,0.006955189756867185,0.006191271743638026,0.01709698221459985,0.006389889671918354,0.006961248490420985,0.010380767036986071
imbalance_prices - Short_t-135min,0.01572851179818099,0.016588871281128376,0.009399749859025178,0.015393745778826996,0.016180255129700526,0.005633406320193899,0.017811230177176184,0.016791687872086188,0.013422347005739084,0.01768124308384722,0.017891796965966933,0.012012250920859514,0.017806089645659086,0.02059331767943513,0.013917298216430935
imbalance_volumes - value_t-135min,0.010295037655501247,0.007215612179630625,0.019657032037455793,0.009998212480946676,0.008515854052911892,0.030044640529951722,0.008169145124265925,0.009600558254154748,0.01834419780538883,0.012838324227472185,0.011190985752647976,0.028096767410874236,0.010123932872293665,0.011150313261226074,0.031987170734500976
imbalance_prices - Long_t-120min,0.00792326293195947,0.006494386830643634,0.005058461138465645,0.005690008283798307,0.004046225355956267,0.00397184258746438,0.004195416620863398,0.003689894512488536,0.003992573446092137,0.004738424680135722,0.0054551856573211805,0.004238024870692243,0.00654198486457608,0.006702509566832305,0.005067184814408392
imbalance_prices - Short_t-120min,0.0028180376344162142,0.003451092127447737,0.009264352063477872,0.003639215821065591,0.004710435984707146,0.004262486326183534,0.00594984524325082,0.006249131351447432,0.006668916395792621,0.003886457994998221,0.004360761917965078,0.007927045235483092,0.004682140644178162,0.004932947222841904,0.006474625454626221
imbalance_volumes - value_t-120min,0.009303563856428809,0.008521402385689726,0.02000285894414992,0.008313229785136855,0.007143930182704935,0.023574674598547063,0.010450320178417315,0.010496542908545962,0.026590043670646994,0.013653099688468501,0.012876489916394349,0.028996237582117942,0.012569922531838529,0.013044670904095255,0.027894693493322846
imbalance_prices - Long_t-105min,0.0029786333635602206,0.003237575184090019,0.004268256722432511,0.002564289157749954,0.00258511547510534,0.007018018475191639,0.005025766931517865,0.003933088205078093,0.0061402681220542946,0.0036221598330339476,0.003835448930721668,0.010435381227129255,0.003114189571522729,0.0028317538657101978,0.007994523957417642
imbalance_prices - Short_t-105min,0.010501584792265931,0.011842912404870731,0.003723862860480949,0.008901330330107158,0.009270644884876673,0.004753801473212661,0.008702438230320695,0.012455267763260053,0.002257717027117906,0.01117547453683801,0.013376046960242093,0.0054679181842075195,0.012568612247356213,0.010751631184510188,0.0038538837250644063
imbalance_volumes - value_t-105min,0.007197530487947006,0.0073320758824338556,0.03541141295921989,0.0069783043749157515,0.006377958033481263,0.010948073766296147,0.007385407100682642,0.007108793639180931,0.01571649262450228,0.0074310848621589685,0.007993047393349115,0.013225129027076036,0.008811192773922812,0.009665928227514086,0.012574731279863045
imbalance_prices - Long_t-90min,0.005679869929765118,0.005188614052149205,0.01389429586933693,0.0028276859180426757,0.002905211681585115,0.005154756000404461,0.0028670252315459947,0.00297305426944331,0.008218777369016607,0.0063660984933521835,0.0037589472289364496,0.0034477662416429666,0.00343615064524397,0.0036969315592541535,0.004908338065340104
imbalance_prices - Short_t-90min,0.004977851407442359,0.006095402889426623,0.0044952004476268145,0.007541852832873701,0.010057498283422318,0.006408358376423166,0.007466238175672516,0.0076167458429772525,0.0057436039705353326,0.006307282828640382,0.006654808712565682,0.006557170196945662,0.007779548449732829,0.00727704713684625,0.0046399246745822895
imbalance_volumes - value_t-90min,0.010776742550700191,0.011874766179673316,0.01831482062737632,0.007852613373703207,0.006382671194774957,0.021847032912075518,0.005235154944403803,0.005236056859259406,0.01956094346768805,0.004626144370330622,0.004333847676320147,0.008585446154342207,0.008235428741064425,0.0049906834991320466,0.007481012687982002
imbalance_prices - Long_t-75min,0.007224093084781998,0.00839559436692798,0.016861539852950955,0.006999785144164889,0.0077426797275147695,0.012221343976229192,0.005163926333627387,0.005008874963603375,0.009429300218645948,0.004815513063069375,0.004040190996295678,0.00841786809716723,0.003949185058994772,0.005039514064053946,0.004186649644296949
imbalance_prices - Short_t-75min,0.006652684170302564,0.00827465601752192,0.009314775965662193,0.006864318282527165,0.008889201022611815,0.006103491257234964,0.013680103130318456,0.013280018637728062,0.008291612097006691,0.009154119187791366,0.013612174728426909,0.0037609408852622437,0.012750246505274844,0.01156595649483279,0.006453087902822517
imbalance_volumes - value_t-75min,0.07797860356725232,0.07354482057172572,0.13759124054160202,0.07549185802395368,0.07841148710839843,0.1354103958979249,0.05467708047222368,0.054311573001905346,0.07725108676224772,0.06542974731168942,0.06762122611323139,0.11578254517860478,0.07345032269670627,0.07027175882147275,0.1162855136259459
imbalance_prices - Long_t-60min,0.02200012015138054,0.020477329588698922,0.01150998273790401,0.012024446503553918,0.014540813765954227,0.012085947053841665,0.01388042939803563,0.013769801322720014,0.005896155600789825,0.022219207568792625,0.01994485622085631,0.015058740554217366,0.020531326549709773,0.020265941457473673,0.010779978800215759
imbalance_prices - Short_t-60min,0.008582440108286392,0.00996242720808732,0.01743862750595872,0.004866239703471365,0.006224546566394565,0.014045742950460408,0.005069859573781287,0.006294153434586405,0.014567185340216383,0.007788345295979525,0.010482985650785849,0.012630475259584273,0.004751091183107064,0.004950478622171431,0.026090183649619576
imbalance_volumes - value_t-60min,0.010685749275548006,0.013685264378771536,0.022024304246573593,0.03366796007775884,0.03448155071068322,0.04586470330751945,0.026724778119336406,0.02688267147514853,0.03848964457248803,0.015962284818762783,0.014746208892585854,0.07009418456605636,0.013250393852285925,0.01542718005376082,0.024362236098249012
imbalance_prices - Long_t-45min,0.03902229937666561,0.03563947604445275,0.014710248084636987,0.0189617222743982,0.020331556394987273,0.0038968585440707104,0.010302781583501201,0.00899935270306014,0.007438782418695155,0.01268834116126527,0.014405089432111709,0.0056158823850264526,0.01965236501784602,0.01848252529517049,0.006196798119141022
imbalance_prices - Short_t-45min,0.03416638326691464,0.035642711162334306,0.007162476827093883,0.019751561706532812,0.02011185144878982,0.012905697316426086,0.015055375241208821,0.01545634262610838,0.005194523060332358,0.00939185817361249,0.0105027937298521,0.014985904088520328,0.014090869396633935,0.015729397279166734,0.006241741224356701
imbalance_volumes - value_t-45min,0.06729626217158512,0.06511483941588085,0.24168243137700482,0.00879234920111594,0.007034484178870571,0.023055664092622465,0.038059324693167584,0.038845092596959147,0.02888738135590029,0.032970309967073265,0.02913838407532603,0.02486942295287736,0.024437723430810365,0.019910977693301447,0.12351229844117188
imbalance_prices - Long_t-30min,0.025638552626362072,0.03042353935743449,0.005483492202118214,0.04216500930231996,0.046489562756265514,0.025299969259147473,0.02782188505557133,0.027916483495151623,0.006727561855427666,0.014951922287626986,0.017377689110813662,0.005685374469674571,0.011744234460318694,0.01157734097548382,0.011480456480443536
imbalance_prices - Short_t-30min,0.030975617587799206,0.02934572323471366,0.013571602238545893,0.03984072768490296,0.03716971847470268,0.006848845273721963,0.021314012717833977,0.02474168321803154,0.01582965575831622,0.013559602160959913,0.01423294203845944,0.013681954132211103,0.014927143895016343,0.01772794319485547,0.011342955731714028
imbalance_volumes - value_t-30min,0.007626742031737194,0.008548791294480907,0.07979301162180491,0.08062999651083373,0.07207977941504214,0.2958357068951591,0.009383572754115449,0.010446810238581747,0.06505009510462059,0.019120049087883673,0.02129866450675763,0.0406845905581431,0.022503546134037607,0.021902502232071127,0.030373205013289408
imbalance_prices - Long_t-15min,0.07009965395741165,0.07232970310002565,0.016067400922424896,0.06549941292265431,0.0660106899975799,0.008066254387930712,0.07391044285194949,0.06883974467683583,0.01962642413724461,0.05062531347281765,0.05098523453786038,0.007415407963910184,0.03374397754651727,0.031718499968759716,0.006795532718275353
imbalance_prices - Short_t-15min,0.05822540628444403,0.06056176875333767,0.02158416190551361,0.05016730059776455,0.05277724290150218,0.03198243583753356,0.05786667491276603,0.05715917984081898,0.014933420877527168,0.03801563616842032,0.039765746734075944,0.02374212497466942,0.022454645333869847,0.02521655509683478,0.033553504190727834
imbalance_volumes - value_t-15min,0.11426576410916459,0.10523523171494889,0.3708985979863355,0.11235977277823259,0.10791938226809725,0.33948133267904634,0.17541252218489536,0.16533181147128925,0.5070811813641339,0.14271384966787173,0.13460599734840797,0.3605342536512762,0.1137958472102182,0.10704244925267994,0.29723166502546516
intraday_wind_and_solar_forecast - Wind Onshore_t+15min,0.0021950119295424883,0.0032597847685760825,0.003261838042578347,0.002169646010962879,0.0020887492468300477,0.0036645940713560775,0.002757428437118506,0.004685999864417681,0.00458279758360095,0.005794300580497293,0.003541050056750464,0.0093400250539853,0.002968006607489542,0.0027133172944249963,0.0031740768816532635
wind_and_solar_forecast - Solar_t+15min,0.005175257337537914,0.004926970273370898,0.021891994923644232,0.008238676798880988,0.010861342711636099,0.01094472394466814,0.004906016113724035,0.006464343493438151,0.018218926332254342,0.004429068891290626,0.003322288787742764,0.010065132260876453,0.00432889888792306,0.006572543110642073,0.01676798267166305
100m_wind_speed_mean_t+15min,0.006947015096564428,0.0045446157750970995,0.016503778277526863,0.004071562004759471,0.00312340064201544,0.006536626178378356,0.004306196105384515,0.0026331108565836986,0.004408625038739501,0.0028166857432196366,0.0025435572281342048,0.006071539068798302,0.004131004415479424,0.005677234974287785,0.012806512480576203
10m_wind_speed_mean_t+15min,0.013207985174398345,0.011696902876261447,0.024343372832983733,0.00562714997240073,0.0042381644982524445,0.01087520984747971,0.003109566090975932,0.004492298884729734,0.01032559670624778,0.005616075479792926,0.005885872855173147,0.013463895661843708,0.010400244881289836,0.012278372481538099,0.025404090609397828
100m_wind_speed_std_t+15min,0.003019660708981974,0.0030342688246055333,0.012313519434334012,0.0036727177311931883,0.0038913700666416843,0.013195462011056066,0.005984055430658259,0.0049095679206701565,0.014355850839619051,0.0043744149558042405,0.0035828156153311285,0.004546884628558928,0.004437173084552342,0.0045574274781092754,0.004650000209698192
10m_wind_speed_std_t+15min,0.003729423738523792,0.0054278283814519455,0.010873261803331842,0.0028570740579398264,0.0038689757458878374,0.005026005720850662,0.004080908582902566,0.0026425610418921225,0.010364690350650562,0.003683547886830638,0.004505151166616997,0.007820045593330178,0.004044428995657654,0.006767622667641263,0.0069837890871858686
intraday_wind_and_solar_forecast - Solar_t+15min,0.008660507645996404,0.011742874726638547,0.01680685963583528,0.00852180998348922,0.008772552673422978,0.007653259925400107,0.00549737392926545,0.006180178721244602,0.008389978636848809,0.011005532054713057,0.01141127816707376,0.007595894803077954,0.01520745237585652,0.013271569843986072,0.010449210875776771
wind_and_solar_forecast - Wind Onshore_t+15min,0.002895555847813739,0.002459679577179486,0.01062362526934885,0.002994344586329248,0.0024872742833883877,0.0031956269070709596,0.0023616600505120006,0.0020225483586873453,0.0035083282014411452,0.0025995660694775324,0.0030702445708825506,0.00536695760663224,0.003045598377864735,0.0028431281490443323,0.003556605733997003
ssrd_mean_j_m2_t+15min,0.03711292873061029,0.033868175738854915,0.08525652307074051,0.018286952580921934,0.020010208007559413,0.030652089797149527,0.015238149979675654,0.013935760493390263,0.03009443656326039,0.01662263704252837,0.015915902595283114,0.03307017791268299,0.04070668391440995,0.038990208521485326,0.085364857948618
ssrd_std_j_m2_t+15min,0.00833757586098909,0.010383031368051888,0.01963180978760647,0.0034246360685465335,0.0030201377476787457,0.00479548688194518,0.004675132125725213,0.005131025542170391,0.011917183493888843,0.0027388753291861575,0.0020827025654398313,0.006579456971927357,0.009315937033105001,0.009788934589248129,0.022989505303747135
intraday_wind_and_solar_forecast - Wind Onshore_t+30min,0.009707100929917943,0.010301081046141917,0.009222163154846839,0.008899678869333003,0.0051775946220841435,0.013020091727143154,0.004540514589152735,0.004408479276473372,0.003628627185248206,0.012229456986751756,0.014391886011158931,0.019324205991653798,0.014697503851653892,0.010401803290791576,0.014083795140977599
wind_and_solar_forecast - Solar_t+30min,0.0038248622233295463,0.003002718929999901,0.010971599428476565,0.016261842160667585,0.012567862352807425,0.039349835513654396,0.004330200954284464,0.004046826059233041,0.012600908769629314,0.004371763138178722,0.004062135335085259,0.012913634077602638,0.003259420151080235,0.009699545196679538,0.006857990685299228
100m_wind_speed_mean_t+30min,0.004234896408188661,0.0040433206271918605,0.01768184502238546,0.01109198122590169,0.010493115462150855,0.032910872648499206,0.006418085232334306,0.0059740305376071775,0.015307226917324442,0.0036746051242052997,0.004034955508112034,0.012911016767578986,0.008123043844901985,0.005666712596055732,0.023460227197399944
10m_wind_speed_mean_t+30min,0.01564619266028967,0.014800973973528017,0.015829922697812436,0.014651061379219755,0.01517815847316524,0.019569555225716614,0.005957167451979331,0.007419570506457604,0.006576549613571842,0.006403409155736881,0.0070452432915299144,0.008757122505387087,0.009955867333556483,0.012662382427035481,0.01477463101829926
100m_wind_speed_std_t+30min,0.0026110717117126116,0.0029637751455766194,0.00689605794500676,0.003142901294701005,0.0034204480527077977,0.0066068849658095135,0.0027932634987009805,0.0032733358309051256,0.00805842993787519,0.0028490529018690724,0.0027236333597438715,0.004412424465013828,0.0046893839647209465,0.004588593547972778,0.010473063035745214
10m_wind_speed_std_t+30min,0.006197668499386054,0.007913220511760301,0.013522574513261134,0.002158680574319078,0.004199317268232335,0.004492646031751065,0.0027546173359851308,0.0038243424969682566,0.005611080050577584,0.009929127644805703,0.012222617223636916,0.017344258916171383,0.007888634743459988,0.008802625300419096,0.010975630116123285
intraday_wind_and_solar_forecast - Solar_t+30min,0.003950858700325625,0.006233079716150314,0.022348160538836963,0.004038335133335835,0.004050918129769343,0.03727572830299323,0.00589258208287356,0.006388865469703887,0.03849357362888986,0.0232127265958552,0.021414959146262846,0.06031788845383562,0.01926851205978346,0.01685896647051686,0.04675973955995869
wind_and_solar_forecast - Wind Onshore_t+30min,0.0157015471321065,0.012138873020390748,0.021413364540010662,0.012521623839958921,0.012971495890698861,0.010392472887589975,0.012662655646079657,0.011025907039525919,0.0092280392735629,0.008023741104087094,0.007062387220634264,0.007606434685189015,0.01312438708672562,0.01164900429136469,0.018131109254340118
ssrd_mean_j_m2_t+30min,0.007697965837759511,0.004323265264241399,0.012245432318930398,0.020143990482545632,0.017911661988968264,0.049675340019894064,0.0035549619943940343,0.003431533834905167,0.0050467989071912595,0.0052213297913731365,0.005862550347694196,0.006462852460945214,0.0029825907919548626,0.002890134922992729,0.004037245901941788
ssrd_std_j_m2_t+30min,0.004282073399866931,0.005255981542715745,0.009420320372539209,0.00979424780338013,0.008424712336160154,0.01762572116266165,0.004485883937537437,0.003393718435161645,0.004730910548899828,0.003211581168067596,0.00296575111022139,0.0065515368877622675,0.004056277020416701,0.0032746009434049483,0.0071969730706287005
intraday_wind_and_solar_forecast - Wind Onshore_t+45min,0.014887419061080437,0.015439604258339387,0.030764617172128056,0.009943057332959143,0.009414173195222248,0.01915103152237134,0.013678430041356477,0.01317899301162106,0.030397202917782123,0.00920877581770037,0.00974941844069508,0.018721663813339548,0.014155630469860625,0.01402405201390502,0.025876687910596958
wind_and_solar_forecast - Solar_t+45min,0.006118445629954295,0.008880292766243657,0.009002837613596057,0.011506807088666391,0.013388636147657963,0.010421013054337892,0.011859881929952281,0.014226201399607816,0.00677888972918845,0.004994011547010814,0.006889512084861508,0.02206214617801379,0.004803270454428457,0.006553918208194773,0.007917180113297945
100m_wind_speed_mean_t+45min,0.003724955981401763,0.005304423435656645,0.004588383838827212,0.009185648874001345,0.008330630071455345,0.009715814035431323,0.006195522931846881,0.006160321673462022,0.0033282502423462573,0.007022333455799526,0.0063896997650590495,0.009818812843091905,0.004095636304301934,0.00506776473489117,0.004269310823553496
10m_wind_speed_mean_t+45min,0.015396284561938955,0.013074810615111346,0.02835231286252383,0.00969344186519811,0.01155780735864755,0.010213295528541494,0.007233960114298725,0.009078120679478162,0.008825366449895228,0.00992264899595466,0.011323577483461121,0.018169612833560677,0.013527484146441567,0.01348534305200883,0.019840921864534723
100m_wind_speed_std_t+45min,0.0026443201886031604,0.0024847901349774873,0.004575737580922578,0.004877349489403059,0.005814704510205957,0.012087207700466025,0.00714719173994672,0.006371384596722237,0.01514813088345545,0.008233480304043497,0.004450173459914367,0.016049536231097592,0.005325734925652796,0.004836530584976572,0.005455146448426603
10m_wind_speed_std_t+45min,0.0035264592163293854,0.003219132144431569,0.007227379310941614,0.003351187424269483,0.0038629987658350727,0.0064640537484101515,0.003367636435705208,0.003496538728941232,0.0065690019304674935,0.004915140341559891,0.0069237585874489015,0.008122879305174137,0.007290838082141818,0.005829527311418133,0.010898432212807166
intraday_wind_and_solar_forecast - Solar_t+45min,0.03131988066566555,0.02268836296007521,0.05836898625490721,0.03776782049651956,0.037966620649487595,0.07364992645075108,0.042927320507966216,0.04452110995340627,0.07460459284880198,0.04335562132051564,0.03452607039712893,0.0733690790409455,0.038277385190536736,0.033780716197972654,0.06463835520701833
wind_and_solar_forecast - Wind Onshore_t+45min,0.008936256164299265,0.007629328409893788,0.019649614621985164,0.005836158202052502,0.007041720747845829,0.019818592653187805,0.00869224571405357,0.008060387220169104,0.015154133040254238,0.010932957532677392,0.012320877150565138,0.022286256075927668,0.012249335492680985,0.011431371225400654,0.0150903082996374
ssrd_mean_j_m2_t+45min,0.030028436072723708,0.030339494355604985,0.057297291069815404,0.01917816855052297,0.02030200204711582,0.03416118566785008,0.005362987087317379,0.0065418620902310065,0.005674264990229858,0.013437175505670893,0.015120111892436398,0.01653481834665581,0.029489579861143284,0.03165919426361506,0.04621944455390621
ssrd_std_j_m2_t+45min,0.013718196773419549,0.00953414761345448,0.016719544379782746,0.011434505544115382,0.011606245566934376,0.020136594102019446,0.007038514436511832,0.006340394245020434,0.004441924513354024,0.011436220802745539,0.015253403555299883,0.017400658478480182,0.0163795070765118,0.015074245740841433,0.02008141432987759
intraday_wind_and_solar_forecast - Wind Onshore_t+60min,0.007238641128882591,0.009063644727437349,0.009050336810461886,0.006269388892185816,0.005705667852060287,0.0035166832815284577,0.0038892965642226044,0.004722476777697921,0.003672151733411738,0.0027930007403738273,0.004692593014118757,0.0037797473879672906,0.0050266416873855635,0.0053533996940896035,0.003530931022128698
wind_and_solar_forecast - Solar_t+60min,0.012775779121555388,0.008725018301509863,0.011597208069657427,0.007698282171979372,0.007670690227303567,0.010263283023185068,0.007428514385118433,0.007754719642587588,0.019179479923826875,0.0112160146226106,0.0127707393227829,0.028966848677955567,0.006306136946634524,0.012509104913967348,0.011151244062841214
100m_wind_speed_mean_t+60min,0.002300275202269404,0.003688143647756988,0.005864324474120167,0.008343778867165384,0.011294206933667738,0.010469344696107783,0.010477190525190309,0.008448261043358798,0.010603524568518879,0.012777793266772279,0.012090182596151862,0.020356811936784652,0.006631348669929139,0.009620095189355197,0.00890314852714073
10m_wind_speed_mean_t+60min,0.0039237606184960895,0.0033874756513978354,0.004626903399544972,0.0030670369123163253,0.0033342143808063156,0.005842294284822856,0.002462200018983367,0.0025112553726862642,0.006343004008969729,0.0075163746832768085,0.008996692187743065,0.022164231979608304,0.007248298784207236,0.00630967249225796,0.0063698657923250725
100m_wind_speed_std_t+60min,0.002746279412129525,0.003923977776082211,0.010979708767301304,0.0028714635183723657,0.0036908129059668227,0.006869581281638603,0.0024027869690035003,0.002388369195701671,0.005564380709640318,0.003996184715717277,0.0023346882186287984,0.004159004440961326,0.0024467938759407276,0.002324485860312279,0.004039340371975413
10m_wind_speed_std_t+60min,0.002847570789792371,0.0032104516124240945,0.011791417456981436,0.003159019532409388,0.004016477593585705,0.01201087230273697,0.001833126927371268,0.001950511395628382,0.010801028508965829,0.006428584314078762,0.0057868777136445716,0.004577594047914317,0.005032048197148469,0.004284255579962519,0.006290932675683507
intraday_wind_and_solar_forecast - Solar_t+60min,0.022593794929009165,0.023467965253679723,0.037345339958526895,0.023320781113769045,0.027270384763425682,0.035558595230337234,0.03532288493518718,0.032783446820219976,0.04816865484241862,0.03250449442269746,0.032368042763497216,0.05725633326615207,0.03587661045207642,0.03487460528803058,0.04864223176735686
wind_and_solar_forecast - Wind Onshore_t+60min,0.006774645767407492,0.007751431868731742,0.005227628011096385,0.008280728279049071,0.009190848663960423,0.006631481285958216,0.008926446924011544,0.009454006283520357,0.008481944352812206,0.006957422952216575,0.008505498167800397,0.008901879590960561,0.005090198651057108,0.006796906490795664,0.006181371349841356
ssrd_mean_j_m2_t+60min,0.0027750221728056203,0.0031539293880050536,0.0037974776039918653,0.004494332288428268,0.0033660909666033377,0.006932170253829099,0.008526576932697935,0.008899846463202266,0.020281907854718156,0.020035338860325283,0.01725699572818121,0.043922025669453434,0.007512999259038224,0.0059465998037121605,0.010871043894370814
ssrd_std_j_m2_t+60min,0.0062271778804752105,0.005364343884128175,0.010203391393890343,0.017194582631236698,0.016521958292403723,0.022459440207865555,0.008613572331812975,0.010234708678530297,0.016583507271868258,0.00262573319575813,0.002691116915737439,0.007817407956863462,0.008724985235574422,0.008934923287578386,0.015581896131243412
intraday_wind_and_solar_forecast - Wind Onshore_t+75min,0.010725717219952913,0.011678572936420096,0.020942794217637128,0.011748936212701665,0.010806446872386005,0.019414470631076257,0.012371595008219629,0.012081575593205343,0.02318728877193644,0.01060357398686756,0.00937611654603097,0.006903328115809927,0.011836541899581788,0.009574881478176395,0.014479527246268845
wind_and_solar_forecast - Solar_t+75min,0.018247619509493232,0.013289129507864345,0.019333948015048463,0.007291075133149206,0.005371667458223954,0.012008363059532711,0.015135131317987544,0.017011397415155442,0.02878511379592601,0.02312977485340707,0.01907377424906008,0.028556028071732725,0.014903834184056905,0.015921368524628634,0.01588064117968315
100m_wind_speed_mean_t+75min,0.0026443756370354093,0.002207620976356793,0.005877191798225795,0.002834175706091628,0.002365609998626127,0.006467045638322816,0.005595920607558582,0.0027845514601540344,0.012009624306221668,0.0028058927126721755,0.0027553716523461844,0.004769354617012368,0.0037475629547489005,0.0024047586908491213,0.005937041979779679
10m_wind_speed_mean_t+75min,0.006684899945625148,0.004426891538590098,0.012159109341315344,0.005296310794607962,0.004610562959071103,0.008132388616442767,0.0045055789477062265,0.004537347624841914,0.007013211827187433,0.0030464464331230374,0.0030458438508521794,0.007360653708785321,0.006631266318976486,0.007524452414514599,0.020278928650919625
100m_wind_speed_std_t+75min,0.0045869305150645235,0.0026344360202374445,0.005716623241127309,0.004286585891314416,0.004760456092489221,0.004678615975459707,0.00618909511835318,0.00655999453703771,0.005510610378816637,0.006790063958121209,0.005257036059845404,0.004441824085026383,0.009533394102177056,0.006723676149022992,0.008342592022835561
10m_wind_speed_std_t+75min,0.004643242941234348,0.004579289221725958,0.014933975697960705,0.0023180789867210476,0.0029299462574581413,0.003964597581330054,0.0038730025198328803,0.004882407882050756,0.005556208399993921,0.004238308564558508,0.002150481230652076,0.0042968743295641616,0.006456038561511377,0.006882311481394936,0.01544906370337958
intraday_wind_and_solar_forecast - Solar_t+75min,0.04341031690360978,0.03770728265766593,0.09144289171794662,0.04882204905408435,0.050958548924420026,0.11058539784606546,0.05039269290916854,0.05027215984174108,0.10887493512162473,0.05978521641454427,0.056236677150300236,0.1127914309661719,0.06048522776947357,0.05987166558296303,0.11316453194548376
wind_and_solar_forecast - Wind Onshore_t+75min,0.007832232133177968,0.0063529858807476105,0.013953960714191908,0.007098198810797044,0.010529258973067045,0.011807257128415813,0.009499397945735837,0.008034083967997502,0.008855748688976746,0.012806249200511956,0.013437503086020002,0.01827009512887162,0.015746847580543545,0.014058607920756912,0.018970164426602425
ssrd_mean_j_m2_t+75min,0.026723397292582378,0.024939370077452623,0.06392428585496963,0.009741360998690652,0.007454010326491698,0.020934840621150214,0.004274842749429808,0.004664083946030587,0.024903316075971817,0.009926771591663055,0.009753496995661408,0.03202265417582021,0.02799881534438464,0.029448905966070017,0.07048301772383274
ssrd_std_j_m2_t+75min,0.01118627187792299,0.010522623541590292,0.021505863923521246,0.003992488414028685,0.0034194883791560642,0.01097896413505714,0.005215812578623854,0.0049704099755263085,0.01106559372215088,0.006163104520281763,0.0035786677217947726,0.011230329123471165,0.0072459249008024924,0.006176015049501075,0.012389735696157004
intraday_wind_and_solar_forecast - Wind Onshore_t+90min,0.010172534609022477,0.014357816542615183,0.02326350086037337,0.017962726688347176,0.017200837751064683,0.03340724407168454,0.020066553993325215,0.01910164012642781,0.03251386909768917,0.019921861057868227,0.022580122669693083,0.03591365043845144,0.023679743592627346,0.020464203223236836,0.02875677747890586
wind_and_solar_forecast - Solar_t+90min,0.0029027610988114246,0.0033559114844374563,0.011572462242994333,0.004764668240424726,0.003653337082181679,0.010466642910178053,0.010652615149432677,0.008460214221855495,0.02815718190005282,0.005676937134132459,0.006327853302698486,0.011070084294226035,0.008678239551307343,0.00950902240753203,0.010540784747525322
100m_wind_speed_mean_t+90min,0.0039693256237351305,0.0039525086585654205,0.013432872964338458,0.006705811329526114,0.006635407868468974,0.020362338698119858,0.003769709465550477,0.0031638154946755323,0.00544669581071139,0.009012952464137925,0.008797761183328475,0.018576164708672877,0.008310837533717858,0.006849540525067823,0.012788214032392716
10m_wind_speed_mean_t+90min,0.002801972288293257,0.002459994113532048,0.005705752261277211,0.002385465398894894,0.003405486169456708,0.005062134744640389,0.004414616562242372,0.004936103583506338,0.011702210988645675,0.008380103330469865,0.009512247914362887,0.02301684633434343,0.010090911491051884,0.010109759631308406,0.017413550226105145
100m_wind_speed_std_t+90min,0.0035318615124551797,0.00316471393601978,0.006218914465907801,0.005928496474987696,0.005866365820097827,0.01166635933130965,0.005495008317950124,0.007026328977874073,0.007561594613892567,0.0063749526962383245,0.006486893876241084,0.00839278655428643,0.0034045794285166267,0.003953801158916576,0.005400454544196691
10m_wind_speed_std_t+90min,0.0028363973072005138,0.0025563673318865767,0.004073439224315734,0.004567265530719851,0.004216693812937592,0.007674649614499458,0.007988482516909926,0.004950731684120001,0.009138141295804189,0.00899867127410471,0.006859343801348587,0.009910209241321353,0.008884165356441372,0.007581097320842673,0.009940397265920182
intraday_wind_and_solar_forecast - Solar_t+90min,0.034019871973330736,0.03130716542698792,0.08695901682366093,0.033592884317360586,0.03128885531329433,0.08366518294901834,0.0397177072778577,0.03688165669428418,0.09276576330882198,0.04827005779946921,0.043872809514752587,0.09574297567122267,0.04660437655853457,0.04548004301165929,0.09516278806640184
wind_and_solar_forecast - Wind Onshore_t+90min,0.012145285275037167,0.012228366277260648,0.014976674756508147,0.0131719732549318,0.01283374339475631,0.01678175204573199,0.01661373201164679,0.01670976069160679,0.020175637322390683,0.019813693095980852,0.01969440428472444,0.025955107852023502,0.018851604854113246,0.014627906387351687,0.019773071078641805
ssrd_mean_j_m2_t+90min,0.003609101461764112,0.0035337951837709626,0.01975677840458229,0.01075016519910423,0.010446540605360951,0.01856977091741646,0.0026661778592929294,0.0032842339275375707,0.012663096863536338,0.01068093164956008,0.00732649654607485,0.02945599270290586,0.006945049591762654,0.004268122135550584,0.020314051535702673
ssrd_std_j_m2_t+90min,0.004426243951695483,0.0036609563946440175,0.004223645875310467,0.008798268708225806,0.010552352924540173,0.019895112728067033,0.0032122812212207917,0.0031582143059804366,0.005186828336420149,0.00951087815300707,0.00683424434859262,0.00980182283803515,0.006425105426747166,0.0031835107189558585,0.00793307372374602
intraday_wind_and_solar_forecast - Wind Onshore_t+105min,0.03185025009396486,0.029434419137891382,0.048876560245989825,0.03183256877807435,0.03299102141533512,0.05019904528243933,0.04124666948929371,0.038960203484486554,0.062374915762688034,0.04054287067241967,0.04355390324618202,0.061935653212363835,0.03356302841519937,0.03334117846122899,0.04474347898599808
wind_and_solar_forecast - Solar_t+105min,0.018105643402799614,0.02040182949118389,0.04903361835132819,0.01729014652013575,0.01768193529733253,0.04142563849012367,0.011142258438923818,0.018130636612244417,0.042414144268783274,0.011559554566978478,0.015943035207355023,0.02831531499619814,0.019336390155396656,0.014809259168810969,0.03327067925526353
100m_wind_speed_mean_t+105min,0.004724368369326385,0.006022400137831482,0.006106056074660956,0.0033233039143469797,0.005419857750059979,0.007832210056389812,0.007178111257573619,0.00720763143563272,0.007865417861859895,0.004296885964682588,0.007964333326783162,0.007321457270189058,0.004852918812443022,0.0045064901003393065,0.006215787173205172
10m_wind_speed_mean_t+105min,0.015187622618163005,0.010730551808606834,0.02105833773658378,0.0038572210595202703,0.0036653446027939936,0.006441835516996434,0.004820278712807521,0.004507795106688718,0.009316793730807604,0.005405907725110979,0.005384991460091442,0.01036528731204089,0.009843320696940282,0.012622205159612349,0.01916911231142376
100m_wind_speed_std_t+105min,0.003377068609761409,0.0030665702643441362,0.004926460517957821,0.008445272601918987,0.008815465733001474,0.017358322275780665,0.011044500941781735,0.010402812820331746,0.017599088607894373,0.005271645390967024,0.006820124943399719,0.008134194954249324,0.004253899079048096,0.004102548421031315,0.003875665702551487
10m_wind_speed_std_t+105min,0.004407516486384338,0.0034048257381173244,0.010243422327401277,0.0031727970301599273,0.0026388279447560306,0.010117154928229866,0.005263768312484899,0.0064270856130606265,0.009079610313288867,0.0032759444442062888,0.002930602046598551,0.008320880920800846,0.005377635869757797,0.0032637203692556798,0.010741902007433964
intraday_wind_and_solar_forecast - Solar_t+105min,0.0199126288673433,0.016406620391398972,0.0437356285306596,0.02690795216028346,0.026702673109830356,0.05348198970031808,0.035140531085184196,0.03738768604543293,0.08189760077517713,0.034015149247134106,0.03634934931038879,0.06589451514108804,0.02790976913186023,0.02819255749951117,0.053368292905623095
wind_and_solar_forecast - Wind Onshore_t+105min,0.010762588161727763,0.01042253090802842,0.0065951438615256845,0.016364182167337277,0.015213215689989738,0.015949460167885263,0.01709435459395172,0.01582553297880804,0.014535460694860376,0.013522929673548787,0.012174065804727434,0.010175461089716918,0.012548156771925278,0.011870780461751565,0.010873186295983033
ssrd_mean_j_m2_t+105min,0.03660368685913272,0.032403989082551564,0.05771885776013369,0.023135718694276875,0.02320199325334397,0.04573453821404837,0.008492960111663705,0.013061419474237482,0.014911013749879203,0.028312091944739222,0.028757547155348222,0.053804301238080374,0.03917854073428316,0.040192551667336374,0.06635897638805908
ssrd_std_j_m2_t+105min,0.006936028581219943,0.005152506191911016,0.0061283080989305745,0.010929016475680328,0.009265256445669365,0.004832221453254079,0.014602305416614399,0.013600754521030467,0.012654040605447335,0.007108111857822223,0.004083081811021657,0.006125588455255638,0.0037709289669946885,0.003852541593908427,0.009321444574190537
intraday_wind_and_solar_forecast - Wind Onshore_t+120min,0.025699776863475562,0.02631683370716928,0.043864376270706995,0.02445345552514391,0.02255635022430215,0.0373919822605385,0.02886212208142388,0.02987436864506526,0.043402071523596535,0.03961983580178639,0.03980775408272166,0.06622082506281732,0.038469540403209976,0.03770373806153657,0.06060260363889392
wind_and_solar_forecast - Solar_t+120min,0.009528628422354813,0.014398569646349642,0.048754453187342735,0.011474413041374646,0.02214646800280025,0.053082934348843994,0.011092800971804536,0.01044262634566985,0.05331273509611492,0.016520679941473645,0.016412651814811396,0.053813321342342534,0.009784036627290334,0.015740667486956225,0.04599111795250792
100m_wind_speed_mean_t+120min,0.005352384881287207,0.00459708992625201,0.012915782696742099,0.006578323012193778,0.005025117000679358,0.014301301028905073,0.0062623854579214825,0.0068874581255224145,0.022514798052055994,0.006107073170297099,0.004060497589769512,0.017633966741879704,0.00662429801746589,0.005800414348674167,0.013269548296264474
10m_wind_speed_mean_t+120min,0.002498196588200699,0.002399843003086062,0.0041281778444849804,0.004328493154320313,0.005507530903538282,0.00701622722384127,0.0030879608623636157,0.004697025724179184,0.007830704016938398,0.004671430708367552,0.0026234296161592283,0.008366284251824254,0.0030262240383895004,0.003518616857700181,0.0057010213484609265
100m_wind_speed_std_t+120min,0.003495810388951213,0.0018354626641462347,0.007086753179115476,0.003122321730931617,0.004132368950091177,0.011568691311997099,0.0016646937794632776,0.002142934483480076,0.0052161895036779244,0.003246440600425558,0.006658297891524854,0.006853564408997045,0.004051337765684366,0.0029341126371640485,0.003890476303775358
10m_wind_speed_std_t+120min,0.0025020600601146723,0.003355234758591905,0.004051305156674062,0.00297770550385394,0.003258499953239152,0.012285080107112663,0.003065589303640081,0.0028698512009563614,0.008429155222402188,0.005225704318762837,0.0034474285620008233,0.004846910838083204,0.004180838185539869,0.0030931937119422627,0.0074593673083177235
intraday_wind_and_solar_forecast - Solar_t+120min,0.023396924700267847,0.02083398052211851,0.06912364635895937,0.016759864661638858,0.012395107451538025,0.04555114257906098,0.02020952797787322,0.019684701014164602,0.053144644063882876,0.03392326513619628,0.03365322676903452,0.07494487072397897,0.04787771873082965,0.04979845962068066,0.10381478374742437
wind_and_solar_forecast - Wind Onshore_t+120min,0.01701964521924674,0.014376387625658026,0.03499007390413317,0.01663324447494233,0.013828671691484487,0.03366314824201982,0.020076211388969114,0.01722359430166034,0.04286719720189285,0.021644116014133262,0.020563190511966242,0.04240687939032796,0.02275760599935893,0.021419414740375942,0.04333923317118024
ssrd_mean_j_m2_t+120min,0.01090777195721239,0.011443268398215878,0.020594275245843164,0.017011948614148422,0.016402626454098936,0.025795516710553783,0.006549699719987984,0.005249401990011392,0.0073595256086264275,0.015198326230460225,0.01261683519516373,0.03862595909609081,0.004527052279977397,0.0029380212931100686,0.011273387994762744
ssrd_std_j_m2_t+120min,0.0038289269634151422,0.0034463403547597407,0.009689922370943805,0.0031481855935637667,0.0030709978950445986,0.01075151467181422,0.008145343130679977,0.00777139020780669,0.008035137972790835,0.01595817581532174,0.01460150793935145,0.017717383540411902,0.011941389285611195,0.009533458196819992,0.007141201478872972
intraday_wind_and_solar_forecast - Wind Onshore_t+135min,0.016217461421780172,0.01633622310469582,0.022481061350175878,0.024068577162906876,0.0215396923708322,0.039517067443346605,0.024159179929418316,0.02505311289698875,0.03387595835950924,0.03200122787136934,0.02827792239993869,0.04319749653380131,0.037284532239922556,0.03333155844839348,0.05236514780232028
wind_and_solar_forecast - Solar_t+135min,0.032251282189885384,0.03464539102383424,0.0697874100842746,0.022045912059067634,0.025771811061451443,0.03373470691440161,0.02332990152662387,0.02549566031168797,0.034098560613405424,0.026010034008337242,0.027466210221668008,0.033902006787961,0.03315936043181864,0.03086755299869401,0.05922856207046425
100m_wind_speed_mean_t+135min,0.003676450084786893,0.005032441321985061,0.007149652910226905,0.006953882330001761,0.0078950415418185,0.007292227600659317,0.007247138538456056,0.0067283243569254405,0.005004175320544164,0.010198189827994156,0.008558506119741651,0.00481864782124012,0.007880251951108221,0.00500639160588662,0.007512310429410718
10m_wind_speed_mean_t+135min,0.005531074912869372,0.005244056152721896,0.01544383993270094,0.0037216392106430474,0.003469966186086822,0.005394112897934974,0.006129015767488454,0.004566796087707189,0.008890658188523958,0.007499162143874855,0.007801855172983778,0.021161244875820558,0.00603666061430522,0.005060739198517694,0.017185890676532836
100m_wind_speed_std_t+135min,0.005920965366119162,0.005975130013481248,0.006772429041280702,0.002538924806305985,0.003015138201946684,0.01282665413065297,0.003961400631977995,0.005195595491475387,0.013804870114052391,0.0032616150052181183,0.0031406611956317646,0.008365847033530372,0.003989599061706031,0.004201147419903464,0.005170238200944823
10m_wind_speed_std_t+135min,0.002253879424269144,0.0018086813446270753,0.006473397341880628,0.006902997292221698,0.005529607799258656,0.01771605270451255,0.003102639416967122,0.002187289954044104,0.00511162137138308,0.004205760952958371,0.0028235685839196095,0.005881007307663822,0.0038028226674646248,0.002401504496715006,0.0032888235372182917
intraday_wind_and_solar_forecast - Solar_t+135min,0.005424435160195571,0.00554384141740411,0.03815934087731875,0.008153908757365571,0.006526499031965613,0.04786989086377434,0.022615864045339548,0.022913678197042826,0.06961876120138913,0.04047325451628422,0.033005191846517845,0.09555301107669947,0.028881384007807355,0.023028001094644424,0.07475574798957678
wind_and_solar_forecast - Wind Onshore_t+135min,0.019586562783748377,0.018628344163931616,0.029295319643279073,0.020124231207657432,0.018728337823733454,0.02340911652368959,0.020038109778557554,0.020787087943972438,0.024457958818413318,0.023953257935703732,0.024803226104285387,0.03677033563009172,0.02933157625909371,0.02730590108533215,0.0429784908987931
ssrd_mean_j_m2_t+135min,0.00818508833217129,0.005034532300429419,0.030927366966563567,0.011352263904580467,0.011093071473107556,0.018815883394716366,0.018083349339278357,0.017822325072425885,0.02594952400829061,0.010249281020165655,0.00847467893997964,0.010592423614358268,0.010835099857184104,0.01309911620258208,0.035221828814654146
ssrd_std_j_m2_t+135min,0.003116880000487072,0.0026481527128308074,0.01274362196338916,0.004885775633236335,0.004229757797518687,0.006920317829582927,0.00297640316882962,0.002734917189526641,0.007156835760317335,0.007070457327048644,0.008318474681174848,0.02169492566365807,0.011144992598216049,0.013267756440734956,0.02788712478679372
intraday_wind_and_solar_forecast - Wind Onshore_t+150min,0.010930431199436498,0.012114772967106547,0.011097488564970262,0.009215052389800575,0.01158468928846196,0.006586616831852552,0.020418536384851905,0.0215605626081815,0.026420812623226084,0.025481243860074755,0.025885932775760012,0.03063973761914167,0.025994082389981486,0.027142229387944097,0.032660386299241506
wind_and_solar_forecast - Solar_t+150min,0.03886477668894804,0.035280837449536195,0.06707389388384763,0.04080594999872846,0.04310619719786336,0.07793203996884404,0.029468829440244006,0.026583892153867056,0.061472618878819045,0.029793330717118805,0.03090246600464161,0.06509138920309487,0.033405742683251444,0.029419240381394048,0.05370347230526386
100m_wind_speed_mean_t+150min,0.012986838581215125,0.009687923769597546,0.02313136589934584,0.01252368686585396,0.013070557681412992,0.02121321350702783,0.009007563960341941,0.011098975025120125,0.019551629469598993,0.010106277624690846,0.011601446489454248,0.022600167265132767,0.013347402028608485,0.014346285307932704,0.023511865898115502
10m_wind_speed_mean_t+150min,0.005303529447443907,0.0032970601216011346,0.0069879266731077225,0.009655368082181667,0.006746927121594126,0.012159256131242729,0.0024648107319681003,0.002292964521984686,0.011448844140140864,0.002157186126732995,0.0019354736334057634,0.007243055086993991,0.002627642648491019,0.002593701124252675,0.006087760250442443
100m_wind_speed_std_t+150min,0.014465080323312576,0.013143840518302113,0.006762416365170793,0.00926365758801694,0.006211579213531877,0.006123202346339895,0.013842874033784027,0.01202389669007971,0.007718124653181974,0.014870673913319478,0.015764049635166883,0.01120699615572812,0.014131108314482844,0.011260911394612777,0.011646009377520385
10m_wind_speed_std_t+150min,0.0038010647769078786,0.004166153718232635,0.0041538942587546895,0.007492683005676554,0.006607098319708711,0.026906046722957398,0.0031168412137812995,0.002943487822769498,0.006507400903121379,0.0035224064893078547,0.0034219646271244526,0.005572919400077808,0.003065723759056709,0.003571593677488693,0.007695846984861418
intraday_wind_and_solar_forecast - Solar_t+150min,0.006984505902383944,0.007706443290004245,0.010773862163019657,0.004689883167684456,0.005025392719552428,0.011146290582728398,0.007374880042305449,0.009363121191003302,0.009140850840867642,0.006422729431219011,0.00753179522568098,0.01556156108112191,0.008819856461550445,0.007903339107252065,0.03697358588094357
wind_and_solar_forecast - Wind Onshore_t+150min,0.021725302978535182,0.02320032464337419,0.03570752181494027,0.021766184248317586,0.023132548344743556,0.032581987137484246,0.029699014226283908,0.02934930662289844,0.042084097867897075,0.03163664027451887,0.033085085630867976,0.04577496166178025,0.03232343569735531,0.03027073174456018,0.040853368586831494
ssrd_mean_j_m2_t+150min,0.010900587434560294,0.01456260950351134,0.020081013741248172,0.003072528977585307,0.003881419614164315,0.01690709791678819,0.015943112212946288,0.01605192701119813,0.022133293666047393,0.028048237015027552,0.02988022581144469,0.0418718914014753,0.027429082987830044,0.026965037455258425,0.03485407662406215
ssrd_std_j_m2_t+150min,0.004686718737668343,0.003713995756981376,0.007041112247057754,0.008225475410385116,0.007170952152399877,0.015899914291672756,0.009031356537365354,0.008478039971625549,0.009837390617227356,0.009614843801058669,0.008020429522832273,0.01101399589171433,0.009399610875920188,0.006416192293686436,0.009440447158081951
load_forecast - Forecasted Load_t+15min,0.0033186474322355933,0.0038327004593302263,0.018165396680213233,0.007885346101937103,0.007047480305951467,0.016673747160057248,0.00447562197966181,0.003997545955218811,0.03261953063342662,0.016251617321686354,0.01133703517144022,0.04408432545213145,0.010863061932237543,0.007818464305026055,0.03589766627352219
generation_forecast - value_t+15min,0.03409536642943567,0.0324243837068916,0.058935095768712926,0.04707885932737554,0.04263237905490678,0.08362780372088309,0.04448926959711389,0.04118901015985466,0.07887750560767018,0.04144251488702139,0.039862518995400026,0.0673424518990505,0.03664467255352065,0.028406050679193866,0.04205162610807747
load_forecast - Forecasted Load_t+30min,0.029310272577684374,0.026309618888640217,0.031272062305015426,0.04093038104358129,0.038205244919023246,0.04952695009660965,0.0506768764196313,0.045209094735095275,0.05849264330859296,0.04063789601024473,0.03756467528824578,0.039338683757203396,0.03094943575716752,0.0291722033325932,0.027990037581121216
generation_forecast - value_t+30min,0.04228759677042763,0.038459808077948764,0.09423262890806655,0.03940059070930874,0.046015908324392514,0.08316149457206484,0.04017593111956376,0.039514308724530565,0.0881672034180956,0.04327594743282316,0.04693943209195277,0.08719985594076571,0.041419250083272345,0.04447498744733093,0.08454049941161065
load_forecast - Forecasted Load_t+45min,0.02644759184063878,0.024789736890161295,0.021339985407346832,0.028118913793703543,0.028702165424649137,0.028324153265639324,0.04128570968005806,0.03841912273661001,0.04688397971179802,0.04659183587231382,0.04529572720818942,0.052993497086798014,0.039041425272182094,0.035311848953046135,0.032565255618607805
generation_forecast - value_t+45min,0.05631235915431171,0.051957565804415934,0.10716436693345895,0.06883184385421919,0.07032110629812814,0.12720181238121586,0.07017094118171371,0.06487948808311193,0.11938803795771673,0.06260203716746764,0.06454629824787844,0.10580815383479057,0.0666625684828614,0.06658346884165076,0.10729559142712969
load_forecast - Forecasted Load_t+60min,0.013672682079217338,0.01521078269181453,0.03500747728201895,0.02057522638516821,0.016612731371061274,0.049680701258504996,0.02763470230391249,0.02425530867255293,0.053318870641549436,0.036189417706482346,0.04024669372395147,0.06799780780213768,0.034599174874136225,0.03338242833758704,0.05823289329717227
generation_forecast - value_t+60min,0.05715225288104557,0.04862094552483177,0.12430724235286471,0.04349368972296361,0.03863090835817275,0.099745380715176,0.05948687654623063,0.0590173702215543,0.12329604968405329,0.0777893521055812,0.07700671466602944,0.14967667583047295,0.08264160740864464,0.06982259398279711,0.1447920680322568
load_forecast - Forecasted Load_t+75min,0.004128425242985031,0.0039042076782716323,0.007433158502783954,0.005761080611556736,0.004417401935694215,0.009911973687639146,0.017586237171664833,0.014536590085976058,0.017114753685810457,0.020897907314472833,0.023067357674175584,0.023938752301542535,0.022063392129106886,0.02140698424742004,0.014995607975175516
generation_forecast - value_t+75min,0.0199563346574796,0.01590889214872732,0.08011725221166853,0.032725840599508955,0.03433251093272702,0.10310545208613621,0.029554875000081665,0.035725819720013534,0.09581134036098957,0.046236266726686154,0.04189696659898618,0.11725309233111329,0.05238398265443538,0.05438454300524609,0.12175008524832083
load_forecast - Forecasted Load_t+90min,0.00669164927613474,0.007325247399357977,0.02184894762854674,0.009634878665481666,0.009499580679358133,0.02989242091365304,0.0031288509259784405,0.003112123842620349,0.011668095253214232,0.008283535795962962,0.007172635911691032,0.008000961679704119,0.006434826632237673,0.008367297977720227,0.006772166626417856
generation_forecast - value_t+90min,0.04142203146216343,0.03176440134099175,0.10020262365136295,0.03328383167627544,0.033147977399872616,0.07298220541974297,0.03262242711792351,0.02948871083159429,0.09320477194158593,0.03812404030375183,0.03680875748344988,0.0836854867744405,0.05529764867317135,0.051924217087318536,0.1217578101438121
load_forecast - Forecasted Load_t+105min,0.023140069477580256,0.018440738716557915,0.02804697954004814,0.02372533225733423,0.02246413515081804,0.03514541567969718,0.02024898814161861,0.018221896773525488,0.035873643551778515,0.014486730670090766,0.013568614682784755,0.028999315612454665,0.011396712357814977,0.010829416524429689,0.01920967255732411
generation_forecast - value_t+105min,0.003455723665720484,0.003578306841003268,0.006266679143377587,0.0043363484350338695,0.00434836331376664,0.005228252616756436,0.008148025220837098,0.007753535872538123,0.011568960322797466,0.010449266212162911,0.007073069301179203,0.02889171520185846,0.007056756554880849,0.006973666618663629,0.016635967616985
load_forecast - Forecasted Load_t+120min,0.009535917905312231,0.0064944606238495906,0.017145390607171067,0.01198957495321156,0.009192582694447992,0.0213595420630445,0.01524105484629763,0.014046689338471878,0.03739641436754027,0.011929181637256989,0.008064557471300759,0.026434275047926347,0.006065616315347143,0.005503472041451459,0.019559835467647644
generation_forecast - value_t+120min,0.016651641503471183,0.017612057411285603,0.042621191603015175,0.019088097950385418,0.015091732127282285,0.040875162629650734,0.019984352298248267,0.018573470663885927,0.050939203495363475,0.020014179760844856,0.021722346728274715,0.05433189427791513,0.02021085035174474,0.013407758224737335,0.03700323515245691
load_forecast - Forecasted Load_t+135min,0.025271878549785468,0.02386041476086393,0.04179901047887688,0.0220747982684552,0.021977276706249542,0.014705614432961738,0.02787000156873546,0.027181777253819747,0.03768031012249412,0.0315040726257248,0.029873200143962095,0.04204473539622268,0.029886742669797968,0.026736861061435774,0.04207019279382439
generation_forecast - value_t+135min,0.04946485000743996,0.042831073038862084,0.10120672618286335,0.04957235985214356,0.05201027807290666,0.10674015299230814,0.04985596896456263,0.04799519307189621,0.09353462552162818,0.04938525961339474,0.044963065526655556,0.0929701408171095,0.047438020323694215,0.05238583244755864,0.09754550290589395
load_forecast - Forecasted Load_t+150min,0.03135146317309773,0.028518005229416304,0.039013374078294874,0.03519615953922039,0.032016090968740175,0.04342667714250274,0.038084344911425434,0.03471290481334654,0.05184584031481063,0.03458955694826182,0.032758298600012496,0.05208877699170262,0.03399408798202785,0.034517493061634014,0.04946404817470466
generation_forecast - value_t+150min,0.07924566522007809,0.06530312942959426,0.17052200405066834,0.06939454957052658,0.0685770311015076,0.14629702655678556,0.07074108954615076,0.06427138965119956,0.16047346936599932,0.07826097943354399,0.0778833402931923,0.17013399543211563,0.0882684367406473,0.0828956278306432,0.17267102317581884
