Feature,imbalance_prices - Long_t+15min,imbalance_prices - Short_t+15min,imbalance_volumes - value_t+15min,imbalance_prices - Long_t+30min,imbalance_prices - Short_t+30min,imbalance_volumes - value_t+30min,imbalance_prices - Long_t+45min,imbalance_prices - Short_t+45min,imbalance_volumes - value_t+45min,imbalance_prices - Long_t+60min,imbalance_prices - Short_t+60min,imbalance_volumes - value_t+60min,imbalance_prices - Long_t+75min,imbalance_prices - Short_t+75min,imbalance_volumes - value_t+75min
hour,0.0079617665481328,0.0031941747360742737,0.006668168049078303,0.0023408834872016087,0.004789500580900494,0.004146006511294445,0.003252199530660846,0.0056494582859122604,0.006976645798892605,0.0037842270350076177,0.0024993546768150737,0.005669333680675322,0.0025118390863581226,0.0040583739551807415,0.005022197972496087
dayofweek,0.0066402662459440764,0.006811294463259628,0.0022772358052079653,0.004874731820712441,0.0051427495705211185,0.002921427508937654,0.005331746138334893,0.0038341519301720835,0.004568157590277224,0.0026569516516869954,0.0037738347645336033,0.0032746776171725285,0.0027816660956111717,0.004642339872654702,0.0030122036046766427
dayofweek_sin,0.0036849017570773413,0.004241281721841006,0.0029672019211093355,0.005753062164074436,0.0034381980321777517,0.0032357047279642755,0.006587053360790833,0.0028052610666754844,0.005506340026728822,0.0031025635942187363,0.004412485806829863,0.004022073998177859,0.004238481842541659,0.006771300797912772,0.0062108425739983205
dayofweek_cos,0.007626234748557181,0.0057022964368043175,0.016007415159838275,0.005302947650746659,0.004435964016268372,0.014351797424722463,0.0034164829555902543,0.0033091924578253613,0.01082013823708985,0.007309351543310185,0.004342515420445125,0.01005207448930014,0.007870143218400698,0.006461845938298211,0.0075863392746032335
day_of_year,0.004895848959311479,0.00964417544127582,0.015088339034071396,0.009160966298006315,0.005141996395911065,0.011792394865488404,0.004177597366193367,0.0036021006348100856,0.011308190636042128,0.0026351965400754126,0.002297171207195788,0.007111386159914218,0.004482178446052785,0.002776438928240168,0.008797230050975486
is_holiday,0.0014897272548032561,0.0009121479151858693,0.003425876624032753,0.002828343607152419,0.0025462080844890806,0.0010131240004782286,0.002598275425045358,0.0019819479778379902,0.0037420448387747458,0.002630950268918241,0.0015011706674872584,0.0011374952274240968,0.001036484911269781,0.0026800996496822334,0.0010810545141093826
generation_import - Generation - Fossil Coal-derived gas,0.008743548683452673,0.0038141857909358805,0.011281795693733557,0.002964119492466125,0.0036771157426392165,0.013332258846610785,0.0031432012502496036,0.005301398806630459,0.013944057105341925,0.0033726144095644487,0.006245023698917521,0.00975166515458841,0.006693130625473714,0.005050878372076113,0.010787550005683443
generation_import - Generation - Hydro Water Reservoir,0.011427008803673743,0.009540773811844701,0.006402620196615316,0.009328310370226973,0.009791392044513486,0.001813347672906275,0.009241726500113146,0.00916899495119651,0.0024408955595581574,0.01063366304387091,0.007904854860473279,0.0024136789702276927,0.006024647784473018,0.006849447401549242,0.0029458142411822336
intraday_wind_and_solar_forecast - Wind Onshore,0.006361216831173806,0.0033393377387656072,0.0028824858822981696,0.006163429421409091,0.0030466307915103246,0.0035484872972747325,0.00457183853505012,0.0033993337026513473,0.002996629732351721,0.005073875440612028,0.004585958564337488,0.0025525162420271955,0.004388840360359609,0.0034379945849286743,0.002682830101970467
generation_import - Generation - Hydro Run-of-river and poundage,0.006699598540653824,0.00796464425917111,0.010575278340249497,0.007462487933184093,0.00991139599672897,0.006252802328872349,0.010887201773934067,0.006891538039950319,0.004608515755560802,0.008457968239861656,0.007832933895026144,0.003811560221070067,0.0030451239837539106,0.005977358686515799,0.0052646540787209236
generation_import - Import - SK,0.005092032024953369,0.002617517840841174,0.0026816090387037548,0.0028820754035123173,0.0028696036853477834,0.0034165859190688932,0.0051965266919141865,0.002606066256958002,0.003400191960972734,0.0025456959027296763,0.003923507519248233,0.000947106221826516,0.004210553743470427,0.005270215831900714,0.0008811854838395448
import - DE_LU,0.005019257145404886,0.004485332712804848,0.002804857485798493,0.011409869758408605,0.00508567168008085,0.008266697631155694,0.010490960786503904,0.017679442800668767,0.0055284519877532145,0.010073595112480689,0.014557363005980734,0.003390983960198355,0.01742267463225835,0.018030446519449014,0.002258369579372811
100m_wind_speed_mean,0.010148722399237158,0.010525085159733862,0.01687171558207774,0.007332796571085055,0.008625550102489797,0.008204060171250603,0.006217782520454591,0.006517983699046453,0.016212367920219548,0.008113838200290047,0.009597399936981674,0.01290630766257891,0.013007016240455414,0.008018901123541582,0.008703426240907674
import - sum,0.008392613948679354,0.006433112493799854,0.008597865796258703,0.009664203255400934,0.006078696966636926,0.004399522951906874,0.00805980837441166,0.012015442934845851,0.006612293745399256,0.004778241824431461,0.01014270580601078,0.009582175952087709,0.009939278714591637,0.009799415411511973,0.009788499907000188
generation_import - Import - UA,0.008214791189293464,0.009511742378468625,0.002399790332205157,0.009456657627142704,0.011813773062458495,0.002844736966933112,0.006665948765192297,0.006463058421082678,0.0019636606859583594,0.004809560143417911,0.0060236641202209285,0.0036443845426474583,0.005913265696408587,0.0030659750403392535,0.0036478181370766835
generation_import - Import - sum,0.005583703134052484,0.011775258786190535,0.006670633816735972,0.008778607350162929,0.00695538379712525,0.0059166321910379335,0.004853737936478865,0.004487781010726394,0.0055227234182348185,0.004195125230032772,0.0032659254887283853,0.0027053631460476025,0.0026560082335381594,0.0023823582073064244,0.002776014127326562
import - SK,0.0031374477445278897,0.004082462593563832,0.0029360876293158073,0.0020220791981350886,0.00321344029521606,0.0023167382846431793,0.0023910366688578506,0.0030755210482711847,0.0033173003289120972,0.0036508238628593973,0.0017924193630491345,0.0018414903182438138,0.002165516444860259,0.0017987390655689523,0.0016183969152243662
10m_wind_speed_mean,0.003327722976926452,0.0027057247608463513,0.002973770076882829,0.005215736371304956,0.002517015934717165,0.00475604941615893,0.0073047107538150155,0.006354847497274023,0.004128587273548874,0.003389629630106356,0.005026551327318884,0.0021567054383922367,0.004761227477181819,0.009309116949255724,0.004502986721139678
import - CZ,0.009726579661975848,0.008054074565447081,0.011833699443392106,0.007684215068555204,0.00842500512904371,0.009436632374709007,0.006862146139144897,0.008410293200358864,0.008339898551421357,0.008140761819318868,0.008038864551850565,0.00744849148956564,0.003998428228966077,0.003385814771756486,0.007474014725186862
generation_import - Generation - Fossil Hard coal,0.06465604035157593,0.06500894088172936,0.04208508939742751,0.05962663756980328,0.059574696246651,0.03923714616533835,0.061187551194801924,0.06124480995262274,0.03963848793512443,0.05622892724629491,0.053835873059200824,0.030440931037432166,0.04895022600912489,0.0499144013345649,0.028272565175197086
generation_import - Generation - Fossil Gas,0.0640517343293177,0.06459078188835701,0.024179620714174236,0.0543718666795321,0.056361485086312314,0.021483576375645498,0.047843185687146614,0.049414424218171916,0.02011845279167028,0.047695575094904144,0.04304583027472836,0.026144818060283796,0.03713191019893566,0.04619771637512167,0.023476165976018818
generation_import - Generation - Fossil Brown coal/Lignite,0.0623287489348877,0.05983059306730865,0.04675846661960532,0.0588901991992534,0.06001413908900577,0.04326365955672736,0.057701439630987804,0.05923758506035665,0.03710155377951014,0.05515601481756312,0.05630873027315829,0.035761122349475045,0.04731897694361396,0.05170716829097364,0.034166952052619305
generation_import - Generation - Wind Onshore,0.03573030944740458,0.03456100223708199,0.037539248518369275,0.031018575936388515,0.033403744573006405,0.03947844021955098,0.03327753456850769,0.03553916067220234,0.03634669996852608,0.03505949574795705,0.03003674936265452,0.032535200197191444,0.026983509064325516,0.0313974380851796,0.025452508334012237
import - UA,0.006555507133664832,0.006109911669569556,0.003176088180622173,0.004056135468708817,0.002294410848589905,0.0029323252758040328,0.008035576716516515,0.0031597222065183816,0.005665474781315425,0.005377154006680939,0.007103924241208006,0.002331307929282957,0.007030454508349066,0.01093836287088925,0.005132334310002989
load - Actual Load,0.006944902977533275,0.006775124012171091,0.010369258067061309,0.010438273128935634,0.00332428220371321,0.00672030849137991,0.005326244002819294,0.00232493659890045,0.0028032489236893524,0.0032879573007594445,0.0027112661048922745,0.00372902938695006,0.004320262031739958,0.0028354682660628894,0.003492490863718558
100m_wind_speed_std,0.008110727729086649,0.003852418295124153,0.007908992198194027,0.005819690415708692,0.005969066998611197,0.006440441274634395,0.007602107542290469,0.0051221560149374455,0.003699194944815417,0.007591689965378237,0.004676889141472202,0.003069442365524992,0.009786256060988536,0.005001750388543769,0.0025313151344598735
generation_import - Generation - Biomass,0.003831144385618245,0.004817450426448431,0.0029560270622309873,0.003269329880271471,0.002668452234875076,0.004454396750379487,0.005060922953402951,0.0033656972124690584,0.0036555383842969604,0.0032930736798134604,0.002714835872733147,0.002321878181559441,0.0024796003584665414,0.006449234156236343,0.0028979871346382423
generation_import - Generation - Hydro Pumped Storage,0.028504287191055484,0.027681070173042825,0.026053669550208724,0.01720432033525867,0.022098691672544874,0.01726384511057404,0.007996928547847346,0.01831990253360709,0.006291569537352188,0.012692915059276857,0.010061817356705433,0.006240153633518275,0.003150435353023795,0.006824488458347332,0.0073767218263783435
10m_wind_speed_std,0.003309876463396904,0.003725543678067879,0.0070832989076402555,0.003327017455051646,0.0034782818575749843,0.0036139873987444844,0.003323590543251612,0.0035862874848053253,0.0027422432936182305,0.002321914256537639,0.002949539771962236,0.005670326400912018,0.0021368558160706924,0.0025419365456721154,0.00829567545557802
generation_import - Import - DE_LU,0.0037263762679767753,0.004528203560776092,0.004298238212301158,0.0035699189649767505,0.008526139564936783,0.00779519748643952,0.008956456576470146,0.010055026673049723,0.006923950723666167,0.015282513838416889,0.012586742721585324,0.004076781604622738,0.021272719313798007,0.014792271604899725,0.005613836016584173
temperature_mean_celsius,0.008776907509934971,0.00400007088439088,0.0026129902270449748,0.00531187617876094,0.0047107906290209485,0.004122533591173124,0.0067475987664247445,0.006746835169138649,0.006399280567986353,0.004927103040068687,0.004419561166200566,0.005446451908792369,0.007228543244329558,0.00342297945748669,0.003973263996113019
generation_import - Import - LT,0.011996597957244375,0.011114270354650216,0.0035167627477731005,0.010930441999138566,0.011285437539900158,0.003257720440376943,0.010601634459104389,0.01180961454068165,0.0017709823755868684,0.0072419153293849375,0.010520323425325842,0.0026965441579159233,0.008943740137299755,0.007527846881224832,0.002050187892834515
temperature_std_celsius,0.00965334999994957,0.00797942058040917,0.017144635823671706,0.007067146968845918,0.009204971191065852,0.013638370689030125,0.010346323248042608,0.013160758537874245,0.01865472557998146,0.015506297772519247,0.009589803310111165,0.01475509631470777,0.011557724528509426,0.014081865765023394,0.018406196427327815
wind_and_solar_forecast - Wind Onshore,0.005336038327355397,0.002184325661907394,0.01691276192890291,0.006667614939415216,0.0021961368915572165,0.020721985879468774,0.0028393748517804057,0.004550011870036542,0.021255194229332117,0.006115040228668818,0.0044912145599610084,0.020543001716776418,0.004101389745731012,0.0042723058550291175,0.02029399721950176
ssrd_mean_j_m2,0.014446005785284797,0.006195129752144567,0.004433168797893814,0.007107693888518042,0.004839533406912977,0.004528937610826688,0.006104116151109337,0.002880257764523776,0.0032872838036346365,0.0054015024308591815,0.0026410862441152857,0.006404096655109243,0.002937384095703237,0.008385479853786819,0.009437183979807742
generation_import - Import - SE_4,0.007252076848308206,0.004744471915837494,0.00477722927522882,0.010001995789440115,0.011233283420482621,0.004547684777490758,0.013388998072317918,0.014521473795190105,0.004118756610900163,0.01172855283489912,0.013062362747845327,0.00400453192288478,0.015471402961033163,0.01555176620517159,0.0031164236519189217
generation_import - Generation - Fossil Oil,0.002927754070566152,0.0038699781932664337,0.014189265783265001,0.0027619630670587866,0.004921918833759264,0.011545202968816738,0.004716365993190265,0.006903048127674992,0.008520091686790692,0.0055907071830561105,0.007656718387075671,0.004888504661355967,0.004516883242657059,0.01093824230053724,0.01106741724643507
generation_forecast - value,0.010631318429592966,0.00847647894562715,0.0029048748910124687,0.00861372887001562,0.005953214419070718,0.002753431633813534,0.006960004476439281,0.008425077066106497,0.004506683509230811,0.006051245982395358,0.004324951623801098,0.004394882710301317,0.0034795454024333593,0.004458848768361349,0.006228389843507103
generation_import - Import - CZ,0.001523979358365068,0.002012743424196856,0.0018728861622594195,0.0016772697463838995,0.0021650055875734324,0.0015577709791368762,0.005340979901137871,0.006046818153903587,0.001711473760905392,0.0040730119899053535,0.006677066349773668,0.001956514185663764,0.006239900979155209,0.006617816138023045,0.0015607542688112516
load_forecast - Forecasted Load,0.00344942129805645,0.002776091646542682,0.00970154779882796,0.004043462905740853,0.0023939772708040435,0.014512443165425793,0.0036155742313876546,0.007842423073248938,0.014806671195932722,0.008894953662622357,0.00695181434425831,0.016491175019851652,0.01262361301133933,0.012184833122279087,0.011999136318618866
ssrd_std_j_m2,0.004730016580062511,0.007227476109368581,0.007086392977338619,0.006817538715149567,0.00827336998455212,0.009099276218996238,0.013301506606614567,0.0102845627463048,0.005296834044072057,0.013937563461068976,0.015533150172428577,0.0059171614068145575,0.020631547952638357,0.017443521114386386,0.006830294300719288
intraday_wind_and_solar_forecast - Wind Onshore_t-150min,0.009783547513143276,0.012659628289311513,0.005344229352574985,0.011700324570832891,0.01009308689925092,0.005266290874420519,0.012107988338539145,0.012221692500323116,0.002089593280617919,0.009740814576187404,0.00943511343435057,0.004292688747134889,0.008181910599909316,0.00928648112198789,0.0017394631478264272
100m_wind_speed_mean_t-150min,0.0022257112665211025,0.0031446422619828807,0.010820156050906008,0.005783374881673808,0.0023879872829970735,0.003370624385861447,0.002616460742367963,0.0024682295405855825,0.005244904611156016,0.002289171757512122,0.00201363910800103,0.0024129294943536477,0.0019144989040692053,0.003344123501328795,0.004292510831084655
10m_wind_speed_mean_t-150min,0.0035677386569677766,0.0020437756088872447,0.0034184050416552056,0.0020126914351203595,0.0032018913301735666,0.006501944780356098,0.0025449447822663844,0.0026302419549315346,0.0034514563522188837,0.0017906135379962508,0.0037899626005482787,0.0020008874252762324,0.002037465925292054,0.004533522367335536,0.004967866821233656
100m_wind_speed_std_t-150min,0.00827356532768863,0.005266333404055331,0.0036111056128120254,0.00792444768286623,0.009369978758881188,0.0033590961498453,0.0087340818382836,0.011560746610950445,0.003967318680898189,0.011306245324767587,0.010906965532911272,0.0062549664342514,0.016046258169268184,0.011504329260154919,0.004099126138200518
10m_wind_speed_std_t-150min,0.006164475059365941,0.0058434663447060305,0.007116402615460174,0.007781632865778192,0.008423555130473687,0.008326409674227762,0.007324158410647215,0.007698527285159799,0.006063680256975203,0.0061979763221825124,0.009396593241370283,0.0020835399258222935,0.007970884002876119,0.006038564787897485,0.004025319014612251
wind_and_solar_forecast - Wind Onshore_t-150min,0.011098862738483149,0.011713854843386799,0.004146312271841452,0.011291785416571656,0.009337947776861257,0.004328766381870992,0.012216872060744208,0.012394936987993788,0.0036087802338215626,0.011344656328386918,0.013066203858717927,0.0037814678027671108,0.011632246849210787,0.012381399710066035,0.002916821054419415
ssrd_mean_j_m2_t-150min,0.01544572477028123,0.016779214018362836,0.005651706469825513,0.012487524128071527,0.011324941490846,0.0029174110544731777,0.013781911195255816,0.012277417235309259,0.0026216646233389158,0.016800875640736193,0.012961400165280792,0.0030711953608370097,0.016023018732041237,0.012637574018343003,0.002602337293948949
ssrd_std_j_m2_t-150min,0.004709860456607658,0.004217307033218902,0.004727918625876555,0.004044784561031747,0.0041704266507399555,0.007595386061297802,0.005380024440709349,0.0029186275056172235,0.004367319063474497,0.003010156373092741,0.005390223324789986,0.003067479603912943,0.009299455626663984,0.005403017504919262,0.005526884441511356
intraday_wind_and_solar_forecast - Wind Onshore_t-135min,0.011190243765013293,0.006769616270742517,0.006652386015455704,0.0070985682592490775,0.0034308390661608426,0.00512463894294342,0.004174645886894723,0.0066827587786028745,0.0070692128248447264,0.0043205356897087765,0.0026838567585068633,0.0060417594474492945,0.0025519323673593134,0.0046524058596933175,0.00786134585372929
100m_wind_speed_mean_t-135min,0.003775837756791589,0.002934939512881101,0.004851841197958038,0.0023131344177090797,0.004468959872356209,0.004007597690051625,0.003462952545614826,0.0034981028636575503,0.002732630534864711,0.004374801322474923,0.004282252402441372,0.0029313862452796683,0.002929198242667553,0.003114191705685357,0.0025733427751456475
10m_wind_speed_mean_t-135min,0.00912007002511018,0.008890683103876654,0.006315717100242182,0.009996445933458744,0.005453871704983612,0.0033321915353371877,0.01074739800747193,0.00714262486998814,0.002272523882358655,0.008799298330355669,0.008856736348217055,0.0022987953882498005,0.013080459033706575,0.01399186434369767,0.003785009153601635
100m_wind_speed_std_t-135min,0.008653961156502191,0.008635483953969241,0.004562676548929631,0.009348392396339477,0.008621446254299371,0.0036920437066828527,0.00873730035304834,0.008831144628402853,0.00893029560067771,0.011734767840156564,0.009493695841758382,0.005409438412061718,0.01209184339235071,0.012539719229231196,0.008998112318136919
10m_wind_speed_std_t-135min,0.010090951185666198,0.0076071327952522555,0.0034004902253391266,0.011386395440997149,0.009640682926008594,0.004268971339448399,0.010821948416312807,0.010239041972318319,0.0037615201309408805,0.007598124037125672,0.004836233235058898,0.002886733383901628,0.008831698400546885,0.00742537919733195,0.003102314607061999
wind_and_solar_forecast - Wind Onshore_t-135min,0.008508970131428213,0.004442877615219914,0.0036087845029287562,0.0055327760178133754,0.007065415971184848,0.0027643804042893406,0.007972001930680563,0.006452884994192573,0.003201866280951435,0.005762854832109042,0.007125274681726296,0.0024467602286940746,0.006472026638705302,0.004312210213114668,0.0028455639234452974
ssrd_mean_j_m2_t-135min,0.019698953183949926,0.014219197950791568,0.013258093018055661,0.014370627720505581,0.014694373235994136,0.010196113153651822,0.013512236160426254,0.015592515439858517,0.012646652305020325,0.01762371031480143,0.017312918920157246,0.0072336389406473245,0.014496483050868847,0.017783212188027392,0.007693159471476974
ssrd_std_j_m2_t-135min,0.006541077657331698,0.006095388746325625,0.003168526695455512,0.003558025841575727,0.004981123534428889,0.0029331858439127245,0.0030493271983755223,0.0058234417137719,0.006651843766793718,0.004438307322655419,0.0023927372787911736,0.0034535887394676478,0.005998967924882891,0.0033211800350908334,0.003630666620880902
intraday_wind_and_solar_forecast - Wind Onshore_t-120min,0.014308640897819714,0.014253509030822897,0.008418834821110067,0.007989768342764365,0.009917701085305453,0.00463739448992419,0.010176711011070438,0.00890952309390741,0.00490942352196862,0.009180984645733588,0.0072564232040167554,0.0032156662149882323,0.006401417124274303,0.007108487300189154,0.003964757740999175
100m_wind_speed_mean_t-120min,0.001898749263345053,0.0027214291384270836,0.004543890835575667,0.0034864255076063272,0.0015034962490385623,0.002881035638598405,0.002456225985948549,0.0029253468374581646,0.0034540983051447255,0.002023222631236422,0.002932589764601289,0.005709529122051549,0.0022951625957175563,0.003915226669061667,0.0035398449756776245
10m_wind_speed_mean_t-120min,0.004481714417912372,0.0031422438436602535,0.0033886185731671504,0.004733835551072843,0.004461370185416854,0.007629413466148606,0.0034317534330839407,0.0030677752240408154,0.0038745686496258714,0.0032727323833714765,0.0038583244023438967,0.0037502785055295645,0.00454372114458647,0.005803263555524608,0.0019524125824682415
100m_wind_speed_std_t-120min,0.004404542515248977,0.004767523798688785,0.0020571884005803442,0.008352631025125448,0.0022727268166738666,0.0022551223016353105,0.004351623770847269,0.004805420293185307,0.0023400199605150647,0.002021492110020315,0.0019959684587447556,0.00714195115583243,0.0022545613485208376,0.002581476536981427,0.004473214708386877
10m_wind_speed_std_t-120min,0.009268703255380387,0.006797985224165131,0.00224503358232937,0.008343417116713681,0.009235542826412712,0.0029175732227195114,0.0049725583756357996,0.0022552500439715004,0.0031254419772030815,0.004569444312601263,0.005633661563866553,0.0021715695106140627,0.008401413430294269,0.0019907905207481916,0.003186153170646776
wind_and_solar_forecast - Wind Onshore_t-120min,0.0026458213585510747,0.00281727001684294,0.0034479576733574503,0.004582808778253821,0.0015309608025709167,0.00714134731417289,0.0024231692823636877,0.005320751681099864,0.005532647674775944,0.0023862401874258695,0.0033768108344465874,0.004966387447591842,0.004214068715509484,0.004014919412873951,0.0023329597060628656
ssrd_mean_j_m2_t-120min,0.014134628746975068,0.009295971310195454,0.0018965632223453212,0.014602683055360104,0.011219270659406902,0.004555538528888064,0.015630172430799574,0.015403703194271657,0.005179061719855326,0.017659591382311192,0.015884824079519605,0.0037090071155180338,0.018185846778331325,0.020843559547502083,0.0071128152840828985
ssrd_std_j_m2_t-120min,0.009380731583711168,0.011419362443790305,0.011483530034476644,0.010230636676373252,0.013514519913226707,0.00771569508297398,0.007645764092703757,0.007391707821108867,0.0067386119833354316,0.009108965277839162,0.00939395009105283,0.0025286261943797397,0.0091517106403262,0.0019517968337947594,0.007477942563557008
intraday_wind_and_solar_forecast - Wind Onshore_t-105min,0.012725306638409165,0.013508118913487124,0.002890632415039363,0.009237035791025847,0.010142744832893185,0.0032317689120427533,0.011967216643708525,0.009891602792780759,0.00884294028935983,0.010748387229374202,0.00938865229744374,0.0027679586296329717,0.009514411126481718,0.011605510372719436,0.005610756255051455
100m_wind_speed_mean_t-105min,0.0031909776509892254,0.0032749959192751705,0.004481700676300534,0.003179445430618216,0.0029819509879230282,0.004203982515990901,0.0024874696276510804,0.002280931384644646,0.0028224202121200507,0.003395645610638894,0.0022789734191158003,0.0056235268488380825,0.005110245942478287,0.006611220648635936,0.002971801254697766
10m_wind_speed_mean_t-105min,0.003876596726993739,0.005962451882315918,0.009755322024386259,0.003939668289431211,0.006199555381368555,0.01424483217168563,0.003663964647847024,0.005145285733030505,0.007713740130235323,0.0068374102490925,0.0032674700962456883,0.008386616641521414,0.0044151848100482316,0.002401357339180322,0.007283456018427387
100m_wind_speed_std_t-105min,0.0019136988016138048,0.004079838380448564,0.006319470604434173,0.0019384586446972206,0.0037007953480497234,0.0039122599887250545,0.0038690854136821146,0.006315972460257399,0.003940556776650993,0.003324831710503986,0.00441547451851875,0.005944778259688747,0.0029610544479515967,0.0037753126625439106,0.008428080011937709
10m_wind_speed_std_t-105min,0.0024544472832699286,0.002796137405009176,0.0027973167900854604,0.0026978083367959014,0.00349533213462928,0.0025826735022765205,0.0018387262808319065,0.0021131574286755495,0.002631266169431001,0.002383803397910924,0.0016433603938107808,0.003340560343574907,0.007004436438339326,0.001781800492944967,0.002972449219902046
wind_and_solar_forecast - Wind Onshore_t-105min,0.01311739738099277,0.010509492472054262,0.0030607244137281667,0.007968707590629492,0.01568830389230425,0.003308695865735672,0.012020632534709875,0.0128162209656075,0.004720645056899229,0.022630970462538244,0.016465797104399826,0.0037791916411893,0.016493576204331475,0.018027335766295435,0.003601271665516833
ssrd_mean_j_m2_t-105min,0.004821079864934291,0.01210516275757982,0.003600791865877909,0.008514003014774061,0.008074384139292306,0.003566636366354942,0.008688092859907556,0.00617580895131141,0.00224260270214927,0.0020702219832101037,0.0030870325025862256,0.0030088499496074518,0.004875713437222658,0.004132361631383901,0.004876397104801072
ssrd_std_j_m2_t-105min,0.006238668650821637,0.002075537954835454,0.0037949369627431223,0.0019511454125895398,0.003553510891391852,0.003479206098421855,0.0026729524536240204,0.002407742945355494,0.004741943502731374,0.003062692795617295,0.005132531538617968,0.0075072764451570035,0.0075776019257755255,0.007166371909559984,0.002788887157909585
intraday_wind_and_solar_forecast - Wind Onshore_t-90min,0.006256192873705004,0.005434838897670488,0.0037895715033118903,0.005952800067698263,0.004038780861838859,0.004378359690541402,0.005701681212936819,0.005404340200195292,0.003836826568264769,0.0072947330303286435,0.008152244996534136,0.002850105285985592,0.00921337078712895,0.007361058653261352,0.0037655818381863355
100m_wind_speed_mean_t-90min,0.0020585754012299733,0.0015272851534473375,0.0031649614205234685,0.002124387475432286,0.005249703149266225,0.003276892657593635,0.0028749236221333376,0.0030299075351595092,0.0030769992878131236,0.0020619116636189576,0.0029937644984022425,0.0022353264736726716,0.00245040462709585,0.002922457709119044,0.003894866010188707
10m_wind_speed_mean_t-90min,0.0024682380067069403,0.0031304668441734973,0.0028258695830329543,0.002440397645412304,0.005102316651673619,0.006255222869811405,0.002153454383069402,0.0030475502208591933,0.008414012846755213,0.002929778755531629,0.0029472811805917446,0.0034716669152403483,0.004268064863825203,0.002458873718761538,0.00599829787597264
100m_wind_speed_std_t-90min,0.004813628993816565,0.003297442603347008,0.0046827214886705805,0.0022575217138610243,0.003230602112615088,0.0029205026929957968,0.0030328474022276166,0.00456157650672958,0.004681774726660933,0.0030402152573003605,0.008106564918714866,0.004273009251224721,0.007655197115163901,0.007960167409895804,0.0017523827260692998
10m_wind_speed_std_t-90min,0.0043238623015240596,0.0029902361452332116,0.0063280276449258965,0.003742675779411101,0.0021123579551844502,0.005031296089960961,0.004321501822829305,0.004612535872311128,0.007266427233897047,0.0023147835451891295,0.002815168805241228,0.004903227928444722,0.0024198913075324526,0.003567885717662648,0.00613094908840867
wind_and_solar_forecast - Wind Onshore_t-90min,0.0033121965463778907,0.004497305954434068,0.0031257259348676596,0.0020362467270670097,0.004268994446167199,0.003223859159326821,0.002008859413547725,0.002050558753526275,0.004262418902801073,0.0024267499365300863,0.0018490224692932315,0.0053888763611448665,0.003073550038689973,0.004752377183358476,0.002448178094754439
ssrd_mean_j_m2_t-90min,0.011687850241942214,0.009974887298934391,0.010286592667780496,0.012166328676510602,0.012954887228173902,0.006269122927620629,0.011759143015544395,0.011049295142816846,0.005473074446818373,0.011426445090306459,0.011506891617907968,0.003581031200781581,0.01253206851577852,0.013525370651856064,0.0038929204608848522
ssrd_std_j_m2_t-90min,0.010038413029377807,0.008056674816834856,0.011479792052816037,0.0043837155592646015,0.005053807022661545,0.012388480980262103,0.002054653921610225,0.007233948652366962,0.005189798653853358,0.004961673240423352,0.005619683875629562,0.014431201920844615,0.012013266973895952,0.010860911153635243,0.010143086079413478
intraday_wind_and_solar_forecast - Wind Onshore_t-75min,0.008877549722790718,0.011225236297284481,0.011341896574416751,0.010744381625190726,0.0107361468605759,0.009245769785877201,0.006638786787938443,0.005095691905010881,0.008324286637008753,0.0064585528788784355,0.0020608557229920732,0.005172242710359569,0.006350723979499889,0.008415744984468574,0.007546136978990034
100m_wind_speed_mean_t-75min,0.0022971152276943484,0.004009051100738361,0.0026815014347521355,0.004968115710395608,0.003103664379697875,0.003217562138048379,0.008349492815489612,0.0026002804428546826,0.0015754135382881032,0.0026873659806296926,0.0028491365385159497,0.003054344904390291,0.002776354478096323,0.0019131233214961867,0.0021441418406520822
10m_wind_speed_mean_t-75min,0.0015870634892228281,0.004120107659059613,0.002585310658607341,0.0025007006026025918,0.003841634528049326,0.0042906254225090375,0.0021762900155372334,0.0032411988044989356,0.0014918679054625556,0.0017172262633475838,0.0052203741712583,0.0021297315772947057,0.002012278007529858,0.0018706138556162841,0.00257922995579429
100m_wind_speed_std_t-75min,0.0022346201174141527,0.0020824280688652836,0.004296430115960447,0.0014318821146762275,0.0017189547332072835,0.0026395431930091038,0.0036390038567128613,0.0017683197716000904,0.0048852963817871565,0.004067709541373915,0.0038162459724463246,0.003021099127487105,0.0034000580750052902,0.004479571869182109,0.002329727751589161
10m_wind_speed_std_t-75min,0.012748481774397078,0.010701056050675107,0.00695847368514751,0.009656059568311321,0.0095273835755861,0.008062776462787951,0.008944142512493272,0.009145348868383736,0.003942137983067369,0.004177128306186205,0.007707220520162082,0.00711985400458434,0.010637629307522729,0.007838082356941414,0.003983077425273223
wind_and_solar_forecast - Wind Onshore_t-75min,0.0038197917666311695,0.001953626215342183,0.0028132571519361134,0.003590638163221229,0.0017357846514009906,0.008476804247537075,0.001904570400329476,0.003844939735456137,0.0022715778554893403,0.0017783022430144229,0.004230879738701333,0.005861290268784614,0.0017449945346124877,0.0021342927006899118,0.003976511342590129
ssrd_mean_j_m2_t-75min,0.008558915803800119,0.009597320856002626,0.01151177970819117,0.01057141640365974,0.008715146737202303,0.0045107148271195,0.010978986391084617,0.010526037771545817,0.006176658502545252,0.00898134165826832,0.007713061744492734,0.006440645706090436,0.008009643072131438,0.003669609192129428,0.006162348483483584
ssrd_std_j_m2_t-75min,0.00842520742065244,0.00969802238612101,0.020749947000891552,0.005967280104030579,0.006385797638420627,0.02014886649575783,0.007615337628414182,0.011598966344259679,0.021559579094362562,0.005183582383462636,0.006542238859243298,0.014952620884308999,0.0028389720677969308,0.004669119942678663,0.01599388134184119
intraday_wind_and_solar_forecast - Wind Onshore_t-60min,0.0019381638144714088,0.002240804593615394,0.008567680299263884,0.0019252075505460198,0.0017012977146414413,0.004658085299714003,0.00197000458782054,0.003365719083016302,0.006559760681798252,0.002601941953912501,0.001840050653920116,0.015493997875668356,0.002350125607872542,0.0028251770000188117,0.008294473050924353
100m_wind_speed_mean_t-60min,0.0022275712511536767,0.0028415648951668118,0.0022119778148462503,0.002202675733009528,0.0016065371754812076,0.0017005661373577822,0.004359825391002232,0.002873510851307401,0.0020319564151063787,0.0058695881560161065,0.003067877951394621,0.0028939506580172745,0.0016138888255159145,0.002689670693237531,0.0019469366822595475
10m_wind_speed_mean_t-60min,0.012071277499721134,0.00747292462385667,0.006005617605562293,0.007128072425242863,0.008156598414425389,0.0044784202497576186,0.006960096112726205,0.006775705993051815,0.010453728450294818,0.012889291477262305,0.008677275584312156,0.007332705789260217,0.008957527574446431,0.008598593537899433,0.006484925559714611
100m_wind_speed_std_t-60min,0.004676444891021674,0.003312659243309099,0.002792922847971113,0.003415711986282986,0.003325905876671072,0.0022552881840463214,0.0021903620661925345,0.005047742457099958,0.0020877509736301363,0.0032012479531430245,0.0031339709149488045,0.0024677269363892265,0.00496030998209028,0.005152965397726803,0.003800988765424336
10m_wind_speed_std_t-60min,0.003731221924074589,0.0023404819321235664,0.008920607026979268,0.007306122442299966,0.001675677247965723,0.01291245652480211,0.004443626872252935,0.006712737852038117,0.011753725823251444,0.0066553275043995655,0.00366198729509415,0.008919642512548308,0.001491686148313761,0.005534654639464861,0.012012810319734854
wind_and_solar_forecast - Wind Onshore_t-60min,0.006445692578163289,0.0069872050311842035,0.00716216238854031,0.00653373047365676,0.00973428185821831,0.006383775225174759,0.007023499032226027,0.009803279766365448,0.005853206327774387,0.008344221962048324,0.010581587891312666,0.00531398011250667,0.010104013392249953,0.006752483020114596,0.0052015473296605705
ssrd_mean_j_m2_t-60min,0.004204517139316522,0.004131604707217775,0.0028035156633513907,0.005678482608462218,0.011987727566825925,0.0029487457942213953,0.010642795914747694,0.015480555257963715,0.002492743349010425,0.017550304090138524,0.011346268146349757,0.0020122879301125067,0.014853189376357477,0.018920677541114855,0.002416368544112629
ssrd_std_j_m2_t-60min,0.004307435222899585,0.008037596710779894,0.003795729904592008,0.004642326099638012,0.007160230913634223,0.0042869481312982315,0.009692009361839156,0.006629016754373879,0.0033711566406163913,0.006530707958401763,0.006630871277187907,0.005031656796752941,0.010306782518578984,0.005930172433574626,0.008486118373028147
intraday_wind_and_solar_forecast - Wind Onshore_t-45min,0.012251074364237866,0.012184288244580671,0.006668589684599283,0.014143478572088497,0.013916217289759515,0.012116632650368955,0.01637896397174336,0.01499562911875546,0.012472622445740853,0.021524456213373924,0.015652122835097544,0.009619324904891983,0.02279439422177529,0.022586880468516028,0.009402072674434749
100m_wind_speed_mean_t-45min,0.006687826137927231,0.0019352537469185336,0.0025788156855969645,0.0022345093808115737,0.0017333579289611975,0.002447789780790117,0.0022500267954628727,0.0024423060449325932,0.0023387686702067184,0.005509740300652993,0.0038756589939002877,0.0032575154369642407,0.0021381671518029177,0.003105080163826642,0.0021479120762433013
10m_wind_speed_mean_t-45min,0.013244192763778756,0.015785293185035697,0.019060263285820837,0.012604959615081042,0.015102542824723059,0.012676703937511774,0.014415180416759085,0.01397015786144766,0.018719744641799478,0.013012209346254166,0.015884705964970634,0.015767944481514858,0.015044790731495596,0.018977959928044585,0.014652993873714876
100m_wind_speed_std_t-45min,0.008067336178219192,0.007401201207205304,0.010568924615781725,0.0033734507516867324,0.0040023801215938876,0.006642599286118639,0.002254572353524054,0.002206485031204011,0.009130837118565978,0.0016781830945051296,0.002813798910872663,0.00451794345880262,0.0020486840130547533,0.001836054746997661,0.006116588869699627
10m_wind_speed_std_t-45min,0.003535948373069914,0.006100853171597919,0.006438858247134704,0.002865705454631097,0.0023679066112563306,0.007585720534154916,0.0023043043884113106,0.0024511436659847732,0.010154860607253796,0.002487435004597501,0.0023692207585563666,0.005154887757604229,0.0022756622692249946,0.0027052321818836164,0.011591854867365328
wind_and_solar_forecast - Wind Onshore_t-45min,0.007487230287531389,0.002472272757525843,0.005962347373442071,0.003944889881156996,0.005782548420746025,0.002030291976123408,0.0076951015181948605,0.005896979427237966,0.004966657603497879,0.004049253257799137,0.004703574142171419,0.0032671921893852414,0.006103839691524626,0.00509175558445645,0.00441804326764759
ssrd_mean_j_m2_t-45min,0.022769347605790243,0.026695993594708853,0.014980045717267786,0.021967502069368493,0.02412157776287495,0.015292580510606057,0.022253296807801234,0.023629542601993306,0.014994831998134032,0.02414354962071229,0.029542555034684483,0.014342933870473643,0.024107946715783327,0.022628597814687963,0.01001368791690038
ssrd_std_j_m2_t-45min,0.0069812161887566615,0.004462403997536967,0.006060384747137505,0.007224138976512904,0.004576540566245967,0.0024315236372913205,0.0036009697215122287,0.0032730363558071077,0.00509876145524322,0.003320349467311644,0.0027573315482723047,0.003362749139114385,0.0038165907617960784,0.0031742030009663724,0.007737732617213624
intraday_wind_and_solar_forecast - Wind Onshore_t-30min,0.002479794093497276,0.003041403272478874,0.006359248619128266,0.002348001484398992,0.0037697113473550417,0.003174621715785179,0.0030390932940263155,0.0033437019493176194,0.003237877781968564,0.0031069800294144445,0.002984051073174669,0.005460470165005063,0.0033628393694675653,0.0031721401180989234,0.004892245799495868
100m_wind_speed_mean_t-30min,0.0054823430392521005,0.0065583437448513,0.0018961640217687544,0.005228463260245917,0.006343481118451109,0.003346055208209691,0.0033798012024199124,0.001962506409960042,0.0025418975936936476,0.004648177826837127,0.0032027709222820703,0.005098886068210049,0.0046771822565560795,0.0029857704006099085,0.0026031234752517778
10m_wind_speed_mean_t-30min,0.012778136864048065,0.013191158066882053,0.01884461767761968,0.014642976792563786,0.019039496420751676,0.01894788249109115,0.01632691370761677,0.017120418461630833,0.01190914822006016,0.01728420047117834,0.01607613969870363,0.01484715859152493,0.013254037937833345,0.010680127847270342,0.00939689660719887
100m_wind_speed_std_t-30min,0.0025190314677115567,0.003754480942414375,0.001959272710960249,0.0020003986001402153,0.001994563436864496,0.0040391098806358055,0.005454318991491164,0.0035235879393239883,0.0031359917784620846,0.0032414552721411385,0.005114656678933897,0.004595982866562736,0.0027200709520857342,0.00498260328320066,0.006322989031157703
10m_wind_speed_std_t-30min,0.00542604079341254,0.0028186366874069792,0.0036046477585859977,0.0021246976793863723,0.002838374129645672,0.004046183334139641,0.0024647280355166003,0.004555777452653274,0.006138247985443741,0.0063916678107816555,0.008600606749474536,0.010966613305965439,0.00945173675331307,0.01168187016162119,0.01178465890129155
wind_and_solar_forecast - Wind Onshore_t-30min,0.010148402674538374,0.009241484854355804,0.018580136423468504,0.010351971358333685,0.005073196588324208,0.014194969264221072,0.009757515054760007,0.007359060551829316,0.015331289067559737,0.00965715595270558,0.005871315834987399,0.012519614903438196,0.00509383899675413,0.006844497416239847,0.013348442248774519
ssrd_mean_j_m2_t-30min,0.0028726911481285243,0.0023007627674181334,0.002785968170281649,0.009092071569582912,0.008664782815794752,0.002432982135474276,0.0073062842016879586,0.004278248807349882,0.0015635581124704458,0.009153271592294189,0.008446498991310364,0.0027441676648377327,0.013869215241109487,0.0089015415550366,0.008445681430457626
ssrd_std_j_m2_t-30min,0.014827871229394078,0.01020314139531547,0.0034351793152872004,0.011532951463039353,0.01694268243409442,0.0025504187422720863,0.015589102850805375,0.018302141347478026,0.003180407394613212,0.012248853221186436,0.011480919100577011,0.0032288365741965207,0.009341606759284332,0.008052516314438435,0.003322884904572675
intraday_wind_and_solar_forecast - Wind Onshore_t-15min,0.005606224047653541,0.006863372871259344,0.0038379011648012238,0.010796473723687087,0.006502677412245248,0.0025428068552701007,0.0076297628199918106,0.006571197609660885,0.005161175512831505,0.004320947383366729,0.0024883936637688747,0.0030170566968490673,0.005805575098603185,0.002882219472915949,0.004696583220031243
100m_wind_speed_mean_t-15min,0.011911089112003538,0.009383733896302147,0.003177540174265232,0.006101282377050438,0.008880805932625663,0.0036741979060388986,0.005345301459041366,0.005451120679219457,0.0034856083615959505,0.009370663816982415,0.0051206377119524405,0.004326356604076864,0.006145877757144262,0.004176385831233347,0.007356242332694819
10m_wind_speed_mean_t-15min,0.004842261676723865,0.006420637459610134,0.017699853463607723,0.006504061472187459,0.00822159501700662,0.016178152113832767,0.006421126346332131,0.008193605946617026,0.01605642574207741,0.008268555638747784,0.006962279028201465,0.014008782769247772,0.011700632762425812,0.008700107278025825,0.013833784053153067
100m_wind_speed_std_t-15min,0.0037324450596215686,0.004200252825097777,0.005025294292752733,0.003795677029545914,0.006764696219899634,0.005325744148655758,0.0051294041741402905,0.008279630408831508,0.0023783579170922166,0.008357248556990271,0.0055494263203727315,0.005365124118011181,0.0021794476910575256,0.00911147134956991,0.0023889220454766475
10m_wind_speed_std_t-15min,0.007608725431553467,0.006551602812157853,0.0027784841292889267,0.009786173208571199,0.0077214226383148345,0.0018548831571786764,0.009090372294082045,0.00935387959563559,0.005395413537622517,0.011493948158618877,0.007171032605145228,0.0052506639431376245,0.00967636666753242,0.009378281470528237,0.00417604753656633
wind_and_solar_forecast - Wind Onshore_t-15min,0.006580203367876493,0.01047748242282978,0.009088536200695671,0.010468924041500032,0.006648958471756486,0.012676152916246792,0.009682664842623126,0.008101013130184583,0.016072782011637175,0.01006618465205247,0.010569426253114215,0.015253880341275363,0.00936926168147329,0.011827489213575064,0.011817549082605183
ssrd_mean_j_m2_t-15min,0.013638011149450903,0.009572508750607086,0.00921187221744185,0.014521395230585767,0.014422515443715382,0.01031651916577539,0.0226054002532037,0.024818551741005394,0.016672603418937795,0.02062248930026999,0.025074089019126403,0.011782519709013286,0.025266992457734887,0.024360641012433917,0.013597752954847237
ssrd_std_j_m2_t-15min,0.008656561426907274,0.005159043753970764,0.003662881009075136,0.002412288337940481,0.007550718066646369,0.00639896007225434,0.006337720363369954,0.003281765576772159,0.002730140280098567,0.0044963157682104795,0.005112337182088595,0.005822804999112122,0.003726733775130697,0.0036124550340864516,0.005880512723932043
load_forecast - Forecasted Load_t-150min,0.011787518875989918,0.014368910322678858,0.01495220627746312,0.011465359244733919,0.015073715470368143,0.015387219936572365,0.011865221714415383,0.009264227449686586,0.012681850809982279,0.012353132546541018,0.010934904069232289,0.01535587273639976,0.008584379361302127,0.0096043390633331,0.015144079617835813
generation_forecast - value_t-150min,0.004987058660170987,0.008916131691974442,0.015949738126102602,0.004683750194017193,0.0037927426044275306,0.013526646483776859,0.003654702551351875,0.0048540328380749995,0.010647683166432217,0.0035013584641310443,0.004395826330288401,0.011507021439014352,0.004166473521966281,0.003274681411630354,0.007871860055063734
load_forecast - Forecasted Load_t-135min,0.0031033578141532415,0.0028635317446949102,0.007890795365485247,0.005806775257482514,0.005364908123092391,0.012020508390378382,0.004226040500216186,0.008354938731325092,0.009484312833403237,0.004841996392441615,0.004345907697870644,0.006360201191930173,0.004814925308498004,0.0037551940238447516,0.004681390326331439
generation_forecast - value_t-135min,0.002604876811433314,0.0025473447467084043,0.006046713067953533,0.002663955852163781,0.0032180394861898096,0.01027819897630252,0.003550686709180809,0.002916867265820656,0.006539775088429451,0.006833368234911177,0.0037799439315676863,0.006900947784017262,0.0028242607777783633,0.0023578365154990023,0.012400311601486464
load_forecast - Forecasted Load_t-120min,0.0021560990246198342,0.0033056970450343216,0.0032931959266670674,0.003937671348296135,0.00630038215303648,0.0029795251651776196,0.0035616986084951348,0.002878064894781801,0.0025408832422094746,0.0036526499400206377,0.003749030715583103,0.003541868534828609,0.006925010276617286,0.007636935009248191,0.0038726634398954045
generation_forecast - value_t-120min,0.004834528992385458,0.007137464349949369,0.007863046172271425,0.0077942432721611115,0.004665087433854978,0.011780444136093138,0.006520252605235782,0.006239456586166853,0.015487138501458502,0.0063524262442851975,0.004608070732894703,0.016653438544657548,0.006469347771308094,0.004728163555788342,0.016018586596230306
load_forecast - Forecasted Load_t-105min,0.006669688245845464,0.006580658945885261,0.0036873534185579045,0.006679118720407132,0.011043340184893167,0.0031255841026244296,0.006390105777347344,0.005873353382470668,0.007196841447689621,0.008879597427222507,0.007557700818867488,0.0042470223269237975,0.008134839976601143,0.0033667430228351805,0.004278217276402529
generation_forecast - value_t-105min,0.005321072194750741,0.0033238672583247534,0.007118943920868332,0.0028450010685446615,0.004839147168746422,0.0037852711226432803,0.0037833975439179996,0.006940580242931901,0.006384274030540837,0.007292881746425337,0.006374376180870059,0.008928341236751293,0.004988418259149057,0.007302904150226823,0.0072868213969577485
load_forecast - Forecasted Load_t-90min,0.010384882738784655,0.011982021958974656,0.0027940669662539224,0.0076472167039828495,0.00879299571654701,0.004740971867824555,0.012318050912981562,0.010152498332739924,0.0033716724767755297,0.009863579875876894,0.011697311364059715,0.0028180561342269358,0.005377661063133928,0.009075102244787558,0.003619338758279355
generation_forecast - value_t-90min,0.005138067918713205,0.007686910730846648,0.008832491949549876,0.0029418842770649006,0.00217234005953469,0.0032116442867262548,0.0027517122567078333,0.0027517023427990352,0.0026827464522780247,0.0023870191222763425,0.002980772539962345,0.0027673297791570802,0.00457628898186158,0.003762647495317651,0.005052878367168887
load_forecast - Forecasted Load_t-75min,0.002741498385090381,0.0023623825032736932,0.008702987200209464,0.007743576325650792,0.006659506982379753,0.014256930024683243,0.005748571502554114,0.0030381175597867694,0.011091756093012464,0.0026951388674676196,0.0018630438377131213,0.010405795095984103,0.007624593290012854,0.002359373760285962,0.01027962041698629
generation_forecast - value_t-75min,0.01228224032446451,0.01510741424626758,0.004164663975578037,0.009742516045032972,0.0114073519076087,0.004940280312645882,0.008970533861640434,0.004247495365874784,0.009910071369688012,0.00621066326837456,0.0019633361887536013,0.004990392020956278,0.011109843797807117,0.0040264012170564455,0.014168787301481644
load_forecast - Forecasted Load_t-60min,0.017047816878854063,0.014174004637185135,0.003259742909585839,0.013994493806047103,0.009381389286214471,0.003439111202435015,0.009949218473411747,0.017193194719700843,0.004526266202137776,0.013309970855758366,0.010270678112712631,0.004353556046147787,0.009489277233858957,0.010737314935031463,0.0027761990597327895
generation_forecast - value_t-60min,0.00713715719657921,0.007708153480969486,0.004930076018757973,0.006733034090029832,0.004300929621909745,0.006504352390038548,0.00986505169683369,0.004439760990408104,0.005972975994183798,0.006250688850012011,0.004943441776442342,0.006010133176168893,0.005635852738188987,0.011977886435604887,0.005433160316913018
load_forecast - Forecasted Load_t-45min,0.014979406541155186,0.013508429845081991,0.01004201527109217,0.013858576581827946,0.024210294584510166,0.010909665463717829,0.01589013214732404,0.02234860129220033,0.009779465522167812,0.021827560293953864,0.022891126366957906,0.009652598218490311,0.020676157193061952,0.022101908030752383,0.007922199001034642
generation_forecast - value_t-45min,0.008521306307127247,0.011051626113188832,0.01512556042218057,0.014624548054503975,0.01269316729903403,0.014329943164162614,0.010039957167715328,0.010317494898561564,0.009126738154232953,0.006529759840280348,0.009755097068520171,0.017143562093962828,0.005987861109882943,0.007942813224741259,0.01900952782490822
load_forecast - Forecasted Load_t-30min,0.029758545253193006,0.0321719290430774,0.01289038775418885,0.02371857050222752,0.030768322808035008,0.015770074903370186,0.02906334083942056,0.02855755442130612,0.011435066068763263,0.03148109379885136,0.029688082929147642,0.013612021027969604,0.03063573352151434,0.03411533339438028,0.007253868004634569
generation_forecast - value_t-30min,0.01660386508877855,0.011742584555206121,0.0045973147025433715,0.01317497732382617,0.015295391571696883,0.003372423430530034,0.012842539072644286,0.009562172192680919,0.0036387663324403546,0.010226790786826314,0.01472496563727873,0.0036808490128428274,0.010796603873768618,0.016837781599861046,0.0052830493630717686
load_forecast - Forecasted Load_t-15min,0.021498467407058342,0.025949960901431042,0.0054561696474715975,0.02001226906690863,0.021976061076940823,0.005461999130970071,0.02510209161497187,0.019558349380182336,0.012879159900408013,0.022750806019113952,0.024727376553812064,0.007439585609892674,0.020910455976400046,0.02841656258754665,0.006618408370322868
generation_forecast - value_t-15min,0.01679070775775472,0.01116198748752504,0.004432504784545017,0.016129030317155412,0.015788131076162244,0.004029952666004647,0.016450512796403926,0.013001179272854643,0.0024938086432821365,0.01465189060321427,0.015581086285528727,0.003758434063149707,0.01636134864800988,0.013115761665481842,0.006728397697650507
generation_import - Generation - Fossil Coal-derived gas_t-150min,0.005314534852439465,0.006097363840204708,0.004050829061842932,0.005088362228147162,0.0081414807918718,0.006899686078319064,0.007690958747321929,0.007498748758578586,0.005933909657208915,0.00944982527353568,0.008790677670418518,0.004228901176720683,0.006213314068183535,0.005252673143040738,0.003763076778363029
generation_import - Generation - Hydro Water Reservoir_t-150min,0.00226793914478003,0.0036834326441094163,0.0035403919724894877,0.0017690453522036479,0.0023031388591703036,0.0037527792729670183,0.0017689018195487733,0.0025327583473826964,0.005124554379101027,0.0028727374027221232,0.002103937820375677,0.0029306486194873287,0.0025734839943734188,0.0024123876125563583,0.0039031620098548955
generation_import - Generation - Hydro Pumped Storage_t-150min,0.01700663633394288,0.01720782679140757,0.008001910022721858,0.015347829627666669,0.018100533152701246,0.00427752588806743,0.010293047450515586,0.012636488741194626,0.0037281869029402513,0.0076125086736810775,0.0038038631321669525,0.003140016201290052,0.005701295581573504,0.0035299301069608192,0.00457128100712498
generation_import - Import - DE_LU_t-150min,0.002884678359094778,0.006193997116418132,0.004454596264450629,0.004012875847804309,0.003890385800665172,0.00511063373811885,0.0045736071187893685,0.003549041466284507,0.0030804321046889525,0.003597416793441198,0.002936596277737408,0.0027014439177562508,0.007136488086496684,0.004012189569875773,0.008987614005185605
temperature_mean_celsius_t-150min,0.005405803660145466,0.006032068980783833,0.009714755056993454,0.00442512279893731,0.006516759205667768,0.008253751761201784,0.005519311482916237,0.004046558628946513,0.007937328999922102,0.003809379188298408,0.005146241159142847,0.006784427121318003,0.006199330176211106,0.007744881472946872,0.005297882317581753
generation_import - Generation - Hydro Run-of-river and poundage_t-150min,0.007071569539886696,0.006647711042763149,0.01063492510105425,0.003698103983231704,0.0049870005649208906,0.0076114031000433895,0.006581699656632281,0.006054888601691346,0.003015881005223491,0.00752120775630101,0.010517804138064094,0.005063583604467567,0.0035738329951709603,0.006485457266673621,0.006261332805579513
generation_import - Import - SK_t-150min,0.0037938759341559487,0.004534069591683874,0.002333741766748972,0.003900449443404796,0.00450544727963279,0.0018823666091439008,0.0048734907520993145,0.0023679952519021297,0.0010032419604035568,0.0030442037629982224,0.0024094045478432234,0.0025949098404234976,0.0013037955999816405,0.002383260890121164,0.0024334934272883402
generation_import - Import - LT_t-150min,0.0018199003145653024,0.0016628207403314263,0.0026664029942021442,0.0015585912762026055,0.0021031000477778434,0.002751244079223852,0.0013303745469538627,0.001461840626832668,0.0021418172785579374,0.0016223791451725163,0.002296198720425309,0.0019229296368939686,0.0014161204297435006,0.0017152516844483898,0.001743436597321761
temperature_std_celsius_t-150min,0.013312162599284647,0.010405592700350099,0.0046604372148740655,0.011974070306667273,0.01301718324245303,0.0038668392783010857,0.012631844180941699,0.011281998825787013,0.0037824843258658803,0.014510968548431265,0.009398116616866901,0.0038638736309321757,0.01139905095929862,0.011495740089740138,0.003022248842913541
import - UA_t-150min,0.008708463441151252,0.01180939672652312,0.0031449021182725118,0.0038162640007431037,0.005785276735718071,0.003051261808162053,0.0034927037039506103,0.0015466271227860488,0.0027535878884100383,0.00206097892590833,0.00258715018111252,0.0026132003230759436,0.0029828342908263038,0.0017808159838023129,0.002855549545654412
import - DE_LU_t-150min,0.0036369478912201885,0.003181047099606985,0.005359192748769829,0.004634880143232294,0.0058744969960907835,0.003737579733962775,0.009269682521913637,0.009882843029619835,0.006884076055477635,0.00851308639816125,0.010878395043560887,0.005033957379090452,0.011225475282946719,0.01189956731015991,0.008922038609744049
import - sum_t-150min,0.004964066956632451,0.0031014742709307938,0.008420214631969429,0.0023186555101392513,0.002682449250292848,0.007818531732693373,0.002940834447033467,0.004114032486463202,0.01035735010618373,0.006585201624526235,0.00232234760549909,0.00647841468511615,0.002033584437617037,0.0036601141458038455,0.0037549738957709453
generation_import - Import - UA_t-150min,0.006872410831711022,0.007236544987565139,0.003946140973818729,0.010892834377969849,0.009621374210779323,0.002406131515694142,0.013430291178941843,0.013299363245809218,0.0021043538303811148,0.012626522937673143,0.010817942180899081,0.0023535953001410236,0.012115628535713768,0.01565307744151505,0.0018066077440182084
generation_import - Import - sum_t-150min,0.008203850080244593,0.010162927867579129,0.003436824654272641,0.008991187659368734,0.003856801756375717,0.005759030911158334,0.00481811571443859,0.005877758363030807,0.005529183716695116,0.009049034154042146,0.007546374927594798,0.0035753785811630224,0.012459983869564895,0.005524789189657895,0.0028427339320824105
import - SK_t-150min,0.0019448313616092605,0.004246025436092168,0.0010141564062723773,0.002998563215977015,0.00200275754143513,0.0021264340173838716,0.0023994155029959073,0.001413028913584867,0.0015439619588258893,0.002080640083331673,0.0009408250683920869,0.0028657579975770206,0.0013116482506229659,0.002293316613700881,0.003386308489136354
generation_import - Import - SE_4_t-150min,0.005635293742236172,0.005564697273570346,0.00771455870394675,0.006966092267772183,0.0029539352478586806,0.00610186070212535,0.0020613063428572788,0.0036818063991543113,0.008914430014543541,0.003455793143097253,0.004133502112672431,0.002048046881209302,0.007728756442309532,0.006626907391473651,0.004941193158212627
generation_import - Generation - Fossil Hard coal_t-150min,0.009088740096784021,0.005422886968074635,0.0048601967071736,0.009114702617691364,0.007322240155862346,0.0072873804895716605,0.00914145474155157,0.010018234583814773,0.008450114133742317,0.020073057885514573,0.013892685839982733,0.011799376157585357,0.010414561551326187,0.018342187800554712,0.009806313011091333
generation_import - Generation - Fossil Gas_t-150min,0.01640787786581859,0.025336989054398146,0.01466033092213911,0.02337375285093094,0.01829490609910681,0.018349289028519705,0.01965880497786566,0.02228176138782874,0.012217910015358938,0.024019214757718146,0.02440915913575918,0.014273785046525518,0.027630975940890493,0.024569705649992103,0.012827603928267081
generation_import - Generation - Fossil Oil_t-150min,0.006077686423183877,0.0041129164110225245,0.0028326781236492024,0.005651524250098191,0.005347842526585737,0.0029867070597529165,0.007810708406464983,0.0037524559598423367,0.0076239316758728816,0.006279557411093265,0.009472243268799502,0.0030076320723310345,0.008203126463624357,0.011397605391597608,0.0033016005466452044
generation_import - Generation - Fossil Brown coal/Lignite_t-150min,0.02487249794791569,0.025939730235215393,0.019223167817501236,0.0207864043864829,0.023425371578865452,0.018516950315402937,0.020583530930016424,0.02386980318039423,0.01510069179016864,0.023710733355226693,0.020422894226940116,0.016451341489904736,0.023816745423871907,0.017803712273191195,0.012146317162631022
generation_import - Import - CZ_t-150min,0.001881332723510809,0.0013477578252704917,0.004246823452051103,0.0017094730411108686,0.003977776456042193,0.0036757931640959214,0.0017377782219682558,0.0048716786640434296,0.00228483882997466,0.001267740148389521,0.0038188705376232973,0.004100124189339112,0.003916203135701835,0.004693478136730846,0.005080714063311461
generation_import - Generation - Wind Onshore_t-150min,0.002033175714553181,0.002325980704084941,0.014439665079109546,0.00215789501026336,0.0020250599770329247,0.01514816858895938,0.003511589701702178,0.0043192656380347215,0.012786947362706996,0.001266407364085353,0.0065752711397344685,0.014293372890118916,0.0028298384234149124,0.0050473632483783604,0.010947066019959949
import - CZ_t-150min,0.010910530379740522,0.008150321369874291,0.0047665079930739014,0.006621645321052988,0.01005452778446488,0.00718890049206675,0.009352325750514865,0.006310480328742415,0.007979271748350584,0.007673014269326813,0.01010470749041997,0.00509633772206189,0.012012031031074002,0.011809854284860194,0.009846513376571237
load - Actual Load_t-150min,0.015747707586111572,0.012876480984588852,0.00464259333213704,0.023245134774692134,0.019872003015247174,0.003772942525221879,0.023605934240280475,0.02153174265628877,0.002373580586297521,0.02399938429510803,0.025165412183720037,0.002013136547071554,0.02468693993971101,0.02261571608037775,0.0067675323103940175
generation_import - Generation - Biomass_t-150min,0.005033380226579539,0.006418625499067275,0.003281675930315032,0.0029742615381669565,0.0021394456801567684,0.004319154540184172,0.0029709820100042635,0.0031811100211298253,0.0027018596611760584,0.002801150747198335,0.002584456979463084,0.0032735256922751432,0.006683888745429158,0.003482100181045098,0.003356950926798163
generation_import - Generation - Fossil Coal-derived gas_t-135min,0.00574769057508729,0.008168149532382813,0.01026743114725332,0.005862741079270108,0.005099873298748492,0.012906322151306085,0.004910855900219758,0.005144958565862908,0.004449757068878171,0.0074048027086955695,0.0053271462003314125,0.003848965977672833,0.006795237841557536,0.005594807581037458,0.0037231724135672268
generation_import - Generation - Hydro Water Reservoir_t-135min,0.004237560988277437,0.0034187199335824515,0.004945581172717482,0.0049556720308801235,0.006332633302045906,0.0038436737093629743,0.006019200997540679,0.004413338843850397,0.0054852086996415896,0.005302839498026515,0.005463011943646052,0.005949200104183546,0.005107566194150422,0.005276553363351923,0.009286309423609055
generation_import - Generation - Hydro Pumped Storage_t-135min,0.011739278345969068,0.011826061759493314,0.00596101197106691,0.01866994145544595,0.013403242227694135,0.008103502132078574,0.01742202447541058,0.021632572577989777,0.010406967601265932,0.011639305201708338,0.014736210567793022,0.009177428652394156,0.00467179721561854,0.006636453177718067,0.0054601232166605765
generation_import - Import - DE_LU_t-135min,0.0021599717978942863,0.002636577608102016,0.005591861885819526,0.003995041595211433,0.006405035126976145,0.00393744055622642,0.003919082733859796,0.0038980888690675784,0.0020690165099022124,0.0042632470861026376,0.004323570026815105,0.003948635473709146,0.003910023200559181,0.0048200086504293724,0.002645531677439976
temperature_mean_celsius_t-135min,0.007089617249828734,0.006576034741156036,0.004170172785587056,0.005093890923567415,0.004084700120652996,0.003062492833043507,0.004687585125491751,0.0023835135253066253,0.00264978965051796,0.0035835472779526755,0.004085188923472743,0.0038776390226676655,0.0022940549316390387,0.004160309006245896,0.002860976286110599
generation_import - Generation - Hydro Run-of-river and poundage_t-135min,0.003515944828162901,0.003305433806608562,0.0038110504461583332,0.002612396781794814,0.0027376618237854016,0.0030103612501798127,0.0029448561787285142,0.002330625464403056,0.0020036902360334352,0.0033857441541422302,0.0027637992479667447,0.003431506529203034,0.0022151940392086543,0.0022694427906681087,0.0029777182164771147
generation_import - Import - SK_t-135min,0.0013075280622169886,0.0011518100432949723,0.0009856590621427587,0.0017376225178213928,0.0011773349064204694,0.0014857102243004193,0.0011234584203142503,0.0023804418582967627,0.0011110959323859788,0.001028941627621407,0.001236807848731587,0.001627255505541143,0.0015667040965663547,0.001096282531492207,0.0016719582518417155
generation_import - Import - LT_t-135min,0.005747055442014244,0.005758874483984073,0.0016979150191123154,0.0027487306444818386,0.0042355916659944344,0.0011899396566309407,0.0037718623674672927,0.002393393091313101,0.0012636332345882693,0.004682407197997236,0.004599698353908025,0.0020298198033883636,0.0026434599200465527,0.005986815145937726,0.0022564858904074755
temperature_std_celsius_t-135min,0.004449117599350757,0.003114569706966677,0.0023283423079660678,0.004290367316649281,0.0038189798745506777,0.004623522653472719,0.00672753088201489,0.006327489813018474,0.005025296798574345,0.005651041397270092,0.006759569840422045,0.004533836430802694,0.013835407204236162,0.011337508559823618,0.007341319801809732
import - UA_t-135min,0.005898756853701343,0.0031124502576785743,0.0026146256426181937,0.00369412138007101,0.0028546318347562193,0.0019281609049867257,0.0018395655849126342,0.0028391881085408385,0.005024770290678134,0.002998740711778737,0.003613779419931234,0.006303265893588104,0.004758178015960766,0.0034417915559579342,0.00712931625903002
import - DE_LU_t-135min,0.003231200421405447,0.0027986722138739423,0.0036875718300834704,0.002243225993311171,0.002563022198782164,0.0028935750577629735,0.0027909323369549382,0.0027663488520730086,0.0024798436432847664,0.0028256238708894016,0.004113099004135166,0.006626965703020687,0.0029020298463501605,0.004257404295100969,0.0026712459539194244
import - sum_t-135min,0.010644793017796474,0.014522483811044366,0.004065698313122539,0.011425972835776748,0.014403791899982026,0.0037554915099863137,0.012831725551848649,0.0070098656790542006,0.0038834184296501918,0.007638892186358134,0.011763560809224145,0.002868580387307702,0.01467714696719122,0.009088557014387334,0.003112564485367329
generation_import - Import - UA_t-135min,0.006639939308981411,0.0064771901271979005,0.0026202340278723567,0.0052059095790536955,0.005127747923936113,0.003447625987525683,0.0031840185614928486,0.0025733764957458333,0.005250945972842146,0.004328786117950585,0.0022236347725647647,0.0038567373393416345,0.0025799719992635347,0.0033761851055041916,0.004559454844595166
generation_import - Import - sum_t-135min,0.007429748067403125,0.003802199801762981,0.0024525743096046426,0.008711958871601382,0.007939818302509593,0.0027832513663333886,0.008275775276149944,0.004641326509641658,0.002290900412979056,0.009365279905978241,0.0033262297780229347,0.0022728132086551793,0.005760324700684578,0.006558341399730125,0.005839093683629472
import - SK_t-135min,0.002344340087935052,0.0027270019515708553,0.0016998956783054809,0.0027423668821083993,0.0018437814691897073,0.001504575080478844,0.0012723633787327345,0.0015415095508098488,0.0022350512183256796,0.0024349684354549195,0.0011074490031596723,0.0020906419931579876,0.0009401100517743544,0.003303696586532169,0.0013308417801360974
generation_import - Import - SE_4_t-135min,0.0026250333795942425,0.00372878161130393,0.0035809915568790983,0.002522194402919922,0.004523217449084768,0.002132048490067973,0.0022810941701518457,0.003158382739085937,0.0022356984060752437,0.002970678761020281,0.002365001468511764,0.002842046416737503,0.0029235332977882536,0.0025010459981951953,0.0040687646208461955
generation_import - Generation - Fossil Hard coal_t-135min,0.008289699663531791,0.010810720015166794,0.01905152213328256,0.006330140811824095,0.00786468987185799,0.014009201528293488,0.010499518201359024,0.015104115438085272,0.011046612493766587,0.011507163576345193,0.01353960841523076,0.01411936564273492,0.014021404088518466,0.01067327148295908,0.012583757424959914
generation_import - Generation - Fossil Gas_t-135min,0.019772898733739566,0.013569341747897852,0.003224274841557417,0.017693472591694445,0.014384925117752573,0.004323452825558889,0.022589974943039125,0.023447175752979093,0.004717292919471219,0.023374022298463387,0.023195466833014506,0.0060330509743871516,0.02054670301107399,0.02200640772403858,0.004538761953373978
generation_import - Generation - Fossil Oil_t-135min,0.0031534676409391976,0.005833500511349485,0.004941678240305919,0.005927185972299413,0.01010536305012647,0.006691437210120057,0.004151696819528297,0.005101953637589759,0.005086540911431257,0.011906039343040901,0.007874636701602867,0.005943091700375589,0.012166241447093853,0.008050940662938957,0.004912509839959967
generation_import - Generation - Fossil Brown coal/Lignite_t-135min,0.00856734901916525,0.007520535341711366,0.006368476668185395,0.012615463836276377,0.013151319561908167,0.00649363140814603,0.01592765697231516,0.014500636582878541,0.010792897833574898,0.014829874903211021,0.018607248413528964,0.00875412438544663,0.016002480062687938,0.02137844103349198,0.00808746961781435
generation_import - Import - CZ_t-135min,0.002556350196058702,0.0020732511592459557,0.003946150740853909,0.0036801304848377184,0.0024042760718248246,0.0027808973941037037,0.0028593504742093503,0.0018777849046630309,0.002666433603846599,0.002221251788945665,0.0026730460156504706,0.003326661719845532,0.002670130950275052,0.005241470954337274,0.0016255089207365928
generation_import - Generation - Wind Onshore_t-135min,0.006470528966327038,0.0053981982324646655,0.001846762352191945,0.005130941755826825,0.004746052258520649,0.002512562148636221,0.0035807897674567358,0.0057088702110650045,0.0025305468357228163,0.0045541153863673575,0.0032942063052323646,0.003277781936680185,0.003360880524323875,0.003717839435757924,0.004892592000367358
import - CZ_t-135min,0.0029019466304780507,0.001615687417829804,0.006301570263766734,0.0017318676548222526,0.001774615790068207,0.004161320782619555,0.0016655793160462054,0.0017139777990655602,0.004440681116411724,0.001586650306237061,0.0017517669621402092,0.0034983531096713706,0.0015708469540422812,0.0018466594922620062,0.004139835151589068
load - Actual Load_t-135min,0.010912484795946966,0.012657980663025228,0.02015977891616285,0.008856899311678717,0.012119533493229027,0.023666481973305054,0.009010870223559323,0.01105939636410767,0.021100540324288885,0.011097186218350544,0.012057280716340756,0.017228173471862306,0.005094529753827373,0.007378695128889376,0.019006075267796404
generation_import - Generation - Biomass_t-135min,0.014539531635100501,0.014980151199022657,0.003974250772324012,0.01134518050539839,0.008703628338043928,0.0030839055481737885,0.00963711572300599,0.01072176152798761,0.0032069940583678543,0.010344580636301543,0.007368080233806722,0.005868034472034197,0.008416043454530155,0.005222038183108452,0.003405592383815019
generation_import - Generation - Fossil Coal-derived gas_t-120min,0.012854060670244508,0.010158323239280434,0.005270940765072737,0.008786380104931595,0.0055293746399511295,0.007930257032034206,0.006415575548428023,0.008694455687058508,0.007961658013307896,0.010323495411344084,0.009352418868931636,0.006910801022726446,0.007596167164825601,0.007157115843172505,0.0053688603378104745
generation_import - Generation - Hydro Water Reservoir_t-120min,0.0029836578125559754,0.003158428589538744,0.0018080317732546973,0.002413198955621283,0.0021245633338367043,0.004421272733481519,0.0026132034991205727,0.002207980183782638,0.002156851093450257,0.0019493852448686083,0.0019086634710183716,0.0036701484858454024,0.0019915896840816457,0.002568547040469639,0.0025281212467108388
generation_import - Generation - Hydro Pumped Storage_t-120min,0.004357177741436317,0.004992595534743941,0.00432615751155754,0.005460692355834908,0.008053215576906041,0.008331080307842059,0.009532293832759024,0.005389398903159417,0.014735748293111101,0.008663812789827717,0.010901827338664589,0.008433457439910853,0.011814801178516063,0.009501270492022741,0.007183441171358482
generation_import - Import - DE_LU_t-120min,0.010102066923755046,0.008342661883005349,0.003076172380851858,0.006582404684730136,0.008678814963084733,0.00836403766192052,0.011621365592880465,0.006709798733556823,0.0030932117160737105,0.006712077573603892,0.004342055432863162,0.008145032838847328,0.011186907339374557,0.005733560530061368,0.007034933497372549
temperature_mean_celsius_t-120min,0.002370451704141033,0.004007984372701869,0.010068507816351484,0.002216307068334572,0.004434096569073518,0.013172153046689346,0.0021350922600727245,0.006802275201203883,0.01520833092389512,0.0026851223361427402,0.003646364365769841,0.010589153850643924,0.0038409048556241033,0.006242578034780308,0.014833727393815934
generation_import - Generation - Hydro Run-of-river and poundage_t-120min,0.006053332677458456,0.00618031951156081,0.00353293400784969,0.005917892679299257,0.003959251717704319,0.007235369536727375,0.0066036146674650804,0.006943103193105344,0.0028685066970174375,0.005965612529555074,0.008414716475540445,0.002321582232187893,0.004933310677741701,0.006303117908911645,0.0027120252546155824
generation_import - Import - SK_t-120min,0.004892036569537595,0.0023610002619325315,0.0025097443236563777,0.0036506034774065484,0.0012207461460366177,0.001973594534224276,0.00240510382778848,0.0027709197560870963,0.0016197611888105713,0.004456015160889365,0.002807257189626853,0.0016865609390054033,0.00395422854257049,0.0027924111635566078,0.0012032017019921
generation_import - Import - LT_t-120min,0.0011131990646955502,0.0018510025379964645,0.0060914113855506,0.0011517900337192656,0.0010332319412643756,0.006470128071043291,0.001310338871474869,0.0018007564673160914,0.003791244132564316,0.001453597353186524,0.0018090470131989491,0.0063081936136763946,0.0011350886027705655,0.0013350913541057708,0.0022233404936596343
temperature_std_celsius_t-120min,0.005028808336050133,0.003755090378997011,0.0017377574357660705,0.00425372072600112,0.005108982147707138,0.0017192723957258522,0.006061722151928734,0.005415159682297599,0.003285241013058112,0.008540726361236012,0.003236611785272544,0.002916511236396218,0.008959539740662876,0.008069951997345925,0.0029610252281117937
import - UA_t-120min,0.0027588511905705672,0.002411336232563372,0.0075612539743742675,0.0017322854937738157,0.0031467304348952894,0.006129766867874423,0.001664961181482795,0.0016755190538988245,0.008776986360233423,0.0022664773269079888,0.0026771106076375873,0.011074992661851865,0.0021998689609272334,0.004333257922899065,0.009189602125945384
import - DE_LU_t-120min,0.008406658798148328,0.013247905051563065,0.0038228949816689235,0.009163039107183977,0.011972449821565532,0.004893405817156236,0.01204955689862527,0.012677205243927346,0.003167607084684107,0.01078496571087453,0.006229531768024572,0.003141400475078626,0.012229568184011441,0.00964850701957016,0.005929760983915912
import - sum_t-120min,0.013399342329379579,0.013431120568340702,0.005784259844625922,0.013535448060330964,0.011371173573934357,0.0037454637761056802,0.012743000438451418,0.013945005936531743,0.003964144881130778,0.011781353139874226,0.009144032717435038,0.003679080910504126,0.006935502307394927,0.014325160830427194,0.003900143180395389
generation_import - Import - UA_t-120min,0.00471374603138247,0.004590367376993526,0.0025288630617956473,0.003157246008046059,0.0043954948486280045,0.003261936424396481,0.005792790335923201,0.0045543727460963055,0.0026135458111230035,0.0027267515305393316,0.004074001721690365,0.002854882048371792,0.0036963796260752134,0.003085909591352902,0.0036825840201809117
generation_import - Import - sum_t-120min,0.005261272445655777,0.0034843128453635472,0.003552416494974295,0.0038153645566344494,0.0030939611529229296,0.006104587020820873,0.0033795541673844126,0.004580125937147386,0.0028385832171047695,0.0034331455316360007,0.002820171236387978,0.0034338525746952656,0.0037631817637338826,0.0028046791290471445,0.003087091082948973
import - SK_t-120min,0.0020460776067991447,0.0015602105622247108,0.0024318053226834307,0.0013005695481169823,0.001542454259828844,0.005351178891723976,0.0023075993752097474,0.0015601622653903177,0.001936110456563279,0.003836074831800943,0.001268682876033381,0.00304563120930834,0.0011939620357006788,0.0012555408128916952,0.003918136476015206
generation_import - Import - SE_4_t-120min,0.009228133816126501,0.00795035622288924,0.004165939413958768,0.01094610146380728,0.012738641522089892,0.004824066912135095,0.010243478208692976,0.008159096591418348,0.003773115796624552,0.012424521138542331,0.00889735423012462,0.002921754009978031,0.008159220567259581,0.01173838672702459,0.005110690688132308
generation_import - Generation - Fossil Hard coal_t-120min,0.020866414625634207,0.020715383870643565,0.027683214148622938,0.01320781686634291,0.020951052126213652,0.026878054032567888,0.011983719227049732,0.013683401137357578,0.026628570045984817,0.014664237354270882,0.011908581532202788,0.023888225641276222,0.01628763246035669,0.016676780196417895,0.024244792009616503
generation_import - Generation - Fossil Gas_t-120min,0.007671842437008309,0.006202433457840016,0.004683295686562815,0.006509406075708739,0.004352782418392962,0.004361438961640488,0.007119262776092,0.004990971610361157,0.006083871541773988,0.004885806789836351,0.004046111167306662,0.007075418555963551,0.006525782095850446,0.0075814490716329605,0.005306436302460497
generation_import - Generation - Fossil Oil_t-120min,0.004087848157247208,0.007147246892025578,0.009104244419220777,0.004179141241675097,0.005801147381591363,0.004946756236012334,0.003705527415816391,0.00759875871105578,0.006335425246727027,0.004424898975048564,0.0028575983266327966,0.004595783659186964,0.0026322629112892175,0.002525488994629086,0.005501925498560013
generation_import - Generation - Fossil Brown coal/Lignite_t-120min,0.007163029739960621,0.00706601033575862,0.003155509313660332,0.0042614120077154784,0.007595530093240086,0.006536699101288832,0.004247162936309905,0.007071398805332137,0.003329620802669524,0.007715993435603195,0.0072574408234831935,0.004059497576662125,0.006833428788435412,0.005940055481942181,0.008782076256507934
generation_import - Import - CZ_t-120min,0.00929703009169316,0.008215242865495383,0.0046068367973821295,0.005852610785361321,0.007993141247425228,0.0027110248678718562,0.0060777943158173,0.002134842659430916,0.004174078753373578,0.004697283984285604,0.004046491441738908,0.005231850737356581,0.006466689061751822,0.005527117790213424,0.004922484549944784
generation_import - Generation - Wind Onshore_t-120min,0.003499512571688683,0.0045598126098921055,0.0026020314819652415,0.00530554891381189,0.0041741602184993095,0.003413283876049718,0.007923802996101586,0.005454020753874829,0.0034189298426392724,0.007793603659352812,0.005588097987852961,0.004297614129964586,0.00395486015162669,0.008378465428162599,0.0036061432230280843
import - CZ_t-120min,0.003990280346883083,0.001612401463482911,0.00759806576356641,0.0012252781480874546,0.001008316247511459,0.0095856187811587,0.0014516172253545392,0.0024266813936693553,0.007403373021748848,0.0011108282521645379,0.0017312189986319027,0.006162678165754187,0.0032002657969501342,0.0019141732628186218,0.006508075758014456
load - Actual Load_t-120min,0.004041289995035185,0.004367924683894671,0.003142754703299943,0.003385543303567829,0.0019290613367711558,0.0025425345841003947,0.003478853853433975,0.0025650304864027478,0.0021808432943507226,0.0027871592189667354,0.0020828816001321683,0.004166392922605155,0.003147654085148133,0.0018632779708659655,0.003212663669957692
generation_import - Generation - Biomass_t-120min,0.0029860458710372767,0.0047330512919642725,0.00335833295669363,0.003511080540481316,0.0024351327385247713,0.004992055124108447,0.003845986122668819,0.0026868928024669004,0.003140502862877838,0.002619578154321971,0.0031743722324122244,0.004187128994562955,0.0031481193775180147,0.002221965038896087,0.003982978315205401
generation_import - Generation - Fossil Coal-derived gas_t-105min,0.005561819862774427,0.006549265253521298,0.02073087733052671,0.004059060335979666,0.005221872144072222,0.013679879053495825,0.005593923771541312,0.005171583984374593,0.01220335955824703,0.006078455006889271,0.003968057520617265,0.008691458689514547,0.004897456336309915,0.004173368665262572,0.006512338198957877
generation_import - Generation - Hydro Water Reservoir_t-105min,0.008368101208172447,0.01138165341903732,0.004172800107540752,0.01108899517668624,0.011013768264199825,0.0027335070202926773,0.010575587110535706,0.01049740930570988,0.005551874278199648,0.011487137588799668,0.012006278162822128,0.001998336117949293,0.012861799862895623,0.012629974745555956,0.001962040394809719
generation_import - Generation - Hydro Pumped Storage_t-105min,0.01678214993335723,0.020338095944272935,0.005657993500346493,0.017256531732855365,0.021223951012303587,0.004799266829319094,0.013238206928916042,0.0127876060710405,0.0051424581056016905,0.015638594494346764,0.006685303680768811,0.0027239970880236796,0.007325223873626328,0.004370931583180663,0.004625418518786319
generation_import - Import - DE_LU_t-105min,0.009279609037977934,0.01015628888874926,0.0035015194717507255,0.0059768960563869765,0.007729014434311466,0.004105047355826173,0.009090552707902134,0.00652888902370978,0.00591725560548457,0.0037412563959114777,0.005468676743042124,0.002944533930380203,0.0026830442049158593,0.0024295299434114667,0.0029322373999495993
temperature_mean_celsius_t-105min,0.0022429047142413765,0.002328404836031041,0.002920220620885459,0.0046570959066393695,0.005420534419005662,0.002309055366315988,0.004836794906938849,0.0025039254476259885,0.003007270452706507,0.0027960426074860154,0.0028411635102420403,0.002425799643696337,0.002133681296298164,0.0024378664085021456,0.002285874225362079
generation_import - Generation - Hydro Run-of-river and poundage_t-105min,0.004707644539394096,0.005599478431444368,0.0052996547235106845,0.004993386405418278,0.0024067158547159124,0.004521260014967993,0.003133220738568127,0.0034145534904048416,0.004636252721273194,0.003090442596668936,0.004575154177389777,0.0032845892339219062,0.0030494792549361593,0.004106482546334519,0.00863164871103163
generation_import - Import - SK_t-105min,0.0010014162546443685,0.004765103368030396,0.0017172295513737481,0.002746594800899061,0.0025672616712927266,0.0017099644684042232,0.0018450465403157068,0.0016576403135643433,0.001155268335318965,0.001700046610539708,0.0015499350264633449,0.0019816803850055747,0.0017880707132899261,0.0014691539051964356,0.002624503087341509
generation_import - Import - LT_t-105min,0.003941642572066485,0.003938593094282623,0.0018412456021585514,0.003905000936392753,0.004512477488497098,0.003354780312872208,0.004255366071614844,0.003686867777798852,0.0016382570266643484,0.005040805893389916,0.006442235038215585,0.0016182734081285162,0.004914895230852835,0.002585531903129322,0.002674935771959099
temperature_std_celsius_t-105min,0.004853366872939659,0.0063753628218323685,0.004474948374938322,0.0018950481349502297,0.004600447487303882,0.0029086744567888446,0.004084176584310626,0.0045480404674781314,0.002785320600371051,0.002938505623526851,0.002811510774463386,0.0048196425885452645,0.0039409937796890514,0.005565470952351461,0.003988441764590789
import - UA_t-105min,0.0024881327837465504,0.0023687031858189585,0.0047669469593447505,0.005716285402937501,0.0023791600023869252,0.0028155080199285293,0.00731252473488712,0.0019357723611881283,0.00617078819413473,0.002152588437758425,0.004382672318766708,0.0025354173400537546,0.0023629135384699114,0.00532418299463825,0.002779593722595564
import - DE_LU_t-105min,0.004326230142796703,0.005166338113534948,0.005175833623985454,0.003773760557999594,0.003176571503163359,0.004823825512690746,0.003307975906729553,0.002782419245066194,0.0051088035788634445,0.006376099346871342,0.004429526269308553,0.003448867076442184,0.004097324695319003,0.008476629505059577,0.004518451232041116
import - sum_t-105min,0.027507401158232823,0.025140271260621374,0.010746452452971426,0.021676812387031532,0.020718158569943624,0.009024905469057558,0.019340532940077537,0.020474074567260685,0.007680166875781652,0.017682404028419113,0.016463296551995882,0.008507835864911613,0.015472837054025149,0.013709995313402033,0.009837840989646792
generation_import - Import - UA_t-105min,0.00714978540375887,0.004848684546617733,0.0030142923822936607,0.0034568119323739664,0.007804970190743916,0.0035102135163242567,0.0038981961918252636,0.006086611385559081,0.0018533109849649919,0.006435926122532692,0.010957674714023596,0.00798723057800089,0.008396324565488613,0.008155509762596921,0.003917225946599501
generation_import - Import - sum_t-105min,0.0048095970238149445,0.005993226417325787,0.0037281891395850833,0.004715773857431486,0.00568047683185847,0.00314405728501697,0.005036259296197386,0.00813987795857247,0.0033261225682067563,0.005459550606219181,0.006007736244737316,0.002842572459783696,0.013007430494568326,0.006955546795897135,0.0028149344324247066
import - SK_t-105min,0.0023592211120503632,0.0015271974227798637,0.001537138779621774,0.0017697525861610918,0.0015765480144509637,0.0012496723207485658,0.0008227981263753463,0.0017648134202995606,0.001754906086212941,0.0008865490850010929,0.0017291521135439326,0.0013846036105451276,0.0036803254592377927,0.0018438826912622517,0.0021045953255306813
generation_import - Import - SE_4_t-105min,0.003653132702248513,0.005938163021510263,0.00515992574016127,0.003827209400359607,0.0023433391254093295,0.00522058999104047,0.0024933517046858925,0.0030318763925945404,0.008620614033687161,0.0022322263819539783,0.0022972839628987458,0.0059193414420406045,0.003693792295914136,0.00627346100230352,0.007432058001180849
generation_import - Generation - Fossil Hard coal_t-105min,0.019533634389397776,0.022481217916996685,0.011662842778576306,0.02356074343723594,0.019568106782622635,0.013202952669758815,0.024621308519970627,0.023269387330452446,0.011491050240114419,0.019294046427297873,0.016674228659583606,0.012529933484387584,0.014633042452289373,0.016156180036254228,0.01212887495069299
generation_import - Generation - Fossil Gas_t-105min,0.013913873292607605,0.009022101869188191,0.017443387335955775,0.012906223077534378,0.009375795777676103,0.01949196901069081,0.011589761184768576,0.01305715258733835,0.012533279208809518,0.014563976471478782,0.014916788000500674,0.019919448270600697,0.0121674887817303,0.0097157035140699,0.020424897072567547
generation_import - Generation - Fossil Oil_t-105min,0.004078297307984485,0.002682157542569257,0.007385154057135424,0.004697818332148018,0.0020076912728327445,0.008974947360298075,0.002333645082057046,0.0022604496952808406,0.0075701477007678476,0.0034091422549972776,0.002303685876322561,0.004914392947408487,0.005573004533172934,0.0026450985215960825,0.004618651288539695
generation_import - Generation - Fossil Brown coal/Lignite_t-105min,0.0032966546324678346,0.003977005942000687,0.00673287843457183,0.0025700569200771497,0.002778352189234283,0.005005454165439005,0.0030145677915775194,0.005244302644437085,0.006828319418347519,0.0032097615311207617,0.007143890723937147,0.005007276574871867,0.002795697338115133,0.0047300498417316705,0.003374555215903456
generation_import - Import - CZ_t-105min,0.0013987226201240901,0.0016139914521877473,0.0016441075107265987,0.0014838682340218839,0.003465937936759019,0.0017513769794099971,0.0015282931570209258,0.001430365146152326,0.0025596718759597933,0.0012973413097029153,0.0033996486386167818,0.0030166541479302394,0.0016571582442810495,0.0018066569725970112,0.0012934576848215328
generation_import - Generation - Wind Onshore_t-105min,0.012115318860320258,0.011100627317282487,0.007859966958643782,0.01354613364157558,0.01059472292470673,0.0038832076078065257,0.012521587358991382,0.007747679308798979,0.003783336816233714,0.01240305263112532,0.009513132650004991,0.007929762774481788,0.008893436541922711,0.011276119551663214,0.00490484690453377
import - CZ_t-105min,0.002351482799603218,0.001438665853793907,0.0017928967944894794,0.002602836161711821,0.001240166446150397,0.0017361291027876433,0.002307034319461309,0.002987499384849798,0.0015381032740278897,0.0010888405795217294,0.00161553806204995,0.0022792687529774864,0.0022105282621440667,0.001894937615558092,0.0028068384014068217
load - Actual Load_t-105min,0.0026511588161415604,0.0026080763312884303,0.011186239501792443,0.0020543460290009534,0.0018258894676491764,0.007972290390953277,0.0026177399438156498,0.002422130003240454,0.007267917967343237,0.001895930853075697,0.003025779623498579,0.008426858815044397,0.0036614391476423123,0.0034769499688879933,0.007370324471688946
generation_import - Generation - Biomass_t-105min,0.01185692758281948,0.011372710518815438,0.010274784435559924,0.009165826345506502,0.006997566981783166,0.008733880331579713,0.009677852291504679,0.008537059159779118,0.010176320719569048,0.009270364059048006,0.005371157599460218,0.004106255107267316,0.0024689290267524483,0.008398564716773763,0.0030747998397532682
generation_import - Generation - Fossil Coal-derived gas_t-90min,0.01254436746041756,0.01270574394450523,0.00692002288121148,0.013729381652919983,0.013335646721243393,0.004953692398754356,0.008124431253902003,0.01817745170602575,0.004207745941475878,0.01470420233529876,0.016053057757177157,0.004659566556401842,0.01925531135359779,0.010108531299309106,0.004925735374936267
generation_import - Generation - Hydro Water Reservoir_t-90min,0.011307854598206176,0.00636339784258962,0.0020552365505864143,0.007997532452054201,0.006843802410284297,0.0021816078112688046,0.008856391731953637,0.009238070876949677,0.002340282612009787,0.006400454063568759,0.006549446352644736,0.0017907879487397622,0.009772391103946575,0.007115441015178021,0.0046368589152692725
generation_import - Generation - Hydro Pumped Storage_t-90min,0.008766991871707432,0.013331489854783286,0.006677316225534526,0.010177252032058277,0.01191752291276498,0.004126598908906999,0.011212055050508525,0.013364324431822752,0.006963160943327239,0.013181461921034497,0.01413433548908506,0.007776838793351999,0.020462245596194407,0.01762377698653654,0.004963029884151183
generation_import - Import - DE_LU_t-90min,0.010039161325781606,0.012451652728668706,0.003424311098990074,0.016152820938928926,0.011994123408250743,0.003974327192166129,0.016845616977199825,0.014249077542990563,0.0036768088643166267,0.009063085612837312,0.010755538605961191,0.008889118666560534,0.013394321131054312,0.012534716382265287,0.003031106282615838
temperature_mean_celsius_t-90min,0.002016590616094618,0.002646959306889585,0.0026100084800455077,0.002625866865636908,0.007784719097373454,0.0028156376590959555,0.002566179257007434,0.005828484778630809,0.003232108336756937,0.003772047848498801,0.0019445973666483952,0.002624414268595501,0.0039654562498664635,0.003199978599968972,0.002596517389947621
generation_import - Generation - Hydro Run-of-river and poundage_t-90min,0.0031136512974217112,0.003910713070667612,0.004650066729242099,0.004707593537891626,0.0029127178732524044,0.00416100752452553,0.00630926406717208,0.002241236543670027,0.002302644318053353,0.005224043739268382,0.004746921194351671,0.00205454335362856,0.004783761332273571,0.0041467517036962815,0.003238801553896337
generation_import - Import - SK_t-90min,0.001079394727372801,0.001004921886829834,0.0018023089982361852,0.0013070070851416062,0.002057815594641397,0.0009265900802060969,0.0013976453112809395,0.0010088861710767106,0.0019525380077986937,0.001168960995911675,0.0011597861107225072,0.001308719221136471,0.0014043157580631487,0.001096069518096101,0.0023553852153629577
generation_import - Import - LT_t-90min,0.00558359970535821,0.005137178004742964,0.0020995839917438844,0.0057216258693079,0.0036931556346571598,0.0017604888635187309,0.005041968634701334,0.00463430767502723,0.002185825620383568,0.003188857971046673,0.0024386944894504267,0.0021005444210136373,0.0014264993329934441,0.0017670041410083287,0.002715480347559467
temperature_std_celsius_t-90min,0.010567660933294974,0.005004480798618715,0.005883522679637281,0.011392068844972528,0.010395236156633472,0.0020741111601666946,0.007343484285378508,0.005141565683397857,0.003166711245092415,0.008008814972270557,0.007131693581250147,0.005088388494285482,0.007230639192828675,0.0035020762554677275,0.005580944806437401
import - UA_t-90min,0.004899194977821935,0.0035683421016844932,0.0022807120939587547,0.002797205781016601,0.00199864875883668,0.003404795307605127,0.002585740502418048,0.0018986850660166964,0.0028861536179410905,0.0026958939561836813,0.0022762367560681014,0.0016739875614148333,0.004388097602556627,0.0024663894476780117,0.0023553350723505557
import - DE_LU_t-90min,0.011417433035228896,0.010653065951561074,0.006694938350932262,0.009756464324924309,0.011569872581680102,0.0038458383789438813,0.011839257062514662,0.005861953991727205,0.0017185628528463895,0.008359088246954343,0.00996101022512812,0.002745285617377476,0.0069507122130416975,0.014636153789877426,0.002951874361436239
import - sum_t-90min,0.0035675691114947766,0.007805516347059892,0.007356736851852475,0.007386206057752133,0.007549785031682404,0.004278517372331408,0.00792866532409971,0.004890403931610308,0.005154515258604988,0.003477263031416214,0.005640144293538469,0.003842773343600129,0.010473260178550846,0.006364293445903968,0.002574356252010148
generation_import - Import - UA_t-90min,0.01485550411560689,0.008871456654049325,0.0036127040896808465,0.010774011629080633,0.0075419594216218685,0.004994028731387516,0.011539228017645654,0.009224713913718006,0.002324317962193163,0.008941330712579656,0.009172005436645122,0.003523749886777466,0.009717341448758816,0.008151059970205097,0.002070134008477453
generation_import - Import - sum_t-90min,0.005715303437771411,0.003645471452597121,0.0071233366872488655,0.0034863178267114563,0.0040798079931701065,0.006146066267847345,0.0018881293811928118,0.00331649737237376,0.005296715506519831,0.005236969502457214,0.006978659973887261,0.00202630409528183,0.006930170652025936,0.004878861247831082,0.007460174398799609
import - SK_t-90min,0.0014308699537884876,0.004247253393426945,0.0024994962346008833,0.0017947494369645938,0.002831329702954463,0.0016049557728141507,0.0029508999977369966,0.002804067531669716,0.0017031041790851304,0.0032716636069817467,0.005028946350561455,0.0025848153501183335,0.004384397549758432,0.0038921614045411843,0.0017502003373647311
generation_import - Import - SE_4_t-90min,0.007441923289530678,0.0063766862468182806,0.006627015722460783,0.006586607235765598,0.007664640218608838,0.0053645407760632225,0.004460367064040838,0.003366698706351599,0.010291673209285363,0.002710288033213601,0.0022803163828680226,0.007495414815159166,0.009589112034882418,0.0033442367056468357,0.005645675211189883
generation_import - Generation - Fossil Hard coal_t-90min,0.03854383780248463,0.038718714595946946,0.02766497369883291,0.03289968682947801,0.036569099058833675,0.024960242005821785,0.03300983376416843,0.03786375469248742,0.027291980644862632,0.030727991329265934,0.036604221817047804,0.022985913575132143,0.032799253520322966,0.026253921466864994,0.026670406655168337
generation_import - Generation - Fossil Gas_t-90min,0.006850648503146658,0.006130123555398314,0.0034577643076700044,0.008531469170431592,0.015475015605072258,0.0037594964136442284,0.010821775209738007,0.011978668322670274,0.008139334398350911,0.008587276908609056,0.019790829371520886,0.007205473387872189,0.014638728068355703,0.011562908689395954,0.0076220273761719
generation_import - Generation - Fossil Oil_t-90min,0.004333113042780497,0.0024906391884921392,0.013984373856335879,0.002675771023937159,0.0034837701791029757,0.010556868965715694,0.0028070876349429457,0.002599035904851917,0.01436978583313612,0.002836569610248262,0.004600450122554321,0.011305793634295696,0.0027679511023256964,0.0033632109715808836,0.009983787281194964
generation_import - Generation - Fossil Brown coal/Lignite_t-90min,0.019404122488616848,0.01784160957168342,0.01982062670402229,0.01356107295225047,0.017640680579548644,0.013998371146395584,0.010181283595011336,0.013578121886472217,0.01214121571063879,0.017347269718549798,0.015065479784985654,0.008239672698100548,0.012315804264922917,0.011576244310621405,0.010855466266533767
generation_import - Import - CZ_t-90min,0.004821261372999288,0.005761335107905325,0.006131283886294113,0.006386093984241598,0.00702697321762389,0.005466964701636243,0.007862041768268681,0.006468687820248306,0.003586112749624135,0.008267299443861703,0.00675401155668078,0.0026318915773272237,0.006792280883179046,0.00668467338730261,0.002395432748246094
generation_import - Generation - Wind Onshore_t-90min,0.0028395350964014058,0.0060718199016337165,0.011847552488883594,0.003099436720124686,0.0022757648902088476,0.009024203402297645,0.003980786367297697,0.0026991783344628858,0.009020199007944029,0.004752782754743748,0.001611521179362171,0.0062528914279319,0.002106987754101965,0.0020734869565258124,0.007967162778457413
import - CZ_t-90min,0.005588132403383497,0.0018793234752467925,0.002199861088360194,0.0013659534777516456,0.0013076927865731704,0.001108789549399262,0.0012589374628776114,0.0031845049498660954,0.0013365113594634294,0.0013036570738586305,0.001965965291743487,0.0019374667763079286,0.005172377224836964,0.002344418522018714,0.001310996405336482
load - Actual Load_t-90min,0.0028184405150416298,0.005211896867198903,0.0036831246067476966,0.0036005027649491693,0.0037420711709346506,0.0018024430070195194,0.002882337328657741,0.004067398063458313,0.0033360281583009054,0.003113014155169367,0.004340921282560885,0.0024644596812690906,0.0020154997961217306,0.002329866044419646,0.008704596804469474
generation_import - Generation - Biomass_t-90min,0.003683386230877659,0.0056565779232532806,0.007316865141745439,0.004326930822713621,0.002500535014567504,0.006891650665245834,0.0022091301229938834,0.0035485699173877948,0.002445657143014614,0.0027279231862157756,0.005394576708688874,0.0031341908278864137,0.008618956708785845,0.005998300114280937,0.004654729012909229
generation_import - Generation - Fossil Coal-derived gas_t-75min,0.019530778792133788,0.014187297779846631,0.006429665569068675,0.01809686192468553,0.016247943162481533,0.00772715905547011,0.010634408908954356,0.014798835200945177,0.004693313883958581,0.008894480704828312,0.010478902654867853,0.004840893068132573,0.008406692243475846,0.01141531202563783,0.00473575080613955
generation_import - Generation - Hydro Water Reservoir_t-75min,0.005866841304312402,0.004947829118624213,0.0031845737531730266,0.004042409314595716,0.005895418259473445,0.00307806196365641,0.008063108926317,0.005364217076010391,0.0029888430705595965,0.0072285291225477975,0.006625016265447811,0.003283832912423691,0.009212818021314888,0.007763155523611204,0.004012578670863149
generation_import - Generation - Hydro Pumped Storage_t-75min,0.009942293078989679,0.008062259119666123,0.004322023345355774,0.006893733609407036,0.007618490577729972,0.004469728026735538,0.008004283985610528,0.008365121334110881,0.004534451542676834,0.005785366895745028,0.005092041698746471,0.004697796151483999,0.002920400815480889,0.004242139320976094,0.005746623466399797
generation_import - Import - DE_LU_t-75min,0.013143504086852772,0.007918203830073238,0.0026982073680583197,0.010000716526643373,0.009450829927121958,0.0028004154696773184,0.006860537472988653,0.012753119451808743,0.003339210512464888,0.009140175293377979,0.015190162727129064,0.0035793762480890302,0.021154590631253085,0.010015419712119182,0.002531301446429552
temperature_mean_celsius_t-75min,0.004465613886886786,0.0052998569939954904,0.003930196237637915,0.0032552227912638044,0.00230779245769736,0.0067137178733319165,0.0020278311103670604,0.001918095712500417,0.0021690953713359704,0.0028306933789663162,0.0027004590468841343,0.002218555279683642,0.0027456406172218523,0.0025787037876020802,0.00340862601498884
generation_import - Generation - Hydro Run-of-river and poundage_t-75min,0.004640205423975033,0.00479656816026727,0.005306221735231702,0.009232562085031532,0.006235673681239859,0.009814974605193129,0.00904589476084584,0.008980050626378215,0.005205060022190991,0.0035812194076188463,0.006424010420832928,0.007920467326737707,0.0054976484332546535,0.0077095705039319,0.00999357482677442
generation_import - Import - SK_t-75min,0.0049063528021652016,0.004666481324558845,0.0036503376783516613,0.0027593284897648117,0.002350791641403475,0.005549730749473383,0.0013878675966750506,0.00385647269814217,0.004709472385729896,0.0025446644378207565,0.0023926446901314192,0.005997777299344306,0.0023708168168313933,0.0016548753919977627,0.0029484403638880396
generation_import - Import - LT_t-75min,0.0027370704908198603,0.0028434914023728196,0.002053880389229562,0.001826561373542404,0.0015053097694444659,0.0020872034871804316,0.0029578534351958298,0.0017946897129841092,0.0029358152240090475,0.0018401382603483397,0.002422154396201222,0.0016868882112876236,0.0017077826546774305,0.003268509321081524,0.001652287037374549
temperature_std_celsius_t-75min,0.011135913498301307,0.014283675711994874,0.009440850073387992,0.007243217743220157,0.009962430622762895,0.012814917071867967,0.010970939419166825,0.013643415333157464,0.010903701594863377,0.011194345895008156,0.011435031841654564,0.0082795644433063,0.012582473635204223,0.011601624251572048,0.007914520122576506
import - UA_t-75min,0.005686184005695395,0.0016165060775656457,0.007277163586221832,0.0021590635139364166,0.00402075961601804,0.009267731078914949,0.0025561364413019872,0.0026008658303537688,0.010076586533163208,0.0015133024756905798,0.0020453853477074516,0.0083704375900561,0.005512747107022733,0.0056482621899922375,0.014980799184180797
import - DE_LU_t-75min,0.004348845676944621,0.003583325941086514,0.006332969628283535,0.0025845456236652355,0.004381373178942908,0.009726077354648623,0.005454448988825334,0.003697490146693326,0.0046619015133490226,0.005339224830046987,0.004934089513066283,0.003346706460547011,0.004670868993395743,0.0057537364305462685,0.004626956860649443
import - sum_t-75min,0.004631225622263628,0.0036989529212353885,0.005659709499032033,0.0049920558025478385,0.004474895862718995,0.005824672071635689,0.004789917574641549,0.007330041211294315,0.004472048991181509,0.01055371654915507,0.0071642893060852655,0.006179072536302556,0.006665918857568159,0.0049469407696033155,0.005910560923024604
generation_import - Import - UA_t-75min,0.0029064025804727864,0.0026466391500689496,0.006749637720800819,0.003056416009345483,0.0034605901369195637,0.008219946675162647,0.0038800738664613163,0.003974294957648908,0.012885914644058175,0.010211375545390183,0.007276949111452268,0.0120098940453463,0.005665836701422449,0.006183583772763086,0.010061243847943843
generation_import - Import - sum_t-75min,0.006360942802224599,0.006541717912932654,0.006721283396235777,0.004454661454044072,0.005972251558383505,0.004936011884768049,0.0022706683589476598,0.0030926212132726507,0.004121732820811303,0.0021535309104010595,0.0020951540417618163,0.0036083988150639925,0.0027164444944100976,0.0028433115492116487,0.002733916387833233
import - SK_t-75min,0.0028865371456449794,0.0031387201594488944,0.005434619850566378,0.0009794968311883849,0.004735657363664359,0.005756713215669151,0.001375463186252233,0.0035391032558036387,0.004333787642630341,0.002772558497304999,0.00538994661513425,0.006813501443364657,0.004229275957593927,0.002216100518920484,0.004229082969599404
generation_import - Import - SE_4_t-75min,0.0028305976242180577,0.0034230143615436646,0.0024356203660190656,0.0021726540937434037,0.002945998449364197,0.002436234498470185,0.002602597498830562,0.002244803638139274,0.0022739075669319393,0.003905288504472992,0.006858246457708447,0.0029085144839855275,0.003321700058240367,0.004205588314996021,0.0036682764019491856
generation_import - Generation - Fossil Hard coal_t-75min,0.03224901522489381,0.03053412979724817,0.033213298553688216,0.03130941750039346,0.02527729167655343,0.028802806697189227,0.03013983656882192,0.028703778795461404,0.03231493922225491,0.028597116348952113,0.0307163508690719,0.02495825771492673,0.030943409868056902,0.029658782707017963,0.027011651190834526
generation_import - Generation - Fossil Gas_t-75min,0.01330254802959098,0.011221345637204649,0.003990080949795811,0.012897063367447118,0.01708638408000661,0.0033086933119775494,0.014476608381664846,0.015601043173431207,0.012266341385467967,0.020147167515860927,0.01534652405649831,0.003531351924393675,0.018403344230624497,0.019787061248331156,0.009995510240429212
generation_import - Generation - Fossil Oil_t-75min,0.0026205129704630964,0.005952699640347419,0.0038598218222964534,0.00468644275751285,0.008361571600744355,0.006432286949461741,0.005607630719947338,0.0030534780392054016,0.0034489430285580057,0.005198293848538015,0.009183070328501344,0.004807787410732999,0.0060762988491478605,0.005507092269168424,0.0019837459683149064
generation_import - Generation - Fossil Brown coal/Lignite_t-75min,0.012444437038415345,0.010805003921428578,0.013904367943112447,0.014781354896143966,0.016028927358240252,0.016494664385929354,0.017219863968242863,0.01894873400731376,0.010610768154758261,0.01081092340178293,0.015700183664543146,0.014877914080858317,0.01375634795154474,0.01336727029485519,0.0073048327706769665
generation_import - Import - CZ_t-75min,0.003624132855115931,0.0018524121918635501,0.00144485083387724,0.0019488886672043009,0.0015118150230400715,0.0025332523791585116,0.005220055317462538,0.003463757070239808,0.002049574726245737,0.006201958176599874,0.003343915414829098,0.0030545487835333916,0.005513571242539911,0.003982790639118321,0.0014683016439703352
generation_import - Generation - Wind Onshore_t-75min,0.00477094132961065,0.007012739980649712,0.005686527867154154,0.00972763050701974,0.0073212793102593425,0.01251808403565883,0.008669400724691514,0.012121973818600964,0.008149345001249458,0.008049816199723864,0.006471399527479662,0.00914597662052256,0.005657357070936996,0.007807355760914106,0.006222649853752955
import - CZ_t-75min,0.002579959569235143,0.007339699857388041,0.0028711646304208998,0.0032433246297987354,0.002307260563568889,0.0036531325764312898,0.0034922111224441324,0.005256000634195914,0.004548753376164313,0.0034920814821798557,0.00362195366386004,0.0018376678790903043,0.003510195628819929,0.004972305841918569,0.0013324173922342197
load - Actual Load_t-75min,0.004178825398630579,0.004375736683057994,0.0027379810325437576,0.006462520129815857,0.0022331791421256637,0.0036338050699391716,0.004545130826524656,0.0036438179087235766,0.002804726601298171,0.003161240129089492,0.0020060901995002495,0.002174467906852442,0.004203316628972061,0.0022887683874669167,0.004971963089101337
generation_import - Generation - Biomass_t-75min,0.002708636823288316,0.004874983782762683,0.002275358233310726,0.0066038646683518895,0.004902545548427042,0.0021463936195621047,0.002384360537470769,0.003292218163387588,0.0021780944759557316,0.002121563890526886,0.0032974738127397813,0.003953456571552579,0.0035203032028657617,0.0028428302122920288,0.0026431830517667123
generation_import - Generation - Fossil Coal-derived gas_t-60min,0.0046552401999224455,0.004803725179105641,0.006355268804611115,0.005186546775739771,0.0059539965442018,0.011811231555620907,0.007067884980180679,0.005748428988960541,0.005425512041212641,0.010470517056505741,0.010344682933042805,0.01140047448562109,0.008311376357930386,0.01103852593497686,0.010389579290509572
generation_import - Generation - Hydro Water Reservoir_t-60min,0.0038103656681232677,0.004226824695506366,0.002893193753214291,0.003651922707838821,0.005314693257998443,0.003651706438195788,0.0027807856938889017,0.006474149763169407,0.0016381974826861097,0.00649677980330307,0.006311920745276438,0.0021886355568526313,0.008819558052156935,0.0062702180432024765,0.0018623221081388692
generation_import - Generation - Hydro Pumped Storage_t-60min,0.0055473386434623535,0.003612860290591925,0.005555145699774585,0.0030992992697983935,0.0039050276057732845,0.005184628926726873,0.004953091906586679,0.003065054863770456,0.009690191336369253,0.007814069028699066,0.003169032053971023,0.003928778230936587,0.0027653297748975094,0.007486980999138666,0.0038064447724882483
generation_import - Import - DE_LU_t-60min,0.0022032854880390004,0.002801751464964582,0.004152919327447308,0.0035081314178796673,0.0025034661693489396,0.006274457344984058,0.004599562262396375,0.002967657581268213,0.002714956719349914,0.0041527609575996395,0.0023604400438571246,0.003215020749245923,0.00341795021702319,0.002790624685570947,0.004053968222518094
temperature_mean_celsius_t-60min,0.003862762501212501,0.0030318689989717314,0.013796792288369034,0.0030878770747665386,0.003767657767842138,0.01054584615508793,0.0043919453975684065,0.005278272241757804,0.01321675032928033,0.0055359745879140975,0.0034881751158445697,0.009021921872375969,0.0032351593739003873,0.0044635404948712674,0.012765432628409144
generation_import - Generation - Hydro Run-of-river and poundage_t-60min,0.0025085896421542203,0.0035499687320989324,0.008095982079672466,0.0036485638780377485,0.003885792826909892,0.0065291890349180905,0.0036946508854816783,0.004470936462329518,0.008484865958002047,0.004488727798387117,0.0039021003041179937,0.0045882949679653395,0.002296883680681276,0.002206375478865084,0.008946640306690824
generation_import - Import - SK_t-60min,0.0025039419803069905,0.0010340731345182803,0.0016548734412850763,0.0015822925081831727,0.0024229069978537153,0.0012494312215926584,0.0017650793492171033,0.0013938355132095239,0.001802426342182116,0.0018803812036562704,0.001680456427220406,0.0037880362099786,0.0016324230970549251,0.0013147461335338449,0.0028821528403921094
generation_import - Import - LT_t-60min,0.002076474169649373,0.0023576538241104573,0.0027025574968896535,0.002629235669875925,0.0021614902771016206,0.0023188762899146696,0.0025856109439018836,0.0027758035051610934,0.004561239453149028,0.002392540936205478,0.004272379611356882,0.00351969178783429,0.002733927188495727,0.0019905563799155175,0.003731640729260107
temperature_std_celsius_t-60min,0.004800033283332596,0.004746203602332571,0.008299654449988338,0.0051825905881378274,0.0011451840427935166,0.011133567122284149,0.006070522079960938,0.005058998010548749,0.006527577808272326,0.007484070948081353,0.008615182351955809,0.005920325442542889,0.003117194598635706,0.010453175150614698,0.007647561028185919
import - UA_t-60min,0.0019039575998035616,0.006180524231178424,0.00931591808295343,0.004810922203673727,0.002603567713405937,0.009725535687961383,0.002399976490978588,0.0029244910275137955,0.004220744885644308,0.0034491132571183697,0.0031849661257001573,0.004124958990025675,0.0014060286097342214,0.0020777450948262412,0.0039989050788863095
import - DE_LU_t-60min,0.0022731903254589268,0.0027454141472817357,0.003953959077703985,0.002032274028348411,0.002974424485308191,0.0034534833299539967,0.003365246945164415,0.0023471361006959343,0.005216210164503991,0.0029501205729839056,0.0020382581150333863,0.0029976514403679175,0.00656880477931918,0.0037535829473363267,0.006043736310521126
import - sum_t-60min,0.006065171289737919,0.006495214911801668,0.0036713204296793265,0.008627792644881992,0.013040063432512397,0.003351061213471667,0.00900264119653707,0.011446024010539986,0.007153433868465072,0.008279265588702402,0.01047388849152776,0.0030648303162633967,0.0036725121679228325,0.004817885521675635,0.006222748375610309
generation_import - Import - UA_t-60min,0.0029052865035978357,0.0033747260349873613,0.004310582041509406,0.0030000505648404216,0.0022398907778042485,0.003244186775489652,0.0023376645188053543,0.0032130647322646836,0.0023939031610607344,0.0027175646798641537,0.0032386458324945126,0.0019138327449131794,0.002208482582137094,0.0022442900575917976,0.0022525581882027836
generation_import - Import - sum_t-60min,0.007882484400541217,0.0065893870833861005,0.0038862041966740437,0.010129071786577697,0.005518552244415332,0.003605849789800004,0.005852596814005665,0.007424580939281441,0.0022490870897345304,0.009036468730734668,0.003330228726330461,0.005055153282617539,0.0027600505620839614,0.003745687428967358,0.004666969611622335
import - SK_t-60min,0.0027853544038924554,0.0012529642227709701,0.0032220828644094583,0.0017981805684314054,0.0017036190217078228,0.005119349997345125,0.001403712686230847,0.0019821427549885015,0.00530473286943743,0.0012973242019083955,0.0018008724334340513,0.00402359694687766,0.0018643775505277063,0.0012069298912551858,0.002826755320398661
generation_import - Import - SE_4_t-60min,0.0019389273880588008,0.002510675833154892,0.0034860542416245152,0.002095997998870189,0.0031413301058771667,0.002666480156954094,0.005541097522560449,0.0030861679778890904,0.002332555975437572,0.0025384939443712255,0.007239732905359688,0.0018920195711580163,0.0036986426159264737,0.0051950652977175195,0.002817496995017791
generation_import - Generation - Fossil Hard coal_t-60min,0.011508743846863581,0.0076421593778001696,0.007955253665601049,0.015489231396411923,0.016386792777338996,0.019258443960236037,0.015032959478565318,0.02019531120828867,0.011994059880184068,0.0210206529144034,0.011703307025149115,0.011831252517033135,0.010221329059480923,0.01654121969631251,0.01567068352914066
generation_import - Generation - Fossil Gas_t-60min,0.01735298206890002,0.014922026288295455,0.012048756604940081,0.015093818931747136,0.011599486408775192,0.016158215570181367,0.010242158315726555,0.013775190093561832,0.010535614971013274,0.00964232892230848,0.012631645743189437,0.011409837393082854,0.013175406458867656,0.0094835584997345,0.011623908208988723
generation_import - Generation - Fossil Oil_t-60min,0.006585488354970039,0.004220287602055578,0.0036805834543956733,0.004369712660092773,0.0029556934617233992,0.002948194548542176,0.005251930073893163,0.004258343917448656,0.004321341603979818,0.008328062065993435,0.00720399174441809,0.0029753814902396696,0.005944515544946625,0.007196850905816973,0.0036762829843173675
generation_import - Generation - Fossil Brown coal/Lignite_t-60min,0.0022973803390268586,0.0025453507012935007,0.0042155534848061504,0.0024990277245578907,0.002301786456818178,0.004663218048004637,0.0034035550886383137,0.004397261801248532,0.004024069863029581,0.00469838401785455,0.002599262338315384,0.004026601423223837,0.0026970989738038043,0.0029488491476658964,0.005878636024289335
generation_import - Import - CZ_t-60min,0.0026939636239958417,0.004044901491274913,0.009781569366401528,0.002519828349070849,0.006535297781834743,0.00622075855825824,0.003891931194061499,0.006372721638286749,0.009328573177315775,0.004379329573078849,0.003193767034070902,0.00660260800953256,0.005651070844760397,0.00642733557435713,0.0042194859941955655
generation_import - Generation - Wind Onshore_t-60min,0.010881528731686104,0.010414734518602926,0.004704785072977756,0.005866149744630093,0.008635282661115525,0.004994646333288983,0.006951826220534485,0.004474118503560021,0.0032328074432480206,0.006991928448880571,0.006407351141835534,0.002623634733576182,0.0056937764081245274,0.009042799693124834,0.0032507994125026015
import - CZ_t-60min,0.0023203097607383824,0.0024296658087550895,0.0027421388932534685,0.0015006565224193764,0.0019871357326610452,0.0026332120806619058,0.0021273414173610945,0.0017831868801367818,0.0038472057835315355,0.0018306578176420772,0.002366340345986828,0.00499294045905117,0.001754342240051585,0.001474626391873727,0.006124382254842203
load - Actual Load_t-60min,0.0061054457898171675,0.00898637907792454,0.00766860395899198,0.010024713679411434,0.007837431445983385,0.004822419184145474,0.005884125981101534,0.009768774629202653,0.003841723488981188,0.009048946422961307,0.0069019776983222985,0.005505951422850785,0.005633003794595424,0.006840419871726226,0.0049049409111567
generation_import - Generation - Biomass_t-60min,0.006529977600865095,0.0074400883836487994,0.008526970541228366,0.00809308398002031,0.005843021757214956,0.010850528937023228,0.004994663240504451,0.003950007597531567,0.006326659003170789,0.008689524795030592,0.006124507586966502,0.00928770582798461,0.008228036529384553,0.0019022183594292698,0.007503291164093753
generation_import - Generation - Fossil Coal-derived gas_t-45min,0.008848605632441832,0.005961286778036992,0.0037173077096304043,0.005331764095955578,0.004312671949668498,0.003198609275948911,0.004802453016571235,0.002961482350146525,0.0029733979164338962,0.003933366555487737,0.0027091260860506736,0.004263570708315455,0.004199802743427426,0.0031718397934910173,0.004798104231566413
generation_import - Generation - Hydro Water Reservoir_t-45min,0.001434976566230489,0.003215857011096432,0.0023614216524684936,0.0014570027911132116,0.0015134355071537017,0.0034006586961536412,0.0014966116021555536,0.00167440719042861,0.0026179070957582837,0.0032831243426808213,0.001714502961617427,0.0025497478220495393,0.0019005043825982284,0.0019705751882921163,0.002615687464350231
generation_import - Generation - Hydro Pumped Storage_t-45min,0.009574692896639363,0.008458820087571439,0.0045191154556951,0.006583057495078834,0.008991388411675872,0.004333837860758649,0.0045895528288056086,0.006352543677639915,0.005326746862008804,0.005329886817484294,0.003971461578484195,0.006844304242586077,0.005328835580536179,0.00800921680079864,0.004426465603159727
generation_import - Import - DE_LU_t-45min,0.009449653280436905,0.013141432437605545,0.009140483119219426,0.010072960770437931,0.009320929760195213,0.003801473019838113,0.01318177858730087,0.010880847260672453,0.010864813085376226,0.013435115248365036,0.00464998422717008,0.0043162438976630715,0.005451896748691979,0.015812227333830378,0.006815951325268543
temperature_mean_celsius_t-45min,0.00975275906859315,0.013523446878247341,0.011969410587262246,0.011542574435799906,0.017390438845803147,0.008154701238378038,0.012360261030604306,0.01716073734033489,0.010783696235535899,0.013683919861276081,0.016115241994644747,0.00963462622568477,0.015557606681031757,0.018413456857542768,0.010856354854440723
generation_import - Generation - Hydro Run-of-river and poundage_t-45min,0.0029527448767039458,0.006255610498748865,0.007013640142960867,0.010995390575932107,0.0033771654457736985,0.0056553365625513835,0.00685775344466856,0.006019075671654718,0.0062782227370300914,0.005763686728219909,0.007799263086999417,0.004798818372579262,0.00782646217677393,0.005091539083271528,0.005059480074698513
generation_import - Import - SK_t-45min,0.006341196856206807,0.007909578997408972,0.0019962099680678877,0.004910278449067846,0.0031917973526597054,0.0027005332285752956,0.004182449324573099,0.0032948043743963353,0.0011634140321632458,0.004111729915166052,0.0028016862847016454,0.0013235593008475916,0.003303953316193656,0.00262695524814535,0.0010316272306531574
generation_import - Import - LT_t-45min,0.002061583191545651,0.003627330228071514,0.0013842444928332043,0.004401897697614913,0.002158751655702872,0.001495615197054576,0.003150290933096585,0.0034137500958531745,0.0017509902800061355,0.005965370195699506,0.002096561659398503,0.001468791605786464,0.001371497830993576,0.001896465706953677,0.0017395957063960008
temperature_std_celsius_t-45min,0.0027359981605023904,0.0032037826499190488,0.004347213184773864,0.003781128462522247,0.004304722961822336,0.0033594552030672274,0.003644130711856178,0.0052157210766571325,0.002645614732273316,0.002581353364236293,0.002486283347276185,0.0017579321301814162,0.007049266290392552,0.004804364233108572,0.0015500569659191684
import - UA_t-45min,0.008285893709668016,0.007919019691580615,0.003865788123515813,0.007525347510672873,0.009018867566702284,0.00665370857108428,0.006649033033434534,0.010445544841240917,0.0045229264119334405,0.004997204066835365,0.008862215253699105,0.0025118823935213184,0.00373597692019257,0.006554268684092676,0.008490294770977926
import - DE_LU_t-45min,0.006910613190208096,0.005038972547913204,0.004610722392215393,0.0033519005097859917,0.0032575762439558103,0.005162696450488511,0.004275362285542542,0.004301608954985568,0.004673028257693659,0.0049720749420480385,0.003277677100373694,0.004323018589117055,0.00758625383087292,0.007815142760405649,0.0034061475937996874
import - sum_t-45min,0.005481457363519439,0.00988832020509244,0.017919989305344643,0.005118339062147243,0.003821907674040631,0.015165174000459957,0.0036998397596719455,0.006173388195791631,0.015123027570975865,0.00423227356346797,0.002258496007991198,0.01065841808204641,0.0026443265574556847,0.005385085965630424,0.010351989890577897
generation_import - Import - UA_t-45min,0.002474537233168121,0.003438652765658844,0.008004326036425482,0.002608318009864888,0.0024089853341906745,0.007479566266440088,0.004087052911620048,0.0022776801557230896,0.003874728542401499,0.001937993823328725,0.002133467721611396,0.003668980551927234,0.006091659170051571,0.0035509153018024337,0.0024137568269115947
generation_import - Import - sum_t-45min,0.012806195208970167,0.011350196643521486,0.003413341573810612,0.007154108933331372,0.007942429445667585,0.007836981344025844,0.007256843535393273,0.00701371422227021,0.0052662266943953,0.0055005913160835005,0.006772095834185166,0.004869030799767643,0.0076688788869087145,0.007344800662889611,0.0037528251794074095
import - SK_t-45min,0.0035276887870559223,0.006736255570605863,0.0031798388479455752,0.005215984656635556,0.004549111329943116,0.0015743957508677795,0.0032902435587229776,0.0033245588209883862,0.0018190876273891377,0.004590294790177723,0.004611163314199075,0.0018342024532184951,0.0032754200047152154,0.004677747886365978,0.002809009899756802
generation_import - Import - SE_4_t-45min,0.006315660161889355,0.004744598158977169,0.0060900875578590785,0.006437571993672463,0.009824168626123082,0.00455166617976829,0.0071357123677044,0.010025600947275962,0.0031480441329149473,0.009114532956471522,0.007337583125343372,0.006599387177695462,0.012767151803294838,0.00442073553543105,0.0015813607338004659
generation_import - Generation - Fossil Hard coal_t-45min,0.006970010370154342,0.00499896216854313,0.010240902824909427,0.008881785805071558,0.010544236475303477,0.009608732729420809,0.012178658142445783,0.015856425783364103,0.017028876972410217,0.016717468720235048,0.018726548652328347,0.010844999103806914,0.014662286198930815,0.016481492666154736,0.014523375567470794
generation_import - Generation - Fossil Gas_t-45min,0.015046114844608383,0.017424969048430286,0.007804955638435786,0.009517653942721154,0.016235731777072944,0.0077057103291808746,0.01690041421406886,0.014990167131181807,0.015424633881983027,0.01395991581986891,0.011265237023435475,0.004044660303872661,0.01583548337771208,0.02195207070284232,0.015445254789636237
generation_import - Generation - Fossil Oil_t-45min,0.003656662745470385,0.003601124469191518,0.003409027890604193,0.002140990796715869,0.002908584456418339,0.002186609579546712,0.0022828003750382775,0.00273086717964361,0.0023709502716342287,0.0030104338349271984,0.0027286377232887704,0.0032370782636753576,0.003079101504344635,0.006369497221894563,0.0025536744740311404
generation_import - Generation - Fossil Brown coal/Lignite_t-45min,0.0032987879072707074,0.00397449178316333,0.0064177383024270965,0.003815170074336493,0.002847559755957491,0.009145902359232422,0.0029801084620642085,0.004040159200945709,0.010063237989947084,0.003583926457517009,0.003278426903232685,0.013113199694766535,0.0036500951486123086,0.002101075825310545,0.010676854250383257
generation_import - Import - CZ_t-45min,0.005509674319503802,0.005791840708749078,0.0017462145504528054,0.004714399658537332,0.005103054275947216,0.0026386745452641664,0.004783867562335217,0.008101967681664974,0.0016837072682740768,0.003337561315138828,0.004540027136099525,0.0019970481305053907,0.00460222689800139,0.002754364135369542,0.0013011036404648735
generation_import - Generation - Wind Onshore_t-45min,0.009636410688513479,0.006951036954600568,0.005496605063646712,0.006391167020477496,0.0038844645212593606,0.00467188598401367,0.010411551227865858,0.007258587406129663,0.0036327112396643316,0.0077996261549269546,0.004021644576479957,0.008381387840003298,0.004720772831382419,0.0052628669681289465,0.0064770595803929605
import - CZ_t-45min,0.0019870932419389646,0.001838445642491024,0.00231350129780094,0.0023471199107520987,0.0015920946590708808,0.0037908667450360554,0.0017298504052283476,0.0022582477198284322,0.002086954845549371,0.004627283200199599,0.0018020625997723983,0.002365463749039918,0.0021370958850448003,0.0015369084913484697,0.0020896892762430072
load - Actual Load_t-45min,0.0020694940752282493,0.00374869148817379,0.013863461345512406,0.005951903067169042,0.002815534069930436,0.013443146570745738,0.0021518632908846484,0.005791072242289374,0.007057510975246259,0.004096175342088827,0.004397011267821995,0.010745664060581476,0.0036909917204802694,0.002850507597073374,0.00998499413580521
generation_import - Generation - Biomass_t-45min,0.006360519514393673,0.01005996901234539,0.012362640877639932,0.009634942059245076,0.012047699335147627,0.015969227237947053,0.010217641036368491,0.011598845494707348,0.00869757226411457,0.012977853925389355,0.009613231276606326,0.01261591566351126,0.008586280969415385,0.010116713690229517,0.005578552441982538
generation_import - Generation - Fossil Coal-derived gas_t-30min,0.007241650344300979,0.0044066118690079745,0.010447264127549715,0.005512911176269427,0.004764211604143384,0.011817552652209996,0.003501344944491393,0.003923328588920413,0.012180720430063957,0.004758969870008514,0.003978265525388906,0.01069499240393634,0.004141009955368645,0.003728514162954525,0.01664766693545971
generation_import - Generation - Hydro Water Reservoir_t-30min,0.004922838064940152,0.0053167441753976166,0.003546956023932097,0.004577267877160125,0.005593631943615037,0.0025901405361582874,0.003788564671536733,0.0038214037244142674,0.0029118830321840507,0.00404461370617355,0.0039643477577374145,0.002405209168156944,0.00395045101817459,0.00415875443462528,0.0026184758136041635
generation_import - Generation - Hydro Pumped Storage_t-30min,0.003370872134091769,0.0033611719253376577,0.007290965685423543,0.005801917442813931,0.00343980895823006,0.011130757284740866,0.006703416509029921,0.006394843341599881,0.005243548807714888,0.004603285187213942,0.009520959302471965,0.003938190445348028,0.00476046399900315,0.007108488420515641,0.007899619035106298
generation_import - Import - DE_LU_t-30min,0.012120428241481022,0.010385697885598347,0.012477960243333655,0.014986760503030381,0.00867031796462834,0.008570470995065988,0.008697752094783937,0.006883734938919588,0.0026601198317002853,0.008002604393743241,0.008808963649838915,0.012334286716966745,0.0049359990220036705,0.009362584841990611,0.009750626127191936
temperature_mean_celsius_t-30min,0.004281468720784687,0.004071525513289089,0.002239029292662963,0.002418003302386751,0.0022030089331439057,0.0030367068610848945,0.0028802732384174304,0.002513241097522041,0.003313690553637571,0.002629345312982423,0.002958687648879277,0.00301989467776184,0.002757133640068162,0.0031584056416086243,0.0030334159560966327
generation_import - Generation - Hydro Run-of-river and poundage_t-30min,0.002799570257703863,0.0034132964822453857,0.0034696420288212264,0.003819397741430066,0.0027887871157258816,0.0032921778635977717,0.0036756561025933932,0.004199064315569558,0.0032519592188764365,0.0031720204494995415,0.004534686220205913,0.0032070978224655847,0.0033117492148894596,0.003760555347029367,0.007250378314130103
generation_import - Import - SK_t-30min,0.003095205222453842,0.001586328475292703,0.004529473265563865,0.0012510767303517696,0.0009456676683215619,0.0015258875542470492,0.0018796762206310404,0.0014805379808503858,0.001095208852560063,0.0018511244098779116,0.0008437203507758682,0.0015386024641047698,0.0013536138195013336,0.0010887763663113218,0.001784362370333838
generation_import - Import - LT_t-30min,0.002950944200538288,0.003044975884386076,0.0029699263673774114,0.002436115005491047,0.002300750260037603,0.0020331287806288857,0.0009052830936950614,0.0030052768695659326,0.0031808783444776056,0.0013998159669326923,0.0008394377888512991,0.0021912130296568647,0.0018130390713376983,0.002432789439881162,0.0017201546451459536
temperature_std_celsius_t-30min,0.0021206687792282536,0.006507582909678604,0.005623103388604249,0.0017499274628109446,0.0022753618391670896,0.00456269962641727,0.00330010522343764,0.002047844949813225,0.003369201790586203,0.0020978005147794646,0.0038650154676923023,0.004651833154457563,0.002860268187663223,0.003216650483729609,0.002368571021785101
import - UA_t-30min,0.003979610082535146,0.0018819596019620803,0.00188161627798263,0.002072874631272498,0.0030571239437367694,0.0021326146542041896,0.0051278549945855045,0.003793780508553027,0.0029898652535857765,0.004089345643988054,0.00392348933672929,0.0023075818857305423,0.0049337490595892175,0.003017438109325667,0.0018736724294644064
import - DE_LU_t-30min,0.017477456192364117,0.016729051934751625,0.0049598896953411895,0.018861166868635336,0.017605779893023282,0.0059525032573237695,0.015363767349015688,0.017742313048860522,0.0056394784518279265,0.016272616403119174,0.009853853214168339,0.0029245177242719364,0.014549840848281747,0.011121065843410178,0.008873035117594553
import - sum_t-30min,0.004219399899131531,0.0038229303330654146,0.00622554885169302,0.006288316419882903,0.0061639666395931275,0.008174401897857024,0.005314882902242061,0.005955026027677377,0.007421636497212603,0.007503988852069597,0.009209624306124169,0.006542901719572456,0.007477508110013332,0.015257531288210885,0.008846541890699881
generation_import - Import - UA_t-30min,0.014368846881741774,0.009348332443623803,0.006603924395829381,0.01137192088545271,0.012265404340083478,0.004893421320209313,0.011754259354696843,0.011550894978570796,0.0028641533234024337,0.009186800879992688,0.0077661470340299275,0.0024530093869148005,0.007641303440061165,0.004695006666224799,0.0027087670639666613
generation_import - Import - sum_t-30min,0.009126492225769653,0.00794755427461405,0.011692195849769632,0.0056806403862350125,0.008832251055170446,0.007554065710202849,0.0055339422782999465,0.005457771303117625,0.006411568926959717,0.0028050221586945552,0.004645229901678249,0.004099448205187628,0.005657120024789947,0.003441777934782294,0.005618493678223786
import - SK_t-30min,0.0013814837582731344,0.0011839519819139923,0.0038116574971227236,0.0014818950556900745,0.0010116755058973013,0.003162942990235024,0.0012009468270111937,0.0008489469998287973,0.0036265686592814746,0.0017560494078995817,0.0020273677680994525,0.003994727173034334,0.0040421033731545325,0.0029685440369175923,0.0032672878936682538
generation_import - Import - SE_4_t-30min,0.003612052456219203,0.0030583383429810167,0.003534112907635176,0.002566261230517739,0.0042473028975473425,0.005525982405422837,0.00290246154803026,0.0036899906235048547,0.0025805599270504443,0.0027336158444331887,0.003729580799767689,0.0020042380572899672,0.003582866496729366,0.0030174069375061663,0.00217961253679141
generation_import - Generation - Fossil Hard coal_t-30min,0.00685581706024459,0.008191013598163408,0.002940872848386789,0.00489083163329974,0.004916231021468775,0.003371109831096874,0.003913224602285482,0.0037891723265493058,0.00367987369770708,0.00431887377541716,0.006298668626794097,0.002951016882274416,0.006642991923210502,0.007355816545692505,0.0037139793801570704
generation_import - Generation - Fossil Gas_t-30min,0.01102061504006997,0.005759443948026273,0.0073257545924752775,0.004143347496774368,0.005234236523528352,0.005888173049850622,0.0036730035899818175,0.00416766345771066,0.011843197190195496,0.005209215106402553,0.0035777382420837966,0.0031800254385798326,0.004025465204163084,0.0035516868429367604,0.004626144658956946
generation_import - Generation - Fossil Oil_t-30min,0.0031543557150598644,0.00415671839559991,0.0053442912930925105,0.009438271102932048,0.003341785792833889,0.004250629052630756,0.0031621201943235065,0.0031546188039319532,0.002058866794083997,0.00551711812416761,0.004312419922442132,0.0033426235508495663,0.003245428022411943,0.004142972992443901,0.0022800925202845976
generation_import - Generation - Fossil Brown coal/Lignite_t-30min,0.007370990921946941,0.009593522953335196,0.014358652800197888,0.010130655473234582,0.012994239989962807,0.014702238686470082,0.012485719577482086,0.018157134762241185,0.018457069140269594,0.015101254874287406,0.015825473316966963,0.019016719323932195,0.014668534170359635,0.012285067388380411,0.019320428377148344
generation_import - Import - CZ_t-30min,0.00515846812278869,0.003192379182910372,0.005027255315362709,0.004625826070856419,0.006520501519313257,0.005847057573977509,0.0057578550344187535,0.0066608165951111,0.006038984267695923,0.007029286973294802,0.00473964493816311,0.0036762356358121906,0.0027069183955100015,0.0019369765914839263,0.0037474562593185112
generation_import - Generation - Wind Onshore_t-30min,0.01438337070198395,0.00962484256105381,0.009613418051053486,0.018685193886656633,0.016043316729083018,0.008308421591728801,0.01484832227730658,0.017707575183978405,0.0066332895253981405,0.013192756520875265,0.01321785897518584,0.0023958706036592047,0.010795570284653878,0.01573512752739043,0.002461834928668395
import - CZ_t-30min,0.0019254576350813295,0.002577048233234564,0.002362359360361779,0.001945720507457736,0.003690835538538522,0.0042068880417709805,0.005121686526345002,0.0022948450220328597,0.0032636502342902533,0.001398672944989812,0.003733800711137519,0.0032928158006689046,0.0018055018263603414,0.004779066987031001,0.0038777759862869063
load - Actual Load_t-30min,0.018274771595308267,0.01325940116799029,0.022077795631281334,0.01671280304337779,0.015633940520492617,0.01568769133236492,0.015718321311199362,0.018101304191673988,0.018719851996167564,0.01449439762455586,0.011924493523578349,0.011733240897717224,0.008135926014154393,0.011010268395602906,0.01272570597568847
generation_import - Generation - Biomass_t-30min,0.010019207809571527,0.011979555248318419,0.008225137685210939,0.014867397425754462,0.011437299306056957,0.0065925475497861045,0.011025490287676803,0.011254572614643622,0.00528743655532162,0.008134606568851723,0.00521706002598512,0.009096619111893233,0.009455808733382582,0.00695206686561869,0.007094172350101871
generation_import - Generation - Fossil Coal-derived gas_t-15min,0.004472998000706866,0.004935801317769801,0.010480917352811958,0.004828226753912531,0.004681253526925502,0.010193566782245398,0.006002162345565012,0.005365916089058828,0.01029509180127934,0.008928555229441372,0.0048523681596043386,0.005209838449594826,0.0062853833464214404,0.006890886832698015,0.008803357554614194
generation_import - Generation - Hydro Water Reservoir_t-15min,0.0018033547268511256,0.002884036823483257,0.005512407900270319,0.003397192499216885,0.004212889733538759,0.0043919984474039215,0.003490416451355486,0.0023713447169575377,0.004577642005938287,0.0045962488902268886,0.002290179521120194,0.002327932248783327,0.0023516707847504674,0.0027928202645034618,0.00562877978969027
generation_import - Generation - Hydro Pumped Storage_t-15min,0.00518568820440214,0.006122774690014921,0.011139694322358082,0.009109336104686918,0.014089460619405145,0.011544202290548129,0.01212991108859933,0.01585537612718326,0.006182584473146562,0.013033066584262997,0.017547683308803245,0.007597507534064789,0.01326939878763369,0.008554527032920305,0.0070297581662953235
generation_import - Import - DE_LU_t-15min,0.02188089994394977,0.022304736045975004,0.0025658128330060207,0.02518645320062569,0.0183546246008591,0.003875232162578868,0.020556114043749404,0.019102152239647695,0.002375623303102202,0.02419578476716015,0.024582365924637996,0.0028889533652218234,0.02444306396837419,0.026093322635148068,0.003754012030229205
temperature_mean_celsius_t-15min,0.005897404009614547,0.009985157028248069,0.010665127502377799,0.008998563580396876,0.008672696390374768,0.009446658117100014,0.010569431715251994,0.007079557984492567,0.006531431098286702,0.01010329030972207,0.010422517936087387,0.004335109924172684,0.009210200274101226,0.008496024119041977,0.0020220689118668816
generation_import - Generation - Hydro Run-of-river and poundage_t-15min,0.002608908186790359,0.004121867156016151,0.0033559632162341586,0.005063271389511385,0.006045881482786172,0.003328005914307141,0.0069740483891955595,0.011669766178893043,0.003643432888707366,0.011052563802426448,0.009095606116417913,0.002519879426215539,0.009041384821724932,0.012168143734175829,0.003205317356805608
generation_import - Import - SK_t-15min,0.0039052755653164015,0.0017242688273181558,0.004332728446946021,0.001468347517251644,0.0015566451258118832,0.0026491924721917712,0.0015946155905453452,0.0014283190503655305,0.0013631060194566088,0.00223510894963556,0.002142149775015696,0.004037573217050522,0.002520246606826731,0.0011198232171495306,0.004380439127693534
generation_import - Import - LT_t-15min,0.0065534638873505175,0.007158715541863785,0.007349363787372568,0.007113109464966328,0.006995974540193856,0.008222104173080879,0.005663910454834195,0.006530525900456268,0.009212810990942672,0.0036026261965525917,0.00788658441746884,0.007953995662193847,0.004913331979414124,0.0023594179129877374,0.005376590910808318
temperature_std_celsius_t-15min,0.005078158795179661,0.005955209626146825,0.0030225023814784893,0.007326695734895111,0.010850468310934957,0.004396517182870866,0.007504453634665878,0.008008285335432448,0.0020593807465197644,0.009257286704218132,0.010683022788609378,0.004695939591679235,0.010669517216359963,0.010884861025340796,0.004846299761615228
import - UA_t-15min,0.0018334056728999712,0.003029680228144571,0.007869084144287625,0.0025181163050510802,0.007061466265004129,0.00682749208061432,0.002423759550192699,0.005547530322124658,0.005676123031436873,0.008038265315684839,0.008020725861762685,0.007218117899584286,0.011203530902945204,0.009781546889716991,0.007505315453934599
import - DE_LU_t-15min,0.0050170281599230294,0.005262741376474878,0.022638916981508373,0.004096376445924761,0.013473768837679928,0.020091264038457665,0.008693239201055575,0.014636229706426094,0.014912003107892815,0.01204489445083891,0.017506566225434655,0.01808130805035239,0.012830302794511226,0.021741914244717917,0.022664583705365657
import - sum_t-15min,0.004247274430381367,0.004911759338723641,0.0021170498265128115,0.008219084017004207,0.006053105978622625,0.005155242789780459,0.01065004511771258,0.005546390429066378,0.0018765649136730643,0.006825863065001613,0.004249360831832291,0.0017744092446960167,0.011092299742645082,0.00841218878770087,0.003685641273668807
generation_import - Import - UA_t-15min,0.007613125425908947,0.009926761734415777,0.002296846566880049,0.002729859429489579,0.0036428982464681214,0.0014629237168876444,0.004734282989054918,0.002914464299679821,0.00322716417475138,0.006220624257674899,0.003746212063171697,0.002221191788247495,0.0026351254424316723,0.003257378906644327,0.004167581574729411
generation_import - Import - sum_t-15min,0.004585731045365719,0.00836417060756321,0.010459874649634002,0.00531485488657745,0.00749158810182189,0.008514892575520207,0.012565080694301286,0.00943702528933136,0.006336744130359875,0.009351319216804769,0.012568619204026618,0.0032192001354600704,0.004108627666196753,0.007792379795653687,0.006701053038756072
import - SK_t-15min,0.009208315965341171,0.00631179290558066,0.002485868778779377,0.00904626359557733,0.00841332970233634,0.0025730552285485827,0.006844216399200377,0.0077141790175192,0.002995306374706388,0.005966415052527737,0.006282749681540736,0.004281098749430385,0.006296978039754322,0.005451064656415838,0.004886315169791487
generation_import - Import - SE_4_t-15min,0.0153051447285834,0.016118279663991417,0.004408721477921063,0.013142574294877704,0.012015920136662316,0.0051615726760101096,0.009072848039097152,0.013197273593948922,0.002532510901038222,0.005976988444890594,0.01044537048782513,0.005221311995524047,0.010188783161487663,0.009854322078568657,0.004554366681051761
generation_import - Generation - Fossil Hard coal_t-15min,0.032412288726889525,0.01951637789925735,0.010062417100456513,0.022974480716984543,0.023411304802313678,0.010204492850269161,0.02370341708115666,0.01994160351678056,0.004755123927432578,0.015896476120160513,0.017143225833300677,0.003812443420954878,0.010021543267872402,0.012725866457745724,0.004276853786981519
generation_import - Generation - Fossil Gas_t-15min,0.020063611033081543,0.016169956408390133,0.006726592580918804,0.01560177844750524,0.022144121048979285,0.0064019513747721815,0.016676286464295118,0.02378704056359129,0.0059996415822442944,0.017095141196183248,0.021161021767533383,0.0047508488208222845,0.016358539158289203,0.01395033603371121,0.003912319688556636
generation_import - Generation - Fossil Oil_t-15min,0.0068309324846413805,0.005360597776641953,0.003988313783032936,0.005360416123356117,0.00794845742510006,0.009135827019214048,0.004643760741656479,0.008640381742454338,0.005411136128802355,0.0047525125257088805,0.0041844412242194266,0.011030444951873506,0.0030578309536912797,0.004287319075332562,0.006934079043589008
generation_import - Generation - Fossil Brown coal/Lignite_t-15min,0.022577886370563648,0.019325197530910374,0.012380170614942471,0.018833590823312988,0.021949436101111133,0.00943548978806939,0.011914738471445162,0.0236029036267646,0.01234766629487126,0.01905760305154763,0.016437658599379575,0.010662324902419642,0.02073718529952748,0.014999568579871265,0.006445164855940675
generation_import - Import - CZ_t-15min,0.0016071130482595208,0.0017053536731477833,0.002203804937435052,0.0017536974743197788,0.0024392275754144066,0.0012537232731210679,0.0017041340045034303,0.0012946877518367613,0.001452943069003595,0.0015357444291948922,0.0013441690100266896,0.0012980876631499996,0.0032859334203535584,0.0012151109231829196,0.002412501550288653
generation_import - Generation - Wind Onshore_t-15min,0.01447022051847307,0.014650779583898838,0.02036575218465441,0.012953272441052831,0.01337887593335472,0.015292840037394853,0.0132329126028053,0.010844304936947992,0.014022695937297385,0.013295904291720945,0.012406639316802285,0.013120199323489942,0.012364263567440503,0.012485209885404401,0.007955189078333206
import - CZ_t-15min,0.0021273515986674736,0.0022499818796363797,0.004847872578612168,0.002808749702922796,0.0030872778634346504,0.0021983099216786287,0.001591323437547544,0.003387322590767894,0.001700274690654055,0.0037172201953471814,0.0028506069709201254,0.004709371614746488,0.004668943490933998,0.0018641671644572852,0.004150751673967534
load - Actual Load_t-15min,0.0075456753919104355,0.006413890129649189,0.007596449584772927,0.006721943713033511,0.0034801992898255774,0.008461128694772014,0.0026293832484298035,0.003705054786769324,0.00824907250841352,0.003750570883975001,0.002552853148921713,0.010593613062083023,0.0055973857206372485,0.002450049976903756,0.007422419213296962
generation_import - Generation - Biomass_t-15min,0.0036165262475042256,0.006000161431503329,0.008077112662708486,0.003994520754175028,0.005053514352591265,0.012402434235114924,0.004193713268054126,0.005731654337343571,0.007971974049534765,0.004983727373615693,0.00561021719614655,0.005027399030656852,0.004047696847803764,0.0038527321629371726,0.0068591892060103415
imbalance_prices - Long_t-300min,0.011416438270962316,0.012903286028752632,0.00934328123202431,0.014201955669901508,0.01537967281047986,0.006935382701555227,0.018354381005159667,0.017922538962971885,0.010688893525257299,0.015560491076055769,0.015937752979749347,0.010533606282624532,0.011366998603800312,0.013240714889056107,0.016389898968827765
imbalance_prices - Short_t-300min,0.015875372727387004,0.012091969890276232,0.0076581533554590355,0.018519196781326797,0.019627631674193253,0.008335111413047344,0.02031819699731568,0.02250792653809185,0.004064446909683284,0.023116288736453498,0.02566938738949102,0.006181699148056396,0.02296191820671811,0.017076294778518786,0.00562860236065535
imbalance_volumes - value_t-300min,0.002841982484822438,0.004418617652320108,0.02158217057691945,0.002488343961512214,0.00294494506038609,0.021202796590928302,0.002920962526226049,0.0036360058398040565,0.02083240246947389,0.001710094550853057,0.0030189902604361124,0.020828027616837063,0.0020960626729633986,0.0030657940219680313,0.019749193355168244
imbalance_prices - Long_t-285min,0.0033400622778229946,0.0030991546433710936,0.014898126346110076,0.007825643519561708,0.003919286737556831,0.009277815452821414,0.006725922405716119,0.003645531862112534,0.013012509645483079,0.009137824903024807,0.010307963187718996,0.010512028146219564,0.017034239710392286,0.012781680613142271,0.014093587091895074
imbalance_prices - Short_t-285min,0.00359111795048193,0.004150044409802376,0.006932077566180851,0.005932262272519438,0.004042491495551928,0.0036488803163883857,0.0044011274735012195,0.004389960388836244,0.003067473454926244,0.005541570775629225,0.004447899613634945,0.0035897898856637766,0.004252367595951909,0.006620635495484748,0.0024012982305694095
imbalance_volumes - value_t-285min,0.004126661993759626,0.0029757381534082014,0.01254259546387766,0.002564644802129351,0.0025287138773765036,0.01281680850925477,0.0035893123141140675,0.0029714271486554933,0.011043424542531283,0.0034375802115828263,0.0028745205172934904,0.013676097805291648,0.0036709387245355174,0.0027940946194530626,0.013282058876493466
imbalance_prices - Long_t-270min,0.0030923660396592824,0.008830295290363211,0.011272119291100353,0.007348521888019604,0.00569383356218168,0.011042648093328068,0.009243620862797343,0.004421958585367406,0.009773097085778318,0.010806354918408033,0.006626749888601807,0.002597608676145683,0.01451253610146523,0.010798458424953424,0.006612402986792575
imbalance_prices - Short_t-270min,0.004234611919086092,0.003326305797717396,0.017687852577866578,0.004047766132631295,0.003742978412424691,0.016173719161546616,0.004518301436230104,0.003520963806709915,0.0195359882848079,0.004026504832562182,0.0036920103523025317,0.010569317810081883,0.010305563985790286,0.010695423273573397,0.013998520243441817
imbalance_volumes - value_t-270min,0.005395249158755178,0.005551387459454418,0.005140070376801305,0.006313973768088545,0.005512691266707406,0.007888476437190548,0.005192429476011966,0.0038829352341635966,0.010023786803823896,0.002267580266207915,0.0020039918739430504,0.01032824199750712,0.0017608103245293023,0.0019431993427342605,0.011785949889585026
imbalance_prices - Long_t-255min,0.004539231012476193,0.0071570963513004245,0.0038336882313874414,0.00498140182867246,0.004167338855350863,0.003197264238756361,0.004138658431319982,0.0032947072850261065,0.004228514421256478,0.006979127626786976,0.0033584377532488363,0.002568800160648607,0.003056190578031078,0.006364924018456805,0.00361659550067543
imbalance_prices - Short_t-255min,0.00305461456509056,0.006495377547860699,0.00628129022551002,0.00443649376156938,0.004275666932137028,0.004287443440400921,0.00827457653356396,0.009864598105177492,0.010192386501727015,0.00790917431991329,0.004614302950500132,0.0058256597196877915,0.005634318366191167,0.014807824363223745,0.0037452286022207773
imbalance_volumes - value_t-255min,0.002418835908893016,0.001946781481958169,0.0021199385638801687,0.0017456660530492628,0.0016656382845071675,0.002198644914136821,0.002201158764822139,0.0021393156377489506,0.003034130158674088,0.0015807788727524893,0.0025523731374253204,0.006936795879446436,0.0017003017615697899,0.002889660687040305,0.00762066623888677
imbalance_prices - Long_t-240min,0.008869036535126724,0.0066146510275739276,0.008566326509374902,0.010792198467592244,0.009701977716523744,0.005748443667416722,0.0039115195806738254,0.013039441476659704,0.00969834357003856,0.008470870028333593,0.008075657630408387,0.011094522775214501,0.009097495556160538,0.0080724523327317,0.015009278947632992
imbalance_prices - Short_t-240min,0.005511406349756726,0.008025493090897725,0.003438118225445123,0.006102313936230985,0.007086918284854618,0.004468960990299458,0.0060760509321059995,0.006131047978022252,0.008875969397611698,0.00731058477072338,0.005540993067494128,0.0025428276029987274,0.005511128110560094,0.006383717817168872,0.006227705091645475
imbalance_volumes - value_t-240min,0.002260234122978545,0.0017145753843833518,0.002374357733206125,0.0014140321511279127,0.0008405285942172895,0.0034668379722861574,0.0017327943630943991,0.0012496017253488389,0.0048461476773372855,0.0012319811790962377,0.0014549631120753474,0.004361341742172954,0.0014957438981246015,0.000983874545773574,0.006707299250876531
imbalance_prices - Long_t-225min,0.0019072424635105563,0.003553124437603401,0.0046803293810153265,0.003887260629588127,0.0022613258837182004,0.004730102427805832,0.005086043594169496,0.0032316936991114743,0.00244041566121723,0.00317059769952175,0.002201520772802894,0.0031939152712402575,0.002427561250478448,0.002382797687257266,0.004737880617683004
imbalance_prices - Short_t-225min,0.0018551832911134624,0.0028875796733170774,0.012496793788741342,0.0016686012085701805,0.0033069328253584446,0.0114547722099378,0.0023284255145408677,0.0019018018581577962,0.008528327504311164,0.0035292433138383785,0.00692263067159729,0.008542657782261813,0.006124769369447677,0.003157291794754201,0.007332019325674992
imbalance_volumes - value_t-225min,0.0011904636017734448,0.0011586856948626973,0.0016224075381919647,0.0017661418143943592,0.0014850412202952442,0.0027787545898991083,0.0012991319327497876,0.0013230756659500002,0.002512817145336726,0.0013665565565183896,0.0010025437036542827,0.0035942118673344793,0.002610219776023655,0.001400020142246774,0.004352554422847106
imbalance_prices - Long_t-210min,0.011084961039498012,0.009617879819132667,0.011146443158675539,0.008528963305361686,0.009577979421825148,0.009289930478669703,0.008159143467355533,0.006410234205766756,0.004590903645781509,0.00978345391574112,0.008836986951704602,0.006415656041408511,0.008377653574498253,0.006625568098585063,0.0061552716235310076
imbalance_prices - Short_t-210min,0.0024916281908772364,0.0032582867099954457,0.0028814554579330433,0.0039902380802518565,0.0031421161420366844,0.005712962318670179,0.0034872335315558303,0.005365413785801138,0.0019846312314820693,0.0025482066466429388,0.003263433216303838,0.002837197516768356,0.002789772656616151,0.0035002392341630184,0.0020184666832080895
imbalance_volumes - value_t-210min,0.002589007328552725,0.0009584269361380393,0.0012417479413616092,0.0010740083971181775,0.0012690144858720487,0.0019583980641045854,0.0010451777356604453,0.001455218350318887,0.001522578554286156,0.001620135471645881,0.0010679528223346323,0.0018672043265505636,0.001226644092663264,0.001399492727648416,0.0019683055876574826
imbalance_prices - Long_t-195min,0.008581814041333928,0.005690997036610497,0.0027532418277069156,0.004081217176457358,0.005050239717806108,0.002881208886438344,0.002870948061303352,0.0039054684310667652,0.002521925290523541,0.002862875123761114,0.0039566737664081305,0.0034394023048982944,0.005512021114354866,0.0032648565399085784,0.0019682135398634273
imbalance_prices - Short_t-195min,0.006599804801302525,0.007984300192047157,0.0022454154292845486,0.0028700091200336147,0.004141747486417444,0.00454706193968741,0.003277317913032675,0.00433242956531376,0.006642607439976927,0.001977865783897869,0.0035928812652205122,0.0023363361976107624,0.002705399529252844,0.002946026664252372,0.0018138757503847955
imbalance_volumes - value_t-195min,0.0044278252396106835,0.003032193989550251,0.0015195143189962437,0.0027843804147996707,0.0021987875341453675,0.002187322377727014,0.0028264659109127023,0.0037514266864163803,0.001114636365242859,0.003821508143611936,0.002937375008248637,0.002549586060609727,0.0021326246392459323,0.0011598333567025066,0.0016237952382143702
imbalance_prices - Long_t-180min,0.006019188902852875,0.008500729305556887,0.0025922011910911352,0.006117974515447713,0.00792015666289808,0.002413188558179115,0.005478069313057631,0.0030067411096815705,0.0029149965841714903,0.0024588814597113922,0.004209303967101732,0.0023452093143496314,0.003491988246940309,0.0037356757088696214,0.0018780644242160634
imbalance_prices - Short_t-180min,0.009196795671488872,0.010292972368680238,0.006610191185398435,0.011616328893678656,0.009700606951082592,0.004250709404514055,0.012288954477040533,0.008075316247057344,0.003201360062899312,0.009951842617643706,0.008184667127445209,0.0030941124708357536,0.008231573199309197,0.004874751403522168,0.002018110163786055
imbalance_volumes - value_t-180min,0.0020158158661924973,0.0011765023200150607,0.004040362366631598,0.0019580551729595753,0.0012924947843912379,0.005752312240087122,0.0010693769929370092,0.001074371426665664,0.00419295698222777,0.0016778478870369327,0.0012229728055727946,0.004701400594027291,0.0020979070698213037,0.0012928289339929507,0.004818106187193734
imbalance_prices - Long_t-165min,0.003669585411551452,0.005070586627070497,0.009400182213597872,0.010008965043514763,0.008090556595408088,0.005160791318106931,0.00807568000210449,0.007434239444394734,0.009043932098389633,0.005099745606836223,0.004728867192851794,0.004390086907410478,0.009081404479551566,0.005869217651422332,0.010942018131991062
imbalance_prices - Short_t-165min,0.0033663797578192315,0.0037188193226756995,0.003941682356003185,0.004480192662211266,0.005684026679335943,0.004875364628089869,0.0036431580183029838,0.0035459043912035213,0.0040575012047374915,0.0039330900657673735,0.0037614334804848115,0.003447192498025288,0.0039007800407887885,0.007679142952249095,0.007926627363936858
imbalance_volumes - value_t-165min,0.001806915886245406,0.0010794682660966828,0.003029988815828801,0.0016512379979694743,0.0010814129473465074,0.0027653655780231928,0.0012425989195871806,0.0015768286980378434,0.004448986185545436,0.0015725440048809105,0.0014960597677672921,0.004528559529263703,0.0023054402135412604,0.0013206345736034564,0.005735818363178624
imbalance_prices - Long_t-150min,0.008343699452289001,0.0071092012619355955,0.006683265975685572,0.008634585248160874,0.007170499323151944,0.00675953522020427,0.007035666611525812,0.007693585819526561,0.005021013290552219,0.0050995267656398936,0.005820322549869161,0.0061342700604946005,0.00509182266778771,0.006661323794913187,0.00508024761296565
imbalance_prices - Short_t-150min,0.009708649260258426,0.012914087495717468,0.005039531592787171,0.010918589826721472,0.01229178990761011,0.0052588882514064605,0.007234689055025683,0.009687835132763212,0.003971556465183767,0.008490498266425676,0.005717374928539357,0.004564830161360078,0.004061318567521766,0.00805683707023536,0.0023740372416141326
imbalance_volumes - value_t-150min,0.0025371208672986542,0.0009151854157122302,0.007871567169895571,0.0009320509429444428,0.0016037665326111893,0.0069841340015773315,0.0008820959236936687,0.0021247781008610217,0.00592723381187534,0.002122132827315454,0.002900308148059139,0.008259834165917709,0.0023698273787335893,0.001407698299305821,0.006745835246423667
imbalance_prices - Long_t-135min,0.009028615277474273,0.01050702050601103,0.0019110115395787944,0.013633383480777412,0.010631519711721922,0.002495737035406023,0.013731097313204373,0.01415494249200458,0.0023329514699366883,0.013698913942106629,0.011990042143446771,0.0019616154348168495,0.011220270667021396,0.012539802179875551,0.0031542478762140716
imbalance_prices - Short_t-135min,0.0038270794954578377,0.002424010842152711,0.006278480366195254,0.0028845241441485996,0.002055618925502131,0.004283254335418178,0.0024416923361704904,0.003642009537265039,0.0037341810074894965,0.002767044469237561,0.006696957842990741,0.003219876999137341,0.0033786736366128024,0.0030074303092706032,0.0017518650053843885
imbalance_volumes - value_t-135min,0.0031678283794293522,0.004228631312482321,0.004750689299718942,0.002541516855709233,0.0038998126353071714,0.004522198639589078,0.0031705807627840843,0.003867114429558569,0.005477120294312045,0.0026856761755593653,0.003128496911544971,0.0031137811673870603,0.0020098399584098843,0.0025896384835705248,0.006637611182442924
imbalance_prices - Long_t-120min,0.010262024847654174,0.00897460238723943,0.004214935170865829,0.008672527326925774,0.01041427172243857,0.0031799204827893846,0.006953791160711262,0.00734049451282408,0.0038502621694469783,0.009871071899369326,0.011609434462923673,0.0027552410711246013,0.012286173165462969,0.011648898243664007,0.0037706387654261563
imbalance_prices - Short_t-120min,0.004064399536535347,0.002497554089057985,0.002183064333154107,0.0034699467258533334,0.0031333644653259397,0.003010116639190528,0.0031956446838303236,0.003231083269349426,0.0035042914212426693,0.0025585998266037676,0.005383429011080807,0.0033019984693819426,0.0026534203050450744,0.002911978134594847,0.00377506486399443
imbalance_volumes - value_t-120min,0.0031825310498679754,0.0034001322061376414,0.008831003800747568,0.0007786691920107388,0.002337479855975289,0.007909669119479077,0.002486209866357967,0.003509868515007838,0.009278159290868643,0.0018789028153842083,0.0017182480544379358,0.007038487753223308,0.0014901643575813068,0.004010949992443784,0.007371636284718989
imbalance_prices - Long_t-105min,0.0024059839080900927,0.002015358018583811,0.005893095574265317,0.005504194389349322,0.0019926348068313475,0.0023754014088010534,0.005201206882913539,0.005828426536829738,0.002546912050108993,0.003655851428165185,0.0037236322464978,0.002070427379597277,0.005851017791215781,0.010357782204201272,0.002250541617288036
imbalance_prices - Short_t-105min,0.008861930279083026,0.014321064115547415,0.002122295598020628,0.007876284642577957,0.009119379798160254,0.0028033135654387423,0.010100808873776713,0.010224958584272827,0.001763280677756711,0.008948999410438774,0.014197445451840394,0.002422461733797718,0.009305941236732906,0.009905695885734986,0.003982710937040793
imbalance_volumes - value_t-105min,0.0010160847249042887,0.000973370905257525,0.005372325522932442,0.0014376366688165945,0.0012896760883935486,0.006666544890373188,0.0011216485982660912,0.0020751680062489866,0.005847479244726855,0.001649206880566453,0.0017891439047243694,0.008944019619579194,0.0018937552810948546,0.0017224251328334503,0.009012723187277515
imbalance_prices - Long_t-90min,0.004501837072449234,0.0037642086560281313,0.005307696069958183,0.002419918438660716,0.004782797301815663,0.0037934377156270786,0.003404448803205014,0.006367517175942339,0.006047241381033246,0.006948931265160354,0.004071214845855139,0.004397646391425951,0.003014510091129523,0.0046733185536864995,0.003410516498431207
imbalance_prices - Short_t-90min,0.003116598321021229,0.0026402423895706875,0.0037324938599522283,0.003649999620242852,0.004422910631291415,0.0029975795561576887,0.008735245843399752,0.008486559952922789,0.0028537370384037787,0.005698444995679438,0.003953376615190337,0.003633232857851908,0.004340937250017305,0.007853601060956863,0.0030312809385584388
imbalance_volumes - value_t-90min,0.0016255903213620968,0.0016017793153915818,0.008270278956726542,0.0011433672128741818,0.0014036368227643833,0.007774470346086673,0.0011944687491193236,0.002151803320155068,0.009100210652482928,0.0013510125390439498,0.001909983249128345,0.009408528953426866,0.0011643797650031046,0.0013501590461364684,0.009052505706204101
imbalance_prices - Long_t-75min,0.008226629470844387,0.00879038863552887,0.010986678165071453,0.00855478579119881,0.006084403660181124,0.01249877883656336,0.009104561458974786,0.004168007816021145,0.011924963872937951,0.003884050392275185,0.006868393453859426,0.011524164323825971,0.008891522793523109,0.008572734412875434,0.006473372593944078
imbalance_prices - Short_t-75min,0.004894573893703636,0.0058908843263961895,0.0030030413570384554,0.0037560724541290257,0.008137253662359399,0.0027364283600243198,0.007324631304323702,0.008146450811240356,0.005272165666612636,0.007911676590047136,0.004283303526938653,0.002309811765574068,0.006834360925444344,0.009002538356406603,0.0019987060766275136
imbalance_volumes - value_t-75min,0.0014486783778265818,0.0022156551128809953,0.009200765592817333,0.001482957193047696,0.0014221180077411192,0.008132992916129296,0.001177344148526572,0.0013358809085602843,0.007022147907184262,0.0013543951260317044,0.0013760743115053629,0.006070824522306793,0.0014356482343509925,0.001029939467593067,0.005616841387585737
imbalance_prices - Long_t-60min,0.010328593114492832,0.006136091626427515,0.006199699447895455,0.005633056866364314,0.008657467354583786,0.005483772665366814,0.006529917548954473,0.005804733361505896,0.00810265546149094,0.006654170162701121,0.013905649351443117,0.009925572398591612,0.013995489125620224,0.01336419950471145,0.012102471155292734
imbalance_prices - Short_t-60min,0.028219157088726205,0.027452908844701595,0.0069423223931644315,0.020151231863346764,0.016678628805078914,0.010313918683335942,0.021032219212255312,0.020361696074607607,0.005238629554661259,0.017498115420516113,0.020888230268632697,0.003926971041468278,0.019552782873669457,0.017678346703381975,0.0040919575989184975
imbalance_volumes - value_t-60min,0.003041329401632538,0.0022720841106711304,0.01477784447176964,0.00327889919923291,0.0023549244730984354,0.013322162383308751,0.0014405880969600275,0.0027648129623921705,0.011451331431147991,0.00202221905645456,0.001952967222492589,0.01128093935144716,0.0018705474163819532,0.0014629958137657012,0.011738685482941946
imbalance_prices - Long_t-45min,0.0438055238404213,0.03984575015425799,0.005213732952993269,0.03668095932336291,0.03341933018468262,0.0063034613572066295,0.03108933215934667,0.030122463435167446,0.005686103779852601,0.025313354766090014,0.021715457067133685,0.005206494837969558,0.02478866352258774,0.02336711073928018,0.005083084455286553
imbalance_prices - Short_t-45min,0.04294494463245792,0.04427426212950377,0.004394052244756267,0.04067409150074263,0.036201827291206426,0.005708425403841829,0.02942586972034769,0.03120021038795676,0.007987686949330964,0.027456327407242496,0.026155048616089516,0.0045683773874088725,0.02133408667940239,0.018884049672735274,0.0062167295075782935
imbalance_volumes - value_t-45min,0.0012760139851396843,0.0012935686702039676,0.020253494360658805,0.0013785882597967146,0.0015938315786238491,0.020567967785318615,0.0012897231157739952,0.0019005545739607895,0.016421011651458685,0.001449912512783385,0.0011640571990269564,0.017037713544530562,0.0010062428033925245,0.0013213244363660124,0.016217725749593227
imbalance_prices - Long_t-30min,0.06072752114987816,0.05783809183578705,0.006562816447283694,0.0543881207855884,0.054579837359386145,0.00650104795772495,0.04955156982470362,0.04614865832644864,0.00836155015382974,0.04475705799119896,0.044432747628601645,0.006783068444445235,0.04267269418109208,0.040916424149632806,0.0034452920675075802
imbalance_prices - Short_t-30min,0.06331831225624046,0.06421041933546076,0.007944635988653317,0.06307909189685597,0.06487843464774778,0.002763854523022019,0.05373900713270996,0.0582243362421068,0.008898675022040153,0.048225646547070934,0.0497182994999821,0.005360384136452467,0.05095738299472032,0.04558794997155201,0.007178729755018139
imbalance_volumes - value_t-30min,0.009312420032067167,0.008951147156050865,0.04723762453737436,0.0068031143249349954,0.009756983622884945,0.041543381569324994,0.007507412329752696,0.0078049254183233645,0.039601022760441994,0.006634052219504156,0.005465599105395086,0.03159957209229469,0.005242965127076786,0.0067141017598296455,0.030096987569588236
imbalance_prices - Long_t-15min,0.11912581735099957,0.11925864998446195,0.03276679325626446,0.11021426993075875,0.11048744498705491,0.03222853286532336,0.10772496249288088,0.1061853927524644,0.03167331744529656,0.09868645865941653,0.09575194389733951,0.02628814951500681,0.09307515344712737,0.09129102190193952,0.019141316704583005
imbalance_prices - Short_t-15min,0.12273456857522251,0.12054185940607567,0.031492266178109275,0.11613616089643074,0.12078935203891888,0.027702449497472116,0.11212673589106999,0.11739798962842905,0.02669275365155045,0.10562466279295041,0.10779118733735231,0.021908157591322377,0.09361911428091116,0.09576209657127038,0.018338290238818444
imbalance_volumes - value_t-15min,0.026968216964571183,0.02763003284690785,0.0821080423919484,0.02375812799419509,0.025835606715350876,0.07520715459610801,0.02238534368907858,0.02531258594233077,0.06474040365958353,0.02156684549813508,0.020465674935581775,0.058482626397977584,0.015253941416105591,0.01784124294040521,0.05434189216908999
intraday_wind_and_solar_forecast - Wind Onshore_t+15min,0.006659988216511693,0.004839067863283617,0.005056833507727788,0.012015073600280176,0.0035681068745573442,0.003996206078064461,0.004017182865834229,0.005325182949149166,0.003383769621688714,0.006742205658903004,0.0048076748029479855,0.007085338878339826,0.004207994971612607,0.0032637213173159125,0.0022182775231996176
100m_wind_speed_mean_t+15min,0.01319597634087313,0.01155624406066636,0.002295934725992083,0.016844392347571558,0.01421558862393249,0.0027398854291013778,0.01647378597263014,0.017429349116777303,0.003389180780641254,0.015001967618351045,0.012350170438611712,0.0025896333739892723,0.014206548970712902,0.013144952881502832,0.0029468945405133127
10m_wind_speed_mean_t+15min,0.004597751766189504,0.0038975015382857236,0.0024255465898359034,0.00403732318066875,0.002230764274198009,0.0036607514364186498,0.0033732805547983845,0.0021281290885110595,0.001989755860489481,0.002716814237653125,0.0019005503396310815,0.0040267460319264505,0.0024784474691259676,0.004830299993198423,0.007143508941109758
100m_wind_speed_std_t+15min,0.005568742506187846,0.008509494666242972,0.004185810519883262,0.005230141478561563,0.005372204798735765,0.005911779965661936,0.009043559507108511,0.0054354304646039965,0.0037080454356810152,0.009033239243741263,0.006378724001639057,0.005067258354847582,0.007027661509462632,0.006986511663226338,0.0020312066630740447
10m_wind_speed_std_t+15min,0.0025972929435620243,0.009376687271635091,0.0023757239212472995,0.003816912775954279,0.001936148027416948,0.003339372245973209,0.006457019348184986,0.007276510215728195,0.0026436195113396935,0.004158583534205718,0.011276954320413098,0.001856910396160856,0.004118307625636589,0.010002966217354697,0.0026798818159159054
wind_and_solar_forecast - Wind Onshore_t+15min,0.005830876477758693,0.010006841089435512,0.007464752758089844,0.012583071004097291,0.009700320096071665,0.009935602795723298,0.012638547681848649,0.006470286275824037,0.010333369147847406,0.006579536256291249,0.003336669452438855,0.012828097188907123,0.003268520966341839,0.005591921436584172,0.01158130262224222
ssrd_mean_j_m2_t+15min,0.006157692386048438,0.00898580236156704,0.0029552827338986845,0.012534428939325153,0.008264808699848799,0.002815587280351792,0.008459366731636692,0.006650615808868679,0.0046971822300019995,0.004306176791401412,0.003117012967080882,0.005210513931626338,0.00790059038505933,0.0037894839351338304,0.008514647506102847
ssrd_std_j_m2_t+15min,0.003310714274302882,0.004550596518762177,0.006335900819136441,0.0028212888264517915,0.0020953574416107583,0.009053683985315728,0.001989352707088983,0.0025734841867724755,0.010302865466284856,0.0069171979984876085,0.007210751588296262,0.014110888252049335,0.0037475374571113206,0.005389118972207143,0.01325579081743217
intraday_wind_and_solar_forecast - Wind Onshore_t+30min,0.02075957232383371,0.020076191409782042,0.022809114965351908,0.018975832756405,0.02590556985529247,0.024014939497894374,0.024140463212606846,0.027093683119517663,0.018518345067474,0.020709951461933086,0.02498241208161926,0.02021258426413988,0.02277254266673117,0.021171924953057895,0.01806657856423408
100m_wind_speed_mean_t+30min,0.006629491424006119,0.00937139295678935,0.012611165620717657,0.0068169485983380585,0.006741409510774247,0.015472282921589794,0.005997998567024752,0.008477117801754502,0.007572235943676788,0.012029293699335539,0.008274945883204054,0.009832202798414073,0.0060716659698227884,0.009133233651494266,0.00788805709229564
10m_wind_speed_mean_t+30min,0.004678192882908661,0.006823108618187689,0.007836594671134662,0.008956829739974637,0.010997308492187585,0.012028948637991562,0.0085682070964358,0.005152475304334075,0.0047226991332941,0.007160141713274243,0.007228225994045715,0.005594209819077946,0.001973713111119082,0.004164816036825982,0.007627596268226625
100m_wind_speed_std_t+30min,0.006939221003976854,0.009054050623886725,0.002425881176501207,0.006138182588627387,0.005579913664341689,0.0018773644673392483,0.007233088059336297,0.006864645244693747,0.006104339098223136,0.001970231713204612,0.004332646571740497,0.003194244587879439,0.0020656512234618275,0.0036350833581886947,0.005159992416300156
10m_wind_speed_std_t+30min,0.0029524725442952333,0.002029099027316988,0.0037029877222030335,0.002358543026992663,0.0021979307165430413,0.005971731849560456,0.00384309031048997,0.002852558964767013,0.00655919826520767,0.003063667238191556,0.00554700212660191,0.0027269904504864826,0.005504133715588068,0.006506200700097679,0.003924210429060622
wind_and_solar_forecast - Wind Onshore_t+30min,0.004190991734540148,0.009581908746869885,0.0032319337665503555,0.008576894176115502,0.009403712290462864,0.004886473619899334,0.008512911234738567,0.009711982055991485,0.003045642404445971,0.00932270058582435,0.007883979885962162,0.004894726727296529,0.010057867260400599,0.013148030025535263,0.002359258192727282
ssrd_mean_j_m2_t+30min,0.02403625234949868,0.0256151375368936,0.022324358357232996,0.024821843820183858,0.02638600219239379,0.020942110834955202,0.026495343175018206,0.02730586679186672,0.014562522102045478,0.028035814382252285,0.02708868485300627,0.015483825819828781,0.028599091565425623,0.024729188867859193,0.01625606096215779
ssrd_std_j_m2_t+30min,0.005182245795120252,0.006982404906855664,0.01372734371900151,0.002344111910032552,0.004774470188882333,0.013612973612005589,0.002463723026772641,0.0020597674621812985,0.012939208886469714,0.004357668595684118,0.002093931787429028,0.01738007519974144,0.005071654478387245,0.00190372036806275,0.011411702719415188
intraday_wind_and_solar_forecast - Wind Onshore_t+45min,0.026779857864290536,0.02879798707763257,0.03372590393933933,0.02926018908683909,0.02563144418774891,0.0333958635609597,0.030471010754630698,0.027301257026265374,0.032466510814163484,0.03242851402619271,0.029402906953488128,0.026656809871288715,0.02463941320871527,0.028472583127353575,0.030779535862169725
100m_wind_speed_mean_t+45min,0.007097550403463174,0.005071220749636268,0.010656953999256076,0.006055096439672525,0.004547957623849228,0.01252145591637236,0.0050993963656487725,0.002051841997596057,0.008608465150551638,0.00493428304605343,0.0017430160902081298,0.012521766927027785,0.004447591078771438,0.0017084942447559116,0.011915367596753868
10m_wind_speed_mean_t+45min,0.012392497564339465,0.009475811119742503,0.013909170954400906,0.01212275096452322,0.013282789226852401,0.015777722110142348,0.015502137194556781,0.01309130823239684,0.0159733958903671,0.013128781311112107,0.013305646274748142,0.013429580930416705,0.011950103404822585,0.011135754340393305,0.011257519812461396
100m_wind_speed_std_t+45min,0.0028004822360453547,0.0030733270323949,0.007204100277172984,0.0013768572946991071,0.001709630369829938,0.002173077984336032,0.002222690020440041,0.004460224128364643,0.0027930890460866067,0.0020991571741521965,0.002038344089759903,0.002342374307663249,0.0056709760372796155,0.0022530236076272556,0.0023617444593837717
10m_wind_speed_std_t+45min,0.006235696622392425,0.010616870423807996,0.007120994933084148,0.008183876200113446,0.008124809758017364,0.008229375257680659,0.007983926982622506,0.009070164008357097,0.006827356525554933,0.010394123960126308,0.010340161951383152,0.004724698274763796,0.005051524040715776,0.006490327311976216,0.0034293130974447196
wind_and_solar_forecast - Wind Onshore_t+45min,0.012183802818075492,0.005532477118838869,0.006348877462682595,0.004115686233304586,0.009023669846603298,0.00467576281295078,0.008034101750772606,0.00941456531208496,0.008621667379964492,0.0042722794512083054,0.0083843188011233,0.002604781832284061,0.0028041254524902113,0.004729190296146954,0.00499038207040212
ssrd_mean_j_m2_t+45min,0.029453463699664468,0.026017593982076506,0.03396653000600054,0.02563114979743841,0.029462542263579052,0.03483359643470613,0.0238856773628504,0.02721119398996234,0.03265494843776105,0.029982058548237548,0.02634019648785761,0.02559348326944746,0.025732228573659085,0.02766381087062473,0.027150144909450318
ssrd_std_j_m2_t+45min,0.0028629096104472182,0.006489967460860498,0.005403804703422736,0.002880052641698967,0.003154893743880166,0.004178967131936588,0.0026607678836744527,0.003085673082149242,0.013132750835800835,0.002831641919176036,0.0026676655374822077,0.004049443781175797,0.0036055056593786504,0.002575262518188083,0.007997279621687994
intraday_wind_and_solar_forecast - Wind Onshore_t+60min,0.010636077139508416,0.00717902755097748,0.02138189274627075,0.006367177106754866,0.013157583784624876,0.021224133857758717,0.011766525456307136,0.015776493156205107,0.016581510997661097,0.008550164382817457,0.009688423620034883,0.01894412142861984,0.01037511963956058,0.012184419313125545,0.021146363907289925
100m_wind_speed_mean_t+60min,0.013210659940305049,0.009628480395507722,0.007689679292119763,0.010866656933751074,0.009233222770069006,0.005912492994722925,0.01491040950754541,0.010546820805004246,0.011213522492587799,0.012386908470733033,0.010927072154983761,0.010299043543794597,0.014333972413576703,0.01559232526971755,0.010639580093138647
10m_wind_speed_mean_t+60min,0.012383132433140417,0.013125949114859396,0.010193193148486898,0.013825068559119245,0.010137493618027292,0.009508781358061241,0.01197061061547629,0.010193113448616713,0.009000974392532952,0.011474743809651045,0.008348565332211365,0.012678486176395382,0.01387860738839663,0.006378194655190782,0.005158598366477236
100m_wind_speed_std_t+60min,0.0021748372592955683,0.0049454434825818225,0.003003661554372229,0.0040528755438490405,0.0054459568023457906,0.004062542106152705,0.00202741891676186,0.0031013998249995894,0.0017631191268758356,0.0025353465938560476,0.004078198708225045,0.0031353352429987352,0.0034473160982633998,0.001637520860933364,0.0027547527460410493
10m_wind_speed_std_t+60min,0.0026555015662761434,0.004695095300681715,0.004385787648821861,0.005559146187086299,0.004192697406226216,0.0028986236725377238,0.007850963997743748,0.007833165842181187,0.005716386737316497,0.010285322213036125,0.004732931608672516,0.0072148526280070655,0.008984192602911776,0.011878988531354025,0.004846455469405555
wind_and_solar_forecast - Wind Onshore_t+60min,0.015169984543244936,0.01517467529469286,0.0071439520728829396,0.008196039738577384,0.012931924272183096,0.002479111334333311,0.009455711854847323,0.005800370499297059,0.0034534730536834105,0.007012195317165606,0.0035502264906353957,0.0021050081619486036,0.002557869066267813,0.002369697839445507,0.0025644602344546
ssrd_mean_j_m2_t+60min,0.034869795141305074,0.03768462765145523,0.016678178823960478,0.036946508219043606,0.04138077976173372,0.02378238037063784,0.04390788848453667,0.04669768012294298,0.02190305581118628,0.04511409012589138,0.04603680428210646,0.020050194725161417,0.04392417130654212,0.04872890173754422,0.019879083492211066
ssrd_std_j_m2_t+60min,0.007724775133193475,0.0036010203263012954,0.01834964971408772,0.002959898788650662,0.006408013783860043,0.013949162187738694,0.00284935392970965,0.003505209999612816,0.009965504570664052,0.005731486727036099,0.003176392111428868,0.012893151987896999,0.003723154523917401,0.002783148468653053,0.00828903974404784
intraday_wind_and_solar_forecast - Wind Onshore_t+75min,0.028325990071345588,0.0315627637883299,0.031240784111781977,0.024320338079880457,0.027635445095449542,0.03160911131168541,0.03086249107104959,0.030465870035230182,0.03028232191483403,0.03226514886612131,0.03521174554992467,0.028039529963149106,0.030194661020301283,0.03266861862287624,0.025818254620242443
100m_wind_speed_mean_t+75min,0.0022855181479999372,0.004750988292043076,0.003278953213482964,0.002088176767436494,0.00326868456493321,0.004406914461756969,0.0020019811331120534,0.003141402274748543,0.005158442783560076,0.001874851712718737,0.0016422273587040762,0.003585916984553478,0.0029764546113974573,0.006924931156087041,0.00895613644901823
10m_wind_speed_mean_t+75min,0.002383911975307001,0.005891702188859199,0.0021701124698774946,0.005291727092629117,0.006157173791187233,0.003032839300178239,0.004586215456161881,0.007760743764596555,0.006995107968823163,0.00824558341168631,0.006001700463430098,0.005250916992179554,0.007734333090338623,0.006611729502801609,0.0020425210805560708
100m_wind_speed_std_t+75min,0.005587551166063349,0.0076477353560912885,0.003375892461578587,0.0036926882069792553,0.002701587103183556,0.0019435845384559798,0.002528214035409292,0.004173332573856896,0.0032224441974340154,0.01013713159316103,0.005199538503693944,0.002110250262259342,0.004450243998948281,0.005705556615634123,0.001548414219145684
10m_wind_speed_std_t+75min,0.007729619287671085,0.00364564978063936,0.011785406729206443,0.003322329276374603,0.003410535109345602,0.007668988953537337,0.002544339008472889,0.002216883816911604,0.007772467122577837,0.0019836450686198078,0.003650658998380322,0.01114029706458325,0.002594910612782769,0.002487372103276357,0.008740628001731239
wind_and_solar_forecast - Wind Onshore_t+75min,0.012133714981586764,0.00914704724380499,0.0027124624480006788,0.011440829000466692,0.012096074082082851,0.005601021250449776,0.012575846777850529,0.015055546501083882,0.0019375405613550356,0.015258289401230286,0.015305850296921563,0.002020891065563774,0.015538323290809786,0.018014389464040506,0.002215104699141193
ssrd_mean_j_m2_t+75min,0.026039092332764996,0.026183908456790958,0.01956035862355202,0.0274216237499204,0.031093741503427738,0.02199010829179315,0.029977069966262208,0.034496811473509296,0.021055958691033085,0.036352145492041014,0.03498051575018326,0.021691242023181984,0.031566101775853894,0.03202313226707338,0.016890415177040267
ssrd_std_j_m2_t+75min,0.007998524412041661,0.004433054822759005,0.002413463671573254,0.002849029237725745,0.00473596236119738,0.0051326149616616025,0.0020179701695242328,0.002209175376046915,0.004002988363976328,0.0017836153477655899,0.003423537088149715,0.0018151458851029928,0.003553939977763548,0.0021921938163313825,0.0019430570443951182
intraday_wind_and_solar_forecast - Wind Onshore_t+90min,0.017454561737882613,0.020705473657719266,0.021469449340002028,0.017474102315638448,0.02041177394420083,0.0253396994321447,0.01724239466738072,0.022562577305132437,0.021194000741299533,0.023320329861948267,0.021924331011992763,0.02150752407937762,0.01745270374316533,0.017320860727879334,0.01823710493852286
100m_wind_speed_mean_t+90min,0.00454184982701372,0.0027226381964173926,0.010164257121989068,0.0018925436423560314,0.003058559033961501,0.008256865671426568,0.005066091903205234,0.001635151697573633,0.0132875560731336,0.0019286959848013794,0.003152992683539196,0.017299434717104305,0.002665266000361953,0.007987929714261554,0.01004731920803897
10m_wind_speed_mean_t+90min,0.0032061556484341055,0.0025344267864948053,0.003525006783047047,0.0049155638312640805,0.0039730680762477275,0.006480868323524192,0.0017383878852419911,0.0071701523525002815,0.002821654618452158,0.008236782577991108,0.009705314545280999,0.006302542955254466,0.008977047491873237,0.007523642212610866,0.010776780849744682
100m_wind_speed_std_t+90min,0.00891774883459766,0.009106022962119027,0.009127435106389385,0.008624877241178183,0.006965651475864434,0.012640462089519133,0.00476317266975093,0.006809141929108592,0.008812099551329083,0.01147403148804733,0.007761826308511445,0.007561937843895066,0.007733866742637474,0.010202818752986786,0.009318136887758555
10m_wind_speed_std_t+90min,0.008512950356469446,0.009828893806188716,0.009174100989774161,0.009124326203531381,0.008673175856296438,0.014923085887916385,0.010715647243820058,0.010802005625881066,0.010854570348787092,0.012493058580468641,0.01233818981913646,0.011099698618047113,0.012068539737068932,0.0112155398592256,0.015619087310202303
wind_and_solar_forecast - Wind Onshore_t+90min,0.008343884542882733,0.010458996891768038,0.007909429466241819,0.009793612514968117,0.008153109030479755,0.009141510348417797,0.01392724985111272,0.012116735411342233,0.007149259644909762,0.009944697573457234,0.007134472731246205,0.0029869343541204215,0.00605829537957743,0.009958539142593509,0.002477723210780823
ssrd_mean_j_m2_t+90min,0.016667564497591228,0.017518253808091685,0.015986561770485422,0.019528365120466334,0.019530635125091067,0.017097439774992382,0.026636104273493402,0.024068819937107036,0.020093593443816643,0.030800206945816172,0.03426213075558189,0.017276128426703508,0.03284857747692149,0.0378678968322929,0.024969267458363902
ssrd_std_j_m2_t+90min,0.005504993085283786,0.0049135606473591905,0.00406837851957971,0.002991213108500233,0.005495809936011938,0.004291053274102069,0.005153779085550013,0.004980329773119593,0.003498429286006285,0.006821919519934454,0.007913045036089897,0.0028401632596724083,0.007481582482916565,0.004991974425447552,0.0025373617772656873
intraday_wind_and_solar_forecast - Wind Onshore_t+105min,0.0055954205437001294,0.0037886282994454633,0.015504527397344646,0.009806917097907222,0.008866486437093044,0.017922717087581988,0.006100719951107749,0.009665392325605354,0.021336658715514205,0.01380319347573095,0.00886006980215825,0.016238250333719405,0.009278136661414464,0.011127068574387522,0.02109657645464904
100m_wind_speed_mean_t+105min,0.003860421516448696,0.0045103387218146055,0.0022962087117866757,0.003985368597566776,0.0025792162292018477,0.002426269286385832,0.0041558699682536825,0.005679638345789499,0.0031013156683802664,0.0061828032705270744,0.0021520614583446333,0.004480997152855707,0.0036804931086080613,0.003493923726240837,0.013232563722196573
10m_wind_speed_mean_t+105min,0.0071343955781776455,0.008519059321977693,0.006519603754910349,0.008835469116063905,0.008037379137083918,0.010596625307415706,0.01695534590719535,0.01030483743111472,0.007698043659765972,0.011608065901432383,0.013820273425866617,0.014218718298000794,0.01694747151998672,0.015666970541751653,0.012816740836506142
100m_wind_speed_std_t+105min,0.003380969188752715,0.0042456198969812245,0.0037009638541931054,0.001982488586834222,0.002277185665642719,0.005297971594161936,0.0019185732433325028,0.001650292562397226,0.002573392095892814,0.0026102125983816222,0.0018789351859650196,0.00271354055383199,0.004535263755465621,0.002275165735237433,0.0032129159283367697
10m_wind_speed_std_t+105min,0.0021387441872866477,0.0029873891605202516,0.010109007714801919,0.002510959218348944,0.007283962236719162,0.0073059022876077505,0.003736987678093783,0.007171575641292293,0.009585620084647872,0.0036495239163486987,0.00878397870288336,0.007842659031917719,0.002911406636812899,0.006564578231659652,0.006837588952772421
wind_and_solar_forecast - Wind Onshore_t+105min,0.0047883307265256005,0.006036905604218191,0.01646850301244558,0.004914834836293949,0.00554170573753072,0.016479465489232098,0.004340299185820186,0.00315525250495557,0.0120387266861253,0.004376249648588782,0.004031265405490558,0.012741896850151533,0.0034287128857704375,0.003253187123891621,0.009977563470660243
ssrd_mean_j_m2_t+105min,0.02873298773105489,0.02475295556600031,0.017807989606051705,0.031127416537434328,0.02510636599263671,0.015401396110741188,0.03097824037063401,0.027507042622240987,0.01934472236892907,0.036693711500556676,0.03507110329135321,0.026085132077190792,0.03830429655045737,0.04290741500479635,0.027175524321501145
ssrd_std_j_m2_t+105min,0.00725583553020806,0.004799926395677175,0.003872720079379178,0.005548485979548786,0.0034485954998253873,0.005642792498183553,0.0033361971119893496,0.0032422183434591715,0.00523020298919073,0.003713240065562786,0.0027904773353370728,0.007047808020870434,0.003606237106580011,0.003030948002651712,0.001929685535707847
intraday_wind_and_solar_forecast - Wind Onshore_t+120min,0.0034940233760917183,0.006496724526583421,0.013055985964201681,0.003075558627063401,0.0037489127085709698,0.016338197265868076,0.0079661772362997,0.00678246296758698,0.013002483201824361,0.010962167945268447,0.008927949302809794,0.013254640503910196,0.009555084203944715,0.014646883590503422,0.021988886097600698
100m_wind_speed_mean_t+120min,0.00336789328854411,0.0046535381388730455,0.004708777042909788,0.0034180352407583996,0.0033645559411415887,0.004082965823614359,0.004672859173027064,0.008498471574395353,0.009362397135708307,0.007136615758361586,0.009602389631218101,0.004472949695960324,0.007134000330046547,0.012044505946119898,0.005681519034584199
10m_wind_speed_mean_t+120min,0.002255883396148192,0.0025791621193275204,0.005655760088498937,0.001951128677712404,0.0041230634579551406,0.0049598818123558885,0.0021507491124830268,0.0020466842929527046,0.007665914593668276,0.004495779657048217,0.003943116963878765,0.0033605869054190406,0.004136632114990789,0.006531126690937526,0.0034681255054128998
100m_wind_speed_std_t+120min,0.004159215971134472,0.005216480823277379,0.004285538723943319,0.005977093297890861,0.008377188436730649,0.003337025301070753,0.0036964777646053336,0.008273981305072084,0.003758468816980894,0.004014617093944252,0.004141302631309372,0.0017606151391564707,0.003812061228795983,0.002508094799049104,0.0024249327747875213
10m_wind_speed_std_t+120min,0.009416679480971652,0.008006033001089236,0.002843002306305607,0.012636319762685162,0.009839184654942074,0.003300604590225703,0.012007574482670407,0.008926080228444334,0.0039053430605063113,0.011006194652851263,0.006469874053374952,0.002209263303670923,0.008698046921040259,0.009832385049717231,0.0052436149839020065
wind_and_solar_forecast - Wind Onshore_t+120min,0.0119009853682619,0.013719797906829626,0.02859715632512234,0.007876117784040616,0.0075092619174465655,0.021276853551957173,0.009128978811953858,0.00485603182878458,0.019855997104590642,0.0026633455573246466,0.009558603536658779,0.01691092161079723,0.0032027140384091124,0.00701929761190695,0.01859462260313012
ssrd_mean_j_m2_t+120min,0.023142980825999984,0.01823078787459235,0.0076383358194871106,0.01807307849427343,0.020663582263812715,0.012030908660322893,0.02591405572323947,0.024958765295450575,0.010252760019604465,0.028309692123635613,0.03230479066177213,0.01097332955672755,0.03883873871240939,0.039204928005230615,0.01269279672000448
ssrd_std_j_m2_t+120min,0.00905793334747068,0.009998996022699316,0.01067589087210945,0.005688731577276485,0.005661550932414684,0.005719151550882998,0.002637266515617739,0.00358614354490237,0.003293926630217811,0.00376032616847624,0.004412837148113795,0.0035613167527608312,0.003056403886883345,0.0030464686020659428,0.0035799933775498686
intraday_wind_and_solar_forecast - Wind Onshore_t+135min,0.007848161638212331,0.009906462502707655,0.00761615349422209,0.006725728689340826,0.0058478629519449895,0.009355240530226183,0.006565326476244081,0.008172612147984181,0.010886469764978755,0.008307355542836832,0.007157119179389611,0.010911155561999295,0.013164445530323064,0.007153727792785503,0.012503953105418986
100m_wind_speed_mean_t+135min,0.010794772566272513,0.005833317311724386,0.009671887665421309,0.007518911600123829,0.004894220680307626,0.008915547279495513,0.008307612102813437,0.004920486684430216,0.006426899108748785,0.005084506329063515,0.005766762327841206,0.008384573482300766,0.003208201695106254,0.006842591336010628,0.007695787682322134
10m_wind_speed_mean_t+135min,0.0031807033732944206,0.0021400334091521245,0.007396322373257135,0.007974269030495635,0.007637676888805799,0.004319882532230622,0.0066111875767529684,0.007245305794821434,0.004182157906568136,0.005604981677821343,0.007918284407463944,0.0035364164472393893,0.009331450508558192,0.0077218220349204785,0.002330191100726324
100m_wind_speed_std_t+135min,0.005173491483169983,0.003141054402415648,0.006905431605846388,0.003851306477241451,0.0013048871852801085,0.007966415379898536,0.0017515955565813783,0.0016509292398877733,0.003836899435214036,0.0038859641225594713,0.0017517562278653712,0.0020276268544148477,0.0042723027495812855,0.002497809948268696,0.0033649501837971912
10m_wind_speed_std_t+135min,0.006192350378278207,0.005644425532562309,0.007900854690840788,0.005943236265879023,0.006611244147505204,0.013017135834297732,0.005433124379750552,0.004606647050288302,0.0071463139851617825,0.005167227085959894,0.002483631911619568,0.0037622132155538564,0.0038250397099318435,0.0032263352296383802,0.006940970167168416
wind_and_solar_forecast - Wind Onshore_t+135min,0.008231428203151836,0.010585112618649873,0.0030093843542535977,0.006068257124508819,0.009914733697129122,0.009865108157817304,0.011087123749737656,0.013568120737563732,0.004787207710397525,0.01064148258757632,0.011903774805203283,0.001879657035027776,0.0058921840737912136,0.0147919726997834,0.004724470043894257
ssrd_mean_j_m2_t+135min,0.014358338091245969,0.011135507975842302,0.0035196803338403697,0.017097059143226942,0.01586339259773922,0.0034053661644757086,0.02636840952946659,0.02448649297389784,0.007516308785031256,0.026737026089191204,0.027412181909981882,0.003007276634376467,0.03669985954486765,0.03454967336496338,0.006744508610572666
ssrd_std_j_m2_t+135min,0.007692674402732336,0.011124635374031642,0.004190246876010406,0.004340303059580037,0.003852478327415156,0.005629035384803501,0.00410480783595267,0.0037311638385981497,0.008020229467428634,0.003661184313130434,0.0034594613171163927,0.008469955101030791,0.006212068101669501,0.0059575411197220094,0.007666999299798135
intraday_wind_and_solar_forecast - Wind Onshore_t+150min,0.010859463073153166,0.009926184361473134,0.011568961229277192,0.004866264023825806,0.006669138945495888,0.01258044838051137,0.0027190036827396398,0.008353433614978712,0.014710132971734879,0.006355563677177542,0.005455397004963288,0.01047628196478763,0.0068168656462949005,0.007830121755039728,0.013436893587644591
100m_wind_speed_mean_t+150min,0.0028016844638436853,0.004495540140936555,0.0019654021305590278,0.004028608631366339,0.0057587831556801345,0.0016466556124942145,0.0044043754625904515,0.004361899848841859,0.0028516067280088464,0.0022138757834882197,0.0018712566462268114,0.0022547077518479453,0.0023878162312412315,0.0022360372321518296,0.0035455101946058674
10m_wind_speed_mean_t+150min,0.009309502073289422,0.008437445063616905,0.0184170791091492,0.010727647582185454,0.006815182548991743,0.015501784699237759,0.005580941442605763,0.004901391636334665,0.012229122188698966,0.0068901642845121385,0.006029839829308003,0.01230538813646217,0.004881210604501802,0.00523242407978978,0.00879095275153668
100m_wind_speed_std_t+150min,0.0032893575942352983,0.004664928678987053,0.004550549869603856,0.004342090988358905,0.004913046267904065,0.003025940283982209,0.007151934326517221,0.007845133341495966,0.003003581101144846,0.007558612266053388,0.004706562208146352,0.002190043514485751,0.009478546993992495,0.0056826075736108525,0.0018115849288196841
10m_wind_speed_std_t+150min,0.0020569414456822416,0.002340849741125112,0.008330538976020761,0.0030931880174030085,0.004283555656733142,0.007652931075550441,0.006046314933849317,0.0037860396227624733,0.008110132074107242,0.006951157666688232,0.0027039728497456963,0.005493223515842146,0.002215550402998815,0.006384174413975416,0.0028888589952198343
wind_and_solar_forecast - Wind Onshore_t+150min,0.005257888775169704,0.0035613145544321012,0.011001010211071844,0.004846900747784048,0.006604496081548859,0.01506908592638331,0.004823726479909965,0.007458101696240192,0.013751131902325141,0.011274151558238372,0.006560874271730427,0.00879116202991122,0.006726655376962299,0.007810106169017672,0.010148793473283148
ssrd_mean_j_m2_t+150min,0.020533043202478438,0.02162256392195559,0.00394521841049027,0.021299397077789762,0.02735106246403302,0.0024064458234411175,0.022745908429526025,0.022554011911299313,0.001931006870332567,0.02901288931678573,0.033925813996931536,0.0066749474657481185,0.03252085608545167,0.029068617771044955,0.006583029929272016
ssrd_std_j_m2_t+150min,0.003764559833660314,0.003442298137902526,0.01004602430187333,0.002948685151728613,0.0028124102751855844,0.015124285355414031,0.003716736829854199,0.003010781633098304,0.0050991850069503925,0.004933814029190216,0.007456747741856816,0.005959139841809701,0.004746361384922693,0.005618033609765916,0.005885540497220063
load_forecast - Forecasted Load_t+15min,0.004230890840817665,0.009759456912936003,0.009614458385356557,0.009642129143161583,0.0063213531172638115,0.010665358358179219,0.0038401994342284525,0.002506108713859703,0.013256867299312034,0.004380662115916721,0.003442815143867847,0.013266254710521026,0.0018931439204898197,0.006388389216708674,0.010577477931605244
generation_forecast - value_t+15min,0.03203013254395046,0.03073912746001588,0.004957098370425229,0.026772937151188673,0.028478659112297463,0.0036147700589826853,0.022725825970323056,0.022604646833482546,0.005144087151336862,0.01864092795369652,0.014846075753303012,0.0023294297176439612,0.014458261479816428,0.012302249860891607,0.005604494293494554
load_forecast - Forecasted Load_t+30min,0.021119449570262076,0.021448209979367677,0.00605993508780739,0.020017365467523633,0.022007730579643975,0.005281540163854515,0.0175785411475008,0.020402632380737487,0.0050272922201697835,0.018040421093954137,0.015724933517107274,0.007424577623063669,0.014794674126609607,0.011557317041409988,0.011225442535651381
generation_forecast - value_t+30min,0.03179328433207047,0.0403288585224509,0.028785140209787643,0.033073502438579455,0.03752255220507504,0.02847784103736558,0.035768854154059226,0.032796215035166824,0.019179875219473615,0.02842070015544596,0.031119486880792465,0.01937549897810095,0.027614637402672088,0.027394316321209772,0.012131903177702043
load_forecast - Forecasted Load_t+45min,0.025559233883730485,0.021709158343670425,0.003713941613343195,0.020310247589877692,0.024895463477441808,0.00371476339563651,0.02370410857416573,0.02657008500074153,0.00341347923359308,0.027647037764179004,0.02488418662265758,0.004132884229278716,0.024454301666308312,0.022663412227644585,0.006896062923799036
generation_forecast - value_t+45min,0.036022332319320415,0.032512318974557274,0.016619344375867512,0.03489550783520099,0.03411378517880803,0.016149320403841556,0.037620072343503126,0.03451526484025817,0.015016002257500077,0.03580005592707312,0.029803025421628264,0.009308219272141286,0.02798534536583611,0.03225330824396224,0.009838247909821803
load_forecast - Forecasted Load_t+60min,0.02359033813554561,0.02372331253401353,0.0020538603733780292,0.0357504058022023,0.03245762206314248,0.002559693667435795,0.037316431363424274,0.03646686950523872,0.003471743438716658,0.04118949454492838,0.040458768784767014,0.003716792404109583,0.035287538707925704,0.03925822571433673,0.002995716673329298
generation_forecast - value_t+60min,0.04134247075355961,0.04060576697919169,0.01698414322535973,0.04667494584864471,0.0416519223456271,0.01963388741633389,0.04565125960082514,0.045272568025975485,0.02387708240779466,0.05700637937959982,0.05041551694064401,0.014865800152430893,0.051630768306553367,0.05105887020449154,0.020877229320529295
load_forecast - Forecasted Load_t+75min,0.018559873621503357,0.021692828486389773,0.010200904200658441,0.026614659160356494,0.02888300554880698,0.0059783457944085966,0.02955848297331977,0.028641105335183964,0.0030387728484901687,0.03367490981607989,0.034780465168485535,0.004578061905382128,0.036179609999417155,0.033689846122164455,0.0035599664289511566
generation_forecast - value_t+75min,0.02594845102574618,0.03130536097212826,0.02591822077948018,0.028849409538917827,0.032181786107365044,0.022715258957716287,0.03443830717520905,0.03551635543407008,0.018361143124333467,0.036222693939300374,0.04045218880722678,0.02111224336331361,0.0399357218068908,0.04436347172467504,0.020695283783075866
load_forecast - Forecasted Load_t+90min,0.003780747476594115,0.0037759761778490882,0.004036253362846765,0.004400849837969872,0.005328450624117067,0.0039059136274272534,0.0071213796958750205,0.009513024338872128,0.0038602287183894077,0.015117975886678323,0.013432270828649052,0.007874450457627063,0.013097963151143631,0.017827533852425404,0.005622693168910949
generation_forecast - value_t+90min,0.0067229650642862,0.002231630794375775,0.012829294885559648,0.008678470360115171,0.006958102765509466,0.010059804753167555,0.010325408377248095,0.00939642483186617,0.016721089896287594,0.015546905036811949,0.016231320570132084,0.012322963277176314,0.0189368546087353,0.014007674572931138,0.008754691469283898
load_forecast - Forecasted Load_t+105min,0.002007440239125572,0.003071920856732049,0.01711140165492543,0.00157331039323617,0.0027450656559585697,0.015714865783585993,0.006114475601486703,0.011188778879972232,0.009542866088002484,0.013688299624289357,0.016569971535114747,0.008095973556281024,0.023200312146214857,0.019190666159294777,0.003316715512747578
generation_forecast - value_t+105min,0.007658361760955813,0.008815247342739894,0.009721815724623412,0.010224484989342272,0.014123570091673173,0.012405048618704314,0.015334269595976367,0.015006724170467351,0.012863664135540603,0.015096899117183512,0.01864848660682037,0.009691103812707297,0.013659084879196598,0.01696749212119903,0.00998414654552903
load_forecast - Forecasted Load_t+120min,0.0031580684653417846,0.0030399797311384874,0.005349972059926586,0.004610502652210016,0.004756176699614038,0.0026083725117764514,0.01034214422844525,0.007938472557842033,0.003423568195177722,0.017003347592632053,0.01591268784775457,0.0030095772074942035,0.023924604158266447,0.02184830771591669,0.0032014861881957584
generation_forecast - value_t+120min,0.013947983882419067,0.015153787598832423,0.00824461564439116,0.009926381404708081,0.014240485404256105,0.011079790136518568,0.015127450660604154,0.013038958235136192,0.010628673686340335,0.011310076409310569,0.017422472434307563,0.010977197158728814,0.020714185125514633,0.019694257451799785,0.01804493145003653
load_forecast - Forecasted Load_t+135min,0.01838587847187591,0.00967215140659755,0.009616259338794408,0.011529194121216278,0.012893480389404431,0.006017116215923124,0.009501391621364746,0.008104845820290392,0.005864861107575052,0.0067471758810143,0.004006803003678669,0.002474793637374887,0.0031316198643303325,0.0031124823625459613,0.002362470061663316
generation_forecast - value_t+135min,0.006855149457209336,0.008831798603883272,0.01282529364239599,0.008991306922041985,0.007189413972577313,0.011764058256114367,0.006131360017163388,0.005510969162875085,0.013652770546614193,0.00424719273923256,0.005115690398150718,0.019595308050909806,0.0048162940465808785,0.0035664890094556085,0.014959321410882694
load_forecast - Forecasted Load_t+150min,0.01595278569428774,0.01774063550608116,0.007179723517617731,0.010721319845328254,0.014275819345417403,0.008139286942792296,0.008684897820915466,0.010266649000928737,0.0046664421931236575,0.005603838397710206,0.004297818427190577,0.006090610162074881,0.0019888523728836846,0.004090839909471925,0.0036694019431342895
generation_forecast - value_t+150min,0.0023864550670759854,0.004166069386179515,0.014539597873640559,0.0032954318334432174,0.0024074678741867503,0.012631290167693805,0.004145260017766759,0.0021024611188880725,0.009635942524950338,0.004340827543615888,0.002831844673048181,0.012146960163590848,0.006824499829423985,0.0033335385470745675,0.009166698307577463
