Feature,imbalance_prices - Long_t+15min,imbalance_prices - Short_t+15min,imbalance_volumes - value_t+15min,imbalance_prices - Long_t+30min,imbalance_prices - Short_t+30min,imbalance_volumes - value_t+30min,imbalance_prices - Long_t+45min,imbalance_prices - Short_t+45min,imbalance_volumes - value_t+45min,imbalance_prices - Long_t+60min,imbalance_prices - Short_t+60min,imbalance_volumes - value_t+60min,imbalance_prices - Long_t+75min,imbalance_prices - Short_t+75min,imbalance_volumes - value_t+75min
hour,0.007411064880055164,0.005221484396365526,0.005090256831475927,0.009471781712396477,0.005526482860559554,0.008003537716242704,0.006302154233664623,0.0031726903981725628,0.009041594813170377,0.013354370340196738,0.003251743022530718,0.007019461489941023,0.02308614949241746,0.006780978977621999,0.004606184592512363
dayofweek,0.018846447444986553,0.006320885024510062,0.008612824993109825,0.02302789666643366,0.004333279265999408,0.008880596069378953,0.0178253325579426,0.003105872538827498,0.008170886596342825,0.015165615130179503,0.00476898291714133,0.007638884208156923,0.009990006459043797,0.003491218270164609,0.008343126105213742
dayofweek_sin,0.007270591395588781,0.008794446906411395,0.011393051603421554,0.009307053484922563,0.01003385953464067,0.013163377430336368,0.008914601973046957,0.007746033701640954,0.012334622895823487,0.009274962165371561,0.015837331962771713,0.011228107872208057,0.009414640939605305,0.01553018897088623,0.010498623883042455
dayofweek_cos,0.013637313483341131,0.01969374749448616,0.011804186500390642,0.013091480503528145,0.020502965334046167,0.01006592866185747,0.010989075344486992,0.019451342188287528,0.010581185555854973,0.00966323087400815,0.018856227737589507,0.010242541007595718,0.006767023026106472,0.01941662624955643,0.008060089536197666
day_of_year,0.048899909242987635,0.09945001953840256,0.022187202558741775,0.061427546713501216,0.10500355256348848,0.017817115445621312,0.0682596591040492,0.1153263283520937,0.01477633374101424,0.07004364066198468,0.11296094777435065,0.016854261990403758,0.07861788540706038,0.09821952148526907,0.014684864645048947
is_holiday,0.005518465990200639,0.0036715278492774816,0.001836331160258851,0.006023422747850418,0.004345403694082052,0.0014655165821884566,0.005872864005155861,0.004036245344439521,0.0011151652052958526,0.005813695726916194,0.002907241371809505,0.001078449717616877,0.005229753384832293,0.0027467628222657367,0.0009212731874858946
generation_import - Generation - Hydro Water Reservoir,0.019365328030020463,0.010280111824395135,0.028771607475704515,0.01535756492560904,0.008748677992542071,0.02350842884441954,0.00808607483674723,0.010517682140867691,0.016089465947938152,0.005604406866925501,0.0052923783806963914,0.005991929056176105,0.004539880750351585,0.0019559470712356415,0.005674537673591658
intraday_wind_and_solar_forecast - Wind Onshore,0.0025355807450855535,0.001661705874400468,0.005635241818759823,0.0027915098884859616,0.0015768596111668102,0.00605491280980641,0.004834418776790699,0.0018717652707809975,0.005488068867103721,0.006489960705701378,0.0031564200034699752,0.006100187241960157,0.004123272766761602,0.0027863733277172288,0.003178087214308249
generation_import - Generation - Hydro Run-of-river and poundage,0.01811652870196849,0.023122392273326114,0.004597262058956403,0.021371149725775467,0.018551774386287433,0.009381454125801839,0.02213588969653938,0.016555395786039297,0.007056243798730066,0.023202741791610606,0.014405213206613553,0.007586267889932515,0.02117575338104507,0.016827530188245874,0.009424558918108233
generation_import - Import - ME,0.005446044979771613,0.0037788293939102005,0.007218263670838496,0.008069062711168954,0.004470224517325733,0.0038826643656839225,0.012163435985050455,0.0064685280491103185,0.004767163768678074,0.01204618243670484,0.005406914165150738,0.006092521055618818,0.010372396260729147,0.005704735103245184,0.005783314464735668
generation - Hydro Water Reservoir,0.009734206285562777,0.010676650440655067,0.020904643926827702,0.012729449774928072,0.0066558887254250295,0.019642609827249545,0.011240122134298872,0.005268781933206811,0.013857043224765222,0.010891514209521119,0.0034213608550477375,0.00664470856245407,0.006182673085721035,0.003201172379860509,0.0033236874288440957
100m_wind_speed_mean,0.009231723659810086,0.011500000688982255,0.0030668657442693074,0.005193271604030087,0.008715099392915362,0.004294710965579498,0.005086758116158307,0.0059450287988511265,0.002828997083180184,0.005526634737045242,0.003434796848425776,0.0025898475501471693,0.0065862671101285745,0.0038784787959975802,0.003349254862987436
import - sum,0.003605311191228793,0.007164586194114236,0.007853794840213596,0.004065698839165634,0.00835429910212406,0.00694333729099435,0.006059900167948626,0.0033844504514872822,0.0035251745695877618,0.008668309151109952,0.005765508913504164,0.005619912853258939,0.008722505153626115,0.0022522658890366076,0.0071737966825421605
generation - Hydro Run-of-river and poundage,0.004841187595400697,0.0021177705183945362,0.00487354701600998,0.009142651508722338,0.0036840097533595326,0.004856935771987537,0.006266441097317511,0.0030195398186806414,0.006402494469131625,0.008694289636805479,0.00317026473088481,0.0047674386036596844,0.0038082423337646104,0.0023900085767613747,0.004526627376616489
generation_import - Import - sum,0.01233910211546754,0.004248175597043883,0.010505199058661674,0.0072644810616384345,0.004656548951457239,0.010718666637727439,0.006975809672760079,0.003216095318407497,0.012283148572947539,0.005513159079124989,0.003935012601430572,0.008928295174908613,0.0028781983369826777,0.0026600357706920478,0.007856022414177233
import - HR,0.006296151353399182,0.005416807510161107,0.008248885540135234,0.003962926388598135,0.003957320514902676,0.004930049772076017,0.005387072770170562,0.008550187884713524,0.003979802546601604,0.003711914787425485,0.0058699894663950545,0.0037401220098240346,0.008332932938501472,0.006843951102346182,0.007885721954866767
10m_wind_speed_mean,0.004177611704817536,0.007453906943461334,0.01105017243869952,0.002982371137296468,0.007145210664821207,0.008539510140817583,0.0036849446814903788,0.006256561733684066,0.01107572780945813,0.0056533031434905755,0.0030172841655676168,0.012633570344605858,0.004526869776916101,0.0038674517309955263,0.009715561625891496
generation - Fossil Brown coal/Lignite,0.0033183467443523114,0.0011948173786568077,0.0024047041501578407,0.0032381913957315192,0.00146013818748861,0.0030624754776872576,0.0030417735013943455,0.002355707784032347,0.0032128229475310945,0.003457906828405612,0.001632162316276208,0.0037965908142768966,0.0030063608485543227,0.0013765398958582864,0.006989605271795881
generation - Other renewable,0.0,0.0,0.0,0.0,0.0,0.0,0.0,0.0,0.0,0.0,0.0,0.0,0.0,0.0,0.0
generation_import - Import - RS,0.004151597557310197,0.0036028016532100083,0.02087954724690644,0.005143368935411672,0.004329807642050583,0.012775894112966625,0.0045511998509073235,0.0033574870540719532,0.010306836102835405,0.0047573748078466455,0.004031008020889658,0.004721050994505276,0.0041761988024532,0.00490986466823324,0.0035085522233011942
generation_import - Generation - Fossil Brown coal/Lignite,0.005580700204678578,0.00838469606093804,0.00796071722749457,0.0035005504517089323,0.006230951482772071,0.011126798128845622,0.0043914341378595055,0.0074166973110659454,0.009774428447654828,0.0039504846738080916,0.005492473790640361,0.006620342143880407,0.0033692150823376324,0.004224118112847094,0.0066303551286237055
generation_import - Generation - Wind Onshore,0.012121962360033649,0.006124223707588499,0.004337667939100356,0.010636543966102181,0.0034293145479387024,0.00859433313368936,0.008222450781206135,0.004970739776998925,0.005080856376700695,0.005399376425768423,0.0058898674487354585,0.0038474656988255447,0.003614501188434588,0.0032540456390408963,0.00571271745422564
generation - Wind Onshore,0.004118925402663081,0.0029657717880763814,0.013448600435469416,0.00811945344031119,0.002985671761460253,0.007829462593865173,0.008089672918551514,0.005924199498669623,0.009154228389757919,0.008310357152724464,0.008527078938728665,0.00472075501857762,0.011629093149913387,0.007995018466638158,0.004907064458922832
import - RS,0.009738981225971657,0.0031013186637815124,0.028726447951496994,0.008388869586022338,0.0023873458681628107,0.02871387697555474,0.0039258528595473765,0.0024140391587552587,0.021330416887969477,0.007807457510883978,0.00558698078767884,0.014087804153139587,0.005078151209767384,0.0032288681276131685,0.009928319159667808
load - Actual Load,0.013112098216777668,0.014389556796260876,0.00992687539033068,0.007865993425322813,0.013937022542912018,0.014399552833638155,0.006680985561619309,0.011824559933927958,0.01639579004568077,0.005518364479399679,0.006863171482124016,0.016657989795516186,0.0035577507831330876,0.003744477498998094,0.020586801134839332
100m_wind_speed_std,0.0043207759795222955,0.0017677178307820896,0.019238374349544757,0.006057867966865161,0.0020842492267697708,0.015049143551186717,0.00542105458684091,0.002337749385906136,0.01748366740954225,0.008743145219571489,0.002746522004108556,0.011009455591767619,0.007498370064749907,0.004529919126725872,0.011484385857504094
load_forecast - Forecasted Load,0.00444019652138104,0.004714537436721003,0.019806330621504456,0.0037322946424246765,0.006984362323605183,0.019827965764212422,0.0059031600249199985,0.004276188332853622,0.020633728769564187,0.006843952682645977,0.0061345254893285526,0.013513445036616759,0.00638810499358624,0.006661434200534132,0.013693236611630709
10m_wind_speed_std,0.004848821398940345,0.0032580182071496894,0.01115374524732124,0.003712778361501478,0.0034928874966735747,0.011280541178617568,0.0038493966211899534,0.003962462595666693,0.01009028869634858,0.005680514406948532,0.0047652875429375855,0.011192308960156879,0.004417483420729696,0.0022126309509494604,0.007686100350416382
temperature_mean_celsius,0.005818485159810734,0.008400826023113041,0.006303442972865014,0.004286711719721097,0.01273015249674063,0.008365272637485759,0.003757204289292076,0.0077132653757435036,0.004750092783731816,0.0037244532046388484,0.008808862154226518,0.003539774669039616,0.004563766525094251,0.008143682702531805,0.00659191947367799
import - ME,0.006856376274676222,0.008525001784691994,0.018541314862231956,0.005040106103035214,0.006410263965342893,0.019259782228466065,0.008625077292064815,0.0053624600776486205,0.01847783707774943,0.008861720609615532,0.003368108975121686,0.018741972518393595,0.004795445576938619,0.00267956886878801,0.01178514139210165
temperature_std_celsius,0.005944152880001639,0.009863082041316374,0.012693988713785074,0.006137373834458231,0.010787794320775902,0.010912559833887826,0.008487848992663203,0.011421422493847786,0.012082936696071555,0.013084870031761967,0.006507318060452235,0.013258822696217976,0.014471084328251891,0.0025936499923905104,0.01539259807709459
wind_and_solar_forecast - Wind Onshore,0.0031041303860911283,0.001912092957020377,0.0031399772308650428,0.00415676931361304,0.003363944864795485,0.0036594668685011127,0.004482230072817856,0.0028200769295261665,0.0030062431143546746,0.004340313768187116,0.0042078977081764606,0.0026623719758863446,0.003728824801089104,0.006210101285207202,0.0025229586794998796
ssrd_mean_j_m2,0.016592016393242374,0.00674240797105449,0.006233585916530501,0.011258927964001486,0.007723423605439166,0.00968343188371091,0.005767278258207625,0.007150534319793223,0.015482968990573682,0.003203051123487029,0.009974740356345137,0.023217865371654624,0.0024248232790996553,0.003230952536147015,0.022174552602949916
generation_import - Import - HR,0.0031242021670268515,0.0037714415391928925,0.007674743769925044,0.0036850641620394527,0.0021591929480000546,0.006739339055460732,0.0030753317976977995,0.002474787359850552,0.006794163302649395,0.0029691542634720917,0.0021361637083555252,0.00548404692785607,0.004289250204821656,0.0020869147671969583,0.003958031592704003
generation - Hydro Pumped Storage,0.0038290925410356066,0.003212147892380017,0.0033218503510797745,0.0057183162580258795,0.003992659824712973,0.0031962728430321476,0.00443401679782437,0.0019087582304450734,0.0034884350737575003,0.0022227058452863276,0.00225224153831914,0.0030529477148402294,0.004343240400025024,0.005082546366680618,0.004237134138722468
generation_forecast - value,0.00869206000577833,0.0028328055750680503,0.024785850385946107,0.010124813824390002,0.005679826452796988,0.022677685349026432,0.01549692090557801,0.004713837149116443,0.018461778596461954,0.011311912226534673,0.006109302470858893,0.014784380703084025,0.0036357053930878465,0.003978537623921511,0.014337205999267041
generation_import - Generation - Hydro Pumped Storage,0.005200533640501817,0.008549892793875188,0.013524011827539652,0.004096550836022289,0.0071024591362220234,0.006824386569782291,0.0024862747313500223,0.0059526072300504895,0.006223139898339469,0.002561915030266846,0.0061713486686348915,0.004863510232135923,0.0018718203420339705,0.0022223477119496238,0.004811454801118088
ssrd_std_j_m2,0.005619134363172634,0.004341382308156881,0.004436045765865856,0.006128149267839035,0.004645130484362199,0.004944282791604564,0.0032805157608381706,0.003012740754364813,0.006982810140345464,0.003789347645831185,0.0026190091654989373,0.005061759809218529,0.0030528345077491395,0.002498268952866965,0.003856457174719253
intraday_wind_and_solar_forecast - Wind Onshore_t-150min,0.003456792088920338,0.003880724286500481,0.004645912270880217,0.004559590455852231,0.0048809931604296255,0.005859065461474529,0.004464463483477175,0.0023187055658127065,0.004559274738094246,0.004016413502889918,0.006196844177437015,0.0036496010260989352,0.0035050232956295416,0.0052531037376938915,0.004331313488509295
100m_wind_speed_mean_t-150min,0.007491466138492569,0.006156047228025273,0.004934472907640156,0.006935152499075912,0.008075544575773166,0.009297935252559909,0.004180129122039034,0.007819119948224398,0.008953932257471025,0.0045783676559294694,0.006912563189169304,0.0064341087153947,0.005598892822352354,0.00784643326360674,0.008675016816850985
10m_wind_speed_mean_t-150min,0.009426987912078402,0.0016283414788617848,0.01452489088040602,0.01121880050652544,0.001580165379340997,0.011787204110820312,0.007595551605547086,0.0029548692193670833,0.0124474411138508,0.0065364423364517275,0.005631796715502787,0.010164456746075303,0.0038818792183919868,0.002352129936154597,0.011324286952560214
100m_wind_speed_std_t-150min,0.0042169894606104204,0.005610283944459297,0.007344838327629077,0.0035235885215657843,0.00516577365546982,0.009279841120711353,0.002793476587070472,0.005643648561679583,0.010697972835638211,0.0031931302935527127,0.0035213644772620683,0.008247682014140082,0.0034498616858222703,0.0037810672741179587,0.007475211869959821
10m_wind_speed_std_t-150min,0.01273920590269904,0.005566136281954641,0.005871618235683855,0.02029512300818533,0.0029255074326529212,0.00454456387848586,0.020459822877345234,0.004631840956037195,0.004206876613914119,0.023667769205985678,0.0031087384975610633,0.0041138896526908865,0.02039692883477255,0.002976825632629698,0.005580866583901297
wind_and_solar_forecast - Wind Onshore_t-150min,0.00965286935322365,0.0030392254225969284,0.002752382001743172,0.004922060825272638,0.002973905221739187,0.0029419461939523897,0.004842433971283753,0.0032999483885896553,0.003330478277293878,0.004473195852100617,0.002471720525706587,0.0037493306433107137,0.004255050979369116,0.0027449362609550006,0.005485055531595208
ssrd_mean_j_m2_t-150min,0.009102803401867277,0.0032237881695582472,0.022525032759673196,0.010861716688559682,0.0038297769822675035,0.023335592787043426,0.008495566615203643,0.002481948177150116,0.024794286061311142,0.005383280296195153,0.00342321098116372,0.02031610952387564,0.0035340391885933966,0.0032587585810342715,0.015499092211352036
ssrd_std_j_m2_t-150min,0.009251959501983946,0.00521390480905211,0.00812559607870935,0.01636586516702664,0.00731617945018661,0.005270157109026514,0.011086051443977339,0.011005709115444915,0.006240399846385116,0.010573342303214304,0.010846096575871343,0.008961504958773731,0.005692253214427183,0.006899588471162133,0.009777018736393075
intraday_wind_and_solar_forecast - Wind Onshore_t-135min,0.005124663200008854,0.0025958739232052894,0.004386180964753294,0.004923841959503988,0.0026090717825882166,0.0035777895531900867,0.004699395288414962,0.003155660521151731,0.0039017498695097857,0.004375995865324058,0.0041963809199005485,0.0037754874438069236,0.003587399916177674,0.002176407774857637,0.0034632467564752007
100m_wind_speed_mean_t-135min,0.003975088091224052,0.0024249209350255116,0.004314222781247736,0.0038930126496995853,0.0022871891452596175,0.004219876759159206,0.006270596673212822,0.0017999321018264708,0.004135019138000643,0.007337416893830778,0.0021848090260209573,0.007189339787655627,0.005084414394371379,0.003526091536239619,0.009382499876170186
10m_wind_speed_mean_t-135min,0.0030301447837914565,0.006352112513824977,0.01707656512576614,0.004202736900366744,0.00825452355184825,0.014737772603315534,0.003828834073562575,0.0035146549756836978,0.012323004274971027,0.00363984582179728,0.00545862661882893,0.0110050289232895,0.003027356222499293,0.004398011954514459,0.013021622788168315
100m_wind_speed_std_t-135min,0.006297272325606627,0.002600651183703121,0.006428198554395067,0.008861303588404553,0.002509184014197672,0.005041220338736821,0.00877529390020004,0.002487060459241036,0.0036612828571469438,0.008692840634828827,0.0022059986155459226,0.004268056571494526,0.004238225515799059,0.0029704752694232183,0.003134004830291815
10m_wind_speed_std_t-135min,0.013451171538366906,0.006470941024461354,0.007130181735567021,0.014657068097403681,0.0060276945919013085,0.005633242619191151,0.007735261022702616,0.003039021253442115,0.004606128908279061,0.009765860866915319,0.0021361557355203333,0.004678288872788471,0.012677082802094446,0.0018787981887835486,0.00433564780409506
wind_and_solar_forecast - Wind Onshore_t-135min,0.005485745911537492,0.00601609149054093,0.014998794625978917,0.004097024491131378,0.003963634869855013,0.012590079891961068,0.003689584447960442,0.0037437038410462263,0.012329097154550255,0.007783758245423087,0.002634874405518076,0.011653734366438585,0.008044179380347486,0.0030838749855893184,0.014204460866050794
ssrd_mean_j_m2_t-135min,0.007573106540381559,0.009915570712561021,0.0352283695708029,0.009281956519202595,0.010052783446080866,0.03606585557645303,0.014441456533735618,0.013686911122640595,0.03581941572422511,0.012151972199695592,0.011082485657875906,0.03408149282733211,0.009694287881080527,0.009419952675989407,0.03422787695191801
ssrd_std_j_m2_t-135min,0.006442170809914387,0.009599951249692823,0.004146432929087041,0.009197817552667402,0.012664341549563687,0.004769202841192964,0.007920307462445635,0.01436568376213836,0.005953552306069468,0.004205357769853435,0.013796933223624365,0.007171514356847183,0.0039392412884626535,0.011830146478925599,0.009680366779080941
intraday_wind_and_solar_forecast - Wind Onshore_t-120min,0.00560187469378252,0.002387222510246829,0.0041685017658282955,0.004513337008014787,0.003119470527743033,0.003096920755750034,0.006528323250626272,0.003305709111129545,0.008780035081566894,0.0036440427119568994,0.0028498898777343127,0.00792259263993401,0.003020893295733913,0.003858936597502179,0.0031068867123849484
100m_wind_speed_mean_t-120min,0.004056245965367453,0.011042755283298903,0.0038160841645008075,0.004518692089117849,0.011402935093050473,0.005881905948801432,0.008445712569580792,0.006620433925825637,0.003955083164613825,0.008452571773319505,0.005425462380878798,0.0034039622848272303,0.007299928871449083,0.006077000496273285,0.0033173892994683455
10m_wind_speed_mean_t-120min,0.0046048636675277525,0.007285929867994128,0.0033806478845367564,0.004567234201489555,0.007099365524154564,0.005261385021185561,0.007002427855564747,0.012188009499270265,0.0043515546831968096,0.009121643492611839,0.008005564469509409,0.0031364657064150377,0.007910134668082264,0.006857883980715997,0.003622320253145972
100m_wind_speed_std_t-120min,0.01396232647693978,0.0028358582328637566,0.003409709120636762,0.017083958485673064,0.003013297309676716,0.0029881073874339563,0.013981231446008678,0.0022743009725689945,0.004390099914309758,0.010112412017108,0.005650831347651547,0.0075276407606725115,0.007423827580325451,0.0050003299843924655,0.0032251719193836835
10m_wind_speed_std_t-120min,0.0037002039031358435,0.0030277420091962314,0.010310234693119128,0.007846081820976451,0.002693025821505216,0.007410665477207658,0.006521202090782026,0.002605962188579724,0.0054648753568751545,0.004919788186841742,0.0030786740685261977,0.004766063134939031,0.00268941823352543,0.002238636101573093,0.0036452898923521387
wind_and_solar_forecast - Wind Onshore_t-120min,0.002545058983990202,0.0018901491193205402,0.008459615127570487,0.004493157475980055,0.0018024867820636246,0.006391181245957341,0.007361396206615609,0.0019428359523440122,0.0030486293098038004,0.00507369486830612,0.0027403523594161923,0.0040923671814125555,0.00493044519633554,0.0019769138117492276,0.0030581704286742023
ssrd_mean_j_m2_t-120min,0.009443827654326014,0.005463932785132784,0.004483363320690842,0.004499686968560582,0.009693706762518559,0.005779926080082078,0.006348399960061215,0.006714335030934307,0.007100208143678174,0.006499503006929444,0.005270167029186268,0.005616259513404657,0.005725379760542182,0.008062906505088905,0.005212636541184111
ssrd_std_j_m2_t-120min,0.009719250007387019,0.006858313565746357,0.003262764882292686,0.005620151149782032,0.005134921294046762,0.0036384328754911622,0.00699240435413958,0.0023528134987791417,0.003189217545692372,0.006254995444367523,0.002126049242334375,0.004430497966983694,0.0053869019192752604,0.0024968503103611965,0.0033271648758200173
intraday_wind_and_solar_forecast - Wind Onshore_t-105min,0.005168160710658412,0.005185554738272913,0.009480791013862472,0.006918544316817133,0.0038400046877409295,0.007856002068147063,0.005475414715939223,0.0018231780085388892,0.013291738313651876,0.0033261693183296755,0.002962339952449838,0.009880851510596131,0.003760193935127063,0.002084784021190899,0.012922973957378417
100m_wind_speed_mean_t-105min,0.007229851404928013,0.003105830954843441,0.010297382882010424,0.00468014912874969,0.0035454267444001743,0.008414147112729552,0.0040684515105676835,0.005559706144636948,0.009288155693949307,0.003573218390350746,0.008437755046954407,0.008496561465723971,0.00971597069174095,0.003447153221368353,0.006956423976087535
10m_wind_speed_mean_t-105min,0.0034322825447834476,0.0076651055592432725,0.004182160866086633,0.0024992521135354766,0.004473519827328346,0.004153886944370044,0.0028334047067655774,0.003055302125047092,0.004385982315713136,0.002326278205407107,0.002549397372698877,0.004425685896841628,0.004588172675761598,0.002159847712786359,0.0033660066739807917
100m_wind_speed_std_t-105min,0.004244445178391729,0.002337344104877673,0.004151149075049034,0.0030343434991036704,0.003161067017700361,0.004101943091240173,0.0032597942381162284,0.003988137870117498,0.002929724041074792,0.002805311821643045,0.00257147244962357,0.004325994151205123,0.0024680747433458235,0.004033041798464595,0.002944301200334394
10m_wind_speed_std_t-105min,0.009045156228079576,0.0021944417295167683,0.002807211902221752,0.013619933448149822,0.0022745353059908666,0.0030439874909416174,0.013180478862748713,0.0029909976753770026,0.003926189782499023,0.016185982495342616,0.005092467267188113,0.0028407242671801215,0.01166985662149318,0.002411831529261349,0.0041025970612126915
wind_and_solar_forecast - Wind Onshore_t-105min,0.016714796602143905,0.00348487799301256,0.004406432930370101,0.019200717760948463,0.0022903720999238432,0.004079215569458029,0.019262314085499384,0.0022785969960150395,0.003985081346598236,0.02044396994286217,0.003866301567872142,0.003089783587635793,0.019277829752769322,0.003072133133598072,0.004311160139634012
ssrd_mean_j_m2_t-105min,0.017647588530817302,0.00853323071878367,0.01074837060561731,0.01269429613610555,0.011098684889566357,0.010445561973392614,0.010143876511305279,0.013142543710560972,0.014210091376229684,0.006887886644170066,0.016022611055935384,0.017180874144047266,0.004097003352418142,0.014682859822969477,0.012716537167492789
ssrd_std_j_m2_t-105min,0.008060831338814752,0.0062750168278453205,0.003589591398711036,0.0062081783943976915,0.0070388880934478945,0.0030349946260539583,0.004806661978051125,0.007140474589781661,0.00326786813740393,0.005769079770173903,0.0018501138538323722,0.0028126960457539097,0.005423236823069601,0.002056501865582504,0.0032095936254872867
intraday_wind_and_solar_forecast - Wind Onshore_t-90min,0.003369066261599528,0.010646506200078875,0.007403866321241367,0.0035478545521091293,0.008533681145324408,0.006378280801378424,0.0033205004894625743,0.006863056388770929,0.007311961385552422,0.0028461419399905025,0.003755370658285756,0.008807484287724947,0.002780395948417663,0.00388257170016459,0.006476878990484693
100m_wind_speed_mean_t-90min,0.008842955268366495,0.0025993863604135184,0.010207819885461504,0.009074217126326403,0.0024130441831093775,0.010061453120018087,0.00890655146386689,0.0028511207320930224,0.011021188546073972,0.008347951941832434,0.006731448329849513,0.009756163767315229,0.009163977855714621,0.004862773199246249,0.010790819522275343
10m_wind_speed_mean_t-90min,0.0054267600544699235,0.003039367395592308,0.0033135140984941244,0.0042510530278455005,0.002395045175717314,0.0029079566243394766,0.002908972527287915,0.0018394495721631757,0.004678340764789027,0.003729542448034863,0.0028661456511772485,0.007926020998798777,0.004517203688971222,0.0018564627091018338,0.007323788580994005
100m_wind_speed_std_t-90min,0.014132206781345304,0.0033871017138453682,0.010476718832294864,0.014855262651690283,0.0030991609707607497,0.007705349404814115,0.016699552782163663,0.004652328327634677,0.009694053376762895,0.013711486969226826,0.0029345174806840076,0.010725620284662,0.00907466896994083,0.002418486892892361,0.011974232817281518
10m_wind_speed_std_t-90min,0.005416054057844121,0.0029258628761945145,0.007411994236405007,0.007923477365209692,0.002617523756189712,0.004812642669370689,0.009167484158848311,0.003415868859389775,0.0041921632084470275,0.015052209671244782,0.005617332307047036,0.004702374725395203,0.010201654286162012,0.003103554684276105,0.005821175747687448
wind_and_solar_forecast - Wind Onshore_t-90min,0.0053750474373919135,0.0038582401435778594,0.005527782579144059,0.0021915394533434667,0.005289001429249766,0.01263986584288068,0.002753124322587155,0.007964227681281045,0.008351675510464701,0.003271206812418313,0.0033912299000367057,0.006198694690825505,0.006176161032446544,0.003133230359188019,0.004185785323394157
ssrd_mean_j_m2_t-90min,0.005166183139328495,0.007262185209019663,0.011462510097713676,0.004696353609957441,0.0092223205117225,0.010524201714732045,0.004216973994351292,0.012523068319274898,0.008553022201238492,0.00508725457823246,0.009066773750069842,0.00483796761528356,0.006203747941766778,0.009929697505734112,0.005190780298711615
ssrd_std_j_m2_t-90min,0.0031707544165401487,0.0028321450560897573,0.003998311098686827,0.003647255239273363,0.0023665021314141087,0.00392508082175118,0.0027650077657298483,0.0022111118908528624,0.0038673392618784417,0.0032501730873736962,0.0035934086153065438,0.006296102654081551,0.0032019492706021994,0.0030298122960805357,0.011684534668980631
intraday_wind_and_solar_forecast - Wind Onshore_t-75min,0.010179481807710545,0.0072935889538639454,0.0056547111131658315,0.008410693619101949,0.007600055948336376,0.005576678430195898,0.009212779981528002,0.006704976734472439,0.004637577165034258,0.009152619266264083,0.002560361742565874,0.0030505752407443652,0.006527553789252124,0.0024124075921599796,0.00848586262869503
100m_wind_speed_mean_t-75min,0.005112953837793611,0.003980885137716541,0.005619471674086526,0.0037040090160107867,0.0052068963762249044,0.0066434135899053216,0.0025828219418253867,0.00763209442763673,0.007819707735563498,0.004994645495688019,0.0064260713457188106,0.005617320979421493,0.006873242595471311,0.009188347629207783,0.004286748589776835
10m_wind_speed_mean_t-75min,0.0030977666717244574,0.002017683138643406,0.01120776458283217,0.0032907532378449104,0.0024557887089949873,0.009124605399956636,0.005372355841171157,0.0023535270668871818,0.0060361590334869104,0.009562776809492789,0.003302108348006641,0.004787215571854176,0.00302918790079093,0.005433488663065873,0.0040144206846816815
100m_wind_speed_std_t-75min,0.003981298334216263,0.0021076845739166857,0.006300587150344654,0.0025154661855522134,0.002849276611314053,0.005463061026140167,0.00299571029727349,0.0031656128989579883,0.0067400772558685275,0.002679868654506208,0.002532412557700809,0.0056671413601270615,0.0026552139662644266,0.002712661401087189,0.003878164401270624
10m_wind_speed_std_t-75min,0.002881771521158953,0.0035316074036454664,0.008283106016708189,0.0031386012803384347,0.003212530562195752,0.007705438118046004,0.004366016800739089,0.0024500738571427974,0.005604339257224637,0.004136820896083009,0.0038573683306901076,0.003280094281293259,0.003121250733598572,0.0021732707894257628,0.0030661352858869576
wind_and_solar_forecast - Wind Onshore_t-75min,0.014239667478716,0.002576042826520279,0.00304633917026149,0.008273843097978443,0.006401096298632183,0.0025046849218142596,0.006883874970630132,0.006736562595579016,0.008129785286088008,0.004488885794293992,0.0038604083208883823,0.00990533165622037,0.0034630417921671323,0.002729992486219999,0.009720564689021558
ssrd_mean_j_m2_t-75min,0.005121922513011668,0.0069522088232597526,0.004433332487824373,0.005063854815852551,0.012102272968782926,0.008912522560245634,0.009175543537945486,0.01049033979975502,0.007922927527455614,0.009069396334555677,0.010741128105595635,0.011242664478755614,0.009005617787493975,0.012617970288280048,0.010927188218920492
ssrd_std_j_m2_t-75min,0.004026564888019948,0.002335538275898216,0.004441848239672254,0.0030156576995351543,0.0032212066254123785,0.004276226946476527,0.003237879291029458,0.0032830702813953392,0.007639023302108399,0.0076958038736556775,0.002800766503562045,0.004137903835755018,0.008465504365271045,0.004764140284009045,0.0031470311823177327
intraday_wind_and_solar_forecast - Wind Onshore_t-60min,0.017442587892408483,0.003192523638823559,0.00861367261329724,0.010825303670518224,0.0032698439368759862,0.0055302462739782645,0.012292255101856426,0.005653710570812109,0.00400323686547199,0.013030555562982044,0.0047029309744539205,0.003999138860037419,0.013893097814172506,0.007022717898995325,0.00398813313190476
100m_wind_speed_mean_t-60min,0.005555022199132509,0.007397591244836804,0.004732086554029593,0.003391426385818704,0.007861150254459517,0.0035969654294322026,0.0028626826490149144,0.008290710396403483,0.004998869585819193,0.0044167364318414,0.005677787837477809,0.004622208468717872,0.0060684290113367755,0.0036520620197989045,0.0043933327602935605
10m_wind_speed_mean_t-60min,0.003564313468297769,0.004014169684477337,0.003453973646758641,0.005642653530305324,0.0023017807214755523,0.0037028942982251464,0.004951478722587865,0.0038381179840944243,0.0027794502904844192,0.004618729149904539,0.0028930911316447237,0.002865339067494915,0.003449138691617918,0.005628689629644214,0.003492061791141168
100m_wind_speed_std_t-60min,0.006280502035431709,0.002122952493675257,0.003231268174065008,0.007769923636176827,0.0017557866912102328,0.003991984411626618,0.00882835138970404,0.002246689559222432,0.003929771608149167,0.007343537966983604,0.002537678683658669,0.0069979584870561665,0.004487245920314308,0.004367935761242734,0.003958573465395602
10m_wind_speed_std_t-60min,0.0031580434661082108,0.0021820555950203017,0.005660580482259093,0.003379459768616016,0.0019701349168776685,0.00794554884695026,0.002931083182617158,0.0020853832848370074,0.0023582563656946148,0.00350896119920435,0.004462798580056869,0.008163305783240503,0.003908088841349126,0.0037041806765626007,0.0030030455930279915
wind_and_solar_forecast - Wind Onshore_t-60min,0.0036937038573123574,0.008341156757422141,0.008028539624935547,0.006848650901361907,0.009643099053238985,0.006289458728715545,0.008596783375454834,0.008267165127377666,0.006195258284038573,0.011384819041006267,0.0038385930754466246,0.0034635535829820583,0.012512880872702225,0.005752108582819346,0.004657027960322011
ssrd_mean_j_m2_t-60min,0.005360870785101227,0.006752800315332934,0.0063385268936513054,0.007666784164735873,0.0029442145272032577,0.0057484660477821305,0.011382813673608326,0.004167764073859416,0.008070482171649929,0.009946478369932265,0.003781378423929709,0.007260735759904492,0.005149947844083727,0.00278905785036477,0.007648288402757317
ssrd_std_j_m2_t-60min,0.005212685120047354,0.00282218788748105,0.00280672397911394,0.006628966201409639,0.002739601439312537,0.0029299163422197125,0.006539270738741834,0.00318575235057142,0.0025132917179780632,0.0027473788814847922,0.0038068353614216905,0.002371336172563133,0.003489888544030691,0.0021929478324714184,0.003900182802904055
intraday_wind_and_solar_forecast - Wind Onshore_t-45min,0.008223181169121744,0.0034502633727606733,0.005190018660723127,0.008111028015431657,0.003038811711809103,0.008947832675126846,0.0047955387145557325,0.002325950164476808,0.008693858033140715,0.005410900992930692,0.0032921597570048106,0.009720660987484735,0.003084357928342797,0.004426544508030929,0.003668935679437709
100m_wind_speed_mean_t-45min,0.005005324542427843,0.00438686740848243,0.004659677518215176,0.005137259401447977,0.004349826011690311,0.005497223174039391,0.006107002077398647,0.002136445474692664,0.009194091467586986,0.005500529612127139,0.00281575280763127,0.008769442921344307,0.004144706196503648,0.004425747906078868,0.00830852853142278
10m_wind_speed_mean_t-45min,0.009357585134574038,0.00573330945296766,0.010430410380737158,0.01248233552799502,0.0026923735969297696,0.008679168813727302,0.009752665823078132,0.00242928775180917,0.010178273942412488,0.010350295494572493,0.007102066993087647,0.0063196639499074085,0.008134113050371525,0.003238913455720649,0.00693743716552126
100m_wind_speed_std_t-45min,0.013351249833224983,0.004462479606618217,0.004885178829105371,0.015857970504104743,0.005232537851254165,0.004017093054757652,0.0172023573871993,0.0049117473793096455,0.004673774541450257,0.014503442695946432,0.002730953157293584,0.0038784773287687813,0.010180436604143323,0.0017394470915933198,0.0038376170609453765
10m_wind_speed_std_t-45min,0.008806999240336153,0.0023743311683811046,0.012040828908604454,0.011201390946105675,0.002137804519050405,0.010807558174506994,0.014144065866326855,0.002299962921387305,0.009661373773757077,0.012104736778273945,0.004869332267981463,0.006640841591888602,0.011128916456345905,0.003218439649575885,0.0047693233903737565
wind_and_solar_forecast - Wind Onshore_t-45min,0.00718954111883977,0.0023184256411004755,0.007568401063384954,0.0081198620001378,0.005306838392592908,0.0048345950267575976,0.009483222056005616,0.002793469706488395,0.003238084834873007,0.008677293321256002,0.002968834045929725,0.003930109265991632,0.005762976737610188,0.002891231994584814,0.00627299967243016
ssrd_mean_j_m2_t-45min,0.002529508118229387,0.0045067180835380895,0.003167227413938235,0.0032931731679950644,0.0024726517061983487,0.004965273197405622,0.003282221626748651,0.002788833260656702,0.0036658729574555763,0.004238625712067005,0.004436480201229642,0.004751647812005103,0.0033445683402178474,0.003876992122957745,0.003643949280239326
ssrd_std_j_m2_t-45min,0.003620491294301246,0.002042490993569572,0.0046051684706349075,0.007528485382266808,0.002374316126208214,0.004020947138840711,0.013706877419732337,0.002965273822110248,0.003761203430166006,0.012562223638698924,0.0019813711117346883,0.005698126949409925,0.013006892192333908,0.0018403560367027012,0.004746213437754705
intraday_wind_and_solar_forecast - Wind Onshore_t-30min,0.011001031188003253,0.008220087043533567,0.004628005952226886,0.013707832349813544,0.008734010053100065,0.004079818475544016,0.012187030759448134,0.006522855373203128,0.003795344857924647,0.01387053622701933,0.008153794684942112,0.006604005857152515,0.008695478773268405,0.007875223956099945,0.0054760711504547996
100m_wind_speed_mean_t-30min,0.004739479804810798,0.0019003955287116695,0.00493015995656242,0.0047572332532527075,0.0018563476177077974,0.0027070492429766856,0.002631306109392426,0.001962037630232771,0.0028446695721268045,0.002663702852264578,0.0021474524996883703,0.0031228726397757784,0.0024557970181067505,0.006031833424109209,0.0028337764024508943
10m_wind_speed_mean_t-30min,0.003434573469606221,0.007789180198702525,0.005092762663925896,0.0029403467154179453,0.0042852310357484385,0.0048381339030129315,0.0023569893255153147,0.001700841165382144,0.004474661366810324,0.004750047110758714,0.0025600694497807126,0.004404477468572622,0.005028434196370654,0.00417120289361992,0.0036763423587126455
100m_wind_speed_std_t-30min,0.009414535761570732,0.004677236244213645,0.0027898735021417453,0.00945524318079697,0.0030715588497478167,0.003042062263246407,0.008449105549574596,0.004951430709613305,0.0028609099497043642,0.00962414331722539,0.004654125598768587,0.0045968990052106164,0.009943679806490763,0.0026820758700614534,0.0051393242638805535
10m_wind_speed_std_t-30min,0.0066657810045726365,0.008810796241727075,0.014061682272629696,0.0038368365816731967,0.008833763863258355,0.014509878841367424,0.004044228958771782,0.006414073385585652,0.011731554572221683,0.0038884661596175645,0.003809493463247463,0.008327268941135117,0.005269799202167633,0.0051892807530343815,0.0061109643783602225
wind_and_solar_forecast - Wind Onshore_t-30min,0.005226665871494333,0.005039295951566601,0.006635025886058429,0.008870995369754383,0.0037912953796603688,0.005901578792324003,0.010205823277006858,0.006484337878137012,0.009916916942689568,0.0129800764913889,0.0071221040132313645,0.009620128739392384,0.007724847888457589,0.00465687279969643,0.004994831903106387
ssrd_mean_j_m2_t-30min,0.0037949694974304293,0.007185129376655823,0.004381462188065598,0.0042740855043930425,0.01630493328097509,0.0074660577081449445,0.00405956707506698,0.011468270019773626,0.008173293787484909,0.005885760444886728,0.011063418903711862,0.00980657020514991,0.004113247620178299,0.009834957905259217,0.008260350674623624
ssrd_std_j_m2_t-30min,0.0034153199748780025,0.002289945932137016,0.004321382605347935,0.004792601720429957,0.0025354449744572774,0.005323114552968036,0.003424727454054164,0.00250849252311491,0.004487080204045924,0.0032892274264449952,0.001948068845376838,0.0034908444164202593,0.0038389489917954054,0.0018106255935772424,0.0023884258459730746
intraday_wind_and_solar_forecast - Wind Onshore_t-15min,0.007984408518357668,0.006255893651396036,0.008952299006399699,0.008587129600957269,0.008417167760519078,0.00952712255041115,0.012517333620460704,0.008659596993558807,0.004825527640452492,0.013330847850535064,0.00834322148479987,0.003774356805759453,0.01797411502758041,0.011103832605018397,0.005347996980555763
100m_wind_speed_mean_t-15min,0.002889526102129821,0.004304519840369039,0.0027408670088807413,0.0026360883699126135,0.004074846777570201,0.006347246920748148,0.0023531630016259443,0.005864784854915342,0.004730470455066097,0.0027812983443764095,0.005328272411023136,0.002392317597102192,0.0027148502582185754,0.002715853537214116,0.002518949074051534
10m_wind_speed_mean_t-15min,0.002804962076686934,0.0069203059535793724,0.020171634104975966,0.0031575891154388956,0.0065621638040065594,0.01958771498435726,0.007201173368112905,0.005923384713183623,0.024818587802859837,0.005769617836008933,0.005508209332176193,0.02237159553281526,0.002748329462350739,0.003839483751023181,0.018387207056235637
100m_wind_speed_std_t-15min,0.010722395204317422,0.003085465406358708,0.004236848340218785,0.015681036955167656,0.0028802334057199913,0.00698236904112855,0.010969904512177891,0.003590104334704847,0.005373115644021937,0.011009835428121733,0.004359045653959583,0.00472157522265843,0.009439235758138239,0.004399744800955886,0.004503049813358302
10m_wind_speed_std_t-15min,0.0036111120167124683,0.006847364052875491,0.0075153868194902315,0.003590738879973287,0.004871010525603197,0.01017776912509362,0.004436425056497683,0.004784984818696102,0.0061978500131999684,0.0038303014231016734,0.003989951548401222,0.007097509314713534,0.0034212189359959667,0.0033097009783477917,0.008555471036133895
wind_and_solar_forecast - Wind Onshore_t-15min,0.0050018217336037195,0.015002988997788635,0.008310398896224798,0.005081912711583755,0.013649541198625229,0.005363265232930644,0.005831061310615041,0.014016752885188907,0.008781435280223376,0.00408460072190428,0.012916531263850629,0.009800609347177669,0.004592430275006336,0.011335051057511009,0.012863579011289403
ssrd_mean_j_m2_t-15min,0.003231178822671154,0.004908140685127364,0.004437344582048354,0.009012788010128133,0.008471050638967427,0.005194879427709566,0.014232498933648459,0.0019461275535713866,0.005650164875208247,0.017803305580135202,0.00422387628064098,0.0065158864207915035,0.021358779336733278,0.003873213746795955,0.011139417948637856
ssrd_std_j_m2_t-15min,0.005314388366035928,0.0027890105137166757,0.003634064635617051,0.005736522279308701,0.0034815872711333215,0.003470955000495451,0.005469920843439013,0.002747255573822258,0.005242617147425335,0.006423901741769441,0.00369685783507839,0.0037019110219534924,0.0070613990642559655,0.0019246034782127027,0.005304149155249889
load_forecast - Forecasted Load_t-150min,0.006415021708189165,0.007007935400699353,0.011441360043974783,0.010027288980001686,0.006332585943211597,0.01285299318939724,0.010866594156934297,0.00984092286194209,0.01067312736804888,0.013783977139610215,0.005611137382599054,0.007195651382513461,0.011157503296060895,0.011495036481464922,0.0049559173304860454
generation_forecast - value_t-150min,0.004816912608481288,0.002606108004334601,0.006808688632350822,0.004809685100209208,0.002052300098993328,0.00803896227729274,0.004465581582840059,0.002502216964276613,0.00839173480583122,0.009816917937138896,0.003649434474785494,0.011564362149540102,0.010401739031389298,0.0030135872164592003,0.01182697975213523
load_forecast - Forecasted Load_t-135min,0.006516194632542465,0.005115379383928484,0.01744515366788255,0.003308618421513529,0.0029810769046853237,0.00904503538521385,0.009118843088017968,0.0027543831088614754,0.005157122326717854,0.013789010859414702,0.004665420870172966,0.00394010693859127,0.01749669737658405,0.006094794795672897,0.006619079487965792
generation_forecast - value_t-135min,0.003916727040093974,0.014163874375813066,0.01169900674780365,0.003746996957452211,0.013141772930401203,0.013154631977591634,0.012511183111570744,0.01321230543648562,0.01488029587580968,0.011202594463389687,0.015603361039866285,0.014908875015484227,0.008771477717058588,0.010323788984644125,0.018529233767863845
load_forecast - Forecasted Load_t-120min,0.01214223631384084,0.004477764495115479,0.007502802212744427,0.013474222850123624,0.004841564414885852,0.010071532268884766,0.0069995156145770355,0.002487678435439193,0.004280845545039483,0.00505228205574349,0.004659393580897813,0.0042487511199487925,0.0037350941724980657,0.005730360764353464,0.008733463738273713
generation_forecast - value_t-120min,0.009462927244218917,0.003256577854960824,0.005178597605283357,0.015937270037582493,0.002331706809704997,0.006117619369723798,0.01662720139047451,0.004718881688129841,0.008732678852060418,0.012490343522615148,0.006513227773762992,0.009419027149537214,0.007447116209465094,0.005352770016306522,0.0055882557129152705
load_forecast - Forecasted Load_t-105min,0.009593810383594246,0.012827206974019645,0.005303194584519247,0.0072492549525522915,0.014186851255610691,0.007576456634684291,0.005538375285045959,0.009091574518777634,0.004029992839790794,0.01209821688127704,0.010038830874144878,0.006395770562772668,0.01645306637373869,0.013894700411641678,0.006102309891102778
generation_forecast - value_t-105min,0.011089106089301368,0.004749295073241228,0.005080829998937588,0.01056030510253774,0.006895965215931938,0.0089306856269759,0.006162069910802529,0.009804179895177755,0.010766565759543354,0.005792848885037302,0.013199469329680141,0.008262767835287376,0.004654497062427254,0.015682472688435155,0.00941404825816835
load_forecast - Forecasted Load_t-90min,0.009861974122206447,0.004180292636329796,0.018221645131678087,0.014165346171186683,0.002941526012844406,0.01337794367611059,0.021948972220416182,0.0041014484016341154,0.0036724804013474567,0.01940481910512608,0.002810715578914369,0.006309993169750669,0.015300694376855972,0.004345697302542248,0.007430759631086403
generation_forecast - value_t-90min,0.015548004803422373,0.002220960652114627,0.01382039038455696,0.014350292227958562,0.00291546505084807,0.01032818796292122,0.01323697384094703,0.0027691127013895313,0.01320470781737822,0.009542390455571877,0.006193236934730521,0.012648670246038819,0.010227091736109998,0.0022457118938409622,0.008919812622734754
load_forecast - Forecasted Load_t-75min,0.0063096602313007675,0.004005168280942598,0.015466508484518271,0.004912864829982937,0.0029040920326542617,0.018053648827699362,0.005739358527015156,0.005271345915836718,0.018999101403962413,0.008655802645509539,0.0034331598443995974,0.0223104567759583,0.008476134293657196,0.005675814139165595,0.015294836199769634
generation_forecast - value_t-75min,0.00477674727703743,0.0086334061030866,0.023803746112665978,0.006290610638750877,0.005142012552074447,0.02510813443277584,0.01568146761343087,0.006141407029910624,0.020519326847512277,0.005992288829439986,0.005220831777282001,0.021557659877915285,0.007877103176164383,0.005253562365109346,0.012780717707631993
load_forecast - Forecasted Load_t-60min,0.0035439575099380817,0.006171355053624211,0.015455001329726655,0.004610834619452362,0.005793895324004552,0.01661901022471284,0.004443897633216693,0.0038758062301531026,0.013041420817709877,0.004944624390516765,0.003900987570742927,0.008565497016740664,0.007872193016656183,0.0027412863174686207,0.005406183462226181
generation_forecast - value_t-60min,0.004441758655269951,0.003234679863101519,0.023487328669929412,0.015414081720198737,0.003033159316481033,0.02339382288764864,0.017127329645634744,0.0044504484046301515,0.022931071662882458,0.01834659247484342,0.004229122376915257,0.024229677196926785,0.009413895346100617,0.008511426545745052,0.016171654320147354
load_forecast - Forecasted Load_t-45min,0.010252908475380537,0.005264785305907935,0.003663883299304871,0.0045943507849844425,0.0030714535466649976,0.004476259569317335,0.004824186751075103,0.003978147182097246,0.004600582029579528,0.004477960467897901,0.004336436260240589,0.004566484768489317,0.003675000453215944,0.0022272309087336454,0.0034779735541414993
generation_forecast - value_t-45min,0.006373459612797888,0.00845394506064622,0.01644691112839496,0.00935841676693235,0.005590407291827432,0.02169024021529185,0.012071641993738013,0.007185260440426645,0.020275174844879076,0.016917406718754094,0.006264518752424919,0.015439634673821274,0.017365555151423906,0.007103526632209651,0.018336062768459668
load_forecast - Forecasted Load_t-30min,0.004379905462723641,0.00650145432541467,0.015052005619094417,0.004850623197375171,0.008597277340352321,0.01072340533440024,0.005659342204882705,0.00882011869258713,0.010069644683208026,0.007138098889371577,0.013214163345731321,0.01164879472741947,0.005530124053222608,0.006631029511320682,0.010651412727804881
generation_forecast - value_t-30min,0.011582149630088679,0.0050398884319802165,0.03494555766069607,0.006021326476460672,0.006581748706754297,0.031179615196208033,0.005877911787159974,0.004221264979679745,0.031750575319980275,0.005326877644635488,0.006054327321544406,0.03726128719681583,0.003596285905858167,0.006384501358508715,0.03628355578558694
load_forecast - Forecasted Load_t-15min,0.017166963670548284,0.006137902463407954,0.004302996352693299,0.010535853532164765,0.008408165108892718,0.0032334379248795814,0.011200967952201608,0.00896941350472298,0.0033017845953646086,0.008263587562520115,0.007689665534277083,0.003048140397438601,0.00862262964691763,0.007933672750696133,0.0028826280995004937
generation_forecast - value_t-15min,0.01055401390222687,0.006936846635407164,0.02837733914225828,0.014353154147858732,0.007529748390093119,0.030725683538461453,0.01576809937568032,0.013033900423441082,0.03316570317788137,0.01760165463854173,0.012209069444223132,0.02747514346189564,0.01253832436123048,0.010780260505624029,0.02397603708964016
generation_import - Generation - Hydro Water Reservoir_t-150min,0.009108463336207934,0.004152215734795391,0.006543187230165131,0.010519036056721234,0.009562230515173725,0.010611961477028671,0.009460012834719237,0.007495850579696707,0.011322322646534303,0.010827844261199062,0.004526000179875154,0.007993395317746035,0.008904166990231716,0.0034782101585648776,0.008105496932366806
temperature_mean_celsius_t-150min,0.009854390833825164,0.0028884255136799766,0.0056835039156812855,0.006584053363145358,0.0029764935659939056,0.009666762609162107,0.005472015833694513,0.0023283790018638227,0.009578876796891563,0.0038867464518561974,0.005049149782047607,0.005800296626439831,0.004029971817843944,0.0040964590972703266,0.008604647183950874
generation_import - Generation - Hydro Run-of-river and poundage_t-150min,0.007503831971960608,0.005899505136621883,0.01635784430584681,0.00871805581288436,0.0062380804975928185,0.015944163632841082,0.010617090049490798,0.005910694915419299,0.012137641335277295,0.011826300092448946,0.006093640117345785,0.017665210626408225,0.010849581014332216,0.005482628213611832,0.014052887679677951
import - ME_t-150min,0.005507778419578244,0.00470049238080901,0.01009429551368521,0.006024622151981021,0.00391258368460214,0.008906000681672594,0.006335078261909075,0.004338346535500023,0.009883690195302733,0.0058812323654419746,0.008431386318070508,0.014192582406816655,0.008181009380699834,0.0032226781402505365,0.012407645959010552
generation_import - Import - ME_t-150min,0.004297044255425135,0.002687726271978505,0.003601400150464087,0.005761052656844186,0.00238334112129845,0.0043240414601991685,0.008554569688385527,0.0020914864528938323,0.003991400669816358,0.004548181798713813,0.002798700373063184,0.00613144408237531,0.00433813428846679,0.0020841674376285936,0.008192584079532026
generation - Hydro Water Reservoir_t-150min,0.0047069116597995165,0.003138610355073979,0.005117624727636212,0.005788164029447671,0.0034947987745599677,0.0040666312336034025,0.006142887167341541,0.004281686337119027,0.004689375407656371,0.007850025697720411,0.0044794849263762445,0.010666628799161117,0.006379342038096183,0.002954492801694869,0.010989668871792674
temperature_std_celsius_t-150min,0.010306489846676413,0.008622664308734328,0.007173006197539507,0.010769796187700194,0.010363030810753116,0.003539930645376444,0.01138596793632496,0.008111081388189632,0.004936170554808996,0.011124807350413903,0.009284408518935378,0.00504764831475768,0.009175135909430537,0.0073797725392432765,0.005773800847757229
import - sum_t-150min,0.005389281507486885,0.0035010564061904005,0.009439734043582575,0.0030915592635392384,0.002137009629057502,0.0037377150188813175,0.003313483699268545,0.0024350390505844645,0.003993580600206769,0.0033499022907303696,0.003990808814021875,0.006334590153151566,0.004466806847850421,0.0020628368583913924,0.007007219010823064
generation - Hydro Run-of-river and poundage_t-150min,0.0036316974369583477,0.002042772441798661,0.009706915943854255,0.0038989426285879745,0.002692430435000915,0.007465686744813865,0.004261977412705051,0.0025567299454805834,0.007361215299795731,0.0055776019951513265,0.0037715012654587097,0.008397857419579864,0.0037731097372902694,0.0038201446917908014,0.006531201082012558
generation_import - Import - sum_t-150min,0.005574648372745287,0.007785910886435886,0.004888634023552186,0.005459536276979634,0.005612693537237647,0.0045123813200025325,0.0064815261691037445,0.008519130380194837,0.003644269268252174,0.007909995761045138,0.0069232599819933965,0.005077077318115698,0.009397545890358742,0.005174920669264793,0.009500931028669583
import - HR_t-150min,0.002693118352955935,0.006067278899731491,0.007453301796889718,0.0025670972540110595,0.00659072235077474,0.0051001944967447345,0.0033134648944223954,0.006323376377811656,0.005606854762911098,0.0034413007849543645,0.003884659722689321,0.0050641586382262176,0.003407821578113726,0.0027158970829427743,0.004419305244940915
generation - Fossil Brown coal/Lignite_t-150min,0.0023645265873219615,0.0014803960838598868,0.002983136293941243,0.002719226159266327,0.0024113466232731752,0.0036870120348958153,0.0024805474507564895,0.0021426024470856645,0.0024565336911691704,0.0015382521818364694,0.0023617909285812855,0.0023042784963690794,0.0016823235864832213,0.002304029574297601,0.002161249570102882
generation_import - Import - HR_t-150min,0.011014798579431953,0.008453685420237889,0.0029912841988789297,0.009372570328239817,0.005959112106647808,0.006844507261208491,0.003954686713766023,0.00881338102126756,0.006447620489134351,0.004300504356027886,0.0028157903410028664,0.006651023500271549,0.0038945308277834557,0.004493683209533628,0.006604307178742602
generation - Other renewable_t-150min,0.0,0.0,0.0,0.0,0.0,0.0,0.0,0.0,0.0,0.0,0.0,0.0,0.0,0.0,0.0
generation_import - Import - RS_t-150min,0.006266562708759011,0.00985014139678242,0.004879135986058827,0.008501750108420993,0.007275965386841563,0.00890905856173231,0.011586558359202172,0.00626133175373252,0.00640280071880261,0.0075683548266606525,0.004431123397593183,0.005976446814388964,0.006091859247471802,0.0029568056472044192,0.004949654365773313
generation_import - Generation - Fossil Brown coal/Lignite_t-150min,0.002495304248962384,0.002916508291311402,0.003938332304038341,0.003014096661557005,0.0025280206119969078,0.0028438518335369735,0.004842470571278682,0.0016729160350241728,0.00264827666338806,0.004385652194801878,0.0033597344206913815,0.003353176367972992,0.004427452512678883,0.002347906867345955,0.0024528118125217587
generation - Hydro Pumped Storage_t-150min,0.005817620184781845,0.0026380157280400454,0.002539866701682513,0.004962073118309491,0.004152694463992702,0.0051041612271292254,0.002959639926642637,0.0027030796519284194,0.0024460486330754065,0.0045791812071056485,0.003785906062314098,0.002505905829558742,0.008761953974608333,0.0038459030276917472,0.003615927417287821
generation_import - Generation - Wind Onshore_t-150min,0.008731685921702592,0.0033862514011709735,0.00892109893163797,0.008537471533985808,0.0035593723758651093,0.008992889857187037,0.009432477392241708,0.0025534174710810475,0.011214671905338036,0.007673612464379403,0.0027300039373026265,0.012973789469717303,0.005100962410435386,0.0022122766143529587,0.01110384781221228
generation_import - Generation - Hydro Pumped Storage_t-150min,0.003844047387008686,0.002376587858527273,0.004296027072502738,0.005033006362178639,0.004130492620926816,0.003581243235810689,0.007274369536589802,0.003052800417859544,0.004200413144564663,0.007820800633911858,0.0034859045438743125,0.003966874121559613,0.00793592947619618,0.0018164935720892572,0.007244013609051763
load - Actual Load_t-150min,0.01603754929776187,0.0028915685373849557,0.01770712717148126,0.018274702265902307,0.0028523528004644164,0.016756576549254533,0.020369612784968922,0.0024483326935760487,0.016808520394347853,0.019918506795529537,0.0034255720533401474,0.009348420755862208,0.01905550517004667,0.006501606754896784,0.01077940342497277
generation - Wind Onshore_t-150min,0.0038519075360181885,0.0022489951189686506,0.007134535610259263,0.0042420526650275864,0.0016598842906337269,0.007595904939924367,0.0028132311812578336,0.0015847060757778308,0.006822581417371111,0.002598715091503891,0.0017038769304363085,0.007684074802895339,0.004620216561103007,0.0017134490650130374,0.009962873006993903
import - RS_t-150min,0.0065471338780544105,0.00454648049705429,0.016744976382789902,0.005525891458714796,0.002620851843905939,0.018587499332701554,0.00763006669180686,0.0027022218993379282,0.020589605159766506,0.007202075043268565,0.006544275030913923,0.026634217999642714,0.009666449834607193,0.006110339726888924,0.024693101536657196
generation_import - Generation - Hydro Water Reservoir_t-135min,0.003439841748946492,0.00469924147533311,0.01896523002233789,0.005637836799571232,0.0020590101418574707,0.013813578625944501,0.004767873537090054,0.003427037743073015,0.011944694020349743,0.005662046872006613,0.0031817223562702565,0.007671962051826995,0.003890681112587117,0.0022287224489664368,0.005382232491607283
temperature_mean_celsius_t-135min,0.007839812765276292,0.0022876311743984844,0.019228395109062147,0.006416905358577878,0.0037493418177027707,0.018976560606002748,0.010139783719820116,0.004135150376858292,0.018057762708609516,0.005613393920473754,0.0022408341314887822,0.012723034267211915,0.0049890984076378115,0.005987872011590753,0.008067182939994382
generation_import - Generation - Hydro Run-of-river and poundage_t-135min,0.003095091677184428,0.0077882360865260125,0.011074858323860098,0.003097767082592327,0.00937738620631717,0.01231552985678718,0.0030644796771127857,0.0037080339277672466,0.0077111151697645255,0.0029237917100967932,0.005788111047710117,0.006424949375309097,0.0025710209875142026,0.0035846226978417236,0.004696372885666278
import - ME_t-135min,0.00794810816518202,0.005573555949813454,0.005136673829308165,0.0032656105675632715,0.0025177300665554865,0.005248348259764157,0.0036682788401685685,0.006763409912280622,0.008902761994395405,0.004173937237918836,0.011699641903582234,0.0049739346277892765,0.00378286854038015,0.008411293975135778,0.0030061214187293217
generation_import - Import - ME_t-135min,0.00420419452796341,0.0027050639053750273,0.005974118944848442,0.004128448924035183,0.0029622311501848343,0.009159979172422027,0.004206937699200097,0.006364702374507033,0.006345970219983428,0.004005040233405453,0.011490408411220414,0.003223137008277945,0.003036390078828845,0.010643741581050564,0.002975249967079435
generation - Hydro Water Reservoir_t-135min,0.004885961897336528,0.0036581224938381637,0.009685004856441084,0.004536244869235815,0.0028622934526101743,0.010361455690996082,0.003244908281782955,0.00365756329015494,0.008175411047697707,0.007165135956440281,0.0028908721551124473,0.004171160637828507,0.00899570295490048,0.003589934478955911,0.0038575039832205674
temperature_std_celsius_t-135min,0.00975503678459063,0.0029920011744861766,0.008665825061867508,0.006050350511663055,0.003169860214315122,0.008829540779626086,0.006258851144270011,0.0028183323744560766,0.01172142251587971,0.005466455640402273,0.0032795189952976216,0.011711665304028429,0.005501732598480658,0.00511523878207845,0.015634903653655784
import - sum_t-135min,0.005827448623421446,0.003684599711894407,0.00415951898559797,0.005705915230559185,0.00243689913088474,0.004096871421723677,0.004175875409681339,0.0020141814155676912,0.00457957496367726,0.0021604485920861407,0.002822867949119427,0.003316317249677013,0.0036820661943747835,0.003980517569854555,0.0029234958670639345
generation - Hydro Run-of-river and poundage_t-135min,0.013822288719151402,0.009493138691934291,0.004448818515231324,0.008433655231376179,0.009473637614704785,0.004711142973166716,0.006842662193332217,0.006711789587461681,0.006749624365347699,0.005081624462349282,0.013614003060461982,0.005217990917059069,0.008804562318953685,0.01313836808054475,0.007036377291551616
generation_import - Import - sum_t-135min,0.0036138015720807745,0.0038446993510042374,0.004914328911852408,0.003052017984019585,0.0035191462868442614,0.005714027644251473,0.006650572935770469,0.005110437264655048,0.005514234999602195,0.010143365318719589,0.0021879567663117996,0.0037031936104558556,0.009667415035903104,0.002060709711232505,0.0024045125672801076
import - HR_t-135min,0.005305031610649167,0.0024920744379937788,0.01373593100225844,0.0040672600826364945,0.0024118835985023,0.016622589457780123,0.004147941465889744,0.004641187649449421,0.015055221581631485,0.004191716402337988,0.0024306356532279097,0.016868976871781342,0.0053493493719142865,0.0028892888257323647,0.016715498976700473
generation - Fossil Brown coal/Lignite_t-135min,0.003289595594717511,0.001373241576803707,0.004363174034144322,0.002152200270904018,0.002881475643665908,0.006259723552619107,0.002120163841179874,0.0012466862993533142,0.003960246585060304,0.003827268127452953,0.0021547381962598137,0.00256875450212101,0.0028669364722809405,0.0013549677188525492,0.002822746991918848
generation_import - Import - HR_t-135min,0.008538063783453254,0.002379906061146812,0.002902105662135,0.005349800467067325,0.002419369016901328,0.0040934205764388025,0.004411348674701912,0.005649353625249205,0.008913064845779445,0.003187818709860949,0.003193744287699701,0.01225918096480018,0.003008679883412242,0.005094966908880451,0.013208793788449838
generation - Other renewable_t-135min,0.0,0.0,0.0,0.0,0.0,0.0,0.0,0.0,0.0,0.0,0.0,0.0,0.0,0.0,0.0
generation_import - Import - RS_t-135min,0.0037682006351496965,0.004425711940340989,0.01163214033913755,0.004083825340709296,0.004402530221010238,0.006118453913678877,0.004244097335741217,0.0022881924306457223,0.009623602914747608,0.006747342907292932,0.0029450883023555436,0.006698907768350182,0.010797821196471317,0.0025112329817893624,0.0106456569598231
generation_import - Generation - Fossil Brown coal/Lignite_t-135min,0.0019150932918100807,0.0014902121435151727,0.0026293644345532813,0.0027705696265438746,0.0017239490027834562,0.002643730733063421,0.002096406399093212,0.002353037120819863,0.0024653711619405387,0.002869925762758612,0.0023185302221354503,0.0022458155879321565,0.0024937028474030995,0.002193590572770233,0.0027645231136943947
generation - Hydro Pumped Storage_t-135min,0.007820547818213527,0.008281033106562972,0.005694581531373842,0.009122564166900701,0.007887672495562582,0.005818125841848086,0.009658696894926834,0.006233895512486924,0.004275216280614131,0.00926660856710805,0.006274692256556591,0.004265062777405546,0.006794051058561308,0.004946142019804938,0.005828535024811345
generation_import - Generation - Wind Onshore_t-135min,0.006041810428036115,0.011514209148910595,0.005408835345158877,0.0031018607704140777,0.01503086141481981,0.006067941002249427,0.0036162236523423416,0.010363344319011958,0.006803475288041227,0.0027681447062313964,0.008777122178109494,0.006553529702177912,0.002832344485970225,0.0036196457266560174,0.004713854190717029
generation_import - Generation - Hydro Pumped Storage_t-135min,0.005628065591466566,0.006949278346874053,0.003344507659413011,0.0035099859648453275,0.006680722228018567,0.004670185245048969,0.0032396233858016784,0.0036678088957601174,0.003397145878611809,0.003170809578447006,0.004010727059681813,0.003536144349134702,0.0023889416846459427,0.002637734828550492,0.003984855452146803
load - Actual Load_t-135min,0.008543899463713388,0.002769295369047086,0.010590572913750066,0.01384336792601971,0.0030972984834006637,0.009243856926899753,0.017958253647342645,0.0040452332933909926,0.00615669310245903,0.018318475381793178,0.0051670482225672455,0.006100481024270493,0.01839344607156818,0.0063329427202988885,0.0061399297583266165
generation - Wind Onshore_t-135min,0.0038689563615730547,0.005568899229343515,0.00466569108275337,0.00294570632283785,0.002306822931608622,0.003702088012221793,0.0033043638555518553,0.0029834994988868855,0.0037064535099023033,0.0038669040265021976,0.002478162073742169,0.005232828085041547,0.007710194298149872,0.0031260902245257966,0.00360168554924212
import - RS_t-135min,0.012358109278538905,0.0025489496785576194,0.007292983389255823,0.011087659717784845,0.0025108325723485906,0.008314974248636645,0.01157786039182247,0.0036549765758636566,0.011421310428909691,0.01510368303305222,0.002849171431996183,0.006145571615848894,0.010417571905389195,0.0033400378940523297,0.006670472189722204
generation_import - Generation - Hydro Water Reservoir_t-120min,0.00946642432349472,0.008736004915830563,0.008228644873968733,0.011643273934474565,0.008102767602860694,0.010376982326590223,0.014783787313885114,0.007651479639966055,0.007002391269459622,0.015202822186314734,0.005189779510669723,0.006081972782456433,0.013560961062161368,0.00348091367550478,0.007449930294975502
temperature_mean_celsius_t-120min,0.012705644407404178,0.002816091934724682,0.009228226668486968,0.015737365311433677,0.004505741650704749,0.014125076954853284,0.017253834939240733,0.005020141853465248,0.01288679259008495,0.01541574460791162,0.00315971716082322,0.008513707342019188,0.013746947803654621,0.002200068615120472,0.013200558683555755
generation_import - Generation - Hydro Run-of-river and poundage_t-120min,0.013106408299969188,0.005746154462514823,0.008910232485068264,0.013089490262875187,0.004176037554654158,0.013461641738307663,0.009196077434731706,0.0025283595905511904,0.013563098601880484,0.011155743550458282,0.004449762763768376,0.01006045034026829,0.010914174717883725,0.004156952760155036,0.0054248978590658225
import - ME_t-120min,0.0036319316814624474,0.003927691279688588,0.005356268262949016,0.00371283489211055,0.003983952503915134,0.010430592511122086,0.004376170859306057,0.0047410857318827765,0.008687842772094882,0.003729449774796194,0.0030601516147853547,0.008311793620412573,0.0030876715877002424,0.0028421711295786734,0.015432272394908068
generation_import - Import - ME_t-120min,0.005979578993486939,0.00295948307467188,0.008651236320038152,0.002703184173182308,0.0031726937463899957,0.006476923691135198,0.002321015105121205,0.003749249705053444,0.007456754795118741,0.006429604389217275,0.0032687463426937027,0.0062650787024322195,0.005675250855874765,0.0025654784190616907,0.005287914320229902
generation - Hydro Water Reservoir_t-120min,0.004161085442516196,0.0037662999958911316,0.004734121752342617,0.003742778066865867,0.005883538234280422,0.004058762348202435,0.00415585511820018,0.00834789299312979,0.003816487732154201,0.004461357316117543,0.008064204241850347,0.0037122432098622084,0.00427388711709591,0.006047876166812785,0.0037287403317786813
temperature_std_celsius_t-120min,0.016556406699026412,0.008200201588691926,0.005476144827469397,0.013650527916957799,0.009198697967643965,0.005078278335826326,0.01305042162926076,0.0074392163455650005,0.009098161959489516,0.00904198451063712,0.008304578233348365,0.009368960409148712,0.004752235501357063,0.005325559659111604,0.003993390253115649
import - sum_t-120min,0.005596783778415556,0.0042611227094421335,0.003167253513822288,0.011479002126921841,0.003102693140589224,0.0035454100875767836,0.006775044002295545,0.005076893444220331,0.005219528929877924,0.010599743083058456,0.005682196411966288,0.006527625992490357,0.008797462420854572,0.005804603937371212,0.007328924252044089
generation - Hydro Run-of-river and poundage_t-120min,0.007145624758139093,0.010941475163592259,0.005398454463313101,0.009900458132586209,0.008350302804150488,0.004035768719084444,0.007524655765075295,0.009506080175480746,0.003447717550551715,0.0037017855937629064,0.00791859955469772,0.004934069015309433,0.0038682229868827562,0.010997355813811737,0.0033307518024757884
generation_import - Import - sum_t-120min,0.00613991510881533,0.0022237911553424964,0.005900758730776942,0.0035950770028102853,0.0024165947840847366,0.011967303979661665,0.003712526766685187,0.002359748468254111,0.008986048507809756,0.005109344182453242,0.0022222358900107794,0.009328880138477871,0.0030967272590210087,0.0020641875014234755,0.012151377789235994
import - HR_t-120min,0.008153518659063594,0.0030865807176128327,0.006488911130301403,0.004196457676538558,0.0029930475378243957,0.004089744734535543,0.0035249793569616943,0.005832148959662874,0.005396877837551074,0.0037241728732569754,0.003921225797520719,0.007525327527197078,0.0034524907810591686,0.002813627367916524,0.005308451785520447
generation - Fossil Brown coal/Lignite_t-120min,0.01279782134819925,0.002431871770773455,0.003433788155840375,0.011335835162764851,0.0028918445480130687,0.00565020562720565,0.008735767109986227,0.00229920496147588,0.004330236787817739,0.006657980792153467,0.002185254705293119,0.006620895022163495,0.0030807929574166336,0.002044968688346671,0.00635665401319693
generation_import - Import - HR_t-120min,0.012933380811767165,0.0040989734823742765,0.0067941926032071935,0.017667730407440102,0.002706644879828673,0.008460586843975762,0.013392562437002199,0.002392548852059008,0.009420065716283716,0.009719589060936415,0.002378955434758609,0.011619631795266287,0.009225901577141486,0.002003462394322014,0.010201707185441137
generation - Other renewable_t-120min,0.0,0.0,0.0,0.0,0.0,0.0,0.0,0.0,0.0,0.0,0.0,0.0,0.0,0.0,0.0
generation_import - Import - RS_t-120min,0.0051313909199961925,0.00665160614234253,0.010662079672852997,0.0047727732581006425,0.004268722376371443,0.01471168185620627,0.00552003712396754,0.0025528324095266727,0.013771026911301306,0.006451338169057862,0.0025813319347707873,0.007075816570901224,0.0038699215881133568,0.0030509327978172182,0.004373795688675046
generation_import - Generation - Fossil Brown coal/Lignite_t-120min,0.0021066525433425342,0.0012731774854623837,0.0038931397058586297,0.0020549510449682203,0.0013212202774939214,0.0034159790330304533,0.0027797964890141883,0.0012291477313569885,0.0031692455292995875,0.0025730533770001785,0.0015917952784758427,0.0024517035236676747,0.0024767432722001105,0.002565403479017732,0.00269267514435478
generation - Hydro Pumped Storage_t-120min,0.003731129326915834,0.004615712326733046,0.006719846280291677,0.003425752376590026,0.00418225737710236,0.0033242802555378146,0.003099164968740297,0.0025187926105841143,0.0029762118224732604,0.0026346656876289672,0.0058798504937731194,0.0025003578065502553,0.0021163828904753926,0.0029999870301080592,0.003691675512975053
generation_import - Generation - Wind Onshore_t-120min,0.0026958426356795827,0.0033933029207892105,0.0073954216642887335,0.002441608529354198,0.004026435256668265,0.008129642599664293,0.0032435251650676945,0.0028030966421983975,0.0059658899159258,0.004908898329011663,0.004022614282086579,0.005528890156008856,0.008034152445008658,0.003255237223875156,0.0024414276758452616
generation_import - Generation - Hydro Pumped Storage_t-120min,0.0025546289728090414,0.0032846189580350254,0.00310894344629196,0.0032046970511669316,0.004328406622473267,0.0039817506577564925,0.007494940686068731,0.0024001325273948168,0.0026618511362250957,0.004754523319508735,0.005226197674099239,0.00384023181768589,0.005269577248551741,0.003072627389180525,0.0037640590855826305
load - Actual Load_t-120min,0.007208990797083175,0.004179790535903521,0.021255274195515084,0.0032788450052632927,0.002682793392750682,0.023237833073886577,0.0030282546741873377,0.002655938128126763,0.025239850365527672,0.004330279052639526,0.0028308030976368173,0.024980562879805802,0.0036431570467193525,0.005465888373779307,0.027362103977415245
generation - Wind Onshore_t-120min,0.0031314507908209634,0.003633654498598844,0.003627038074999291,0.004071181931449246,0.002242396471250686,0.0054887403943575915,0.0037239493502420375,0.0015667254737976464,0.003093209956139617,0.002465224353740268,0.0017318311828173592,0.0065705874473878795,0.004869405933222879,0.002192837918358691,0.004457027071847733
import - RS_t-120min,0.007770216053341301,0.003451382339189877,0.007871543957669928,0.005716764786824569,0.0026563563921026797,0.004423864491804125,0.005797907088512147,0.0035479711348612,0.004315803085167204,0.0036912387437187137,0.006974822987773223,0.0046499881163990725,0.00328899232252661,0.0032070900599183005,0.0048247325556812935
generation_import - Generation - Hydro Water Reservoir_t-105min,0.005166641889535413,0.0025978564307924897,0.004264836233414826,0.004457706895067758,0.0018936867461056862,0.005823701743727725,0.0045119354774542444,0.0028487212183545127,0.005314423423733387,0.0044166446447015915,0.003835141233405011,0.007241385534282017,0.006586357352811547,0.006819646259202273,0.0037876553342211993
temperature_mean_celsius_t-105min,0.003593327371274427,0.0023789111957958084,0.004818380388627702,0.0054098064094578145,0.007508206031829104,0.003912237684377032,0.00634247269944899,0.005826861637165166,0.004597508697370359,0.006612642839565524,0.0035775418269549846,0.004204768027924729,0.00714680093547122,0.00410860837802602,0.005692753791439827
generation_import - Generation - Hydro Run-of-river and poundage_t-105min,0.012878661700502562,0.004723691325261825,0.006095979820433058,0.011618312985925059,0.0044385197573865295,0.00403711891682542,0.014901477078359222,0.0030639937153515576,0.005822642211435777,0.01386898896817729,0.0035854704976172797,0.005739967130000878,0.011999401937973744,0.004026584770808767,0.004654431263442007
import - ME_t-105min,0.003209494562948748,0.008697097193955415,0.012115163723255136,0.003142341995931929,0.005724312690388615,0.01396486617741175,0.002746456286517059,0.006293271190671035,0.01346775336882456,0.0030482346778699138,0.0024099311690159767,0.01251419830652594,0.002997083068504594,0.0028720288458971483,0.006977523709324146
generation_import - Import - ME_t-105min,0.008939292921830202,0.0027250790318748843,0.00932479105778475,0.011339950349549327,0.0035656676305807194,0.006706347321265639,0.009460910526446242,0.0024686057822175373,0.005322742973261484,0.008247086065915937,0.0027704318802570923,0.006972781809172375,0.010412207397033853,0.0042262612048161825,0.012901177207075306
generation - Hydro Water Reservoir_t-105min,0.005985470742935377,0.0027943450327924213,0.006558096139317058,0.0036547210719982104,0.006004934275821142,0.006689996112174413,0.004494839638395206,0.004912916190254464,0.005994523142235266,0.005382648292154044,0.002212755590782573,0.004393339119402298,0.005337910682250481,0.0037388309410725925,0.004789825274928262
temperature_std_celsius_t-105min,0.004184412181328298,0.007901512292563893,0.009731376093659492,0.007065259647617495,0.009397777114882046,0.01262520635664987,0.007445259255808196,0.005673570055258551,0.012070521405483306,0.00801265219709785,0.009547020902027725,0.011702103074608203,0.009952152964055131,0.009033611614202528,0.010042205177693176
import - sum_t-105min,0.007380068336893601,0.002411020481826199,0.016168746199349698,0.006511521101935671,0.0073887439854443075,0.015562524642998142,0.004723783519482822,0.0038397498225931485,0.00960432428743843,0.005569202771092023,0.005184612459474011,0.005472711961960158,0.006816726426417517,0.0033443153274656653,0.0051829223640379495
generation - Hydro Run-of-river and poundage_t-105min,0.00361041809859978,0.002716502135735027,0.0051063606909997365,0.003622757093472643,0.0023923504472741115,0.004208312432609091,0.0054833609663409106,0.0021244273525198878,0.006724767115785653,0.006127969904577071,0.0032454670799379527,0.006648556075781016,0.0025361091892536934,0.002835434472601719,0.010809431881552882
generation_import - Import - sum_t-105min,0.006266674687976774,0.00280380369046361,0.008485649084839678,0.003807187249221897,0.0027859294377049083,0.00915955637326033,0.0031180007507612116,0.003092518700168398,0.009713625098680496,0.0028177189766515768,0.002674644775930574,0.00779859008853964,0.006038911018171347,0.002577534004360132,0.0023342600090218183
import - HR_t-105min,0.004179860880758497,0.006471868624790659,0.011426443179385388,0.0027012722785203207,0.0062381601408051214,0.013862437166302697,0.0037235650433085537,0.006192973608037846,0.0074017141048061605,0.007001652014310821,0.00198484675483337,0.009054117208666867,0.006752191502044298,0.001765987838491128,0.008225700419392525
generation - Fossil Brown coal/Lignite_t-105min,0.001828015459305334,0.003458245607752815,0.006215369687830389,0.0025500125398612,0.0017415537950969337,0.0038744875326923987,0.0025038835042018944,0.0021865237147576408,0.003779089508807374,0.00211090637743564,0.0024917158938787907,0.005316650760607445,0.0051395914548440945,0.0023643728762162935,0.0054921065463167905
generation_import - Import - HR_t-105min,0.0038872596271176006,0.001904599870173115,0.0158249486392574,0.0035319283029984945,0.002487438466484548,0.013297831366161517,0.003068665050747768,0.0023862655427737993,0.01355058874830138,0.004839144243062038,0.006143074331477919,0.007797506168033578,0.007314844514750803,0.005363155136430577,0.005753774368031372
generation - Other renewable_t-105min,0.0,0.0,0.0,0.0,0.0,0.0,0.0,0.0,0.0,0.0,0.0,0.0,0.0,0.0,0.0
generation_import - Import - RS_t-105min,0.005482286320155253,0.004102843496695641,0.011225854530790457,0.008601786989165703,0.005400623371659371,0.009605043753152132,0.006487409606517758,0.0027289193499564135,0.006145710736996932,0.006114670802304318,0.002570277604378134,0.009553440406729351,0.004366495451067749,0.00197861121884398,0.008439132368897845
generation_import - Generation - Fossil Brown coal/Lignite_t-105min,0.010054987831037579,0.004765024769506908,0.002072471866357773,0.006882872477721321,0.003043649457300944,0.0030188617211924793,0.008030496266917908,0.004140047446091558,0.0021704770439455673,0.0071313051506513144,0.0015829557715394459,0.0035255923978184,0.010287068194027598,0.001851315713243025,0.0027703100868748153
generation - Hydro Pumped Storage_t-105min,0.004613562493588006,0.0022596954218788595,0.0020824100022716723,0.00266082299847767,0.0021607114420967265,0.0021751047504994857,0.004121562418682515,0.001975963860308184,0.002442511548211769,0.0031496726543114163,0.003097998652123806,0.0026782023092978306,0.003581455281293529,0.0038371441832750863,0.0023993295790660342
generation_import - Generation - Wind Onshore_t-105min,0.0035891462592830977,0.0024366495762478736,0.003618830897146836,0.0029338694157456757,0.0022629560064033284,0.004639801215436591,0.002412209840455944,0.002496453121575087,0.004431096693393556,0.0039707136525146325,0.0022719290411559994,0.007194930738049152,0.004289297918485317,0.0022562078045093585,0.008466352912888397
generation_import - Generation - Hydro Pumped Storage_t-105min,0.0036346294635077356,0.0024620327565554588,0.002880308911589964,0.002217805768299513,0.003466304883915768,0.0030350781569140964,0.002256036839445187,0.0027786176631343553,0.0031213660429461926,0.0037183776461042727,0.00308113053884972,0.003980988206880283,0.005942070388882712,0.003210584674158781,0.004013161743027467
load - Actual Load_t-105min,0.0038098086270983915,0.0022776935456249705,0.018051456583139953,0.002903991002645853,0.0034718789853568524,0.013762840584444347,0.0029385763371428766,0.003563140302584543,0.015043243937630905,0.0032977442486462677,0.003323726519909542,0.01359079443381779,0.003400120100001004,0.002732176027518108,0.012568546600145055
generation - Wind Onshore_t-105min,0.003600993506113582,0.003362324018277377,0.0034581784140937087,0.004496307134789731,0.002518311908254418,0.003798725177720371,0.0028935877834883285,0.0017097757824777772,0.004067170578822697,0.0037077955139266125,0.002784410493348787,0.007520683852380899,0.004401853987191998,0.00470405160788755,0.008516028569567425
import - RS_t-105min,0.004149247970424539,0.003428997448726932,0.01293395609081199,0.005456470379933308,0.002703700544646381,0.010898766877577145,0.006720453232781438,0.0024694040022390593,0.014491372360673268,0.008360648689762456,0.004614856054605297,0.015189878588804277,0.011930625768458412,0.0058550269085444594,0.01690618689349503
generation_import - Generation - Hydro Water Reservoir_t-90min,0.013815998895224765,0.004282144381773833,0.006057997463931542,0.013234551750603714,0.007030177253311194,0.00586460978901232,0.009834925801049395,0.004895810012216316,0.009526012404196081,0.010623084838669456,0.0026254349775284977,0.0061899364736309505,0.010238915300389635,0.0024378948535614883,0.005109733638109219
temperature_mean_celsius_t-90min,0.0077363954403663225,0.0026203289273180417,0.010672035284467711,0.007120856611754107,0.0024706674980900516,0.006305713257108437,0.004950498660777612,0.004687386692842665,0.0089311011812797,0.0047509453768434465,0.002847201836631939,0.008628790518523602,0.004515692342041803,0.002544052689423552,0.012216569721262203
generation_import - Generation - Hydro Run-of-river and poundage_t-90min,0.0032103576975182476,0.007940647715181513,0.011197686402113504,0.004103103416265185,0.006862404438583326,0.01346493909806304,0.006402242123658653,0.01111782110648528,0.01566271469678031,0.01162690955142898,0.008720874219739926,0.01708397987994249,0.012405434226711804,0.005077687699384114,0.018021070290880743
import - ME_t-90min,0.0027399780396079906,0.004303742238953419,0.010282991791995301,0.005441865697666799,0.003846695193265987,0.017064587873435812,0.004228786290921562,0.002652980692382698,0.018825263052684022,0.004843803931813909,0.0032852439363541637,0.01582339152804343,0.0033879210778577544,0.00393798399192292,0.01396186210741871
generation_import - Import - ME_t-90min,0.004255417140049758,0.005527546105116926,0.0078016615132837615,0.005468235968007776,0.0032658868158923723,0.0038777436391265498,0.005148425965477145,0.0029417326550737924,0.004084513487759978,0.004899975724435194,0.002627482558193151,0.006123357473359647,0.00420905761881113,0.0034240674041457167,0.004758896980781174
generation - Hydro Water Reservoir_t-90min,0.009367965996955718,0.00524188723623638,0.012005280158740788,0.008275240855204175,0.005365926282076771,0.012256849297129519,0.0035334429462222944,0.002965911556230992,0.016426325081323738,0.0040036039584197165,0.002742346456352067,0.015282322855302483,0.0037251260273587833,0.002653095557960114,0.01082277281054121
temperature_std_celsius_t-90min,0.01892452549515292,0.004374832897028682,0.003022390111441382,0.01711059910122276,0.0042261855044662296,0.0034406353963986475,0.019207361954584484,0.002584664720287037,0.0031822362181864036,0.016320574480472715,0.0030878590506395083,0.004973891338559042,0.011558358535097795,0.004691010459914004,0.009179943492792518
import - sum_t-90min,0.009538062005096435,0.0027133221977701395,0.019277083507011412,0.011472572178722202,0.002351554635364664,0.016600900563578762,0.00830707622670161,0.0025619812717959578,0.015672934806980038,0.004746003805453256,0.0029776755092466942,0.014343698477430734,0.0036681289018897587,0.002213877707526763,0.015582474659877334
generation - Hydro Run-of-river and poundage_t-90min,0.010787864929414127,0.007923675902509785,0.02005703145998996,0.004398806106237317,0.005930102006328525,0.0175627832240134,0.004450447560902831,0.002921302363771247,0.014809363032138208,0.010568381957074963,0.0031170104731572793,0.0065226779834192715,0.011864086931802376,0.00306266454865181,0.004808394530227815
generation_import - Import - sum_t-90min,0.01310474009285099,0.008135662653176041,0.0038370071165883244,0.009318525660601153,0.007502824890136253,0.003483849779224329,0.009297623537851905,0.005869297297605954,0.003421067120616499,0.0055966663948122455,0.008753349698388774,0.004341747481171296,0.0025365402999013896,0.006501820337032768,0.010054391683346695
import - HR_t-90min,0.004004851464249441,0.008217605028374236,0.0075103789435743236,0.0025339959515640656,0.008485485680204874,0.011745239606265386,0.004886754405736156,0.009781993796364987,0.010194584787292115,0.009821335252054269,0.007240701064634777,0.014248277516802773,0.013356467132485705,0.005045465416456864,0.01722206726061995
generation - Fossil Brown coal/Lignite_t-90min,0.00694279400042069,0.0028402018816523194,0.0031623743925156306,0.005996720430255664,0.0020721737475669216,0.0027177249338756156,0.0037433654904934885,0.00242234215330609,0.0023317529285659475,0.002124380870732239,0.002381286425421422,0.004348239934558535,0.002304657452716583,0.0025276058039526107,0.006072881385394794
generation_import - Import - HR_t-90min,0.005909277934628335,0.0026500994329380773,0.018389091136763454,0.006920328151602007,0.0031708093844426914,0.009445228792628768,0.005529856231565646,0.0025319898788152386,0.01130770597933224,0.005974810185556635,0.003032934104438027,0.006301064826355287,0.005933919557039189,0.00538345218271661,0.006286601574953238
generation - Other renewable_t-90min,0.0,0.0,0.0,0.0,0.0,0.0,0.0,0.0,0.0,0.0,0.0,0.0,0.0,0.0,0.0
generation_import - Import - RS_t-90min,0.010282373865007684,0.006691495042756287,0.012171231496773544,0.009879458357114344,0.0025741910873687173,0.009690819426134112,0.00570969598856027,0.002275940261960727,0.0053502960959085615,0.005045743842856609,0.004168825347165694,0.004312938147827254,0.003533657914610558,0.005137372422823318,0.0037896979381075654
generation_import - Generation - Fossil Brown coal/Lignite_t-90min,0.005729142892327218,0.0013497387314091612,0.0022784463224211323,0.004944194442114167,0.0014322138187144447,0.0030363673762658435,0.0045250921628248765,0.002646399861670943,0.0027199798591509535,0.0032531668302349316,0.0025980176879857025,0.0026239412454051488,0.005477911349791612,0.0017986343157681403,0.004923354526126787
generation - Hydro Pumped Storage_t-90min,0.005303583856337355,0.0016425763434526743,0.002238763305629618,0.004936589793348503,0.003194643684276798,0.002159016173673081,0.0029189111698869966,0.0032562047305491433,0.002900318767193255,0.003940125143577461,0.004179345677577657,0.0027596482563385506,0.007028809617659135,0.002923828047238203,0.004716028473936603
generation_import - Generation - Wind Onshore_t-90min,0.0024018126934024623,0.0030167742409535096,0.0060075734060665124,0.0022444273517885447,0.0047033044763302315,0.008911530980967655,0.003202877543847535,0.0060914653178188016,0.0068585050008550755,0.002454477787612632,0.004993856745530593,0.0071963177592515425,0.005021997076939442,0.0025626136371606663,0.0030239640541026348
generation_import - Generation - Hydro Pumped Storage_t-90min,0.004183074574240891,0.0019426025281354669,0.0033744563294148973,0.0049289977231449025,0.0016774550740274207,0.0038122579399132517,0.0034647785175329774,0.004401105156517588,0.006239449386928754,0.0029688218762839824,0.0027670614893645505,0.0038313285242704753,0.003324389933965449,0.0021791299520682516,0.006918792884069262
load - Actual Load_t-90min,0.0027182418707807302,0.0022922749722165464,0.0035641985814504553,0.004831093429027533,0.003031727899720863,0.004358774708523469,0.006047961960300654,0.002823141405916971,0.004956142165767233,0.006710959625030227,0.003910847055927661,0.004127646472082916,0.003265406561379223,0.0026615588603744983,0.0038748165844035612
generation - Wind Onshore_t-90min,0.0024307435018663453,0.002387084076204701,0.002892167467951367,0.005591125769369682,0.002354802774488235,0.0033664788622572816,0.004373267220649723,0.0022973836480014143,0.0037104668992174084,0.003991716274081114,0.0021906362316728403,0.0034240069437970534,0.0032517788599452616,0.0034302403772913125,0.0035207221250761903
import - RS_t-90min,0.007748154762675767,0.004968293417150562,0.008350810369767715,0.008656408393886523,0.002091296543374483,0.008595546860073227,0.010959921782559832,0.007618981439653907,0.008294474157773948,0.007727096401536983,0.0019383106839129596,0.008014017690466063,0.0043318113995756,0.002113076465409904,0.010707298917754087
generation_import - Generation - Hydro Water Reservoir_t-75min,0.009387832678411086,0.013726917041174602,0.009627417192074062,0.013591161049422226,0.006180545896822878,0.006521913502327294,0.015325436809696839,0.007452533853186651,0.00601189497035557,0.012093769707424144,0.0033385230417165984,0.003672625152159526,0.014685766218812206,0.002540872804898754,0.005201306024249789
temperature_mean_celsius_t-75min,0.004287066748489451,0.004298373866020484,0.008384054426365764,0.003829552464940207,0.0032684434556031192,0.009243468601904168,0.004318951641584135,0.002951534986976185,0.01033581428659818,0.0032415543300576247,0.0029218890460056173,0.009148819364718293,0.0036704873738672176,0.001987192480948579,0.009523444763268343
generation_import - Generation - Hydro Run-of-river and poundage_t-75min,0.011474199044227135,0.009730625193209563,0.016247875262553408,0.010663235423326114,0.008216847837258684,0.007733277108010952,0.004076744213248276,0.0030525638788521975,0.005212869296090503,0.0045812379961626,0.002714662551512902,0.004474607552001544,0.003430884095159854,0.0024164848371146944,0.004680374657057655
import - ME_t-75min,0.013941972044529393,0.009350564992011642,0.005570366078793086,0.011973418686131481,0.006977681946902294,0.00625755854567251,0.010658130325482488,0.007351310989164631,0.00567535072411556,0.00916196745578236,0.006250193033796677,0.00546842845300489,0.009447424538906488,0.009538800598224043,0.005664157098086434
generation_import - Import - ME_t-75min,0.007878965691470513,0.005792441602952749,0.0037940712193731086,0.010860522366230725,0.004225218611706964,0.004836039429079392,0.007400863302422294,0.006394730554993203,0.004537880523418607,0.00604673693548466,0.003820022515237724,0.006850606111962407,0.006616688213616271,0.0029122906123575376,0.006795889600627561
generation - Hydro Water Reservoir_t-75min,0.0039177910558410075,0.003803809133649338,0.0068001064989311995,0.0031648255900690856,0.003160547141018469,0.005646347270434489,0.00400110496672005,0.0048259429174313485,0.0036260150750495085,0.003373938611759513,0.0070945753516480185,0.0043161811246609436,0.0041169407122847584,0.007095386304055864,0.007572879186176579
temperature_std_celsius_t-75min,0.0030678201951782284,0.004131914710270393,0.00802778603506158,0.006140851545045734,0.007905997681433291,0.007031174623283732,0.009554287692313665,0.005595890566746675,0.0037902765460275985,0.00801445136762777,0.0072732663191054595,0.0035732449240513235,0.009879427986496011,0.003940521077402082,0.0050210111537303415
import - sum_t-75min,0.008527262992532996,0.004424606202060658,0.0023765511990695813,0.003349899050514068,0.003668230822365331,0.0026466261641453458,0.0051040078212481604,0.0033330422751937476,0.002342012075761886,0.0028839963734571938,0.0034370232865676372,0.002674370214714145,0.002514865576975808,0.0023328146580743124,0.0025665459118008583
generation - Hydro Run-of-river and poundage_t-75min,0.005106395866852836,0.0028396499597160983,0.004573226857410191,0.00701062645075217,0.003004479208295379,0.008504285669423552,0.006194344767915937,0.004747641156482132,0.004244357932559979,0.005710811857548834,0.0021419634751200646,0.0056422042173435326,0.0035735593986173627,0.00236426133972509,0.00508652828544291
generation_import - Import - sum_t-75min,0.004965358849863378,0.0029627661239769623,0.00655750111277166,0.0031384882556558294,0.003251072218932677,0.007905628090626124,0.003643937432734674,0.004506617237209866,0.00558904361543631,0.0047172855585668,0.006207260226039125,0.003933621255266189,0.0044964875940768255,0.0073904995763944045,0.004329029562273718
import - HR_t-75min,0.013554758481157479,0.002666948404566938,0.003801522041694625,0.013126302171389397,0.0025282730597100452,0.006990355344956697,0.004932161153952621,0.0035648843505041443,0.008242181152756529,0.004645789658791955,0.005087401235607103,0.008862061044772418,0.010992094068518782,0.003432365635964743,0.006501040691016897
generation - Fossil Brown coal/Lignite_t-75min,0.0061031195592477164,0.004094059619064865,0.0036860933452007886,0.007342826539023008,0.004411944512502941,0.0019761764426948505,0.005771567112678895,0.0023414185276284345,0.0024154937653911475,0.005341459486287698,0.0040107700726075566,0.0027661305751628335,0.004571774049600663,0.0032373712627504574,0.002739526603568265
generation_import - Import - HR_t-75min,0.005086326021253626,0.008415584922775452,0.0044501952195169,0.010275886208319207,0.008795194723177701,0.00513461471176197,0.015288196195790079,0.013597155929821383,0.005862316292928881,0.012784763196405948,0.011479087112882553,0.0034779502379349196,0.008609227470020414,0.008064039962366223,0.005188145687855467
generation - Other renewable_t-75min,0.0,0.0,0.0,0.0,0.0,0.0,0.0,0.0,0.0,0.0,0.0,0.0,0.0,0.0,0.0
generation_import - Import - RS_t-75min,0.0031259676136555755,0.002267006893481266,0.011051796713881231,0.003484664897690095,0.005386587276200416,0.00429442329059566,0.003119259817458669,0.0019811825957038137,0.006872873969296051,0.0036255791536095785,0.002923480135477803,0.008568868442867824,0.005673452070115673,0.0044659985578164195,0.007916581445828342
generation_import - Generation - Fossil Brown coal/Lignite_t-75min,0.010101774689966987,0.006894229075585827,0.0024617460748036137,0.011570618896712404,0.006410305666896874,0.0021499594328988677,0.010810095541615737,0.005857371435922687,0.002492244802681853,0.00909197797036768,0.006826617503391844,0.0035912696387986214,0.007899138256403603,0.00434013320449958,0.0022259497319564617
generation - Hydro Pumped Storage_t-75min,0.008530694953966304,0.0031794217304841367,0.0029620356901996275,0.008192201942554675,0.0031378794263255258,0.0027056407397421938,0.004681841099172743,0.0049819151342089755,0.004109362567643984,0.0038283831671178633,0.006555626867484534,0.0033804437039393633,0.0040836313509203135,0.005266630896032893,0.0030260690447389605
generation_import - Generation - Wind Onshore_t-75min,0.006824139438918792,0.00540596027193169,0.006605577990401798,0.004420253896731083,0.004047197719133692,0.005434409984798435,0.004488597656094499,0.004394607234362866,0.007404939957203169,0.003391623621322651,0.002453845108700875,0.004802713570524702,0.002723349577279805,0.0025471528029877392,0.003244092209417431
generation_import - Generation - Hydro Pumped Storage_t-75min,0.005525749085287316,0.0032251336490353422,0.0029977655130242055,0.004976141110593744,0.0036409955716776494,0.00420303495254484,0.004669289681444866,0.005203460563803674,0.003877457426885485,0.0026835383816469402,0.007271437879815494,0.0035235835145886085,0.003493784414631591,0.006612125573912635,0.004004729349666377
load - Actual Load_t-75min,0.005025400147726032,0.0025050869287301793,0.0050634034476570375,0.007256817448648463,0.004503888948107488,0.0046448312467327925,0.006689681174249017,0.002666841697686323,0.007472256365478955,0.011917857260195888,0.0024470644693428767,0.00701520974912637,0.011479134683018855,0.002752358571176046,0.009122607736089776
generation - Wind Onshore_t-75min,0.011535145793342963,0.005106307399488287,0.004645845799734161,0.006933727233144964,0.003535103493821225,0.004102537872922767,0.005622119431137435,0.0027955131981143495,0.003912701625493355,0.0063741581159811175,0.0028777779426463895,0.0028112206792920915,0.00692849459397803,0.0033313724932922924,0.0027653440486114958
import - RS_t-75min,0.005854838833491158,0.0038919676619225355,0.006317685258514757,0.006804189501394831,0.003803161662987577,0.006471258482660687,0.005385888769544636,0.003208821065434222,0.005730529303669755,0.009742674964343678,0.009823791421953502,0.004501773920201685,0.005479319130517979,0.005896291692070008,0.004220618986794761
generation_import - Generation - Hydro Water Reservoir_t-60min,0.007897338461334584,0.0067106351229012946,0.00799173689991585,0.004641702865090337,0.0026736457407532726,0.006355985919337399,0.005164655281841988,0.0037667099562077055,0.009362944869761122,0.005165500995703042,0.002501137688374001,0.012560440891582402,0.004283524456703163,0.004406814419467992,0.013124163752101594
temperature_mean_celsius_t-60min,0.004052460078386503,0.0060436486309117755,0.005628933286999427,0.0027096572005931422,0.0028646178487015278,0.0048514532445778965,0.003200775090102184,0.005882252532706843,0.004593199860796631,0.0033970694970885235,0.004272084846881625,0.005991371474143307,0.008403940002630407,0.0037533401198761567,0.007239915721227589
generation_import - Generation - Hydro Run-of-river and poundage_t-60min,0.004693666763087094,0.002854357776199322,0.012451261075359071,0.004404716274479142,0.0035671447147178695,0.012673755767111288,0.004451742319055483,0.0053844039951036395,0.009577248162720934,0.0033043692064338758,0.0023799191990801776,0.006283506434847368,0.003875045194301492,0.002986257366119389,0.005512351341914836
import - ME_t-60min,0.011056112834383385,0.006790577643230791,0.0051943265070804046,0.012912967227763148,0.005535270325746751,0.00578995949009186,0.01293882977564499,0.003271125221584953,0.0048916240412108895,0.010157050281231933,0.002806894770314102,0.0049783787302685595,0.004157434852913866,0.00507682917564307,0.005602103953136975
generation_import - Import - ME_t-60min,0.005487640546369221,0.003928446486874066,0.016420875316231105,0.004593711358873406,0.0038336419331061506,0.012750384416307497,0.0044005966234053635,0.003995586548518759,0.011315018376706575,0.003906679830499343,0.004392792019476928,0.008337208720349735,0.004799965967116805,0.00354597052685358,0.011753835681178316
generation - Hydro Water Reservoir_t-60min,0.002801212346219586,0.0031455104827136323,0.006522568411457542,0.007669478921125119,0.0024842137772311617,0.0100290874657112,0.006395506365399342,0.0027573563734087825,0.006380936241876043,0.003443192543276382,0.0038333785966060533,0.006662090230645844,0.0031673699524890253,0.003140261427344058,0.005203485136451491
temperature_std_celsius_t-60min,0.0080999550876586,0.003316184495763508,0.004788951368743255,0.007784767707333231,0.004765178440036834,0.0055199883726274376,0.004256825062711868,0.0027976291489765115,0.008332819825134721,0.004213558180097607,0.003329537757268554,0.003923720815356774,0.004607159037988822,0.0027551346012651265,0.004016254214344372
import - sum_t-60min,0.0037949055723584023,0.005921462446570331,0.008581712635546865,0.004213117437924666,0.002851007642551849,0.005982463489666543,0.0035059100850912727,0.0035404225445563498,0.004216477167884477,0.0057602279642196665,0.0027138210895354857,0.003190607539944608,0.011910596666190031,0.003523704017592536,0.002853059526803463
generation - Hydro Run-of-river and poundage_t-60min,0.004583255841724167,0.008548696291683882,0.003660307701349666,0.0033964416108005933,0.0038133491999615215,0.008526537135122454,0.003382934449300592,0.006055814026007284,0.005045674568104459,0.0074538470453007905,0.007541468324981906,0.005942406254394882,0.006221244394779205,0.004166469086288998,0.010107251354814252
generation_import - Import - sum_t-60min,0.0036662198808883203,0.002322145327405451,0.004442182798232352,0.0029273638755273625,0.0019260064586451334,0.008806104977986251,0.002734402564010452,0.0021797079886100618,0.009780298733090604,0.003343574260233254,0.002346039297795869,0.009395016205804496,0.004544144379578029,0.0017123244608310416,0.005880331639624274
import - HR_t-60min,0.003138001725470531,0.003242526985868608,0.01400556354697619,0.002930045125380275,0.0030116046115163044,0.011941750241210684,0.003925550815867155,0.003018260266358993,0.014284271526121302,0.0028104083972489207,0.003922686413659221,0.010475720256741624,0.0025788851997085656,0.003265408084120281,0.004190391655209169
generation - Fossil Brown coal/Lignite_t-60min,0.0060825645591103235,0.0011184701679767385,0.0069364279949713815,0.007710876673343591,0.0014602705025818067,0.007331458664606999,0.007830988045698177,0.0013679331752982477,0.007288067059532295,0.00709208287634192,0.001720315537480019,0.00693886599982784,0.00430974880670692,0.001313803979981799,0.004348751509954127
generation_import - Import - HR_t-60min,0.003126421679773557,0.011650674130243715,0.009160329519359947,0.005786638526566548,0.010712318037578371,0.006314760094424855,0.0049256612284816585,0.008201429372653364,0.005815123700483127,0.003189406100591441,0.0064887201738583825,0.010302814714032138,0.008105020910206803,0.005960614148854802,0.00683112375358769
generation - Other renewable_t-60min,0.0,0.0,0.0,0.0,0.0,0.0,0.0,0.0,0.0,0.0,0.0,0.0,0.0,0.0,0.0
generation_import - Import - RS_t-60min,0.005807654622782138,0.006212138345570565,0.0068737974752939406,0.003231810109217804,0.007660345750880879,0.0065300439957427445,0.003551049172769126,0.0032064059388039823,0.006943619212795966,0.0035657803506269374,0.0026504479613317926,0.004621265341120307,0.007763553908400354,0.002557684739887918,0.00402138555181682
generation_import - Generation - Fossil Brown coal/Lignite_t-60min,0.004067414836727039,0.0038846872705189527,0.006445337884032597,0.00291889082241687,0.0034526965204786392,0.0058346356370420835,0.004610361191575976,0.0019653771918210624,0.006592346947282294,0.0046869665619196895,0.0017844843770453735,0.00906915698519424,0.006808131346842856,0.0025259987809922676,0.006388845944638888
generation - Hydro Pumped Storage_t-60min,0.0038193521124921972,0.002926479322997693,0.0035698498226465745,0.00650560700330243,0.0026150688759589685,0.005234075684551499,0.008356481211932987,0.003867805335838057,0.00410954199562184,0.009418435903535282,0.003415380388734775,0.0026165856538827937,0.008881913420729689,0.002447145466319853,0.0024819946415782397
generation_import - Generation - Wind Onshore_t-60min,0.007037419893323303,0.0030976166908149023,0.011090197710786015,0.004708567999463753,0.00407098193770085,0.011445696236551157,0.003977364458623924,0.006150606539647925,0.007336000339309976,0.005517355974515567,0.0035897504706786094,0.008607019856477563,0.006689926585855574,0.0023200419147283357,0.00766294873672814
generation_import - Generation - Hydro Pumped Storage_t-60min,0.002770302447914219,0.00724479117942974,0.005266918079893003,0.0036020209544417414,0.007523762407945469,0.005333765133167617,0.0027911275050414588,0.003373288875948674,0.003060464072552122,0.003188435836261988,0.004465999693704361,0.0029582628154139457,0.003340097189440712,0.004499680752880522,0.0027690164719310815
load - Actual Load_t-60min,0.006964246829797048,0.005218851891322174,0.0036356322694846314,0.005141256121092738,0.010755591447043116,0.0038846254011422163,0.004471644173258028,0.01062055220867478,0.004309527290710946,0.006921312643637066,0.012898998311102331,0.004369207726282184,0.004129486819641898,0.01077239319914952,0.003927071681532652
generation - Wind Onshore_t-60min,0.013251631024604648,0.009623459206544794,0.010454310583329062,0.01099616008632529,0.005672447784803808,0.0060487064946646565,0.007938588039516617,0.003568233185142162,0.007878319086378724,0.005566581104664692,0.005143234732007841,0.008491309854834981,0.0033810332795300153,0.0017027084761956815,0.010047701959927508
import - RS_t-60min,0.004917726230124572,0.005750121858101011,0.012534651132065847,0.007905632845237506,0.010717031202802445,0.01401633854216925,0.009586043528834125,0.0064558125296607614,0.007346674720924057,0.0027262173622357297,0.007722353571964049,0.004525345417197968,0.00328744442990137,0.010168181255168747,0.00395076774147924
generation_import - Generation - Hydro Water Reservoir_t-45min,0.0068546271105878985,0.003724277949685302,0.003573878027382307,0.005743904904696138,0.0033561963487492223,0.0033073230977824436,0.009957638232039273,0.0032758418378052738,0.0032069112183226024,0.006353381352822907,0.0056130442536332335,0.007149340193027456,0.006781632753074519,0.004248572549993241,0.003695562675193287
temperature_mean_celsius_t-45min,0.007249646030196346,0.00514623295286583,0.005326782013944467,0.005003300712778582,0.008068718591828656,0.00809762993244658,0.005036621448539336,0.003484023602632078,0.007262055717721524,0.004520096656189708,0.0027451500957420194,0.005142827060747095,0.0038063277393403042,0.005386368899318768,0.005752121046210959
generation_import - Generation - Hydro Run-of-river and poundage_t-45min,0.0055326709044338715,0.003341577995894568,0.005627504582320398,0.005108362207050959,0.003376244636833235,0.00778772350755753,0.008096426343530765,0.0034419900142152074,0.0028874286611528534,0.008455226052754825,0.01077442366152536,0.0028050603033670995,0.004534561582724563,0.005448969904016849,0.0031470289787625914
import - ME_t-45min,0.007359571561111807,0.0037481282754597486,0.0074045203965797555,0.010245085523361923,0.0037845633113538497,0.006540972771241286,0.006354827908304287,0.007650870058176224,0.006185114499574411,0.0054055951245291,0.00565224283253292,0.004492781225304498,0.007251944534898939,0.007461314325338208,0.006519392044744564
generation_import - Import - ME_t-45min,0.0039581838423755475,0.003494694406796043,0.00591383659767007,0.0044122341146976395,0.004101635218696174,0.00536920513577752,0.003342514010825198,0.003472023696987435,0.009007159658154705,0.004567475801046385,0.0032890768826164276,0.01149960446159821,0.005916893864035956,0.006778307695865806,0.01070967256554286
generation - Hydro Water Reservoir_t-45min,0.005289291635051995,0.003957800246762417,0.009360484928933146,0.0030850388112695555,0.0032789091621384615,0.008770651787377574,0.00351585174824595,0.004189935213580611,0.012107919266498356,0.0031834129351491357,0.003698937821907748,0.005881928233822691,0.004099247113486712,0.003190512303761352,0.0033859958804205235
temperature_std_celsius_t-45min,0.012679478871941683,0.003496932089346956,0.00698445344524589,0.009290739018749264,0.00348702163168673,0.007786770141072339,0.0065082327763884675,0.005920219279167214,0.009618561495255562,0.005094824126306775,0.010334844707198499,0.009497947526337158,0.0038254770654357344,0.006050678167744991,0.013083829455329805
import - sum_t-45min,0.003315749303056691,0.005397905832480774,0.02043387593501393,0.005406440157377801,0.004446371712301698,0.01895483825471456,0.009325468825049029,0.0021201387533151318,0.01526021210214094,0.008675509190031334,0.0038913173268138052,0.010907849093558979,0.003777825570860841,0.002388896109217967,0.012762758043433678
generation - Hydro Run-of-river and poundage_t-45min,0.013481965052707892,0.009032540888721996,0.013093297959800111,0.016650722535941895,0.008294095962224675,0.006941048463202606,0.018488593770947772,0.008902117849793285,0.004921028324180042,0.01855651863761159,0.006872294041349278,0.003926104553276673,0.012806560903104128,0.010532095302201923,0.004804073506758868
generation_import - Import - sum_t-45min,0.010899001653520913,0.007127412318477582,0.008402853155344928,0.004996199017241452,0.008489368263439247,0.00651821993865633,0.005882724938495812,0.010034046928398311,0.006197329643509874,0.0052185715296946,0.006703328163203878,0.004280544711793482,0.006962775906821208,0.006534264263793375,0.003995471090514684
import - HR_t-45min,0.003374941797966585,0.002009890895364151,0.004306720382991443,0.004152046045004908,0.0020808796212145354,0.006596367427395307,0.0033392480533402705,0.003440100206173838,0.005426079216796154,0.003978450557331598,0.005097894057264057,0.0026597729910752717,0.003706365193430884,0.007875900712922886,0.002781229277319653
generation - Fossil Brown coal/Lignite_t-45min,0.002648291846892789,0.0026844754846918023,0.0019151234386285694,0.0026319298214348237,0.00249813558511687,0.00409446885982561,0.002520896816401091,0.0023657944504425358,0.006501600303450686,0.003051251706428047,0.0018771810022471982,0.0040380276879077425,0.002534199547859316,0.0015018504349509384,0.003080279365972615
generation_import - Import - HR_t-45min,0.004876880046308543,0.0031469643354075745,0.0034955942704238937,0.009726511203145037,0.002565052193803808,0.003722029603466581,0.011701214914239245,0.002643369294182776,0.004857903603658997,0.011231316509089083,0.0018610641662965008,0.0030718124015302237,0.013615207010869199,0.004373846275660071,0.004235028521301501
generation - Other renewable_t-45min,0.0,0.0,0.0,0.0,0.0,0.0,0.0,0.0,0.0,0.0,0.0,0.0,0.0,0.0,0.0
generation_import - Import - RS_t-45min,0.015695579450577497,0.003824761916141142,0.008828912887507614,0.016009632015309763,0.004462856856372127,0.009459272497471829,0.011636004873289495,0.0038933203570659315,0.010599603024878888,0.0067316467291620935,0.004496047010617985,0.016059027506998974,0.0063855854273788286,0.007118363696317829,0.022494651807181073
generation_import - Generation - Fossil Brown coal/Lignite_t-45min,0.00199511200082452,0.0026938237772573077,0.0020993427294870343,0.002405319576552756,0.0022861976551794214,0.0027693888570483978,0.001954644105551779,0.0019513985826862096,0.00449467145642393,0.0021570578832456706,0.0022994014657995764,0.005130336130609862,0.0023051871074030715,0.0017952129326536123,0.004258385482147787
generation - Hydro Pumped Storage_t-45min,0.0020109368388584697,0.002378361668263551,0.004722135446576431,0.0023746338865962145,0.0018205063095902006,0.0038271798993509947,0.0018218687086427963,0.003400250365750253,0.0038836742628035486,0.0016727246515301885,0.003232919222075907,0.003786214829885097,0.006184856727923033,0.0022185099726019183,0.005077753226738423
generation_import - Generation - Wind Onshore_t-45min,0.0052586017657049525,0.004607282059694626,0.003897089653681178,0.0037706110895928758,0.0030393448141694535,0.003956619294861639,0.0027369692997399396,0.002536243584174599,0.005074717173733007,0.0023287401208490336,0.0022923803547037097,0.0038314206787081273,0.002987992872032919,0.0027797387256468936,0.0035957947012811927
generation_import - Generation - Hydro Pumped Storage_t-45min,0.0052854337751195996,0.006787323930868297,0.004288502369916387,0.008349964827648364,0.007108179337757974,0.004317115106421625,0.0073191243038891116,0.005743461758154808,0.0031390859894963796,0.005683421711528354,0.009329868280445226,0.002792933590447319,0.006489836586632009,0.00662817348522367,0.002475260866514873
load - Actual Load_t-45min,0.009315652564134325,0.0031846150450592177,0.009096694784772012,0.004677748196590983,0.003470697971637492,0.013933462412415793,0.003972624320452155,0.005534153826542024,0.011627285854978254,0.004137606833801329,0.002467211227111875,0.010565851283536177,0.002765446056512701,0.0023632623523462824,0.014522033392393496
generation - Wind Onshore_t-45min,0.004360330031208832,0.0025954311960977067,0.0043024575557947175,0.003207362005552568,0.0024884240945739293,0.0044808830729257355,0.004045008848171619,0.0022080553014484396,0.003435108548354037,0.004608819012872118,0.001989686078647992,0.005629947704124789,0.005237565829198502,0.0017208412923337163,0.004962662877739604
import - RS_t-45min,0.012381737378862454,0.0031608017935266164,0.008018852644709114,0.0027122553660710765,0.003054448172243383,0.005505635949180941,0.005042220916089718,0.0023319786272586497,0.009065194915143366,0.008403970243693038,0.005251264590324297,0.012003939751011786,0.013067216338917206,0.006944991743415813,0.011275239251772292
generation_import - Generation - Hydro Water Reservoir_t-30min,0.005399760533964582,0.005412527729380827,0.006376375157109578,0.007311118436795368,0.004022605473153817,0.011935477670551337,0.006519702519298335,0.003938681120866022,0.009487414535455173,0.004115395135147992,0.00274306905677895,0.009514922277696314,0.006146878383984131,0.0021640902930248557,0.005762631471168106
temperature_mean_celsius_t-30min,0.016352384378500572,0.005125844253138439,0.008131899820584295,0.014817706455127337,0.0029334665760206917,0.0076465232952141375,0.01347507724807656,0.0038794292867114564,0.005255179883791243,0.01483014855053807,0.0042543684673401,0.006548218544527117,0.010015998021168343,0.0031125723482564355,0.006970893446319678
generation_import - Generation - Hydro Run-of-river and poundage_t-30min,0.009014439575519645,0.0064643092040714695,0.005530247650698584,0.005434443734862725,0.0024097342740269597,0.006136797158342233,0.005478173842508113,0.0024195458539088576,0.0066871438768394,0.004632034904097963,0.0035393815270372215,0.0037420565645206808,0.0030515825070388017,0.0025336450740951477,0.004239646862268273
import - ME_t-30min,0.00469979909255153,0.004051656347697644,0.008577709013618914,0.004459082624469829,0.0038951233370462432,0.011046071371172729,0.005067622238141666,0.00460011609140929,0.01144003986351163,0.005751138635804864,0.004855674166668905,0.008867803059494691,0.010456560036362134,0.006150044610614714,0.007087104944472429
generation_import - Import - ME_t-30min,0.003785987752357869,0.0067607436627658895,0.005294768512143378,0.0037036960754940084,0.004942837419010175,0.004253337107642438,0.004716003674339391,0.00547467416843574,0.003876203747860927,0.0031521149348611743,0.004113111291129826,0.0035163940244988226,0.004241445963263687,0.004450918901745354,0.0039007874926933256
generation - Hydro Water Reservoir_t-30min,0.00407461006257654,0.0023362464054080194,0.010098338247547871,0.002409815244860738,0.002106269371241069,0.01315057652745918,0.0027384562708555223,0.003028890491014863,0.009037560246051726,0.0032685579262670215,0.004354652532398176,0.009131430331995944,0.0026448039482875173,0.0033098528215580246,0.007372695443100383
temperature_std_celsius_t-30min,0.00939435994438827,0.005682451330327353,0.005590289237483376,0.005226427102566959,0.003457316355790681,0.0054647935584080185,0.0039926717728340005,0.002916720982982497,0.006844434057828039,0.002898857622659534,0.002051051208673016,0.005549081180008216,0.0029760742745920652,0.003426945904837339,0.006089397012387053
import - sum_t-30min,0.006670791023672791,0.0020773185461282536,0.003330312160160247,0.004650339331583382,0.0024921763700567682,0.0045014147213223625,0.006168709420428058,0.002146832202324731,0.003968132585912826,0.004528709233547488,0.002944713431659693,0.0039801759940974075,0.0022720351053371816,0.002970979822515801,0.004613121633961327
generation - Hydro Run-of-river and poundage_t-30min,0.004830088065532436,0.005088607221347047,0.005874488975838176,0.006613783423638779,0.004497798845182842,0.005593270958570429,0.005713412727577861,0.005464035782109931,0.00550418399116279,0.005269488332020956,0.006335002591309603,0.004728712732736539,0.004249249806816806,0.005075901394146399,0.004145278498828702
generation_import - Import - sum_t-30min,0.0118300951325582,0.002680170420109789,0.015357320331631855,0.015106633341716589,0.0045372813280228005,0.014013563449525463,0.014307276244137029,0.0033894188810863852,0.016914369466972858,0.015469669125938708,0.004031087587728507,0.012926389683197159,0.010254137388721574,0.0019845513864547686,0.012557304014593682
import - HR_t-30min,0.005409588100817928,0.005443566267946153,0.009382533532090747,0.004627591854907223,0.0023678010903354333,0.005213092674570362,0.0028300930871664604,0.002423415455892609,0.00810581270075636,0.0030964636196320044,0.003112176263353831,0.0066114800370851295,0.007635890107092564,0.0028226858161774543,0.010696774976560845
generation - Fossil Brown coal/Lignite_t-30min,0.003062338319904484,0.003867174073904039,0.004613821696149899,0.0034832179413206176,0.0051697929037522955,0.004169058928749564,0.006307719680182345,0.0034652962361460594,0.0030297120593214687,0.00725236728733762,0.0037947018653121632,0.005007544372958364,0.011574965327131849,0.004109325124492898,0.005229694952548016
generation_import - Import - HR_t-30min,0.004093578566242286,0.0019006533371421028,0.01291207151465278,0.007253956438753448,0.002180596614051865,0.012542982698578498,0.0039416326562793525,0.0024022691027230396,0.008253172862969222,0.005928136712711421,0.0026562961012896267,0.0037567336143656577,0.007359653887884633,0.0020244039176595834,0.004420078531100841
generation - Other renewable_t-30min,0.0,0.0,0.0,0.0,0.0,0.0,0.0,0.0,0.0,0.0,0.0,0.0,0.0,0.0,0.0
generation_import - Import - RS_t-30min,0.0035421470385886096,0.0027674623469902144,0.005476914519063484,0.004362767662046281,0.0028322293911660383,0.005054073591165291,0.004718766197116565,0.0030738298222322555,0.005568499986609823,0.004283797632240748,0.004437697929480691,0.006409744003227388,0.012383121669874526,0.006234165972826304,0.007698045594479481
generation_import - Generation - Fossil Brown coal/Lignite_t-30min,0.003575001180743129,0.0017667696024909673,0.002209118116315949,0.00606750059589649,0.0021537366565999036,0.005319617239860235,0.005877322901599655,0.0016137396839956183,0.005260280666170729,0.003003965379426518,0.0016941295367510064,0.006401955818200804,0.0021985441033957613,0.0016235597648310432,0.006197858221246861
generation - Hydro Pumped Storage_t-30min,0.0026226849393260637,0.0022898063257821375,0.005874921590497252,0.0028057945916152675,0.0026893770969113576,0.00317350914000599,0.004444554613715809,0.002860802161047104,0.002835641428555391,0.006485505522148742,0.0024369057311705547,0.0030206485128123858,0.0036267916940637404,0.0023861355344724873,0.003256312945177342
generation_import - Generation - Wind Onshore_t-30min,0.008875339545600582,0.0028597247959482957,0.00385524849191097,0.010284569074930914,0.004394996076074577,0.0037461270703743137,0.00423501447879471,0.00260432170641252,0.004861650273910072,0.0029930299642492173,0.003181018487284746,0.009122672404206241,0.0043256693591138175,0.001890867036641339,0.008969013304915278
generation_import - Generation - Hydro Pumped Storage_t-30min,0.003284682487988903,0.005610937719495269,0.003865072250878484,0.0036368695756173112,0.005310549612971954,0.0034123397286548425,0.0038080341028071418,0.0024126784234758817,0.004008668922937431,0.006314057137511554,0.0021110659331279747,0.0031759287564618716,0.0071829092685620705,0.0017804218587925788,0.002494634309551202
load - Actual Load_t-30min,0.0037104380224946,0.005460508120511804,0.004634213464546519,0.010173734535550465,0.007077823904583056,0.004574723511854245,0.007249233310360068,0.005332110233659477,0.0031731470079307657,0.0038422214803838415,0.004046091334045741,0.003504523488397808,0.005912165781704516,0.005190669594694555,0.003480855369926303
generation - Wind Onshore_t-30min,0.004142590134126294,0.002490433077085072,0.012642487313445598,0.003193834575537039,0.0038512976504422626,0.0052109946351411056,0.002953740545490291,0.00265920935484246,0.007655106624421024,0.0030199752826219994,0.002785022428502543,0.006364908755618672,0.002695047334613264,0.002452169222593511,0.008738922325857856
import - RS_t-30min,0.009419624020330957,0.002968000830345318,0.0071861409801826995,0.004662240232848489,0.005837691235472448,0.006148270096680335,0.005359317554590234,0.00433413361428029,0.0066094740565513345,0.0040075410022100185,0.0028269427577511125,0.007198673762602994,0.0038337667722953485,0.0033906028293531564,0.005328737347454989
generation_import - Generation - Hydro Water Reservoir_t-15min,0.009354596478287475,0.002088902635143313,0.017260167902786634,0.00841036487634119,0.002845063435175234,0.022254387090928505,0.006341361212689662,0.005709896554335501,0.021727844044871745,0.004907461881290146,0.004502440664658934,0.02562316491806996,0.0036485792541498087,0.002770787089074474,0.027172125048658926
temperature_mean_celsius_t-15min,0.005361361090112041,0.009602350424569523,0.005277251847147454,0.007955415719901793,0.009447790382051608,0.005283439603816078,0.006258632088607555,0.007841506727344495,0.008079843631431344,0.007939771112629387,0.0071317625298815985,0.006894982910883414,0.004682358788910278,0.003091630772416465,0.007528358617681079
generation_import - Generation - Hydro Run-of-river and poundage_t-15min,0.010957597846603676,0.0061031805351594815,0.004766059347945884,0.012989575177474762,0.006012855863173172,0.01045479867621907,0.011623154524044367,0.00703173792360667,0.010542708607943495,0.00825305827739794,0.0019138294317908732,0.007295219997056847,0.006869351781735759,0.00494688738383411,0.008061324278925894
import - ME_t-15min,0.003814965168478011,0.0026806476460312753,0.006338057551067322,0.0037732351371969346,0.005886157042990817,0.005789576167499036,0.005583019235889879,0.003869939101379714,0.005309723741202788,0.005394686359318257,0.0032172495065408385,0.006885538492235355,0.004002613984068376,0.00262911228693747,0.0060346934555782356
generation_import - Import - ME_t-15min,0.01904013169123209,0.0037757499202343754,0.005216295987091143,0.017230552774388345,0.002660080770723198,0.006306029469480563,0.009876820282284825,0.0023859994055355853,0.006360186705886008,0.011732119848435104,0.0031131429647357437,0.008169447524292536,0.009038244825667788,0.002869246360818579,0.009706437291475595
generation - Hydro Water Reservoir_t-15min,0.0048090352291492305,0.008272151642711834,0.0034202346911260976,0.00991092116163054,0.008883222315944295,0.004256314535948263,0.008897179177401994,0.007931219524141853,0.005291746747191155,0.007770347732937807,0.006504271724646969,0.00684527549638733,0.006010782476818349,0.004560662728359603,0.005750228042117669
temperature_std_celsius_t-15min,0.006988988839897502,0.008582198984022398,0.017209328683500644,0.008857587770515239,0.004251919752321556,0.018882639423623913,0.007495947041999898,0.0038877538534616177,0.0208547113067616,0.012829570225312637,0.004237808256031712,0.017754551311896648,0.008475430720055556,0.0020412794629573907,0.015414323902059551
import - sum_t-15min,0.003629602737008403,0.001757630353456534,0.0075399866740444845,0.005453937220023363,0.003358507478493266,0.004306601289156788,0.004059837554057594,0.0021915316925205843,0.0028219456463029926,0.0052381357319063685,0.003023009476496554,0.0032620837633057817,0.006027234358170972,0.002742383769571461,0.004988563096555254
generation - Hydro Run-of-river and poundage_t-15min,0.01123460826415976,0.007609327901926008,0.00978126786381472,0.014414693453109067,0.006650567151180439,0.005326723796541955,0.009701692713439115,0.003807231452139604,0.00856671305817872,0.010478883948511793,0.004526929978139378,0.006031866148808149,0.007538446693886727,0.0030402944542984186,0.0036823840881352226
generation_import - Import - sum_t-15min,0.0033535551370041505,0.002315366926001843,0.012734966796677327,0.0035005385079639384,0.003047372502285725,0.012660797771037324,0.0035274833666176166,0.0027559738473864853,0.012552996734913904,0.0033632411022490485,0.0037245530130257977,0.008584968003749964,0.0035514046390715064,0.001873435517753478,0.007171104104534607
import - HR_t-15min,0.0034324164769877824,0.0046726198608266715,0.0038659838732783103,0.0046993414734224645,0.007435191424308868,0.0028580301296588003,0.003539900749449771,0.00779857186240406,0.003917891813289316,0.003033492061222205,0.002869884931647448,0.006664471168256568,0.0028406038183529745,0.003544510725481814,0.008629630588202417
generation - Fossil Brown coal/Lignite_t-15min,0.008107751890866894,0.002094776781494147,0.0030502266863045406,0.005713522868485597,0.0033023905295922304,0.0028335563229709352,0.0053430169327712065,0.001257489365686979,0.0031639084382773033,0.0022292351084672647,0.004394392082034756,0.0033106127792661938,0.002572934551655635,0.0033647680019494148,0.0030731587494510675
generation_import - Import - HR_t-15min,0.004558099428144487,0.005581653132783686,0.00866316104244288,0.0048497227131274485,0.0029389142578725115,0.006215401653411391,0.003406550741759929,0.005840210714453861,0.0061062287610220665,0.0036830126869162997,0.002383334458161471,0.005655297064536171,0.0029338843447076217,0.0035092088228930152,0.005502985768081998
generation - Other renewable_t-15min,0.0,0.0,0.0,0.0,0.0,0.0,0.0,0.0,0.0,0.0,0.0,0.0,0.0,0.0,0.0
generation_import - Import - RS_t-15min,0.0028301538591131246,0.0020681847536266106,0.01100174025722299,0.004121041875925471,0.0023637204634560476,0.015340639551606727,0.010352697573654951,0.004746209688959425,0.01939475845857669,0.01111225928056956,0.0045428881497682596,0.01823893047812453,0.0158517218622801,0.0030831771923726593,0.019680291564876825
generation_import - Generation - Fossil Brown coal/Lignite_t-15min,0.003495549747012774,0.003149464197380439,0.00629651147427694,0.002415571736806214,0.0027642222525373654,0.0049306118348577,0.0023379723743992145,0.004238035114325612,0.0036927333973617352,0.0016115396825784956,0.0036424000676861397,0.004244647792031174,0.0018375484841448042,0.003960057258669622,0.006089036511438792
generation - Hydro Pumped Storage_t-15min,0.01063481113058515,0.0044838060955480616,0.005296412406427408,0.009521727966988693,0.0027080801599659024,0.003156697258046165,0.0034391873044041857,0.0022408673734680635,0.003061884649383501,0.0029491255090579216,0.002648976639666216,0.0026675383377460092,0.00994314035255229,0.0035167654488031984,0.0026751744995999614
generation_import - Generation - Wind Onshore_t-15min,0.006677967488667491,0.006638624319970404,0.009660425173454314,0.011780244773362938,0.0036087698711326083,0.009302792968177528,0.010361406273324974,0.003572272575011084,0.006433020957789267,0.012530359085052624,0.006917233677777404,0.0066134897304182235,0.010495745657892257,0.0052105648647725504,0.007058973296640033
generation_import - Generation - Hydro Pumped Storage_t-15min,0.006786013700664626,0.010544464577338658,0.002329415900596928,0.006361620051327919,0.008469322599528824,0.002560302305523692,0.003680176737835609,0.0038381560472716954,0.002058952310064342,0.004487550362422553,0.002943496970440265,0.003645914307944622,0.0032531391429074575,0.0026464045546848638,0.00306983734830942
load - Actual Load_t-15min,0.01792583277338781,0.008522993464252067,0.014462559444087674,0.011887594777244886,0.010092726646894335,0.012895239683738907,0.009409467186325855,0.004689785308760122,0.013387654343032409,0.003653801715613554,0.008569112421743397,0.01253455891377962,0.002971217935805953,0.006928716302861176,0.009524779607654637
generation - Wind Onshore_t-15min,0.00440555998848663,0.002563750281226021,0.0034389250928452382,0.004275555714490111,0.0024389825022863077,0.007262933497710037,0.0033488675216649427,0.002413260568444457,0.006273109235960874,0.003972650198053315,0.002066424867900821,0.003952841757849455,0.0033167047946421916,0.001557652072267274,0.004069003580421849
import - RS_t-15min,0.003634055022575922,0.0036305668055344993,0.005965137173119728,0.0061667086815032236,0.003266358414379283,0.006926114743387188,0.004396664816238854,0.0030384269968301396,0.007901388071291876,0.004031398903734953,0.005428996134680347,0.008451668207082548,0.004070752246631401,0.0038161868034403594,0.008101413892160054
imbalance_prices - Long_t-300min,0.038111815526008286,0.0036551290346342287,0.0056964266193772345,0.04913045798168059,0.005759705466925879,0.007169127977613243,0.05925341943281819,0.005882786745172552,0.006550744720410876,0.056937944802198215,0.00550448938732734,0.002856452787118542,0.043432390296038646,0.004551593235267319,0.005291746959964257
imbalance_prices - Short_t-300min,0.0030114057304490415,0.013466012170072645,0.004132485265173063,0.0035795310205539864,0.01849451975058764,0.00803376926513738,0.005391882258751138,0.02189080219436437,0.00551532688909083,0.005394377154669201,0.026541936750523746,0.0035410192366216505,0.008076000483531971,0.02369546265900135,0.004948430723248748
imbalance_volumes - value_t-300min,0.009163666432810715,0.002479357005545353,0.019988314043119317,0.008248906813911163,0.005868044273138366,0.02268050102046982,0.007098600361659919,0.002632916548857338,0.025967800705318952,0.007903174136505186,0.002268656365504285,0.024784599138482008,0.005337239814161876,0.0021423180079063967,0.01926206869599264
imbalance_prices - Long_t-285min,0.007320172564122004,0.004467954699018264,0.004818923478696888,0.016814197218438492,0.004438950436286177,0.009156297592409601,0.027959051176847424,0.004254830175588723,0.008839381780566327,0.03648333651002031,0.007674322482955148,0.0062618620744033255,0.043765080938552275,0.006947926384227344,0.00846885469105473
imbalance_prices - Short_t-285min,0.0020227094746201146,0.00415168148322482,0.0034595688133435944,0.0023848711602804827,0.006555765394004993,0.0026420701665042542,0.0035794814572873293,0.009826073137111962,0.002644938542329328,0.002895037927721205,0.011899972170125693,0.0025698697939346856,0.0021177172954539854,0.010813519338145852,0.0028455011581950203
imbalance_volumes - value_t-285min,0.007985669085093832,0.0024094653984429895,0.01320945404439226,0.008612988400641371,0.0056643600431307275,0.0189891658610577,0.004830885859853879,0.005433344132667003,0.02133395833718532,0.004806706274360749,0.0033280906996783414,0.027405044156548684,0.005860505902994191,0.002242771914430705,0.028043811276496855
imbalance_prices - Long_t-270min,0.006176087443898723,0.005302839215018366,0.003649295219082887,0.003878807555836829,0.005855286431138666,0.003843912064729011,0.010131751100860129,0.004096244585766954,0.003396126488235495,0.019304227945569435,0.006334289125341457,0.002901732536429698,0.031697445245581546,0.0026833892495710643,0.002998252430907087
imbalance_prices - Short_t-270min,0.001841225201926136,0.001433614412245788,0.0034811144719005824,0.0035367049930559915,0.0020794981428889515,0.0038240057362509106,0.0031453328601919565,0.0030833645422098923,0.0032902793367247797,0.003189875054038566,0.00615807209466584,0.002904656061645255,0.0020005059579693805,0.008603983056964352,0.0020532574966896392
imbalance_volumes - value_t-270min,0.0028321461158054718,0.00255358082388193,0.0074722011810663385,0.0028784705118750937,0.002260901791130891,0.009916235509947,0.004059311383065506,0.0018726199114189512,0.010301850908290363,0.0031445313207536857,0.0017542180545751763,0.012247968366624264,0.006426853733331882,0.0017642356322085107,0.015362145862183752
imbalance_prices - Long_t-255min,0.004961341755099965,0.005613988582104866,0.0037161903105861712,0.004639424196996515,0.006320819785257072,0.005791646621550172,0.003366303533113751,0.004644447176029189,0.0028555759887517523,0.007829409687023144,0.00590120696960912,0.002245038474008652,0.014257797600279445,0.004109241881958951,0.004331465938196516
imbalance_prices - Short_t-255min,0.0025730700576327764,0.001750736046327802,0.0033525898312782372,0.0033246918789354824,0.0015638023676893909,0.0029827190777716624,0.0029543164852937026,0.0019542734528745316,0.0019284624738593833,0.0035853767078924646,0.004860216034008772,0.0034005471954574205,0.0035221868823043677,0.0051555750042316505,0.002974992458957786
imbalance_volumes - value_t-255min,0.005986801838304018,0.0029062286338630656,0.01266944875097397,0.004081576104420492,0.002508983900408566,0.012209209900356654,0.005472114641423104,0.001916789202390646,0.009729274470855672,0.002748145410032521,0.0030321422833758335,0.00746067475640848,0.002969655713843167,0.004515231302717183,0.0054232696589533586
imbalance_prices - Long_t-240min,0.003649524834139811,0.003760837983842066,0.005228729001741158,0.005003082546658334,0.0031266286043891396,0.0040056817363324625,0.005618487237278714,0.006599965323504876,0.005629430120083271,0.0036113696298471043,0.005296328006955264,0.006559672181800124,0.003053838497703964,0.0025971900867589283,0.005087873650576512
imbalance_prices - Short_t-240min,0.002296102574674535,0.0022351111407651844,0.004185164011871165,0.0032238668253392008,0.0016298207373838523,0.0035982729703644056,0.0028768884644526337,0.0017319890403441605,0.00467737680456321,0.0027667509025941397,0.0020760548074485997,0.003955583558508806,0.0031356686964834637,0.003551214950502299,0.0024235931530009794
imbalance_volumes - value_t-240min,0.003219579854743415,0.0054988113455437995,0.011411551419987518,0.002820009831729749,0.003691508695814264,0.01444159518093511,0.0035980526749276576,0.00403258633214773,0.015569379513504372,0.003959136427609337,0.004014165605665767,0.015887996096280402,0.003147001194747418,0.0034530737734421563,0.017976236176516978
imbalance_prices - Long_t-225min,0.0034790641500794662,0.0024351255884614035,0.0026206475147573655,0.003531412704272043,0.0021575781678616294,0.004195833699125274,0.004355216267107607,0.0023374812024449057,0.0030345792074913335,0.00640462788109653,0.0037634593141218603,0.003743612252499588,0.007875747157944715,0.0027522933650764116,0.0037591880500476692
imbalance_prices - Short_t-225min,0.0029958011828389174,0.0032619518282208447,0.0033304467691068567,0.0035906177808933534,0.0012676496147660146,0.004017812756734201,0.0035618118794209295,0.0014242519453009663,0.0031906810475302336,0.003442399581475911,0.0016068439688286843,0.002599715404211338,0.0028190218552344957,0.0018776035296207284,0.002896044775246082
imbalance_volumes - value_t-225min,0.008318905255540812,0.004244996729230252,0.008476741543207027,0.008040473724330581,0.003298145694665436,0.011156246558681233,0.008664104205581679,0.003534329865889049,0.009485325822553932,0.006688614853359468,0.0032841711717455837,0.008667060086107995,0.00494091380554164,0.0026637054706307025,0.005544631732074777
imbalance_prices - Long_t-210min,0.004849926639128796,0.0039483519132654694,0.0021690070787617516,0.0033494140427801538,0.004563299321838713,0.0022007830729162377,0.0029431270035902343,0.0023564686558025867,0.002480347526483456,0.003291111288318746,0.004005299174710672,0.002849257236248377,0.002667513004598732,0.00196374703677202,0.005288805928265901
imbalance_prices - Short_t-210min,0.0021317507385224415,0.001989641488127745,0.0035643694759255593,0.0026269069962565937,0.0012438937481538232,0.0026319987726128604,0.0030278595950840098,0.001319329286608081,0.0034226067941051496,0.0026268571333539514,0.0012729412314483853,0.00303334850901706,0.0025305169837381526,0.0014041277832218383,0.0023797421044791916
imbalance_volumes - value_t-210min,0.005519096465854091,0.0024879638311285815,0.005283160601073178,0.003217425851193184,0.0028649932837593044,0.005759803186869248,0.003072854054218624,0.004090560238612852,0.006599787655948603,0.003973828285137642,0.005336210091671433,0.007636612577796768,0.006576154933663247,0.0028161412934769032,0.008417783042386873
imbalance_prices - Long_t-195min,0.00919665555033771,0.003862856071587885,0.00256239706533097,0.007378015757068169,0.005506146553674171,0.0036796993312923406,0.005755548386501687,0.005055120597390214,0.003764185172449288,0.003820003167389132,0.003721881216714678,0.005304808256972137,0.0034612802259935053,0.0030194607997787414,0.0022018768253446977
imbalance_prices - Short_t-195min,0.001977526481170116,0.0037338768301160598,0.002013408190992209,0.0020377609305814986,0.00356099099916878,0.0024049522209843416,0.0027751437489261406,0.0017158031408907846,0.0029874548528678133,0.002929373373848648,0.0016399167553408916,0.0029731384004535355,0.002950778761400443,0.0023878597278562666,0.004462386201779737
imbalance_volumes - value_t-195min,0.003031886754250763,0.003787872386881645,0.008918467179527398,0.00456466901488875,0.0034932796041393884,0.006256294166732005,0.003022815609329882,0.0030388397689530395,0.005779423103796944,0.003906302884937759,0.0025880379506857025,0.0063913912389689355,0.006052106122750956,0.0023003789743452218,0.006564953879025779
imbalance_prices - Long_t-180min,0.004429627737271403,0.005086058263030282,0.0034838508030852608,0.006535267376035336,0.005804742706706748,0.003763758312120103,0.005081138012718966,0.005102242398760609,0.0033893272181339854,0.0080361615324,0.005107136585900207,0.003058286525467338,0.0047345491678752296,0.003832108682117223,0.005595723500242457
imbalance_prices - Short_t-180min,0.002045053514087158,0.004902829892711452,0.002319561542802148,0.0016227112785530836,0.002134859368663456,0.00235067077633812,0.001937858985719231,0.0015987160249305817,0.0021377919743154053,0.0025414177972334644,0.0016456669307272022,0.00399287050091516,0.0023028218329836816,0.0013957207982343788,0.0053149203636785386
imbalance_volumes - value_t-180min,0.0034764909767500286,0.002065490582819621,0.018129423302570103,0.0037940654904164146,0.002434483946564683,0.01664231949533132,0.003792462173854801,0.0018833877136912632,0.013767959999968297,0.0046973307958005535,0.001983246438017545,0.009519931426844777,0.006174624132448685,0.0027074096535470746,0.007269536351772331
imbalance_prices - Long_t-165min,0.0052622104605688945,0.001811108173089451,0.0042334953925601436,0.006251891753484415,0.0026719351324218225,0.005942477862328815,0.006449054849065703,0.003141068894579348,0.003919694287337734,0.004535771938286842,0.0021591543358894113,0.0036102253002400176,0.005625561113532058,0.002883788442310106,0.0028783651716131546
imbalance_prices - Short_t-165min,0.0032284935566603964,0.004332242165208299,0.0022262485880164603,0.0021690621997713607,0.005492415330765652,0.002212940738590987,0.0020767592272779895,0.004863333473389503,0.0022337454468761278,0.002332863810969684,0.0030442742928298685,0.0025342476406037804,0.002341788250566424,0.003027575224537446,0.002384636747992772
imbalance_volumes - value_t-165min,0.003425405820045853,0.0027001031977424645,0.014245424084590922,0.0032354017990155626,0.0021576664557724145,0.014127938659083156,0.0031333010459379694,0.0026265588029366427,0.015680452004919063,0.0034357045909910082,0.001925131388612158,0.011968957496432267,0.003686791779668056,0.0021840871214008077,0.008787307732865884
imbalance_prices - Long_t-150min,0.004561064047429795,0.0033839593644552223,0.0028285934588748204,0.004410207834473112,0.003961892611014264,0.0032384942533508366,0.00528332582486928,0.002172771369736438,0.002892817533610014,0.004930693778898786,0.002068496755480055,0.0025045888618733443,0.005734235560414902,0.0018150773796373869,0.002327319877595073
imbalance_prices - Short_t-150min,0.0021662828532053027,0.0025647750711254957,0.0036760676090625568,0.0021608581227364992,0.004210438452670133,0.0030073736233689487,0.0021465202225822394,0.002593233391983631,0.0031434320504959033,0.002132807483769966,0.002739399523870759,0.0022701684989401656,0.0019700225362439595,0.0020142903005236404,0.0022635169071063502
imbalance_volumes - value_t-150min,0.006691300573686021,0.0029246959540491844,0.0252197216277018,0.006123338270586828,0.004149639374205435,0.027590772903866308,0.006777808655217086,0.0041506414118921385,0.027106722145770618,0.008733511282363906,0.006416218233818654,0.025339231986776213,0.008471759926855157,0.004702143811086899,0.024947343594554694
imbalance_prices - Long_t-135min,0.004813514349434172,0.004909843843801355,0.004815176776623957,0.003994861531963807,0.005984586533881156,0.005419838991874712,0.006012211382718306,0.00494783229175755,0.003878659021274615,0.005298602751889121,0.003244195475752804,0.005989080217870651,0.00538638808577889,0.004456663355997989,0.005214021141185185
imbalance_prices - Short_t-135min,0.002936807137784399,0.0026620514581245517,0.0029736657664270754,0.0026756317788058366,0.002616858266983286,0.0037537496381701203,0.002582263623250128,0.0023444682089125307,0.0031613125045987546,0.0039201020428359925,0.005657307790306732,0.0020671447248701044,0.0029495730914677553,0.004183351426112494,0.002668758785199316
imbalance_volumes - value_t-135min,0.012087141409228935,0.0022216180971978473,0.020028949811516213,0.014351982480202424,0.0023542045720751047,0.022754938418598613,0.008994796952763864,0.0029078932467800768,0.021466782303585206,0.008190679870574967,0.004676350938101677,0.021681638933558133,0.006810517704287122,0.002666909375740943,0.01727197659903959
imbalance_prices - Long_t-120min,0.0036623764010387844,0.0035776729836934466,0.006057236129941884,0.004031911126284285,0.004999469153401151,0.007347599969081671,0.0030892057554667645,0.002519679804163388,0.008531840964751609,0.002753565448493646,0.0033597646446756925,0.0063158966546934606,0.004042620237695246,0.0017087587951846216,0.005652715037249436
imbalance_prices - Short_t-120min,0.0019994695569857867,0.002185231897443373,0.0024954778611881922,0.0024221805509605475,0.0014103126337485037,0.0032712557538652617,0.0021475052733503615,0.005222531714069192,0.001998871489857265,0.0019186237929602612,0.002672453352447519,0.0022771906561574722,0.0025006572034071725,0.005602823079912923,0.003127603228715088
imbalance_volumes - value_t-120min,0.007575588080573652,0.0024009124129288468,0.014812100927862048,0.006865816522960813,0.0029973825625238533,0.0212958801913519,0.005900959715025238,0.0027938214185430753,0.024528952137567103,0.0033768969795469274,0.003844077748088239,0.024637993067357457,0.0026186761473172737,0.00551112696902419,0.024155023167541003
imbalance_prices - Long_t-105min,0.004683591271182649,0.0023090189746525313,0.005647000849250617,0.007888353340431422,0.0020162610311015216,0.003839781464727821,0.0057063635965541835,0.0020131309338679557,0.004668990726726406,0.004868822680820813,0.003334372110738059,0.0057449019642531315,0.004756797074394853,0.002416367608681412,0.0064453007363536015
imbalance_prices - Short_t-105min,0.0031352054755915335,0.0027307529692192248,0.0021683861873625573,0.004280755253492657,0.004942364071849625,0.0026847942963067906,0.0029500439150151577,0.003221485201982432,0.00261821582561538,0.0031218912493045535,0.004636661746648315,0.0033723028059512218,0.004025256851321501,0.004485157983079261,0.002637849452064984
imbalance_volumes - value_t-105min,0.0024150826204695475,0.0025437810460252875,0.018440850919054355,0.004421478608610699,0.0021462127020204207,0.021803306338053517,0.0033975241375337646,0.0058921183408165234,0.022951417677526478,0.0031886743652103176,0.010890168372348854,0.0318989091450494,0.002679338791091141,0.007103737087473291,0.030811243834075866
imbalance_prices - Long_t-90min,0.0038027519968716205,0.003457622771709822,0.008297889347760169,0.0035325358837342263,0.0020756393407052654,0.007095000018573046,0.0038607948612461767,0.0022106198278324884,0.006150442267506151,0.004740878129510747,0.002673110629164739,0.003227910886310408,0.004019136234968755,0.004802253244159146,0.008072790774752321
imbalance_prices - Short_t-90min,0.0026138321415301105,0.0038847683503845476,0.006202353661578854,0.002306382239032246,0.0023708152116173552,0.006030440170208749,0.00398375166709593,0.005972455607567099,0.0068108167643404155,0.005022948060661292,0.004526247454524309,0.006721104803749768,0.0037415955255582956,0.002941665585223973,0.0067823301790922415
imbalance_volumes - value_t-90min,0.004488459128839168,0.004473256526827754,0.005858982433157508,0.0033032928162392635,0.0031651241112267596,0.004082075760879889,0.003269022075372504,0.003188681494268167,0.005277652751472487,0.0033353162822331796,0.0043641617627508825,0.007583181975682237,0.003297497446838861,0.0034322267506795468,0.010638286371471623
imbalance_prices - Long_t-75min,0.004175919516821295,0.002179808330072774,0.005163970664892986,0.004597939776165277,0.002382951833173138,0.003983886503533938,0.005839571234950426,0.00331376621138088,0.002714688553526685,0.006210595009787539,0.002825751068712634,0.002952353986252888,0.006307542380402538,0.0032752213778720718,0.002873104417202967
imbalance_prices - Short_t-75min,0.0019499241087987684,0.011255142277572305,0.0031894209659994884,0.0030476351808129036,0.006095817455556244,0.002822536945040156,0.004320742841420725,0.004863395482043415,0.0032175527884537587,0.0029299509214306455,0.004871150102419051,0.0027805508282935988,0.0022690239258022302,0.005702291177287407,0.002671259098489827
imbalance_volumes - value_t-75min,0.006816907574324432,0.0026307208820635425,0.006459698364949872,0.005443999223621631,0.0032790730727701883,0.0064327189768118844,0.0033796212368251873,0.003998379124863277,0.006729633436756558,0.0028810239146914683,0.005142778637931314,0.007851816587062785,0.002729141367198963,0.006755151357622339,0.013479148354381323
imbalance_prices - Long_t-60min,0.010139757171498787,0.0031512731780967444,0.005355962413647603,0.006881802262657402,0.0024909702160066443,0.004787077766011862,0.006040489765460506,0.0038578915337527634,0.0034361740903118515,0.005494547912276175,0.002542990351894332,0.003894538789057151,0.0068802026807898075,0.0027050773815681167,0.0032239608274967396
imbalance_prices - Short_t-60min,0.002222698719762775,0.012083185668103397,0.0028146706467441617,0.0036284972838357137,0.008263756286120041,0.0025640323508268922,0.0030203521875118893,0.006322353194715106,0.002046486863461638,0.003338292932334298,0.005384296264863224,0.0026836280880429514,0.0028062787418311926,0.005762845519901021,0.003169263579719768
imbalance_volumes - value_t-60min,0.0028661508540390058,0.0015154022678748333,0.005126078652160686,0.0034513361281872223,0.001739790120645921,0.006873926086391293,0.0038402214045599975,0.0018121836045775126,0.005547903235386911,0.0030261269342190646,0.0022282835321111635,0.005071395738533738,0.004423921092742603,0.0034878251006994106,0.005955432888940777
imbalance_prices - Long_t-45min,0.01935200928841732,0.0033396659250563517,0.007727558765934191,0.012336214899441984,0.005196229556217872,0.005033980314827204,0.010743315548458667,0.005651775202376484,0.004259023472714262,0.009009723791430588,0.0034727734261368825,0.0036585941443890986,0.006193846818454858,0.0026353715896923406,0.0065141850542959215
imbalance_prices - Short_t-45min,0.003698186086036685,0.01605425934586674,0.0026226588162021327,0.004442031360810688,0.012132995156687684,0.0033911122493195194,0.00404896033166142,0.00800337194446911,0.002663408642722061,0.0043791225460036,0.007374421456392156,0.003025520426808271,0.005195437230315293,0.0049882428912860636,0.0037861316695525604
imbalance_volumes - value_t-45min,0.0035530143502455758,0.002367148175138027,0.02682164237521647,0.0045053847248527745,0.0036043337490078782,0.021325377704060886,0.004932588726941958,0.0035642538278834765,0.01201494399170042,0.005945017891180214,0.00796545422608324,0.009350478903055773,0.0039178587382102704,0.003425331641541561,0.010634517030266579
imbalance_prices - Long_t-30min,0.04266756767837796,0.0031194005616578123,0.004099560242392727,0.027311505197655607,0.0029258908218689613,0.0041949141146205874,0.01718762723091277,0.002271421143742657,0.0034134931325620526,0.012353854434031745,0.003136316445161356,0.003137721910058417,0.010301551219456997,0.004114712497143046,0.0035337101311981767
imbalance_prices - Short_t-30min,0.003581485643157066,0.030491114262491466,0.0022077104915734936,0.0039056840890934834,0.02264305137656629,0.0028418744339087426,0.007772617425885983,0.0174562456603162,0.002868458057002499,0.008644091195717919,0.013478406459093093,0.0027001697247490027,0.009553209569712635,0.012224504358600825,0.003738024664106888
imbalance_volumes - value_t-30min,0.004352678926417866,0.006339169992554162,0.09519315244629979,0.003859156369358743,0.005450228324081764,0.08000048138946295,0.003899929420205808,0.007303709831154265,0.06740665413683745,0.005490781492088899,0.003799130020772054,0.05624493158137193,0.007576914435628169,0.003727228651723635,0.04681474542955402
imbalance_prices - Long_t-15min,0.09755619762046262,0.011457202565958141,0.00480243686857375,0.08184863376407885,0.009858723371009546,0.00669683853729839,0.06608095307435724,0.006814402253746834,0.0043506044698442565,0.05254502705881896,0.007340874706302202,0.0055456010418274675,0.04273639230702975,0.0037534926332373287,0.005842849237884366
imbalance_prices - Short_t-15min,0.0051008546781740735,0.06548816923424601,0.003253543692243966,0.004825536970508892,0.055207958549261096,0.003307639218166514,0.004968270443951951,0.04664557909406722,0.0032015912280458,0.004268963754663673,0.03822265264764428,0.0033720711168843992,0.0036791438752095617,0.03304058778658509,0.005481604893293934
imbalance_volumes - value_t-15min,0.009290544233168475,0.0055209332865779285,0.20167182537642656,0.010289169953524833,0.004784200259649538,0.18859045918898026,0.00946152366108072,0.0049730074400995364,0.17759362868685274,0.010140308635200199,0.004826758655508229,0.1597914744828013,0.008204362909584234,0.004836605827028506,0.13736906004071353
intraday_wind_and_solar_forecast - Wind Onshore_t+15min,0.0034918267112416857,0.008111853107257047,0.008060734659936316,0.005429364518720831,0.007455115770368138,0.00830608610659965,0.006417465947059099,0.0029033794336864958,0.00543774927778486,0.009883373185468372,0.005910243494319729,0.003639546615623658,0.003562416924502031,0.003297108934566495,0.0027687979209135845
100m_wind_speed_mean_t+15min,0.011086572643529507,0.003937308910245065,0.0038245280283699685,0.011994262363959934,0.003206157968235857,0.003545244594813994,0.011819094038502044,0.0036941218274828317,0.0036506786135668107,0.007273135643104979,0.003016726487021515,0.00460804171776681,0.003718400888964425,0.0032757382520449026,0.004878431805472246
10m_wind_speed_mean_t+15min,0.0051227851192452364,0.007850143387050593,0.005045120980458308,0.006578989168534463,0.00993912016664035,0.0032088280458397096,0.011543504978093552,0.010218297095391335,0.002891554033014728,0.00881947673761897,0.008693000038947503,0.0034085064344462805,0.011449590395772247,0.009910951326535269,0.00308579415892018
100m_wind_speed_std_t+15min,0.008111756357036938,0.0031038275967221127,0.003941213933466315,0.009434930683401035,0.0040638277314210425,0.00436067133123288,0.009288281624078082,0.0025437053973743104,0.003562574930712799,0.0031044030800649125,0.004729051446625818,0.004132788852163685,0.0034243361678891232,0.0025281572601361406,0.005346477431020958
10m_wind_speed_std_t+15min,0.0028405758552529506,0.008426833204071954,0.0030181569657811453,0.003533855283543744,0.0059081870422410246,0.0033626629062052304,0.003356110048193386,0.005479412621024494,0.004506367927511747,0.006058299780484958,0.004985800918315362,0.007218101499976911,0.005200594892396111,0.004951323507151301,0.008182655920216348
wind_and_solar_forecast - Wind Onshore_t+15min,0.010193051523063332,0.001936688591660186,0.00803906464506872,0.0077757316306961005,0.0032119054798604336,0.009258015362429433,0.01180678959370016,0.005327819388432545,0.010771100959274919,0.008495830900821602,0.0036742508180614094,0.007357545151025988,0.0055546522505756,0.004385488288666238,0.007085337269003503
ssrd_mean_j_m2_t+15min,0.014164176464961202,0.013300485503204982,0.004558323557635959,0.016020907959653413,0.01598046984587563,0.004504815489628527,0.007650854080307908,0.01175895757318085,0.004021883692483243,0.007595621549136922,0.00945476362638874,0.010229298422617149,0.004145042871248734,0.007766924840449064,0.016005668422379132
ssrd_std_j_m2_t+15min,0.00281804091631534,0.002665698275062823,0.01669040883498383,0.003355813770362147,0.0031737403201459527,0.011560229533948587,0.00535334239484655,0.0030284129969468266,0.005477809759457159,0.00883639851778571,0.0054421739200818135,0.0031318707225327673,0.010682619104449259,0.007211716740657721,0.002853805988664135
intraday_wind_and_solar_forecast - Wind Onshore_t+30min,0.00495636032981929,0.0019718960841751143,0.0029742932432118324,0.0035038363216026483,0.002164146412165337,0.003489754535148677,0.0053184600667073026,0.0019447498278186686,0.003938097753052034,0.005103111017342598,0.0018093774781973479,0.003351973238892242,0.0033795457347787303,0.0027628695770226842,0.0029027093581662482
100m_wind_speed_mean_t+30min,0.003390486837430217,0.0027237988055790084,0.010485317986109294,0.0036284248030387972,0.0019937544603290005,0.006782086430819163,0.003651922481071779,0.005741199973854237,0.00650240897706135,0.002664733046520041,0.0025933039023148014,0.003155743504721613,0.004581293640722606,0.004653458391430831,0.007055440629818349
10m_wind_speed_mean_t+30min,0.004957086340754131,0.006393789120702422,0.002904467102129274,0.0059129807081135365,0.005210352876412799,0.0032509957883155496,0.002863808246906956,0.004122115668704282,0.0026066805114728594,0.0034773096965953413,0.0049564324171367385,0.0036922515058386124,0.0035025650123467924,0.004900893113270285,0.006946005743866408
100m_wind_speed_std_t+30min,0.004609578954665267,0.002563925484941137,0.005672986446495088,0.005388698700069653,0.0024672054588063476,0.009000176335241122,0.0031497821982693496,0.0024928324995031515,0.008711174784135437,0.004083689883005718,0.0023682705475839613,0.00806811061816643,0.004976740211175638,0.002372769077626799,0.005569755027262545
10m_wind_speed_std_t+30min,0.0036298102743094205,0.004434870047776713,0.007433743456531374,0.003814023022830952,0.004883688670353422,0.013771204150049015,0.0037639960818196413,0.0054476988665865065,0.015185837577770143,0.0034070541843916544,0.0035509209199581166,0.015084856132685672,0.004440409911006554,0.0029619869298535377,0.01528052765011671
wind_and_solar_forecast - Wind Onshore_t+30min,0.013347878271364607,0.006429935665000813,0.0030777805075995275,0.007885649755771738,0.010577580359997228,0.002906511401675516,0.007482985698094126,0.003989414715550083,0.0034857957201602403,0.004242849178529468,0.0017654828245649695,0.0037106943876378863,0.004226435958862566,0.0018889812461716246,0.0036533458474259533
ssrd_mean_j_m2_t+30min,0.021450941519156913,0.013397926076926523,0.005920676209509111,0.019067421328887578,0.01211752054090175,0.003475075672380626,0.012931138274594559,0.011279350249376876,0.004470418175182203,0.005949613961762225,0.00554608651518356,0.008255334626795957,0.00383066264309673,0.006720528920773176,0.015838730178644254
ssrd_std_j_m2_t+30min,0.01393276999941736,0.009741672594305783,0.006385248618873448,0.009564210101678327,0.012879694064638897,0.0033630319571648216,0.010045963003025463,0.010884203597298239,0.002576726644082555,0.005865169302667709,0.008515218442304103,0.0057487498495686394,0.0061357017863902,0.00623917954969329,0.007983415289570984
intraday_wind_and_solar_forecast - Wind Onshore_t+45min,0.0067694859400508,0.0023781294195055125,0.007661282491593738,0.006353604726336925,0.002591069654572493,0.006293434065344627,0.005557151510393624,0.002207920765140443,0.008489830451799208,0.004752693703518162,0.0030168335872958777,0.01377090181177482,0.0054788112539827126,0.004658067007960199,0.010982746151741595
100m_wind_speed_mean_t+45min,0.004119440348811622,0.0025426678251060366,0.004475125297145496,0.005535136045109539,0.002929256743653241,0.0031117003084436875,0.004135389202845545,0.003216023133159979,0.00359450427451975,0.004842164808185771,0.0033605212496149763,0.004247636516876355,0.00667074664224674,0.003187909954947827,0.0024631935888737642
10m_wind_speed_mean_t+45min,0.003849371993030218,0.00510146914204779,0.003075641066389835,0.005023082433357558,0.005642582572450919,0.004831134413194377,0.0067095858740490255,0.005440689990275132,0.003406288758297251,0.004012928123988076,0.006482765134778674,0.003279174155333294,0.002189371395657872,0.005103570312753618,0.005305880794818222
100m_wind_speed_std_t+45min,0.003361219126076321,0.0025280301838488412,0.014085458627052504,0.0034959355763312487,0.00218320800813126,0.01109084915330459,0.004482682988182205,0.00255762258419054,0.010116977489489727,0.0046441590273025215,0.002796341832865437,0.008029473280592355,0.0061200968115254,0.0042519212748811696,0.006129307161107135
10m_wind_speed_std_t+45min,0.0085285724600908,0.0027565689020611897,0.014559187580071012,0.010904575870117696,0.009402536407418666,0.018856071871975928,0.00740239255619963,0.0061274126244361465,0.022903838544862082,0.009610541877002107,0.004936629667628949,0.026808503250867942,0.009188586521730031,0.006631099437379817,0.026987154221962555
wind_and_solar_forecast - Wind Onshore_t+45min,0.0030606950561632403,0.002071109286484898,0.005833024027464603,0.0025306267248924996,0.0038884940632251527,0.004161394011127413,0.0035491794599729473,0.0032751100942205085,0.0042278637597391935,0.003857983858199077,0.002103846728247845,0.0030406170274764007,0.005182719143806026,0.0019346890526467178,0.0028792239407812305
ssrd_mean_j_m2_t+45min,0.02345928628009278,0.018300119955834818,0.011719783345033647,0.03266641907626763,0.02115086012105894,0.017196492856077383,0.037029422822757625,0.02040995286834368,0.011989013332495232,0.03743936398978837,0.020441516851344203,0.008260538942075072,0.034569934669889335,0.016110293179459403,0.004001134962796641
ssrd_std_j_m2_t+45min,0.00661012327946446,0.0054889105327201836,0.003345503788184942,0.006940305530733894,0.005808907376297611,0.004714819133127094,0.005772164536841956,0.0020613199875360805,0.006604146975550975,0.003020376511663926,0.001728084013798707,0.010011490599878017,0.003268024642008413,0.0019642507909692314,0.008058771955817065
intraday_wind_and_solar_forecast - Wind Onshore_t+60min,0.009831316572206561,0.003103998027163357,0.003438984472498248,0.009818575386801967,0.0027383564449646658,0.003917599509859883,0.01031647885008715,0.0023590701616085425,0.00345334313463718,0.01006354363283026,0.0026992994666697996,0.003959039588549331,0.007730966376442666,0.002805715745606676,0.0028772542675574186
100m_wind_speed_mean_t+60min,0.00506206856806648,0.012782409884082881,0.006668409135418187,0.011540397464334091,0.01276932712681446,0.006115640962234465,0.006807447043747743,0.01628168295692012,0.006677159920109262,0.00553692500438774,0.010617495628590405,0.004710861191167624,0.002357129174139118,0.007564491564022319,0.0045540517926920075
10m_wind_speed_mean_t+60min,0.012186955091710843,0.0035995424346656362,0.004260807278847097,0.013316414261613318,0.008167801670522749,0.0028994000148331906,0.01079484595489339,0.006461676702207114,0.0030281792818823306,0.012007067955986713,0.011748155818426313,0.0029307373104270483,0.010228744118881878,0.010679192298866838,0.0030702351253501094
100m_wind_speed_std_t+60min,0.017571141496622658,0.005627112616852174,0.004435055920358877,0.012037766820067191,0.003762172043031569,0.005662531283191583,0.00901703030812314,0.007490853800735749,0.0043942705714489425,0.00620908595165929,0.007122209093038691,0.0068216254974731785,0.0046991805339639545,0.007486423023383395,0.00378451925227273
10m_wind_speed_std_t+60min,0.0045801444608732705,0.006575781559547068,0.004494041926509453,0.003978460476665078,0.00630209996771373,0.0045214256868166556,0.0038745651145245573,0.003914040263398419,0.0038363410264919367,0.005515168022990111,0.0054918570547106355,0.004105110959246303,0.004200959883140058,0.002116245080556837,0.0036019751149033255
wind_and_solar_forecast - Wind Onshore_t+60min,0.006709429782873485,0.0030022747956791134,0.003734295572601695,0.0044517009299215714,0.006090717265709827,0.005565198228804092,0.0042474974018514335,0.00560310235390898,0.006255316888320522,0.00627164202323911,0.0036750147651582665,0.00315566739892347,0.007822171031308243,0.0042920908411997515,0.003913124729857373
ssrd_mean_j_m2_t+60min,0.023043934250425082,0.011674316481636197,0.003412438496892264,0.032790699628472794,0.014744695951289032,0.006038584305308177,0.03967978423577733,0.018288262211041,0.009004702054269727,0.03995148239657283,0.018121768549068294,0.005087855535595736,0.038266866702120754,0.01228226537827868,0.00459414447014592
ssrd_std_j_m2_t+60min,0.012063713618219481,0.005118045174356666,0.0031630343833553526,0.005970720157551113,0.0030780805817903455,0.00486682860809924,0.0022728982982400795,0.003539697812871964,0.009370179089644808,0.0030450497068650294,0.007125038294103433,0.0102565375961276,0.0031081543034511016,0.007973609221071683,0.005383094080741557
intraday_wind_and_solar_forecast - Wind Onshore_t+75min,0.011796849649806972,0.0023999934498588117,0.007087765871745432,0.00882018567043815,0.002262343491869615,0.004777514308196259,0.004895250924513675,0.002906261813484889,0.008626262023011805,0.0033880032432143706,0.002717201295103223,0.007576292183694022,0.005531989007775337,0.0018997994237133753,0.005047296351785917
100m_wind_speed_mean_t+75min,0.0058684028466009725,0.002272344693214336,0.013341656504802813,0.00507336434915851,0.002170609166714712,0.01178605626711942,0.004704416546237553,0.003927883752809066,0.00882449788667509,0.004625533018722308,0.004260138287798327,0.010905801796130618,0.004306090298236085,0.0028811679247392023,0.006993630388824386
10m_wind_speed_mean_t+75min,0.003573500987630723,0.0031271962092760076,0.003760662835930816,0.003595817964996968,0.00244132547562549,0.0030988797489262653,0.003511200795597688,0.0020365554204174715,0.0025317022733570413,0.0033878190765099132,0.0021557792765152044,0.004079184790908585,0.005504106126078113,0.005612571360750735,0.0034070781058690046
100m_wind_speed_std_t+75min,0.0031814312881451767,0.00514660093213331,0.006511888848482158,0.0036916532560826456,0.003535864367552449,0.005828209328563389,0.0035519161508336767,0.002458693943502112,0.008169150800476019,0.003853948094898442,0.0021490198325227537,0.005163700505623638,0.005655192166264897,0.0028973966898442997,0.00566440253545079
10m_wind_speed_std_t+75min,0.005433588928608515,0.00933593390988608,0.011799266602618446,0.014192418503414956,0.008082613479597057,0.009995136237892438,0.01013356372074486,0.008930779975738915,0.010550515592158263,0.012837425647572672,0.014974100049405024,0.010749507501212065,0.012670332126683207,0.00937474990940973,0.007184706881378588
wind_and_solar_forecast - Wind Onshore_t+75min,0.0029811474008524783,0.002015551677921394,0.004935372912091225,0.002755804704986076,0.005056373368237018,0.008271988786422298,0.003669771438151656,0.005674400328072806,0.007724031874808133,0.0022850476959451953,0.005890306557652366,0.0031868789095678947,0.004946560020141987,0.006175351621721347,0.0027016423863287856
ssrd_mean_j_m2_t+75min,0.01974739089340437,0.0041084296792832905,0.008147668566591165,0.012734239537356189,0.003201049442805015,0.01135177415733051,0.0048301567244761826,0.005067566579746199,0.015489270784863039,0.004567650137591499,0.009993128329952014,0.0160946666674281,0.006461277982612955,0.01241505428700475,0.018375339330807035
ssrd_std_j_m2_t+75min,0.016925610431433598,0.006134054390407982,0.004499870564137381,0.010188152968345094,0.006529931442011729,0.0050259853319585095,0.003021848802396562,0.003160335748232228,0.0067136531577707504,0.00687247683796204,0.005209465607007587,0.011144094055202005,0.012299171410159033,0.008922099293879,0.011876744991664055
intraday_wind_and_solar_forecast - Wind Onshore_t+90min,0.006368516522576101,0.0029783497373391584,0.014257408997393212,0.005629547315129458,0.004419310273704468,0.012701976241660305,0.00418940312291079,0.0033047028703731486,0.014892803960538003,0.005392486884433311,0.0026314094571571332,0.014222813025204232,0.007921464201139315,0.0024398540351276096,0.006477978832545887
100m_wind_speed_mean_t+90min,0.0033493089737639823,0.006975170044923288,0.0073694931639402056,0.003121125528466109,0.007180437487231756,0.00998757137547591,0.003964017526019688,0.003894333523676323,0.011108633125302731,0.004519733669170819,0.004806156166550181,0.00996844792340562,0.0055139710855637535,0.002478891271630346,0.009650248088571971
10m_wind_speed_mean_t+90min,0.003731924086390791,0.003047915135166477,0.0036405051815818295,0.00432670447993587,0.0032960609974397813,0.003386670612740545,0.006660609367732832,0.0030049541846474312,0.004269169153340044,0.007861298011146572,0.0034638443523290333,0.003818256636031947,0.003618268487574824,0.0037057405822051807,0.004977043293671159
100m_wind_speed_std_t+90min,0.004093881635006256,0.002828443505454288,0.007469769154638925,0.003325570391196379,0.0031219466137135895,0.008299049974029913,0.0038002235327523975,0.003474902006364573,0.007431183621192759,0.0034464686817204894,0.0063106386716899575,0.008461169475674978,0.006553261318449586,0.004954282061327831,0.005546118875736283
10m_wind_speed_std_t+90min,0.006745666979211819,0.005922181496208395,0.0060319177953151665,0.006794448055807152,0.003084993604741612,0.004683771227217221,0.006360125762150347,0.004408693275956466,0.004415571180175903,0.006095837720869895,0.004422662272503658,0.00394898513818589,0.00651799409188061,0.0032562560732058046,0.004005347934889869
wind_and_solar_forecast - Wind Onshore_t+90min,0.011839153896900826,0.002937188061870984,0.0195634832684882,0.009469204511726274,0.0031232641994313327,0.019248773800674825,0.01085282601689687,0.002724814862574931,0.01607225845241919,0.007256135157433164,0.0031444079557327313,0.01626932739140466,0.0071363368463935335,0.0025084612317077697,0.0150865144203417
ssrd_mean_j_m2_t+90min,0.006222306758319974,0.003302771570184632,0.01155997342181945,0.004230518054688218,0.006066738703135343,0.008192951743490993,0.004788551056743586,0.0036177508445452986,0.015327024413898471,0.011066619046991036,0.003983742201678978,0.019706657636503224,0.020006468750478235,0.0060534247020477775,0.021424057342650484
ssrd_std_j_m2_t+90min,0.008515435757290106,0.002110345787355982,0.004467224876880664,0.008060606667160755,0.004252852981451724,0.0034000782976791014,0.01471608773643311,0.0036581354624759116,0.002857387608611816,0.013769068519366556,0.007198416529543465,0.0030219056247369736,0.009341501783907006,0.001961178427282562,0.005017551030185132
intraday_wind_and_solar_forecast - Wind Onshore_t+105min,0.0054108367392509535,0.0033702501104726254,0.0042882417546471745,0.006886370335589163,0.0024007657946476684,0.0035765790523852275,0.006506737748653905,0.006678552481258521,0.0030722169369091718,0.007117271578590135,0.00741930879058782,0.0032605667748775886,0.005939452716158883,0.0045386854877006045,0.0038443232109366364
100m_wind_speed_mean_t+105min,0.006561292670658077,0.008032027541824392,0.005066660864864389,0.003235159342046245,0.010817229893858894,0.0026874023453092376,0.0034630345969799236,0.0114468459879281,0.002909655828157902,0.003404380450895587,0.009007241259714647,0.006995173884857649,0.007072218288788349,0.010478495796443894,0.008246199238776172
10m_wind_speed_mean_t+105min,0.008609862851813886,0.003695298953807651,0.00795062434475767,0.006454748502789243,0.003583674900865702,0.007132560538580037,0.004025576713868759,0.004409778243520122,0.006456833826585353,0.002483333606090582,0.007226107040667557,0.0031286459776831634,0.0064314093745961145,0.006669567042317339,0.0021932477917842802
100m_wind_speed_std_t+105min,0.009220849145079228,0.0025062386182130468,0.005895195694791255,0.0072809567037465965,0.0026605306877431757,0.005011060114991779,0.004260899438976367,0.003086814982789747,0.0037674090319069365,0.005089997616433038,0.00307519507100551,0.004996353696427832,0.0041852218739313685,0.002792120743636076,0.0035507375214193075
10m_wind_speed_std_t+105min,0.0042763658745097926,0.012335352217596664,0.003383492861659761,0.004603241396440353,0.013211682515142457,0.0033564297922112018,0.011904237863403978,0.011818131127685774,0.0032572442394821336,0.01154851029690326,0.01270206463127397,0.0065361349346458155,0.013669322764268145,0.013647986795003817,0.008729408035264896
wind_and_solar_forecast - Wind Onshore_t+105min,0.0027820668319718605,0.0029592080518696094,0.004416843197555863,0.0035915724659189435,0.00465776929409185,0.004458798525898601,0.004989199594721868,0.0020969729669832304,0.004848566121198928,0.0053333211083954665,0.00204568241217612,0.0037737638516955486,0.006450602980024087,0.0025515117335739887,0.003750295941473305
ssrd_mean_j_m2_t+105min,0.0037737492102648956,0.0022081554033720747,0.012323246868210845,0.009135971698753565,0.0018519133326396968,0.0110127285491169,0.00743755677768786,0.0035003305866557637,0.009284510918456362,0.005559832463816747,0.002811632428301891,0.0143246213789389,0.0042445568595685474,0.004667406108096202,0.018064547806832705
ssrd_std_j_m2_t+105min,0.00273278938346084,0.0035071156015874295,0.01210588220513091,0.00490406413025994,0.004037970440995651,0.011380584666483628,0.002951307526522214,0.006468749256873707,0.011508693251034856,0.004541191326534317,0.006307918146463635,0.016690887273609404,0.002624101758952747,0.009923791163757415,0.018840153567594824
intraday_wind_and_solar_forecast - Wind Onshore_t+120min,0.01426955011393875,0.005436394378227419,0.005326540140034922,0.008861242934879556,0.0036932212122896997,0.006083369123511147,0.014377988946565893,0.0032444558815031997,0.0034418474343146954,0.008451393968833145,0.003660912036171794,0.005403056579860277,0.013933518781792373,0.0021967107103773743,0.0056928053255105625
100m_wind_speed_mean_t+120min,0.00642320841514993,0.002447571209319449,0.014975226119304352,0.0065734186388745,0.005791694786917105,0.005737408375626387,0.003942127532364793,0.002608543531227042,0.009705601962998116,0.0025163744437650165,0.003324971732898575,0.007322298456158023,0.002556693047366025,0.0022317756263037156,0.004090104890381781
10m_wind_speed_mean_t+120min,0.004326857049411046,0.002349610145593033,0.004053725717265479,0.004196667852211249,0.0035480297857337748,0.007365966714246042,0.0036628804987281,0.002518222737608994,0.002867363748383468,0.0033770946047739017,0.003257208673570858,0.0056490084669057975,0.004487927269792635,0.002399193888360969,0.004067054576375085
100m_wind_speed_std_t+120min,0.0069336431728188475,0.002321438222366851,0.004069112659301027,0.004433767200312673,0.0035104851659034466,0.004040310595320989,0.0055506740392302165,0.001819663867208419,0.005515060874903611,0.005386513372585796,0.002338810268589441,0.004420571562626719,0.004028933648214661,0.0016862974527931697,0.00342830610603869
10m_wind_speed_std_t+120min,0.008747663359329635,0.0020370818816372776,0.005455828951299736,0.004883060759962973,0.0023543611874847557,0.004957965992150094,0.0077877566752722486,0.007317955966684941,0.006009337507254713,0.005747655400984513,0.006329981524904724,0.0037873007118730583,0.0038410476792978443,0.004161214103002123,0.002894691634185165
wind_and_solar_forecast - Wind Onshore_t+120min,0.004646762402942841,0.004419972888083067,0.0033171059666929066,0.00577261117144917,0.005785368961904169,0.003965663353748255,0.00814367728180514,0.0030494901825202305,0.007137275600012799,0.006889860861785564,0.0030915476173868227,0.009831953301902103,0.009819819996278966,0.004651781517238647,0.011206361535238102
ssrd_mean_j_m2_t+120min,0.01585631927374925,0.0042048209373890585,0.014491155893701944,0.016851567979618266,0.004124073830498673,0.008315745963179778,0.01665388706428348,0.0018474998295949945,0.007836897867673543,0.01991098483231326,0.0023289300367973736,0.004908000586305207,0.013077373125706799,0.0051425604341093275,0.004091713764363704
ssrd_std_j_m2_t+120min,0.005061099727545298,0.004563205091182681,0.004266335818827429,0.007433619749880563,0.00392004065663059,0.0039025569077839463,0.008846056264319486,0.007224867928995082,0.0032039826344644096,0.009413852678335388,0.0020945104241873198,0.005550011223895126,0.010270269142383768,0.004381705017000058,0.004703987968961883
intraday_wind_and_solar_forecast - Wind Onshore_t+135min,0.004126667241849646,0.0026202528835851807,0.009700612816843205,0.005038335696197464,0.002687323928058959,0.009282032678776886,0.004241875742064394,0.0030499193067080343,0.012613385191551061,0.003606680297276398,0.0027153835142289607,0.012794143520528451,0.0032608949687960376,0.0038477778982669406,0.005954177504598192
100m_wind_speed_mean_t+135min,0.0037438973877087847,0.003803089412776899,0.011293944343351086,0.0055299511843932125,0.0024948496259789865,0.012566845846886282,0.005183114292318351,0.0015018890775882027,0.009274093317275401,0.004116116810433596,0.0021906942751247697,0.008185740785371308,0.0030068558023872358,0.0035087044578331187,0.004193065919796936
10m_wind_speed_mean_t+135min,0.0032760924400367913,0.00196296124104515,0.004058374492823532,0.0031834574473850806,0.002570709675703483,0.003370297379050669,0.002858462564299771,0.002118639927890854,0.0028365865654595836,0.004475221329345004,0.004526543029987807,0.002629339217044048,0.006863682313756727,0.004578904184929343,0.002520850522415685
100m_wind_speed_std_t+135min,0.003336375562123976,0.00410052425983713,0.005153340513876628,0.003807147880383127,0.002286954201277922,0.010696392351406757,0.00641715080610129,0.0028426416139641334,0.009474225669369844,0.006060471291621809,0.005404277548631853,0.013141358602676519,0.011234961740890868,0.0035753113274204227,0.012339593767354018
10m_wind_speed_std_t+135min,0.00327914253365816,0.004313495768310531,0.003876543208687508,0.0030706009793295833,0.0019613522617119086,0.004180394814700776,0.004021691186415466,0.002840948239063437,0.004037248379002677,0.008052144655874144,0.003156425678423602,0.005299378116298613,0.010511939266688386,0.00226414326418535,0.0035899108502052287
wind_and_solar_forecast - Wind Onshore_t+135min,0.010298674187273718,0.007509192728874041,0.002464950585628685,0.008593749213861884,0.008100167069278541,0.004676732890162384,0.00811716957239696,0.004219999380359184,0.004605563172951406,0.005993557489520754,0.005283239067503018,0.003388513559083549,0.006108426373728435,0.004658450104430813,0.004251407607924193
ssrd_mean_j_m2_t+135min,0.01161625455286412,0.008164316549532088,0.004688282201786933,0.012287740748550277,0.006618060437962413,0.005342945413289272,0.016638102975994117,0.006443317764103995,0.004303797616204975,0.012999722316857514,0.005147706085437676,0.006222984679901856,0.012487016869999933,0.004020871011633062,0.004328722324735281
ssrd_std_j_m2_t+135min,0.011956689798433217,0.007879271457520985,0.0036225311081925613,0.009181435239763232,0.006301716155091753,0.003327666221757681,0.0072049630006604274,0.003348958130365645,0.0029929112284153236,0.006863995323927156,0.003267836291646745,0.0033966800443849935,0.004662513278029109,0.00550712385463703,0.005418193696032176
intraday_wind_and_solar_forecast - Wind Onshore_t+150min,0.011493045916038681,0.01351901588140754,0.005811630001891899,0.011842067669931566,0.012645651563070714,0.004842644032978569,0.011099612260702997,0.008588362423994113,0.002847289601342709,0.0057688865510383495,0.006100260225954116,0.003560970092254138,0.004250423007226118,0.006029275941091328,0.004087657231162666
100m_wind_speed_mean_t+150min,0.012988725547722424,0.004153935576914592,0.003195987835325468,0.010116556894152381,0.00234635550359053,0.003448459104803192,0.010169647169313976,0.0046499242295317345,0.0037132524367334556,0.007091293193163438,0.003122085146798781,0.003202023390811121,0.0035606134089093758,0.0045265072266420245,0.0026917260554955645
10m_wind_speed_mean_t+150min,0.004532660705373928,0.007129480049639824,0.003662298258837836,0.004523391323611577,0.009962563765213418,0.002823962064824627,0.005417261743103154,0.007865435733518097,0.0034329208341860066,0.0025347388636955655,0.0025275518618091157,0.0029065001473243227,0.004232561058472129,0.0029654108132745024,0.002935642935877695
100m_wind_speed_std_t+150min,0.0034872661425979458,0.005214099605538649,0.0064521753719145635,0.003049506484534504,0.005149341825141164,0.004382568487656499,0.004297370555210364,0.006040949252097562,0.006167199268585137,0.0028108904035918842,0.005268301369804248,0.0053926545781396275,0.005138339950737645,0.008022683474917358,0.004950175874396337
10m_wind_speed_std_t+150min,0.004615555498759931,0.004611323774883203,0.006625432865672337,0.006110805812299077,0.0032588484839907324,0.003635251333634187,0.0075513273392716655,0.004995386531739314,0.004003172951866873,0.00616030791344383,0.005081299544151989,0.003708991751117537,0.003283693895891702,0.005152499783851454,0.0037092856815124833
wind_and_solar_forecast - Wind Onshore_t+150min,0.0051970018993069975,0.0070525142454862366,0.005369500301649623,0.008434869277642065,0.005339857378668967,0.0035230810867833496,0.005648638472950552,0.004648161757708294,0.0033995820811924204,0.008933423305497854,0.003580976776826688,0.0046329072507433015,0.005778250418730749,0.004733342850959161,0.008112855648098048
ssrd_mean_j_m2_t+150min,0.01891875697929936,0.01304008276216058,0.0075346021844597995,0.013307401083526202,0.013261918543837965,0.008128545296167432,0.013568664815451483,0.006537953846484015,0.005810721221823769,0.010255588919244473,0.004411538372914947,0.0037422480738405284,0.007970543810914024,0.00449761227721865,0.003304971030529487
ssrd_std_j_m2_t+150min,0.024921045930997934,0.01132642217202374,0.004507307735597351,0.02299115295386582,0.016755858563119546,0.005272140274979165,0.022801184875832405,0.014480591437488328,0.003591975428062142,0.015350970731858978,0.012913901543215615,0.004046348941030373,0.008100729987381783,0.008095264571675215,0.006272219583519472
load_forecast - Forecasted Load_t+15min,0.011372814819824271,0.005606351170958078,0.02312024447614385,0.00466945600343206,0.008097183451180172,0.028153729749639752,0.0036583685579307714,0.0034317556510141,0.029592758599173975,0.004207026293123818,0.0030848861577323985,0.031432708474239915,0.005233123116871866,0.0034605200921869255,0.02985889224346829
generation_forecast - value_t+15min,0.011041197777274647,0.003822208223605351,0.04679414295845345,0.0061397803353029305,0.0027177105142839083,0.03406076733651571,0.009831828302099893,0.0048958385761307,0.026001301919241087,0.014488227331923554,0.010115985714925045,0.01761844129941892,0.01927838496784534,0.008964773799219984,0.015044001717229548
load_forecast - Forecasted Load_t+30min,0.02557067683209607,0.01003042997753073,0.008419774473648431,0.013083727361990895,0.01139819362396156,0.01335340557521704,0.003457149458012282,0.003685774279822908,0.019723413105282816,0.007933176882936096,0.006647376757950042,0.022362396719552636,0.018425128533606765,0.009271696309271648,0.020423219728625555
generation_forecast - value_t+30min,0.034912466866342584,0.013179289790583425,0.056270882563083435,0.03394807745926664,0.012326367219262465,0.056461855304288745,0.028135986384542774,0.010223481181463285,0.051085252627846786,0.01708906061662128,0.004120466623939137,0.03993644423323167,0.007130271521196391,0.0057538747610833526,0.03295653724668227
load_forecast - Forecasted Load_t+45min,0.035347484809986784,0.014465282888544607,0.008226903544753441,0.03859046423111431,0.01518885592085121,0.006891174885418082,0.032756787273625375,0.015690081806344097,0.00980972286339238,0.028782146836230822,0.012078901732342046,0.016716893283359242,0.02142946035513887,0.006607760960967425,0.02014496636851982
generation_forecast - value_t+45min,0.02639192785094201,0.003992762921350731,0.054157899815152635,0.03210798893943138,0.004908390277160834,0.05766670540129416,0.02467815455622622,0.006265974537504007,0.05313565036552609,0.017693500527260767,0.0032438466534076725,0.049549516873288665,0.007678120794835195,0.0025343849110040536,0.03963712934340583
load_forecast - Forecasted Load_t+60min,0.01917574972305738,0.006525986767015638,0.018642785775980882,0.02311182193103741,0.00845528999403996,0.01064890647824592,0.02850395326789294,0.01191521917139471,0.010514508078056678,0.019359859443800816,0.01065824655430879,0.018838844249010434,0.011668844407467986,0.009478138529520947,0.023787299580773833
generation_forecast - value_t+60min,0.005667510910294368,0.0046247056189089334,0.045575910202067464,0.017133980798629635,0.014174483324630728,0.053936875399012936,0.02286082589997386,0.01594009762397036,0.0593611760078129,0.02497362189789419,0.01994618294488737,0.0636545397612499,0.018569383984497107,0.017010616323983412,0.060959340666566275
load_forecast - Forecasted Load_t+75min,0.009550847818973125,0.003346789569020984,0.025864175178445293,0.010050887606776087,0.0034336993104097926,0.02523501018877141,0.015746924438321003,0.004652719827778128,0.01978842051413085,0.01704351041836344,0.005483270035125315,0.016774518964082746,0.018085176204485832,0.00694985438162962,0.02117768783860083
generation_forecast - value_t+75min,0.006448027957354498,0.002920632463989023,0.036392453491775084,0.004418423491180874,0.0059144125324606875,0.04403185869846493,0.009606878696882632,0.010283194847535924,0.053154557831410786,0.01911340016050235,0.013346554042997014,0.058188640047446824,0.015795300902700773,0.013719327490853174,0.05913194502406986
load_forecast - Forecasted Load_t+90min,0.005750381503925382,0.006160589611235992,0.03355328021460446,0.0056276160700108446,0.007286850056184449,0.028244261202868073,0.008475052143997346,0.009007292037331353,0.022107671319383373,0.014091931124003167,0.00777062442055103,0.015834613235187135,0.020270954087318386,0.010510561221084572,0.007271092754560414
generation_forecast - value_t+90min,0.008591822937730285,0.008618454711000709,0.025890512366662732,0.005078725941646553,0.007126215372880324,0.028469980650057552,0.005901443692378962,0.006211118858642294,0.03578956581413513,0.011998766114636964,0.008827885483537102,0.041000778130386606,0.0130279662418493,0.006874130382871044,0.04541597459487457
load_forecast - Forecasted Load_t+105min,0.014802465279230091,0.007244551051182498,0.023786989698332036,0.008603124636956637,0.008147724074135113,0.024219348121521763,0.004645562158983011,0.005772285909208222,0.018599566948963912,0.00434183162366935,0.0021980119438794643,0.010288855956318002,0.009157064824306872,0.001937712003390061,0.006236640300823638
generation_forecast - value_t+105min,0.016964269386720843,0.0038605232758382045,0.011723570213407584,0.018055001502711093,0.0049234106022995544,0.010650746236486156,0.011414886929414933,0.004005308454605256,0.01618776374209574,0.0071428566505856,0.006953845184313934,0.029223149573837873,0.006143608007878356,0.01053771968186993,0.03457258221460506
load_forecast - Forecasted Load_t+120min,0.0035323296519554786,0.00486240723764422,0.005712408268493164,0.006641287108177494,0.0021620365267528995,0.011741249596153466,0.005413995207596599,0.002115507426389513,0.008643996398706805,0.005407771597932879,0.001955012381291681,0.006227993462123777,0.002840380810574061,0.006192723221425808,0.006345612453453214
generation_forecast - value_t+120min,0.01405645648072823,0.004177895561631885,0.004785071560181677,0.011270083526997042,0.003832094293746195,0.0067978299128080835,0.009982998031711758,0.003484837879293991,0.00773937421254459,0.003488411732631903,0.005687232649330895,0.01514432801836483,0.006701713477168596,0.007178378690361569,0.01972079160514113
load_forecast - Forecasted Load_t+135min,0.012299372955178115,0.0035319864251655416,0.010440037580421176,0.017508940310319302,0.0021361104593617597,0.01360973210172233,0.012630373873340432,0.0021571527449964377,0.01286621974407899,0.007170008822708042,0.0021660826319066474,0.01742318425508711,0.004699555759852956,0.004502130891685738,0.018501363056449917
generation_forecast - value_t+135min,0.01701439026349544,0.014967171132419025,0.00955711040531969,0.022123693113622722,0.013975018898563576,0.015976626271527492,0.02212646304523514,0.012441070401342586,0.011689833226708288,0.020256808401572925,0.009892169167509565,0.015756526158380437,0.013789870145548775,0.011641013603904866,0.020891881754447242
load_forecast - Forecasted Load_t+150min,0.005105186349736641,0.003538254586768744,0.005194222428264766,0.0033000002985775156,0.0036123077869181087,0.006292083279799045,0.00406543107863763,0.005385621434084897,0.008245947218756555,0.00483024631211083,0.003838455499547308,0.006518599833780627,0.004980515833198296,0.005071073969359532,0.010311866341034943
generation_forecast - value_t+150min,0.00841017142117198,0.0035625631530911053,0.012455174784900009,0.009998964674901798,0.006147081837993028,0.014606693451976753,0.010382493384111513,0.004416359345468663,0.01574006980789227,0.008953272695785927,0.003237217248856723,0.0174640086918389,0.005689520959263746,0.004684598514280878,0.01808115217163868
