Feature,imbalance_prices - Long_t+15min,imbalance_prices - Short_t+15min,imbalance_volumes - value_t+15min,imbalance_prices - Long_t+30min,imbalance_prices - Short_t+30min,imbalance_volumes - value_t+30min,imbalance_prices - Long_t+45min,imbalance_prices - Short_t+45min,imbalance_volumes - value_t+45min,imbalance_prices - Long_t+60min,imbalance_prices - Short_t+60min,imbalance_volumes - value_t+60min,imbalance_prices - Long_t+75min,imbalance_prices - Short_t+75min,imbalance_volumes - value_t+75min
hour,0.002069237307921867,0.002176389292071235,0.004628168451174133,0.0012503224861029594,0.0011013676100287738,0.006734547369388679,0.001321483394724055,0.00221134877083216,0.0032365186845563585,0.004375913683216822,0.003135739587328317,0.002321426225423238,0.0049278024976861165,0.000912497231419593,0.004562002831484278
dayofweek,0.005633277965108391,0.009984155631391331,0.0048468884422018165,0.009709456573240459,0.0075673995115794245,0.0037481073195406223,0.01016013269382529,0.007906938685162459,0.005041855939474772,0.009836560456780717,0.010435933035740164,0.005163806257024589,0.010960754134343005,0.008942292871302925,0.0073934948329551844
dayofweek_sin,0.0024789065691029465,0.002403127990156918,0.010098346779898747,0.0024392423817198505,0.002690983982027319,0.0038349308946271777,0.0026951554152272765,0.0023243196852810685,0.003077345694204837,0.005868044703882106,0.0029040539202179615,0.002929741327571719,0.0033550876781864645,0.006356960246824201,0.00674664163191909
dayofweek_cos,0.0054494633242720735,0.004679644307601848,0.007983538790038438,0.00502326304766757,0.006810417380870603,0.006420841881236193,0.007307517217064742,0.005556840711455152,0.005048545588910202,0.007336699892999604,0.005585231110686436,0.004691399074593392,0.004352742322298582,0.008031920169247314,0.004941009446050316
day_of_year,0.006279421418681522,0.006618246632069258,0.01442829896985495,0.007020109821288315,0.003964559925845606,0.009507854913928896,0.005316740431988365,0.003524012464226871,0.008724164560051578,0.0007302461742163757,0.004893433828226989,0.00954678900395811,0.0013056499865022034,0.004297242944251593,0.009282059033069799
is_holiday,0.0012145465634075662,0.00038843979795342423,0.0014560381841338312,0.0005319364981478998,0.0002982418815101937,0.0012471814595842261,0.0005500564933138889,0.0005653674469873522,0.0010737246978387701,0.001057716707752661,0.0008606281612643442,0.0011736413368482771,0.0008443298242478363,0.0007946870957771352,0.0015388897936900322
generation_import - Generation - Hydro Water Reservoir,0.0018666578543046627,0.0029874808686799954,0.04490644110040739,0.0031902988868405375,0.0010624901942308043,0.03765378608228639,0.002514374220377249,0.002241769829015084,0.0311189956410235,0.001424159114568056,0.0036730348682008297,0.027076830483512823,0.004852756225322424,0.003950626556426187,0.02956821229017805
generation_import - Import - SI,0.003932429973094258,0.005266390953955124,0.013101735539996297,0.00220006716565058,0.003936979373161193,0.007079442858746916,0.002822821578825824,0.0011576676567055983,0.007868156697019003,0.003536982161414926,0.004173079063628393,0.010639041250746231,0.002175706283393083,0.00183302394850989,0.006628077126083554
import - HU,0.006135038356933365,0.0026357417766466823,0.014199049175580512,0.0010742702017677744,0.004795550433318568,0.00862844051637512,0.0045409819886335755,0.003999735642231826,0.011329506771624438,0.007431693685750361,0.0038795093992532656,0.007171344268790562,0.005145906518648189,0.0032310418135948565,0.006365027147090587
intraday_wind_and_solar_forecast - Wind Onshore,0.013772046236103052,0.00957139837280556,0.03660286899306811,0.00915855981923869,0.0075204176439674485,0.03357537210881128,0.004221261279498322,0.008470530054278242,0.02962081404039054,0.010654030874287856,0.00513417182797275,0.0286218021690147,0.00356692100469445,0.005478774568138306,0.020807864651753334
generation_import - Import - HU,0.0015830937033147166,0.0015378566725200926,0.01349755759575055,0.00449056165136335,0.0012752341345476453,0.008571403177004867,0.0011549303280917228,0.0018915567819667559,0.007776661410811357,0.0016565412260663949,0.004551721408992307,0.012091440076361324,0.0037578586910540254,0.001144741525691643,0.012435283836937743
generation - Other renewable - Actual Aggregated,0.000672829362898483,0.0007314106586118214,0.0018426201724332713,0.0003222794723815241,0.0004935949570747198,0.0018880309348396622,0.0004862624535917348,0.00031332294056437605,0.0012278917918824846,0.0005185619415042311,0.0011934769156287076,0.001141639673303871,0.0007582572737675264,0.0009096012953433502,0.0012118248384522304
activated_balancing_energy_prices - Price,0.013139988967603131,0.011956805964233354,0.008079787386865064,0.010367744268791284,0.011625516767482623,0.007213276503820453,0.009678965313032677,0.009785122720175423,0.004357361112357467,0.006804956539446721,0.007530042333230739,0.006730593764150399,0.005935670271734125,0.006428320180337323,0.004682675074005601
generation - Hydro Pumped Storage - Actual Consumption,0.0007723021073746282,0.001020871169442046,0.005695444876560941,0.0005279191064920496,0.0010579354259231196,0.0020690304483596263,0.0014128065214026719,0.0035505721527151765,0.0029532455396838486,0.0006257503334984449,0.001153434238686714,0.004633347878465429,0.0007391929117359268,0.0017321586759944693,0.0014621273007542185
generation - Hydro Run-of-river and poundage - Actual Aggregated,0.0018526094974645275,0.0024259296817235737,0.017827064528770278,0.002692154057063817,0.0019344858769891288,0.015395668367087638,0.002071380902661531,0.003735205565837532,0.009409934547104058,0.0051149287588222025,0.002534067943070113,0.012489072130811109,0.003895209533596926,0.0018350999175517017,0.014901464919617866
wind_and_solar_forecast - Solar,0.006780240971886087,0.008896993416924943,0.02248805348010501,0.009571535878334543,0.009634505703077594,0.018988192415641605,0.0033247349248708815,0.004906082914581475,0.017945440756506288,0.004688835834765996,0.0029605735376935626,0.025620451479931944,0.003966932392253511,0.0024547995894954513,0.012729150370574644
generation_import - Generation - Hydro Run-of-river and poundage,0.004308556573781516,0.003098483580241009,0.006457141557577415,0.002651520035363319,0.0016946597011352651,0.0052443416348905885,0.0016573384410712606,0.0016408162468560476,0.007085452981933486,0.0020413384579687772,0.003142905087349391,0.0034768785815940647,0.002612148604601316,0.0015287543487393122,0.0042406704265764575
generation_import - Generation - Solar,0.018916460175554674,0.01926027024288487,0.03847268742322922,0.016705189107036857,0.014239223252290685,0.02777799439849332,0.013047289204071149,0.013890592425617796,0.02537303511123173,0.006264188093521852,0.008305194001270139,0.01749535958621709,0.0023362351307923746,0.007889392328972462,0.018625072213821113
100m_wind_speed_mean,0.0018521125573397511,0.001434213419858679,0.002016389445459936,0.0017617686247203893,0.0016630212725667662,0.0023652309760054777,0.001667978524152886,0.0008667551905709843,0.0018692989694536664,0.00200487875242834,0.001309486114146779,0.0019133050600039496,0.0008949983693760259,0.0012155884487337972,0.005339139694933692
generation - Fossil Gas - Actual Aggregated,0.0022746875703855947,0.005343321620093775,0.0035686124174053474,0.002409127017877836,0.003167496237958403,0.003194184448751912,0.004066154254499679,0.00453589626374378,0.002497933493239003,0.00275196799266093,0.003114645120966998,0.0023733557662653764,0.0027563443162569,0.0017469072356941524,0.0018921475513598125
import - sum,0.002958679894640646,0.0029560760377443105,0.016825453180885235,0.0011715248104742387,0.0019227615461522873,0.012268009683496985,0.0009965211822845958,0.0013249923848077856,0.00977625772904139,0.0015957394076756373,0.003749512457890887,0.009272800702630774,0.0022567777538124575,0.004514790033033933,0.00879934449339271
generation - Waste - Actual Aggregated,0.0026304733712167946,0.0021313568925070284,0.002039093288074582,0.0039575528901259534,0.004702722947604343,0.0022784273879224203,0.0024733495209417243,0.0031757642699521966,0.003187083895474643,0.002950962769175021,0.005397835569892777,0.0036744029236033386,0.005065857180618196,0.00387489360177824,0.002079107430883596
generation_import - Import - sum,0.0012639288540471512,0.003657188713334108,0.016853066528412456,0.0028345578343825792,0.0027762910157107397,0.013577731593082717,0.003160992326730593,0.0010458244875858327,0.01264620826504688,0.0025310602842837397,0.0015558337079969533,0.01416090266629908,0.0012902769495231042,0.0011441695981061458,0.010335185365926008
10m_wind_speed_mean,0.0013348382594551822,0.000931576791392672,0.00746439108962295,0.0012604516414500325,0.0016596521964338535,0.006633016489162401,0.0009124486234017013,0.0009215958957393013,0.006748604789547244,0.0017667468944239316,0.003098294434862055,0.006582306394324405,0.0008077905742188704,0.0017056964889593474,0.005800116609704446
generation_import - Generation - Fossil Hard coal,0.0028519695289560333,0.0018433989484565529,0.0073019953791153966,0.0042990693328755466,0.0030816259934512116,0.010270542979124003,0.0014189119933195116,0.005837154225257109,0.01006298587785568,0.002491061288727906,0.002430974830152991,0.009106307180154545,0.0018197201779203169,0.0019043137719672813,0.007032095379436214
import - SI,0.0035775526246497975,0.005881699505654979,0.020594199792656583,0.0036552480548562014,0.0030773674972206207,0.013436494789333665,0.0025561430821553588,0.0043084501100873925,0.016014756499120267,0.003092827311753581,0.004772138061136502,0.015055910696915817,0.0038820060471553004,0.004056187862007391,0.00891059742270454
generation_import - Generation - Fossil Gas,0.0012740896240302391,0.0016681288636509635,0.0058227131883468244,0.0011440081096438916,0.0023610030845575237,0.005961484103456314,0.0016006498334284061,0.002004760768189044,0.005702019818871122,0.002636271199920884,0.0026969281761430467,0.003907133755481482,0.0026287874637928327,0.0016169871714973852,0.00297929034768822
generation_import - Import - RS,0.005395342449157397,0.005192080104337947,0.0065559195804867154,0.002717176954402021,0.0037117485507719723,0.0029474731666996375,0.003836003265308591,0.0014589771399969322,0.0022556979204273377,0.0010786113753923133,0.0010868248799938555,0.0033238028766354546,0.0011537204462765658,0.001117160871358351,0.004180920378646078
generation_import - Generation - Wind Onshore,0.029366414449410513,0.029028601056333172,0.1733229951551184,0.023142201092454344,0.023606937143009418,0.14222266565356403,0.017412856674813158,0.016535050615668297,0.12326671576756053,0.01755100461388065,0.012539985108705878,0.10945527973794378,0.013368361653359898,0.01444739322821988,0.09911977717920673
generation_forecast - Scheduled Aggregated,0.002499063097209728,0.003976088820594669,0.013629050498126162,0.00208075733390001,0.0030226674856853606,0.010410040550399572,0.0013750881787227627,0.003026306366838071,0.005966884453320745,0.005240678438258328,0.004113187918626408,0.0098812305622576,0.004371149303053471,0.006111035070676735,0.008812059736639639
generation - Fossil Oil - Actual Aggregated,0.00020822303261763863,0.00043763485554154614,0.0030479227828327567,0.0009920023513841443,0.0005933896349843053,0.002153948310180567,0.0007841206286975648,0.00039269825580743147,0.0022192763382336126,0.00042465484062768156,0.00022444005885563457,0.0008711318661462429,0.00020555395744943893,0.0006084551673257011,0.0006581575488080488
load - Actual Load,0.02007617183370894,0.020126669653735007,0.05590296453243354,0.014681828215761925,0.017350176741325413,0.04644159454421606,0.01702483519564703,0.011229416990172467,0.03895588827168103,0.01158530050151603,0.010122193966257327,0.03641376621532254,0.010272769244133088,0.008222157456504647,0.03291358877168386
generation_import - Generation - Biomass,0.0008679186574759115,0.0012086991967544237,0.00745375474777029,0.0010315597016406172,0.000985772000703946,0.004145732106495416,0.0011541713612039076,0.001580464142830806,0.005768157281322601,0.0016365615704075935,0.0010550106708296881,0.004921844303010076,0.0008880023096770344,0.0012024375672071983,0.007239283636843993
100m_wind_speed_std,0.001475440520277175,0.000776783312758198,0.013231056967517361,0.0014142507921184801,0.0009009963070498088,0.013453645884619619,0.0021497169113590645,0.0012410706306562247,0.011721043943100085,0.0008058207032453879,0.0011511633117561358,0.011109450806805398,0.0010194283316172913,0.0016852696166370152,0.009376494762084917
generation_forecast - Scheduled Consumption,0.001609965994279264,0.0030021592501434497,0.004724959571161889,0.0013666410071473366,0.0022572293635494136,0.004235773145743224,0.0015598865166357428,0.0014467532261517135,0.0030072854956054583,0.002453264504147228,0.0016179598906437605,0.0028817599752619574,0.000917326956953275,0.000560475074761257,0.001963395888008108
10m_wind_speed_std,0.002077605950042198,0.00616463996488892,0.003626007759324793,0.0037531011019927975,0.00483426437133221,0.004721869098859315,0.0021401847240579597,0.0030962671910056087,0.0039834844687284205,0.006313735298896063,0.0028433525746677335,0.0033638580437263103,0.0009846019441015414,0.0045069850462077735,0.0027281467194225115
generation - Wind Onshore - Actual Aggregated,0.019621850491588703,0.020133697614437552,0.15444686377700417,0.01857344400936563,0.017884709318735988,0.1307106287656352,0.01606396552168917,0.014438660711210105,0.11405256204586477,0.014739253658641246,0.01064825705280964,0.10524702236056328,0.012866182050371208,0.015794007604708896,0.09193803218589164
generation_import - Generation - Other renewable,0.0009745624000101998,0.0005230505889956021,0.0013301362476272516,0.0009692941539142339,0.0010192058410921163,0.0014852210698854834,0.0006576236120994423,0.00119384134928805,0.0008579364225379323,0.001024072612294276,0.0021251206680899487,0.0011179434529999526,0.0010391598644282566,0.001223161742564116,0.0012519245754979238
generation_import - Import - BA,0.007596319884956756,0.006872231386252679,0.017292608132614986,0.005313781318051042,0.004675209223489219,0.010457598928886,0.004079656194975542,0.004125300749707094,0.008501749113062033,0.008804779552068794,0.003258243206473594,0.009061098171921913,0.0021378262094965523,0.00788824673471845,0.013567391656833934
load_forecast - Forecasted Load,0.001376836502758124,0.0015622722422122023,0.023209796960683888,0.0022547709811624374,0.0017565155423135365,0.018810875785857207,0.0011647832392050078,0.0010766238315518422,0.015676209365949035,0.005236901549966206,0.004891317182398779,0.014697243962800713,0.0013851085714068176,0.004658159875183628,0.017616566048163803
generation - Solar - Actual Aggregated,0.007149809912389174,0.01818425673711681,0.02990806403397437,0.006116623035142766,0.008110442294106178,0.026079517634403603,0.012341256054671249,0.0015118835901330385,0.021890227672240144,0.0025262985367335206,0.0035297531448322842,0.014354702501288556,0.006468436930314056,0.00837102747003155,0.012925114484940423
temperature_mean_celsius,0.001713616488404341,0.0015269441755958724,0.0070871089202082654,0.002195067090012344,0.0014474326442489769,0.004937789193995741,0.0046508240112270866,0.0014477048093444864,0.007177169579488691,0.0017282461714997908,0.002956289621793985,0.010200959204776155,0.0018010703728837142,0.0016206633744459396,0.006324538468700666
generation - Geothermal - Actual Aggregated,0.00569269045535475,0.0051001509539783,0.0044956095116504,0.0031883539288537575,0.008152833349071444,0.002958671759271965,0.0049303912760224194,0.005038046971429139,0.003243098352229026,0.0037335498104803266,0.0013150596270531877,0.001807906551374799,0.004817858682479709,0.005019536341540515,0.0015891753138603235
generation - Hydro Pumped Storage - Actual Aggregated,0.005111221842351369,0.002951887880342838,0.01590390221751295,0.005831026402534917,0.0032813931511045664,0.010299918771139347,0.006249219957651804,0.0012624517735209792,0.009815481614670716,0.005209777672716882,0.0028563204747933924,0.00987108072398405,0.0050104921196762004,0.004319093180791242,0.007663132073823363
generation_import - Generation - Waste,0.0022523653740893225,0.0019010124005772013,0.00271313623063179,0.0009132832040204448,0.004997135977744619,0.0035940987958374537,0.0025510466730565896,0.003002029678275903,0.0021286243441700206,0.0015221244999254395,0.003386856467249004,0.0023411159236837874,0.0036684754109992355,0.0018695780486311833,0.002332946145822916
temperature_std_celsius,0.00327100042219854,0.00433534299173698,0.0041145144557435745,0.0026937851611928635,0.00321447272063142,0.006685556787386303,0.002249985826062357,0.001205126296758408,0.004424862272204336,0.0008394057190479031,0.0012278417042682578,0.004315746697162013,0.0008261580053267607,0.0008917855218668933,0.006627087302516884
intraday_wind_and_solar_forecast - Solar,0.002883642662103739,0.011455976866916899,0.005059393231818831,0.0039804949984791164,0.002621293093937311,0.004768113012405592,0.002856949270244513,0.0038698711054730665,0.01532530074234819,0.0031528844202830444,0.0033096713870108944,0.020411514226201688,0.00572813706897432,0.005479162002275189,0.012248658686628233
generation - Biomass - Actual Aggregated,0.0007774088281339573,0.0009503267279778811,0.005326905610832909,0.0007726053326769034,0.001295201653832919,0.004891696743528883,0.001520457757215297,0.00265196583927991,0.005870864868524222,0.001728995222573758,0.0043408628041561315,0.002421304675584906,0.0023848821342617155,0.0021322068953008966,0.001326800557684029
wind_and_solar_forecast - Wind Onshore,0.0013627640783124661,0.003000402009602112,0.020438319778288132,0.0011719091775669313,0.0010976232421407986,0.018578332861157832,0.0026047179011075058,0.001113483206374326,0.024315768445143476,0.001960725130497167,0.0017256072903483073,0.022452299336633588,0.0008022282984122739,0.006314517004972003,0.016137146295477578
ssrd_mean_j_m2,0.005751814221784116,0.0047090369397792525,0.017927745164357474,0.005500344311119988,0.004772972150321493,0.018463369906981823,0.0009922844142621443,0.0012427823611801613,0.02108471787493181,0.001971388306359586,0.0014628098116008913,0.01890740300764446,0.0014454543081415068,0.004032944550977845,0.017033987937582425
generation_import - Generation - Fossil Oil,0.0005359819700312869,0.0002752141060722124,0.002096027682924614,0.00027629048926223733,0.0003814026883878796,0.002125299334897136,0.0002596931666997193,0.00020288701736183157,0.001372840628152062,0.0001911723948520603,0.0003263466410242728,0.0008514332750480662,0.00030360039273818985,0.0003942860392810417,0.001723592007838306
generation - Hydro Water Reservoir - Actual Aggregated,0.008503455516004578,0.009352967810633345,0.04400137963658199,0.004765538239771558,0.006660045765199357,0.03723507077172689,0.007242940322495997,0.006037093136770636,0.032905780487228184,0.007430289473606536,0.0045713895883291115,0.029116519415809308,0.002522778439570175,0.009024540648562378,0.02663203904416878
generation - Fossil Hard coal - Actual Aggregated,0.004793873423761397,0.00501251275499817,0.009104599190308362,0.0032963457716277842,0.004044375640281941,0.009491949751300695,0.006012191261761473,0.005041359261442267,0.0030653418001093087,0.0051317625621886695,0.003478709074188373,0.0030556984090981134,0.005070421805314254,0.0013284708724222583,0.006086164530160204
generation_import - Generation - Hydro Pumped Storage,0.0006365805472923967,0.002077565948289703,0.008079540408216417,0.0011228123854125443,0.0009762331662905126,0.0024736369075053517,0.0016505942510029853,0.0007186162101813807,0.002099433139370376,0.0005237221837155915,0.0006966246692354616,0.004239979866339127,0.0008078304630721504,0.000868413837065873,0.004679910050821491
ssrd_std_j_m2,0.0010186026795028055,0.006281851478825047,0.006945357980277549,0.001644170149558704,0.0010686005743336864,0.010835230276366929,0.0009687224337018279,0.0012126570042642016,0.00996924875624245,0.001851319086296826,0.0015439262708741809,0.0072515964076446835,0.00092841457685563,0.0010163984567111584,0.0062847171780367715
intraday_wind_and_solar_forecast - Wind Onshore_t-150min,0.006638722934818361,0.005919806173253164,0.023446954852872296,0.0028313463319386755,0.0011064058861597914,0.011457561112678377,0.002078735875478742,0.0021585740341638483,0.014781350956269307,0.0015749231940644676,0.001944798518979951,0.011098994714055153,0.001348511145415614,0.0013884134738809735,0.013545636532264324
wind_and_solar_forecast - Solar_t-150min,0.008357658936995903,0.008679663579288899,0.007210728358404595,0.010091240934416419,0.005323971577068846,0.008825999865472113,0.005126478451626099,0.004875592598230469,0.009082604390911,0.0029417528518542895,0.002272416176893863,0.0057304875222216655,0.00214007688338188,0.0036082249747528294,0.007300374990036289
100m_wind_speed_mean_t-150min,0.0013443848066744977,0.001421484731102737,0.006114996422788409,0.0013643087469324656,0.00169063960645326,0.0045810787748487205,0.0011211198080736723,0.0017808010791004563,0.005843810257685618,0.0014534924875833895,0.002592311532122494,0.0062080693502284704,0.0010139557540605893,0.001224585213602495,0.003587446034727691
10m_wind_speed_mean_t-150min,0.0027785558725472582,0.0011565480407625729,0.00680711378912838,0.002030456720691291,0.0021980043578805637,0.0062756263340907024,0.0012363530473008951,0.0017363349933766585,0.006100948338044873,0.00128579383680335,0.001122971727859749,0.0066624220377523215,0.001432762532856941,0.0014879853008806095,0.006372817786337691
100m_wind_speed_std_t-150min,0.0014425913052184569,0.001269085992556711,0.0016777573499657593,0.0015001488099803738,0.003266897900331969,0.0016491375287462234,0.0009251599269075541,0.0012532708444459785,0.002106712009241164,0.0014411459390485106,0.0012558771550084202,0.0018612343636548302,0.0008097530401610129,0.0006674018948478988,0.00172304032390457
10m_wind_speed_std_t-150min,0.0011228854441471868,0.0011079331810624354,0.005597594281476631,0.0016300248173276941,0.0010012784504255024,0.004777935478402469,0.0024761161565565997,0.0035269202604208657,0.0056241647132847,0.0017084690664687515,0.0033745527245491757,0.0033570867265364087,0.0007957444934972955,0.002163568513309656,0.002525133992838164
intraday_wind_and_solar_forecast - Solar_t-150min,0.01201554386883072,0.0020444732479867867,0.021490173821221106,0.0020684780370187356,0.003379181375418966,0.01550567606650293,0.005474156085401773,0.003136277881575779,0.005494975579062157,0.0027022364191865334,0.005739203929395444,0.016279216098977485,0.003902798441750747,0.007421343059922037,0.018325634847511537
wind_and_solar_forecast - Wind Onshore_t-150min,0.002996337289350322,0.0015586966008170294,0.014141007651327527,0.0028681645177630346,0.0028706570996664595,0.01345718241108989,0.0012582264441289225,0.003985964527506439,0.010018317177018616,0.001828469469819538,0.0049271951173068375,0.010925689133939159,0.0011716513819687861,0.0030195981418878544,0.002758558457004483
ssrd_mean_j_m2_t-150min,0.0014713239848720434,0.0026409443682587153,0.0030930419198011805,0.002058196467049129,0.0019970303145810248,0.0023496513055733886,0.001026485674905871,0.002312893579200022,0.002424342995611369,0.002982309211889515,0.0020716669014327637,0.002133336345038515,0.0023522738798765204,0.004760557496654655,0.0033681333049707975
ssrd_std_j_m2_t-150min,0.00166587064229725,0.0030766803135593365,0.0031500003647419133,0.0028249740988539997,0.004764410399256576,0.0035461658364547475,0.003102295424028398,0.001665915584161496,0.0024306258971232638,0.003973033429545012,0.0037908747500514438,0.0019263475964603459,0.0010241186068856223,0.0019484061037928768,0.0038500068011817347
intraday_wind_and_solar_forecast - Wind Onshore_t-135min,0.002817192196337146,0.001168068832341305,0.0134862573190876,0.0015057431174081727,0.0035250257209563643,0.014851924306654838,0.004314670796871724,0.0016382450647150506,0.009187534580225474,0.005596300884699304,0.0024775568086795375,0.009787489623122383,0.0016641970055261482,0.002446232582466877,0.011350124475193298
wind_and_solar_forecast - Solar_t-135min,0.004845771359759965,0.006004517796551227,0.017134076172253116,0.0017039610771305363,0.004288704221162334,0.01739648003556067,0.0015244422511896118,0.004049293229198156,0.007147317731301882,0.005554263060894755,0.0022118465166805663,0.010236795391345367,0.004295669875050862,0.0031272870830107422,0.008839778995381494
100m_wind_speed_mean_t-135min,0.0035370963612131163,0.006479407145028745,0.00435007917234725,0.0022375340570597473,0.0032812525343470043,0.003426932937365564,0.004972693725732825,0.004257912808623359,0.0049727708857776635,0.004132998363797469,0.005411947916058125,0.004640227189132929,0.0037309247914045045,0.0037332971096129767,0.0025463675047740254
10m_wind_speed_mean_t-135min,0.002151327732605864,0.002882069599892361,0.003972015173395675,0.0015470735359274386,0.0009295764135304125,0.004024424116754744,0.0015159166975217886,0.0010918205530641386,0.0024808375820821313,0.003319676214196079,0.001016496068225024,0.006328792586593408,0.0017102137659894651,0.0009245312189787,0.0023541473733484962
100m_wind_speed_std_t-135min,0.0019665601385386255,0.0016715557594857273,0.0020078070486572413,0.003348027897848624,0.003999555557176791,0.0023880239300142422,0.002448536744424928,0.004643988014443494,0.0020565440586140654,0.0009433946235685084,0.0022866235581786897,0.0018536102136983458,0.0016372230144406786,0.001322975282666448,0.0025864998133911287
10m_wind_speed_std_t-135min,0.003525871358150862,0.0042679892628530065,0.00881113708034718,0.005281446564520593,0.003495907006013567,0.006224981349893482,0.0022315796541988674,0.006540817390911343,0.00632169195991446,0.005146402608273092,0.001829930726094659,0.007474126339416216,0.003686921671525397,0.001985422442739946,0.005359248213075261
intraday_wind_and_solar_forecast - Solar_t-135min,0.010796845814023981,0.015778258051490412,0.008344322556752104,0.014586969820251398,0.006079214305929782,0.006862290993007264,0.010776778650222696,0.008037378740813438,0.005389060751213037,0.017625276084290816,0.011614975299540675,0.005225534939978388,0.013724940559804964,0.013588649663230172,0.004309699793568143
wind_and_solar_forecast - Wind Onshore_t-135min,0.0019451726130728275,0.001147142773858377,0.00609340715466351,0.002330934687752233,0.002024544523235818,0.004298653500958607,0.0026075985269021656,0.0024638387802115177,0.003724673182310653,0.0028973307632149956,0.0018961677065362891,0.003695166497350556,0.0014747497694438606,0.002265731256527488,0.003649729398761565
ssrd_mean_j_m2_t-135min,0.004348294898062704,0.005759413956535354,0.005145972882851765,0.003015461233613678,0.004010243488424749,0.006706255745368253,0.003198279018047742,0.0039040949117998026,0.008060392240098736,0.005618597251574101,0.003519439080115262,0.007277812310065201,0.002242310917584291,0.006230336120868742,0.0024360896288853837
ssrd_std_j_m2_t-135min,0.0012465241494753628,0.0013683689130421044,0.0035195634793089995,0.000765421317904611,0.0016037731125403524,0.0035632985305092007,0.0017094413225022436,0.0016359931050674277,0.00740496880297178,0.0008415018492546551,0.0025713234832528543,0.004490893117348605,0.001307092543921499,0.0011993039880744617,0.0037652193012390855
intraday_wind_and_solar_forecast - Wind Onshore_t-120min,0.0026006866853849715,0.004106056642864132,0.011879638472528313,0.003374394814885818,0.003900701509717692,0.008589183533040341,0.003203292313603015,0.006296109015231195,0.004153179233289847,0.0033250155431524034,0.005751630891288187,0.003969983623581925,0.008313126476159595,0.003419994278847298,0.0036286326205465682
wind_and_solar_forecast - Solar_t-120min,0.005683936945812092,0.0052996182220770155,0.004118880055962108,0.005965895986727446,0.009681970144760271,0.004629372010585939,0.006421589365456384,0.016296806917023787,0.005473866637752508,0.002029486134275771,0.0069982053043723905,0.004081843935646248,0.0035270474820317758,0.004928525128583714,0.005469966108583322
100m_wind_speed_mean_t-120min,0.0011176151831969036,0.0017778975220489883,0.003751022960021146,0.001368469626497472,0.0009346564844830709,0.0014328754807975202,0.0010559155436449146,0.0009406550730434447,0.0030346741526200275,0.0010181426287415433,0.0015918100655744638,0.0025191826051795944,0.0014410605247571766,0.0008354506117291293,0.0013181707073626966
10m_wind_speed_mean_t-120min,0.001991519852002284,0.003909823045631924,0.004601073619149247,0.0030492835172535706,0.00132225288988775,0.002779025391572759,0.0031131553485911354,0.0029584533778406696,0.0032856165915836756,0.0036536999403215305,0.0019161801313239265,0.0031490988915847994,0.004079141503036226,0.003204130892137755,0.0027252186748519306
100m_wind_speed_std_t-120min,0.0008563409148264327,0.001385529237105402,0.002720137106214679,0.001186038657622703,0.0007234809044482233,0.0029420742559132123,0.002331610289098535,0.0019427965564173064,0.004007107421341061,0.0022341852199701862,0.0017698244060225079,0.0013276522006303822,0.001637438506388662,0.001007316206143969,0.0012899663207903132
10m_wind_speed_std_t-120min,0.0015128811730853614,0.0025190681108815624,0.0018946448998485722,0.0010771217501023783,0.00092673412176282,0.001997388191232744,0.0011403250813881414,0.001822472887975664,0.004669575669262031,0.0022943832111795926,0.002109778799550213,0.0053192499137035155,0.0016194313618025263,0.0012523470586112352,0.004900755851457603
intraday_wind_and_solar_forecast - Solar_t-120min,0.0038511894753228263,0.004928432393788626,0.01735805263459042,0.0016454900210037522,0.0012775837620322362,0.0045030480373261525,0.0016738333675550621,0.0024722102840828483,0.00588722114731354,0.001989957020828115,0.0017455183621982542,0.007075407192329294,0.0030129137554940825,0.0075666753330951905,0.00859364337468287
wind_and_solar_forecast - Wind Onshore_t-120min,0.0018803036416575197,0.005183841343609373,0.018072947017310072,0.005163677384945913,0.0023013383540101133,0.01199274076956135,0.0022872221693160098,0.001117493513662339,0.00861449345535948,0.003639851897742119,0.0014887374428562907,0.0055211059164867035,0.001461201185368509,0.0016747511920420948,0.004490517972091766
ssrd_mean_j_m2_t-120min,0.007690463342121802,0.006151941421660013,0.004040909232159379,0.0063310571383982505,0.005602697836328843,0.005591802381815796,0.00603389427185175,0.004784708668135863,0.009687107474121149,0.005178798442546395,0.005031918596785544,0.006529459515797498,0.005799283902947536,0.0033574328436807264,0.0051552163315145665
ssrd_std_j_m2_t-120min,0.0013114110635083307,0.003910758652921004,0.010199469007886364,0.0017261675015470246,0.0019187159883485947,0.009519452113250736,0.003985504317304731,0.002437073737339233,0.009049043732084101,0.004618624656199245,0.004218555998566444,0.0062586944317781674,0.0020792758193092595,0.0008989645273825318,0.002935163363159518
intraday_wind_and_solar_forecast - Wind Onshore_t-105min,0.0020562470096519973,0.0018496946279674376,0.0034602949245663693,0.0013426812825732667,0.002635371036626566,0.005288205044384086,0.0015863423451796734,0.0009825053496060718,0.005908258835777815,0.003328035206443019,0.003970547523947914,0.004196719764131558,0.0019977677894439695,0.0014746847260823203,0.002786748667717802
wind_and_solar_forecast - Solar_t-105min,0.0022197991444031684,0.004481533780466634,0.009158422689422878,0.0024335974499769576,0.008575334068415031,0.008320989578029184,0.007698590157672698,0.00966929601310403,0.01928485928135342,0.005441632843474508,0.00845126774199889,0.01833516903257987,0.002774433680265247,0.007459433247334345,0.014377859501735656
100m_wind_speed_mean_t-105min,0.002778338575973521,0.0018072700118759713,0.0083296128579168,0.001799651940255444,0.0020085411028094315,0.005143093526668963,0.0021004937563525346,0.0009783597691839531,0.006593078402842366,0.0015510243355415696,0.0012482721482174385,0.006430190362232679,0.0033858004702188396,0.0014611856772789905,0.0064123039596343
10m_wind_speed_mean_t-105min,0.003333624125147253,0.0019909230835473864,0.004801111834996391,0.0012380087026704133,0.0018712880600721747,0.0022849303359726036,0.0023406271138592272,0.001722673524318452,0.002514922585822205,0.0011823000766927763,0.0012912373759481851,0.0020206011247973945,0.0012883432809830992,0.0020935326409430672,0.002248129988760411
100m_wind_speed_std_t-105min,0.0016407668060894594,0.0019885164490438,0.005489356139223673,0.0007831634321349839,0.0017957093888662711,0.004005514957343621,0.0017495261803051108,0.0013592911481565579,0.003636867947078258,0.00220377031737371,0.0014520741026456108,0.004605021848314209,0.001299562000082176,0.0009733540555998843,0.0037586037371088424
10m_wind_speed_std_t-105min,0.0026081945697860646,0.0013254675456710174,0.005401143485527427,0.0008200058361812807,0.0015571180729511411,0.004540512134458368,0.0016487602887800675,0.001337392473998989,0.0026246870388599744,0.0008941527815095469,0.0012671676759928232,0.0032166875212515152,0.0023405452389251877,0.0013916838519080557,0.00560194764622338
intraday_wind_and_solar_forecast - Solar_t-105min,0.013740878805245303,0.0059593937745412405,0.007066442651043417,0.010843706580984871,0.006566820532847487,0.009289157576891739,0.010257512542098994,0.004383670515027916,0.017085753831542205,0.009655779132193856,0.008033495527990453,0.011968773099561077,0.007105984839712619,0.006154129790345905,0.011562146973185009
wind_and_solar_forecast - Wind Onshore_t-105min,0.00342068453356751,0.003313694271099848,0.00819304450058553,0.0026293059120719134,0.0036970748094017837,0.0030144350786576977,0.0022702197060272484,0.0019604005185626648,0.0037524490439334386,0.0028160606643689336,0.002028907631862694,0.0031933373676711198,0.0008652554030040846,0.0015700109835756848,0.007692552263877587
ssrd_mean_j_m2_t-105min,0.008190744078747229,0.010533546576381923,0.007909281545482713,0.008232647084718337,0.006386048981697968,0.0065903811367120394,0.004645166621225144,0.0060214488082929165,0.008045780387648848,0.005852467804295884,0.002739211232319576,0.008015697883067333,0.004326719121047063,0.003512091148631953,0.008848802156251622
ssrd_std_j_m2_t-105min,0.0010407879929939553,0.0012262468206959056,0.0030713597215739127,0.0022566790555956684,0.001070354214996314,0.0018618880225168652,0.001322441241451088,0.0012453323490317417,0.0035579724395469726,0.001525827958170339,0.0013953736190569542,0.002655264801383055,0.0026473060693679145,0.0009475729515925196,0.0015299883742782186
intraday_wind_and_solar_forecast - Wind Onshore_t-90min,0.002254475470796024,0.001100793593397924,0.004240791293632811,0.0009584938432038825,0.0011328864882202653,0.0030653331393623376,0.0028681938915233332,0.0014397371011764335,0.0025129435207072674,0.001670524790057243,0.0024369473314681043,0.005571537924318364,0.002456242147325611,0.0037832688434323246,0.0031137662497349086
wind_and_solar_forecast - Solar_t-90min,0.008501572957142343,0.002441077319215168,0.01013843906465263,0.006053971934816218,0.0020892439608278437,0.0036498665498620538,0.004594953981789331,0.0026021098385544976,0.0046469282027173904,0.0030090185605031365,0.0047943328027577085,0.010001443861157895,0.006612756712071132,0.007989148934109834,0.02024206750476151
100m_wind_speed_mean_t-90min,0.0014357972354868025,0.002436688083694207,0.0073637546379904965,0.0019442496256226606,0.00405172703801145,0.0033394227425887946,0.0010985565878710304,0.0016512706855628494,0.00451884221850014,0.005179616658113445,0.0020895212785488866,0.0048718281669571295,0.004670211961531095,0.0024433568344165908,0.006275164850030705
10m_wind_speed_mean_t-90min,0.002286428895857398,0.0016162523108378083,0.003076166283298335,0.0010137530671089508,0.002149613802039312,0.002800039864410792,0.0006002651385078934,0.0021197912142924906,0.0030427957095234886,0.0011547689575074854,0.0012832463642175754,0.0015886091511827089,0.001215411056544326,0.0030443792162350293,0.0020880351948817408
100m_wind_speed_std_t-90min,0.002299501086713178,0.0013082515906919525,0.002085365231905598,0.0028504009210408867,0.0012486756184753177,0.0020652991106092033,0.0012293628530313755,0.0023290724391127745,0.001990323392593837,0.0009286346815746356,0.0031718715763199724,0.0016619853302399861,0.0015765257875914357,0.0011456164243772945,0.0020878345378852145
10m_wind_speed_std_t-90min,0.0011096908022950628,0.0020773194845382934,0.009011679752977215,0.0017745320341060733,0.0018721027678925567,0.008035214298175561,0.000844665491298656,0.0032263408139770037,0.0036050274679319044,0.0024040061960558887,0.0022791776220219616,0.0017514196997198326,0.0022431960414050992,0.0011772655962347472,0.005891007021025871
intraday_wind_and_solar_forecast - Solar_t-90min,0.003270528947628918,0.004624599816299451,0.013467618100548862,0.0032371985639965714,0.0028944159352868155,0.022873310216316896,0.0023500990932785156,0.0022503574495131035,0.01532260389716248,0.004509273558523546,0.0020490637788857383,0.01188789796511992,0.003474677269230142,0.004048094076151756,0.010351463742445048
wind_and_solar_forecast - Wind Onshore_t-90min,0.001132791472319468,0.003512158093951257,0.002740857449119858,0.0020472941117754997,0.0028279985035478605,0.004412767651041577,0.0021195465565492667,0.0011610443990101515,0.006649349522311241,0.001719569670119654,0.0016548691882138087,0.005553937648894135,0.0039958802854566785,0.0016965091550860051,0.00672718287567659
ssrd_mean_j_m2_t-90min,0.00585704901292047,0.00801110052234435,0.005917649438046737,0.0059950480628831425,0.005081855771877599,0.006192364967282629,0.006499542549086528,0.0028871025250759887,0.0024332829190962003,0.006643872846500017,0.0029427897201499036,0.002968471274096373,0.004825492090044463,0.0031252666211148607,0.0033446034676308046
ssrd_std_j_m2_t-90min,0.002492779784883169,0.006332000662703649,0.0036466216165827064,0.0011234756979431495,0.0017207346137183776,0.0033746150344159103,0.0007635709626957805,0.0007387118105789341,0.004103548553259315,0.001982507329686996,0.001558620850814009,0.005771442591154482,0.002623929610264895,0.0008769756468755077,0.004267932883827598
intraday_wind_and_solar_forecast - Wind Onshore_t-75min,0.0018371475544481655,0.005475141468215952,0.004659842011726141,0.0016046065283314875,0.0036809796517809443,0.002573954814861736,0.0017452619361429242,0.0014725274222766984,0.003000183480455689,0.0029156585065184116,0.001197661698554839,0.007026010818808572,0.0017549208998735252,0.002996438245581885,0.005219248764275108
wind_and_solar_forecast - Solar_t-75min,0.00384090766087229,0.0014736554436508413,0.016481730856816285,0.0046311387172809195,0.003910911114006694,0.009713668744163812,0.001953571705878858,0.009734044916101994,0.013323121503071888,0.002099953574268284,0.011456038919874118,0.021185028619074727,0.008308380767528434,0.002748719931022606,0.011209879344751244
100m_wind_speed_mean_t-75min,0.0010131216762779332,0.001548603824667225,0.0030520141348442846,0.0011112013208585268,0.0014878869521216984,0.005118117636109559,0.0018429388700702703,0.0012585365495144175,0.0019723716822882126,0.0017264965881040554,0.003197617653479483,0.0016079822040383077,0.0028833254364017194,0.003448743062338508,0.001233375116046318
10m_wind_speed_mean_t-75min,0.0013337815524355392,0.0018510700841870857,0.0038374349990881454,0.0015799696950161888,0.0009884431432276414,0.005288518263901096,0.0018933842518217717,0.0012928325756274717,0.003885111975869222,0.0040333639544478505,0.0009469608797345472,0.004277220601888985,0.0015960534198347887,0.001312645916312249,0.0015863699182023083
100m_wind_speed_std_t-75min,0.0019148324197353758,0.001271767924427877,0.003049471223821456,0.001885882959386663,0.0016609132029666398,0.0031720704198942257,0.001210914658071033,0.0012763909760049046,0.004120627010232056,0.0029016951973026154,0.0010467415812518083,0.0025797577475013896,0.0012630433671924949,0.0013472665408412467,0.00112816406580896
10m_wind_speed_std_t-75min,0.004428147551028815,0.004747877366286048,0.0023350090128690226,0.0015551553029295065,0.00466810894037917,0.0014205929458346418,0.0044255804108279334,0.00405564614465402,0.0016061651839754632,0.005514670567264602,0.005352732327502963,0.0023005771876123617,0.0018992090380279478,0.0028951697369244585,0.004238137756670767
intraday_wind_and_solar_forecast - Solar_t-75min,0.002566899975820661,0.005751613941556115,0.007083016616481473,0.00202939473052993,0.009169940513595065,0.005027985367152724,0.004924222555318152,0.002348616534316079,0.0070995769694693536,0.003116875593379518,0.0076915864354996305,0.005827060276052741,0.002722795571718734,0.0033680753662811186,0.012759215032550855
wind_and_solar_forecast - Wind Onshore_t-75min,0.001734860948120513,0.004052422966229642,0.017000778014669777,0.002359865815919534,0.003695448895050504,0.010402302762330692,0.002403444162641563,0.0017734654779886796,0.008240746407442202,0.0019543331498382485,0.002559681510190785,0.009631622375840379,0.0014437465590799547,0.0015264139409082418,0.009477072338893777
ssrd_mean_j_m2_t-75min,0.008496204654915346,0.008315931349447055,0.018468462839897257,0.010369932091387455,0.009332737331376847,0.015562590924761026,0.006005559303619521,0.00698979364063598,0.011632259380887262,0.0027570792534243084,0.0055228073260077505,0.009650587997297407,0.003170464396522675,0.0020545080970650817,0.007821066289994632
ssrd_std_j_m2_t-75min,0.0008604899006077176,0.0025373366042040287,0.007843514175414384,0.0021078987189131057,0.0012363476445161723,0.005534836482769606,0.0010150368040663124,0.0014983353829973111,0.006304044621021603,0.0012125236761876294,0.0010657520875378167,0.008951904966415895,0.0022823073065883362,0.0008906241232725734,0.008998057313408936
intraday_wind_and_solar_forecast - Wind Onshore_t-60min,0.00298147564656756,0.0023825163227984376,0.007149282732434585,0.004398225029448441,0.0034547205798971846,0.0036206925107550203,0.003222513901923776,0.003151787245753667,0.0036108005132355174,0.003882382971496554,0.0018007346639064962,0.003162896939433267,0.0035849298132052355,0.004863255529147864,0.0042902860933597825
wind_and_solar_forecast - Solar_t-60min,0.011009301539685112,0.010973597142241488,0.02059065461719001,0.014653416164837835,0.009523085367245585,0.006808863239642619,0.00936130664707889,0.006467866683358807,0.004175357030733721,0.009063084917778724,0.005632962682138896,0.003798452495245783,0.009681233433439048,0.005664504734966613,0.0048568520284752595
100m_wind_speed_mean_t-60min,0.0012287659583566893,0.002807253738505551,0.005508956646637671,0.0009310273113157308,0.0009051460451746607,0.0024379466983300516,0.001691225886203938,0.0027445733866679803,0.0038825002085941377,0.00150964468176835,0.0008888461296132846,0.0030157519264939767,0.0010706148982608282,0.001246686508282437,0.0013203352664645535
10m_wind_speed_mean_t-60min,0.0014117254087168477,0.0013648919206161736,0.002263129301572917,0.001062413598684543,0.0008354359587156068,0.004030829028684821,0.003957284296348917,0.001794909535489296,0.0032380344025532393,0.0021429781244578405,0.00351610201254789,0.002995458075591273,0.002795843341228192,0.001349177865279671,0.0018948193233344454
100m_wind_speed_std_t-60min,0.001017238244843611,0.0020796593099148596,0.006555606028683542,0.0014023956237724632,0.0009355505927226204,0.006759429896439542,0.001140967546787806,0.0008259735400406498,0.0053629048635921205,0.0014704070105854043,0.0014702544784086057,0.0036777960633891096,0.0007829112321497291,0.0009611427873433058,0.003750642189680093
10m_wind_speed_std_t-60min,0.0008854045729717654,0.0037943055533701227,0.002645619304164029,0.0015030468981608465,0.0032272475566566643,0.0020354234450023797,0.002864836640847443,0.0033428885605366362,0.0019379653368632717,0.0009964378624817982,0.0007720724039800189,0.0015933538509343634,0.001964432387406987,0.0011868367488732474,0.0015852108608050911
intraday_wind_and_solar_forecast - Solar_t-60min,0.0054801787634489755,0.00922528369673455,0.004693275345273832,0.002282010368158808,0.010623201322810928,0.006470559314288437,0.010878374012434506,0.011878288912535936,0.004458811009191095,0.009542198498093058,0.006264064078351822,0.011499076750917993,0.011362982799772,0.014779090720744079,0.003735536289034826
wind_and_solar_forecast - Wind Onshore_t-60min,0.0021996275731271807,0.0017310563394844394,0.016329411835722566,0.0012140600554839693,0.0021557018440214507,0.014537311133557523,0.0011498555306829986,0.004446884932069225,0.016883868409495337,0.0013628363182160684,0.0027551504607072276,0.01747637754905736,0.0017891878425708113,0.0018394667774819027,0.014301539787033107
ssrd_mean_j_m2_t-60min,0.0076015961178527505,0.008938633693829615,0.00459746612460549,0.00606505348828523,0.007387207780637254,0.0027547714528964205,0.007739606728382569,0.006019508748911904,0.008498713280543597,0.007698641702372697,0.0074073527762520824,0.007997140452585882,0.006447884711322331,0.006234218504017463,0.0078379124274652
ssrd_std_j_m2_t-60min,0.0015002613042111078,0.0020791634314018667,0.014186805792531232,0.0015520481544631366,0.004200510955910431,0.012163010259711882,0.002407280013738273,0.004790781611540297,0.011413417261981522,0.0025439906592746413,0.0028076556900669515,0.010467122771668074,0.0030519649936250064,0.005110325861172896,0.011636437562628998
intraday_wind_and_solar_forecast - Wind Onshore_t-45min,0.007517834196041804,0.0045132703822112034,0.031228777492477093,0.004760185778858613,0.0014461845610958335,0.026704293860748293,0.00594891308779188,0.0036457724161391525,0.02413977432023455,0.005271324270113837,0.0035558550185669445,0.02664173794938682,0.004385193105023063,0.004466437709803642,0.025361824135208735
wind_and_solar_forecast - Solar_t-45min,0.005001980486969216,0.006802265249132688,0.010011658258734315,0.008578210460324044,0.0017127865204965929,0.00926634435341839,0.0027560725419336902,0.002472329135707696,0.017268644239535207,0.006241531119440879,0.0019937054381423424,0.02069675550381362,0.005308378886133142,0.006769680210076331,0.02090318450235827
100m_wind_speed_mean_t-45min,0.0047830827453162784,0.004704008364617039,0.01546435664096498,0.002316149961145129,0.004577168220688691,0.011532870498478587,0.002662951554884785,0.005367751107143704,0.008955122907018222,0.003455773725903782,0.0019016609532482107,0.009744044641152869,0.002396118349070093,0.001593319929475001,0.009726389276769623
10m_wind_speed_mean_t-45min,0.0034744791273533335,0.002939022855191979,0.0063966651584469215,0.0014463948759813547,0.0023774549753261456,0.00292228002551019,0.0028820193347710303,0.001694497227505053,0.0016652455124676635,0.0020633523448586855,0.001034658246352592,0.0017935900810826127,0.00401235235367858,0.0027855204025108832,0.0014668755332340878
100m_wind_speed_std_t-45min,0.0009508014420101461,0.0011504305068842768,0.010654120226587111,0.002436672138578615,0.0009744263795282677,0.007731660536242998,0.0012194108241405956,0.0010063605648683734,0.006861157496102805,0.00428522396815788,0.0020209137482479493,0.00726686768806394,0.0012468398156040622,0.0021089449602695823,0.009632381646249997
10m_wind_speed_std_t-45min,0.001059310758178185,0.0010952293759421536,0.0024132045672886305,0.0010152091558836673,0.0010599606537748513,0.0043942924222392325,0.0012161846405601864,0.001862637194662966,0.0025926520324846933,0.0011463962828471494,0.0010784418729163007,0.0030772765238048123,0.0007223917185527853,0.0011986485155644005,0.0016087823988800666
intraday_wind_and_solar_forecast - Solar_t-45min,0.004917431577501702,0.01033590150116106,0.024386905214210854,0.002912591254347717,0.0033325067947507707,0.016292541971728497,0.0038481630405585747,0.002575803194380569,0.012535602982090496,0.0022624912799929005,0.00560204734925901,0.01040125177536902,0.004069191295319797,0.007905810143871917,0.02030950514379947
wind_and_solar_forecast - Wind Onshore_t-45min,0.002611136590847309,0.0024793901552329772,0.023449686400941572,0.0010039529112218588,0.004557431251065282,0.02351613885122788,0.0024450739566389073,0.002250747587513615,0.015516213758330195,0.003266102123759083,0.0019430333496102037,0.015007339286356,0.0016541001515988682,0.006375885529574589,0.021077817011122532
ssrd_mean_j_m2_t-45min,0.008808116406973567,0.008727384782818263,0.018028313142916887,0.010609476683253889,0.009772490648072563,0.013632174940721598,0.006543876682548216,0.008549434299606218,0.00845224794645037,0.006901019575521786,0.009388581811108451,0.0029287157095895964,0.0051173801268632815,0.005560482187731395,0.006558436269799131
ssrd_std_j_m2_t-45min,0.0028339928550594777,0.001747498412085406,0.005942260660660395,0.0012015406608861668,0.0012113309986943933,0.005414721614492009,0.00265110839188128,0.0021110684430923356,0.0039396872898469154,0.003139841799442365,0.0029588126193802965,0.0040711029566082284,0.00069029661482341,0.001357471671624353,0.00552713178513659
intraday_wind_and_solar_forecast - Wind Onshore_t-30min,0.0014146429923707728,0.0028400253519648686,0.028087263411319327,0.0025205842955492697,0.001604621554293999,0.023226711439154314,0.001479827913637564,0.0010184748773096998,0.019136477367065027,0.0011615565350402903,0.003946714947106557,0.016120353793841788,0.001263796535984511,0.004902195007714908,0.013836096051119967
wind_and_solar_forecast - Solar_t-30min,0.004911548774712628,0.007969695665581639,0.04372998678548174,0.007089300284729688,0.014972363323759055,0.04116433553345269,0.010050738412792271,0.013620082411540353,0.02846806380560156,0.013197184332675988,0.013202281885387492,0.02860081901270314,0.016268961696324368,0.008951882275765457,0.026151128049234102
100m_wind_speed_mean_t-30min,0.002324921201376128,0.001027265597083897,0.010608970432367642,0.004163622414196652,0.0007800174082667581,0.011222628784671541,0.001108521942285961,0.001977063512688801,0.0038618415691680638,0.0013881481057169082,0.0010103306615860674,0.003562827542917148,0.0007848599759781792,0.0017031925052297084,0.0015186427144302356
10m_wind_speed_mean_t-30min,0.0022461732572432993,0.0011644709330685145,0.008137130722263464,0.002184312499794942,0.003996805945891538,0.006517513655617222,0.000810609510620111,0.0025822281698474397,0.005833442343711795,0.0019105596402197308,0.0026609195003002243,0.005756982401173445,0.0005273371275862928,0.0034635194427582974,0.0037314386252237453
100m_wind_speed_std_t-30min,0.004720760950294789,0.001522343093818904,0.0021193979906447566,0.0008485829642838212,0.0020881142744246972,0.0018008031284816753,0.0014135872285934283,0.000984058660699702,0.0021014770380206756,0.001473213213625968,0.001914584883431985,0.0014619248021467684,0.00199274704868094,0.0013866856993918191,0.002218875073951949
10m_wind_speed_std_t-30min,0.00199333808235815,0.0013188829974707802,0.0018364504779183335,0.0022801657685013197,0.001997414577460404,0.0019055755643089469,0.0008639948511001876,0.0014453088237632982,0.0019207487831613434,0.000919723245348905,0.0015257203326099783,0.002364270054939652,0.0013414676261290879,0.001376143953173539,0.0015183542184713588
intraday_wind_and_solar_forecast - Solar_t-30min,0.0047251535163600235,0.002519698101819813,0.011140772308135639,0.004184546598234192,0.002929408357369539,0.004254732764277833,0.002533112783137767,0.002449385452732713,0.0030513773465356735,0.0033062287424058924,0.002041571149909032,0.0030009677121452115,0.004784198269052468,0.0037336553552086114,0.002407527205745737
wind_and_solar_forecast - Wind Onshore_t-30min,0.0018374726867677964,0.001676438474368979,0.023519294894256745,0.005080362997276552,0.0044152394929042205,0.019506239637692487,0.004942091594966769,0.0014815036395075367,0.016463813163369194,0.0015370611361513512,0.0032984985893090195,0.010002953484858154,0.004053880111336184,0.003293547326271437,0.01361008104528264
ssrd_mean_j_m2_t-30min,0.004042624818117474,0.002728251923183052,0.014492001108526893,0.00509899316393421,0.001210591182443295,0.00919664738085703,0.004768156119258492,0.008639190602480085,0.009939599629375153,0.006873269086678192,0.006558134907821284,0.008479566873566,0.0038508264885658717,0.0024708866561195465,0.0036423004130447223
ssrd_std_j_m2_t-30min,0.002859370438418409,0.00212725560700801,0.00883634419579903,0.001038017916188437,0.004111506696687457,0.009149821741687447,0.002521160209142181,0.0011029499195974494,0.007442918062957687,0.0007699717746069154,0.0009775173436162277,0.006282372150089941,0.002195946055770037,0.003415421030289508,0.004361136795716447
intraday_wind_and_solar_forecast - Wind Onshore_t-15min,0.008390378144016723,0.007820929234003415,0.045137761164456607,0.006581230650488578,0.007643863030010834,0.034591894095588945,0.007954868001601426,0.005410596239951701,0.03139359789503214,0.009398515842340202,0.004687015561408771,0.030344540579040766,0.006695342150094803,0.010160515097639291,0.026279187886574393
wind_and_solar_forecast - Solar_t-15min,0.00701775917259414,0.004031042808628911,0.01381568671211062,0.0059186187059021905,0.0023011705381932187,0.007186842737952248,0.0030434359575260716,0.00819189576998906,0.011705743387588882,0.0020801970536501813,0.006661147234452073,0.013176009412777603,0.003072322344214626,0.0017454608786483731,0.014695600750943413
100m_wind_speed_mean_t-15min,0.002220946949233621,0.0009595588800079896,0.0025992126802918845,0.002604754862198206,0.002983968081238345,0.0017918982813507683,0.0038544848258097774,0.001431360338041486,0.0030021322947104637,0.0032674921486031965,0.0009589747407176219,0.002102126344254657,0.0010672485660943494,0.000931558896550996,0.0018409743988984815
10m_wind_speed_mean_t-15min,0.003132854261385319,0.0017215250663336974,0.009849708643847406,0.0014325676820099035,0.001138247654786028,0.00955644321494765,0.0014005245935537118,0.002552905792535967,0.00877802337812318,0.0009257741996188997,0.0011031811550005842,0.007763419379458355,0.0011415685246001885,0.0007795214810721518,0.00702297157641624
100m_wind_speed_std_t-15min,0.002241918370279109,0.002528881134374842,0.0020540512918960302,0.0023842628615639116,0.0009494764108890194,0.0038034104739272153,0.004001241199886863,0.002600537291054479,0.004304152684146601,0.0016274654922161743,0.0010480169384622967,0.001841439434945187,0.0028651953706284984,0.0019019410631549362,0.001885629182537059
10m_wind_speed_std_t-15min,0.0013572014947840216,0.001464512157391482,0.009489663220854708,0.001543778377089552,0.0020075830426196715,0.007949576334485755,0.0035331601717116428,0.0014489888906082343,0.005847949877483188,0.002632873614934397,0.0012642986091432249,0.0025285798847125987,0.0011572372923183138,0.003398945398194428,0.0021934701180975937
intraday_wind_and_solar_forecast - Solar_t-15min,0.0026801574902881953,0.004901389096144385,0.00528950796785648,0.006576534336501936,0.00703579146613265,0.0057321841801513075,0.0030533478311008367,0.006104202634018293,0.008939216592509184,0.008122762803504885,0.009550398269951984,0.007211865525008762,0.0018810403702382245,0.007749635459527781,0.0035515293214421037
wind_and_solar_forecast - Wind Onshore_t-15min,0.009726302914132248,0.007552572080709979,0.03255408618261572,0.003638395893127381,0.007951789112041297,0.024307538839508196,0.003633639197119919,0.002316163618783321,0.02357654041011119,0.0029228639628399835,0.006423128130787518,0.02603180229460122,0.004999649897191375,0.0039022742700726668,0.02494489340511791
ssrd_mean_j_m2_t-15min,0.007206976172484247,0.003353011968231925,0.014000251112083788,0.01037880798088736,0.0062593984774821365,0.01017005626832578,0.008782691676882677,0.008759559472277034,0.013710729500919115,0.00842348390206098,0.008826147726700583,0.011854047826491297,0.00738206034261384,0.0075364752296445655,0.008691042200829543
ssrd_std_j_m2_t-15min,0.0009253828040181134,0.0029319639911245757,0.0028185095958478995,0.0010796585182702074,0.001114301735347908,0.00251619185236018,0.0011721664322867581,0.0008814502190459734,0.0029368367098815042,0.0007071063919984226,0.0019459552587641155,0.003471924451828272,0.0008204022669869317,0.0009591442570863365,0.0025957661807187835
generation_forecast - Scheduled Aggregated_t-150min,0.0033126570153372086,0.0038620005716275044,0.00524207785073213,0.004290682924662178,0.0018271098560535392,0.00560241088307157,0.0025131627638604642,0.0027715772317733352,0.005868000451799162,0.005052427135033213,0.0025642366893707733,0.0028897986143256275,0.0017347136286989552,0.0038025857744723906,0.0028519227578290155
generation_forecast - Scheduled Consumption_t-150min,0.0013884206063294188,0.0011303464597458514,0.0034264814085618127,0.0009230837759187125,0.0008019115145684736,0.0032767340597201836,0.0005265419344432303,0.0017824395027128048,0.0014993358140909549,0.0004117677819353389,0.0024473950930696447,0.0011919927586823177,0.0003645471370038393,0.0008872671943368004,0.0016919603617479878
load_forecast - Forecasted Load_t-150min,0.0022289001370003232,0.0010339039812015472,0.011748120505344559,0.0010763423792366212,0.0013783990349829764,0.009105374851176067,0.0009478697300785371,0.0015503784723750868,0.009813069693153011,0.0027419093049384172,0.002849900902352147,0.014054275512437016,0.001789376811807415,0.001443690611547936,0.010570266065276883
generation_forecast - Scheduled Aggregated_t-135min,0.0014163861198321684,0.0024999833104775463,0.0033781563066513625,0.0019608173663932574,0.003070785107187476,0.00470791876711246,0.004153361940589093,0.0015647857824642416,0.003764755791034986,0.002714856067247638,0.003072623719326657,0.003510900469747867,0.0018654272012854562,0.003739154016420798,0.0021515247607485433
generation_forecast - Scheduled Consumption_t-135min,0.001775184569429257,0.0012866422058314128,0.004973152092272358,0.0012555153580433398,0.0013696963295169553,0.004367778481013374,0.0007858474069798831,0.0020537537724012508,0.0034470676070159243,0.0013497144777720677,0.003245584630407393,0.004317200875157141,0.0008041657282349206,0.0014789867826457339,0.005199596766615287
load_forecast - Forecasted Load_t-135min,0.0010889882476585626,0.0025869767819094703,0.006322522423390183,0.0012446370324232703,0.002457520919522722,0.008830249296103375,0.0024063570157138656,0.0012012059483007534,0.006154117591160684,0.0010117077537770455,0.001729095998573257,0.0045272417838959885,0.0012504158562680913,0.0017327166421828224,0.006189658396379911
generation_forecast - Scheduled Aggregated_t-120min,0.0035451341524608323,0.006729649177195825,0.00989634927064526,0.0030588717845321297,0.0033602610810212355,0.007721404400239408,0.004802558941883035,0.004111548260475956,0.004776046494838738,0.0026398561956621053,0.0030854159684895422,0.004706769205670796,0.0022751843162304793,0.0023102932855491643,0.0018978610598787782
generation_forecast - Scheduled Consumption_t-120min,0.0012650560098518325,0.0006529255361426749,0.0012679221483040237,0.0006602740695245756,0.0018978724166227039,0.0014375347005193362,0.0010537226971136988,0.0003889919247430953,0.0012757019337141173,0.0012893004015242866,0.0011323043762395174,0.0008344404245940496,0.002186722218139039,0.0031767287981347182,0.0007911747162061147
load_forecast - Forecasted Load_t-120min,0.0024136144892139555,0.00152808117645327,0.005808353668777272,0.001371824118584186,0.0012385759781382147,0.003849333994322933,0.001192546097502145,0.0012542267558901586,0.004203727812495117,0.0013071318120510113,0.0014121389834035655,0.004855469698883098,0.004767333291103569,0.003941003089683363,0.005955108626254514
generation_forecast - Scheduled Aggregated_t-105min,0.001385231323227913,0.003039871285018762,0.005229547656210343,0.001569914349121234,0.002226353819018186,0.005361345791603526,0.004351764423136046,0.0013378421872002947,0.00300750450043688,0.004093066316060686,0.004164028912842696,0.004323969550010588,0.0013304004405633805,0.0017617327108273458,0.006020322738473624
generation_forecast - Scheduled Consumption_t-105min,0.0021392432103893954,0.0024672570585971697,0.0012343469764628026,0.0021072955905401614,0.0006728487898460855,0.003944538517156616,0.0013934266225987813,0.0006979227514640342,0.003703214721135737,0.0009154597720312268,0.00311030442052288,0.0032436006146017464,0.0008181619338229211,0.0014559591945708234,0.0011706632875320793
load_forecast - Forecasted Load_t-105min,0.003981778749126533,0.00455113922360033,0.01573898651681884,0.002387527085835245,0.0030010240560955025,0.010679359333178581,0.004244323024771802,0.002459778986892843,0.007800210178960697,0.0014294066592042327,0.0015893226424246905,0.007158640077606833,0.0033503127224976197,0.001756673181140286,0.010473804363984528
generation_forecast - Scheduled Aggregated_t-90min,0.0013506158075249459,0.0013027467196948237,0.006771384753280472,0.0029881134754323286,0.0016297556232452734,0.002060426950814872,0.0017265492464075577,0.0015178359843348516,0.00443235388478297,0.0021876228647698783,0.004955315790830354,0.001980088020845642,0.0019057627168392627,0.0026536340583315906,0.0018567182167321618
generation_forecast - Scheduled Consumption_t-90min,0.002529891037885136,0.002730762491562928,0.008964891945011913,0.001474937631579678,0.0014949166725905343,0.006200718935171608,0.00256642990992259,0.0014299428738416963,0.006748124354053289,0.0017229074496181056,0.0008390766673179258,0.006821313925087452,0.002344650436487427,0.0008396029772079601,0.005841173167107627
load_forecast - Forecasted Load_t-90min,0.005975740116235102,0.006264867283571221,0.00759725916249954,0.005551047568842477,0.005133031916368054,0.00808657059779216,0.004611890154661524,0.006795867896595155,0.00475058139786006,0.005259629220952774,0.0035133033717775104,0.0037990811540967117,0.0031224704811338598,0.003934186764434344,0.003391421791561697
generation_forecast - Scheduled Aggregated_t-75min,0.0038061643467153772,0.004526811100145096,0.0070494629685344985,0.004048606974717018,0.0015270548272183079,0.008525070478546695,0.004711251646978781,0.006548759886158223,0.003826945714788053,0.004043700797293241,0.0031475020591860813,0.004412388357814052,0.0023981862231635203,0.0037380723506894357,0.003099270283637907
generation_forecast - Scheduled Consumption_t-75min,0.0006648846149813608,0.001233352737662699,0.0026839781977305395,0.0007365880821189421,0.0025262273682747035,0.0022912400892523693,0.0011804133424893734,0.000731717965671578,0.0012911559055801263,0.0006186153449192489,0.0013063090373452723,0.0016212174322672581,0.0006605188244893725,0.0008188160084073388,0.0015587674205798977
load_forecast - Forecasted Load_t-75min,0.005379509096943366,0.006639908731375726,0.008026779724663357,0.002191997760768345,0.004786320548086223,0.003980074321873871,0.0052375329493697794,0.0021041037630002393,0.00434795557754802,0.002174331490706038,0.004168275990989059,0.0025861546161659137,0.00213273879631663,0.00292272002027903,0.007351517262974994
generation_forecast - Scheduled Aggregated_t-60min,0.004381125600875862,0.0025568368565154743,0.011731274592774753,0.0017566999669770666,0.001570805314462632,0.00589366352216257,0.0026080886240415564,0.0013916326101298183,0.004649738076726862,0.003296906205032428,0.0008221014976388688,0.007295384044438833,0.0035062403110077867,0.0009688934917390953,0.006457211762730367
generation_forecast - Scheduled Consumption_t-60min,0.002165285776136443,0.001801136603244231,0.0032659677071569604,0.003465831053908914,0.00051287553425027,0.0025691797356078043,0.0009662549337226665,0.0010655041857353354,0.0016987123945655185,0.0007426733861481125,0.0008473168051232278,0.0008989531635756976,0.002017986385442782,0.0015096916548627633,0.00233394328198483
load_forecast - Forecasted Load_t-60min,0.0052717216340170125,0.0046465123438865705,0.008438951116928137,0.004934750242926839,0.005110059897833708,0.005960746653496699,0.005443057860849876,0.007591360749542218,0.009385898449774686,0.003973306690599202,0.006265222276051645,0.010648665142092796,0.003122577111921146,0.003392454671604355,0.0067209698108854354
generation_forecast - Scheduled Aggregated_t-45min,0.0015512261219970327,0.0050275496771967024,0.0066205767816773006,0.0013147141914646454,0.0017707368299321616,0.0018699825367940548,0.0013100095586250974,0.0010410272097567486,0.0025593811752729605,0.0011987065981597879,0.0013159743318856272,0.0020922043030603844,0.0008433486333040037,0.0011153666626613585,0.002915780223170259
generation_forecast - Scheduled Consumption_t-45min,0.002895559680415317,0.003823083998402581,0.0056897417582076745,0.00266014314617496,0.0010676652176323388,0.0030896952894254354,0.0006005310419884608,0.001144884648703737,0.0011507292834485269,0.0012447136389318984,0.000726765614250553,0.0019060209446338375,0.0007807213739069994,0.00073939612809545,0.00442084737541154
load_forecast - Forecasted Load_t-45min,0.006244529022820643,0.004587950305973209,0.024922281650229708,0.006116705826039834,0.00892384138167472,0.021083408248625347,0.00897246854977675,0.007206575656826317,0.014276715716885519,0.010325796439610712,0.006667349431770617,0.017769319625325124,0.009425785566119884,0.002385983670524638,0.018629743146682812
generation_forecast - Scheduled Aggregated_t-30min,0.002934594166185889,0.0028763314251270913,0.003201761302943481,0.0015723572973608952,0.0023762000762908428,0.0021506990760781263,0.002147405986701415,0.002795135294846659,0.004155153661416989,0.0016580431149577635,0.0009190867098244552,0.0032079265528345787,0.0011017173656425144,0.0009445492716149602,0.003925447436047762
generation_forecast - Scheduled Consumption_t-30min,0.0004677510490482746,0.0010717508324223672,0.005071716214937624,0.0014547283563842938,0.0007104271478674491,0.0072284519490785895,0.0010562188168369176,0.0019619167194468903,0.0045736633804626765,0.0009255504979696525,0.0007187093107867355,0.00287183035245107,0.00043223815655971977,0.001478842510120046,0.0009770234416548078
load_forecast - Forecasted Load_t-30min,0.001808969627310944,0.0036723297962398646,0.00868115613759437,0.0050438438016899454,0.0034950274609873303,0.012156209912915075,0.002736779789533557,0.002190022601917008,0.0054345858251545,0.00523819636189728,0.0036035719790797885,0.004893599603106849,0.002037907179654212,0.0031155919641068976,0.004216894835828981
generation_forecast - Scheduled Aggregated_t-15min,0.003693976959657448,0.0037972996141070327,0.019897104401195975,0.0015532952044593458,0.002976085211832924,0.019217286012363728,0.0029997599564812846,0.003470429177243204,0.016496069826025632,0.004415498105321603,0.0012275077804461034,0.017198155145408237,0.001481689323988121,0.005322345603070062,0.011346292227201047
generation_forecast - Scheduled Consumption_t-15min,0.002247298521338962,0.000604334867947955,0.006037502359249629,0.0004908766035209738,0.0009117801677764987,0.006655367892235518,0.001160255658054666,0.0012140758410242255,0.007940096102654934,0.0008380930412590715,0.0007658411280802965,0.0022378022501961825,0.0008285946377820892,0.0006133328717187396,0.0010398010961976069
load_forecast - Forecasted Load_t-15min,0.0052926368458429355,0.0032911222463362718,0.003586491519050014,0.0029614686156064635,0.003730592883062627,0.004435644415570906,0.004572060238007907,0.002454547453728992,0.003026055036081743,0.003579088935710388,0.002857406071469555,0.0024205336108220764,0.001080665171920515,0.004253957049302698,0.0022993598439979904
generation_import - Generation - Hydro Water Reservoir_t-150min,0.0015502112329813826,0.0014733782334344597,0.0043240760317685275,0.0036093195610883413,0.0028860580795953866,0.007876187897261843,0.002175484534807765,0.0015136148933506774,0.006982966690674402,0.0007706168556181012,0.0023086277170759786,0.004544606933974137,0.0020238962539146995,0.002006798337786677,0.0030542747558954487
generation_import - Import - SI_t-150min,0.0010089165572671845,0.0015648604540465386,0.0028790643199968144,0.0018625221457542692,0.001066122847775887,0.002674813753875469,0.001975888062676859,0.0017029731295924648,0.0017846843084935245,0.0010518300059967772,0.0011645911915375109,0.0027795960269349964,0.0015133595143287267,0.0011628208763647195,0.0028132825111708256
import - HU_t-150min,0.004606351025872783,0.0009415497783352294,0.012517446770819788,0.002194829749998462,0.002750347831108229,0.010809763065041353,0.0057529126036897655,0.0015863593666658744,0.0116046193910297,0.006293933487297182,0.003416087617610174,0.009365700105677206,0.008721529930585803,0.00800931444672824,0.009168499448369402
generation_import - Import - HU_t-150min,0.0023837428856800214,0.001423675569056286,0.008138097475081168,0.0009246896237000328,0.0017948833453421003,0.002781316602795414,0.0015636012030172423,0.0014596721921370773,0.004607591497368048,0.005603828080063977,0.0020606365707217266,0.0027937144720417565,0.0013552494269926712,0.001967302003896194,0.0015357392643054481
generation - Other renewable - Actual Aggregated_t-150min,0.0011084499215721735,0.0005621067043698531,0.0007708781656926931,0.00036448259558915196,0.00046174364998637427,0.0011924729991324057,0.0009559232902413441,0.00034784299164198273,0.0015171012406485715,0.000713515657633252,0.0003893674629413404,0.0018208874539759562,0.0004524250039701201,0.0007128049894347441,0.0019267577636455826
activated_balancing_energy_prices - Price_t-150min,0.0013491664953025975,0.0012117122921390547,0.002627074932031974,0.0008382081384329468,0.0009727361438781372,0.002053579965972716,0.0007068580903698206,0.0007127108131122952,0.0017712273181014098,0.0008307970304534251,0.0010527212645951066,0.00132208373169874,0.0010668538335251014,0.0006672783441172215,0.0011329064394449233
generation - Hydro Pumped Storage - Actual Consumption_t-150min,0.0005292471903493379,0.0007158359201794156,0.002903140844134441,0.001097774855736361,0.0005254207348756381,0.003824412239016965,0.0008201728948715754,0.0005132764304173633,0.002221015650413392,0.001352660059932532,0.0006071100005239032,0.0013907822006212882,0.001487076246390643,0.0008243839154251873,0.002331935273894487
generation - Hydro Run-of-river and poundage - Actual Aggregated_t-150min,0.0017220227149309722,0.0026950343515209168,0.012120049654521608,0.0036257787211270627,0.0026842014155263314,0.009272934068343602,0.0025407108345298184,0.002013082843488519,0.004528664025419857,0.0014915917624246048,0.004318545483492926,0.00292569256463031,0.006202775450132322,0.0022329082283886236,0.0025246945018261614
generation_import - Generation - Hydro Run-of-river and poundage_t-150min,0.003080338075128566,0.00175950001971205,0.005527377461883589,0.0029534134478135456,0.004771074386968394,0.0027713651514204686,0.0027317388858109555,0.002771654987141119,0.0038047567271436264,0.0027027659854848025,0.0030241572353033918,0.005408808037966083,0.0016121990928177183,0.0010175345388306596,0.002835614676347177
generation_import - Generation - Solar_t-150min,0.002184787423969965,0.004700232398212848,0.006943446497107288,0.002287442648272645,0.0019109988845384578,0.014838527265355879,0.0035438754235074155,0.0029208729361607766,0.01640655112535751,0.002569688713004325,0.008681365324278887,0.021160225100378738,0.002081034370436555,0.0023390047617749586,0.014680331953812128
generation - Fossil Gas - Actual Aggregated_t-150min,0.002507784104053144,0.001563369310979624,0.00424077471766941,0.0010558031069646176,0.0013050293793376113,0.005136422937921935,0.0023040486368117855,0.0015140972608148786,0.002729826441714067,0.0013524872042071365,0.0018207502268296593,0.0032153552434638186,0.0018970473299633568,0.002890921571866784,0.004314072816425324
import - sum_t-150min,0.0009427350818496052,0.004320141854116628,0.006756379357215337,0.0033294848085279227,0.0023240167321882835,0.006536052090857993,0.0013224854825020884,0.0015652916658009416,0.0055938712082752315,0.003202059941344487,0.001219696602789554,0.0036570529697805797,0.0008879690386766015,0.0008244070303308035,0.00553455552025207
generation - Waste - Actual Aggregated_t-150min,0.002300355906593268,0.0023860862132114562,0.002411609942162613,0.002418969243299216,0.0011694899784897644,0.0021250145647281897,0.0018140428173710461,0.0020690335573522135,0.0027592025317346724,0.0022570727413112764,0.0011821582048739856,0.0018873821184588451,0.003050964060172646,0.005494081047989312,0.0016065164434228905
generation_import - Import - sum_t-150min,0.004814462220121641,0.0028126377979424432,0.013707050249606254,0.0023367867420217864,0.0020631083025286897,0.00689632680649288,0.005758299592533149,0.0009288644138287054,0.006154316634907445,0.0030244790969927637,0.0022906851222196565,0.0062767607682590095,0.001767224405503839,0.0032655250382194936,0.007895120671710174
generation_import - Generation - Fossil Hard coal_t-150min,0.0025091202984385747,0.0018598893896069058,0.015180561448447406,0.0025206104843018694,0.004235330504132434,0.013163479384726088,0.004444264306352125,0.0018309904170419032,0.009657636709744111,0.004147992077417257,0.0018233281722114044,0.008881360776082146,0.006060754615522456,0.005625925985048525,0.004808237879960871
import - SI_t-150min,0.002741655287150934,0.0012210488950468062,0.005914310445014052,0.0018771676738633686,0.0031087677405084832,0.005744660794367519,0.002078504334251193,0.0008793989183673148,0.002826894393493603,0.0018224912753012177,0.0011681572517882159,0.0053148472213251806,0.0009017305875927377,0.0024835252185821445,0.005241451080245043
generation_import - Generation - Fossil Gas_t-150min,0.007691690132709482,0.0055178685404853245,0.012902980029117316,0.008053248395932314,0.004560214137280127,0.007379607571587257,0.004240434435792849,0.004508778186605923,0.004814509884889048,0.0017312294631012719,0.002520126962723225,0.005770699428939224,0.0012361263219893175,0.0015345608145958067,0.007329133903505863
generation_import - Import - RS_t-150min,0.001815645950524754,0.0011306092300483214,0.002269399805891226,0.002706260090801152,0.0011938156369417925,0.0021020745990767862,0.001041857209884256,0.0018496786412142683,0.0033506878573571156,0.0007960338438215331,0.0015105505083092795,0.003982377273269776,0.001035264629071463,0.0020196168238690005,0.0024780592310353314
generation_import - Generation - Wind Onshore_t-150min,0.0012537958978681445,0.0018633199585692637,0.005190482533912473,0.00209579373379529,0.0012173696353679588,0.0027625508862856806,0.001523855154930061,0.002215357055728603,0.001819302233027713,0.0021407617731470053,0.0037197010402232993,0.003186697161331267,0.002326471834390759,0.002247543971187042,0.0020772771810802625
generation - Fossil Oil - Actual Aggregated_t-150min,0.0002545921649913794,0.00024042640576871577,0.0005763971985165881,0.000272328456849948,0.0003246576773296965,0.0006223811809319671,0.00019474980344483584,0.00044685696391729833,0.0013204583677870686,0.0002646185117777407,0.0005545546764460596,0.0004508925567349706,0.0004928659841884837,0.0005127958302865885,0.0005339522814774682
load - Actual Load_t-150min,0.001931750279291009,0.0016429221986591074,0.010117061305885727,0.002268129027463033,0.0011539190060607324,0.006138469622021148,0.0022401480986625304,0.0012858787388931887,0.006085899287058055,0.000899990652111228,0.0051105799299220964,0.0064115922126875375,0.0033404242901488032,0.0031620578304864468,0.005635068654879433
generation_import - Generation - Biomass_t-150min,0.001070027914110824,0.0019801351114965087,0.00266333716873703,0.0012017639568367713,0.0012462386445790798,0.0027749414857917145,0.0008785113291751259,0.0008519645842579849,0.004669479335750566,0.0010047292381239572,0.0027826460673331895,0.0014775307452910057,0.0014328384953345222,0.001236293773111811,0.0018072940072752317
generation - Wind Onshore - Actual Aggregated_t-150min,0.0021603220934912314,0.0024336653655082047,0.004366832171910118,0.0025168749858580667,0.004454981142156612,0.0033384716228902107,0.001323387426257682,0.00434980711645403,0.0021267588117316336,0.0011601743429432644,0.0016915589843902125,0.0031582417680817796,0.0014675522313445982,0.0014970796154721029,0.0020480187727889643
generation_import - Generation - Other renewable_t-150min,0.0004547879318579362,0.000606194274572772,0.0013232199035865051,0.0010224580317390063,0.000673752605748632,0.001176574560064637,0.0008354101380778119,0.0004101119044177608,0.002123001861685907,0.0011372437734235063,0.0004102276344958682,0.001159121973726883,0.0009436394278814077,0.0005685183649052306,0.0006824937225618584
generation_import - Import - BA_t-150min,0.003645777432311661,0.0034564123317252326,0.004129594443078531,0.0011682282614351607,0.004707213508550922,0.0061104370811167425,0.002894385457624594,0.001797053672574748,0.002199756993678875,0.0019477555667326669,0.004101089519594097,0.0026791341165808263,0.0012805486365241449,0.0044742230082823655,0.008203488413739251
generation - Solar - Actual Aggregated_t-150min,0.003821463819863311,0.00335955517533921,0.018647853259190016,0.003423551685667917,0.0032318656984461997,0.022132233052514494,0.0031827916446509332,0.0025182339474349646,0.020254849194112468,0.003440517843883299,0.00433842149201962,0.011689455199973964,0.0031265924590161377,0.004402867739169779,0.0070385388765312204
temperature_mean_celsius_t-150min,0.0021225604167293566,0.003958520895721449,0.005144333483036234,0.0013486283066704346,0.0011709199805031859,0.008157283764587192,0.0010217157461332818,0.0013919531557103255,0.012268193999276264,0.0018106060884558702,0.0023747214748891564,0.009162168225175264,0.001312850448514382,0.0009655015604853361,0.003844755645528494
generation - Geothermal - Actual Aggregated_t-150min,0.006054452266078442,0.005780312004964799,0.006606953448310378,0.0035669465495157056,0.004087126093916595,0.0029296623065134214,0.003859913074877113,0.003647786451037973,0.0026475346430509033,0.004099754953058437,0.004444616824854165,0.0028615225059934347,0.0037200708782766014,0.004293092690873891,0.0016428672484485106
generation - Hydro Pumped Storage - Actual Aggregated_t-150min,0.0013319598557750396,0.0009856063616285838,0.003668048272557826,0.0006847863123414299,0.0010252071452014776,0.0022725637175935844,0.00205250913073246,0.0026148960050268216,0.0023373845978931058,0.00115656544660078,0.0017417962331151742,0.0015670105385697753,0.00195470588153421,0.0016749137915767279,0.0015696833938566499
generation_import - Generation - Waste_t-150min,0.001289386290260154,0.0009640920459810332,0.0016060061769712774,0.0016463365499776047,0.0027732804138577193,0.00204683882388008,0.0034222773064957438,0.0011914934982478372,0.0027736122018177413,0.0011470723238091978,0.0013578254774256494,0.0017309851672529248,0.004637079662956239,0.002264014532109286,0.0017575061048046335
temperature_std_celsius_t-150min,0.0026644116393506464,0.0015485289184787234,0.004241830570204911,0.002266772195046087,0.0031192353990718404,0.002793894211448787,0.0009802246648505388,0.001691048388291165,0.0029192883632786107,0.003485432603109075,0.003197707794029441,0.004540576568874684,0.004230530363791331,0.00309506317104524,0.0025774351728096007
generation - Biomass - Actual Aggregated_t-150min,0.005121271761652679,0.001231352816593244,0.00415247567199367,0.000663206803481728,0.00226841437594112,0.0033854623810702835,0.0009457422815344785,0.0011267616348222874,0.002160841933793108,0.002690415768175626,0.0012589367648918142,0.0034952359840654027,0.002088690600345217,0.001281490990765974,0.0031133001826946158
generation_import - Generation - Fossil Oil_t-150min,0.00024234657130296,0.0002671800623279523,0.001075349919139626,0.0008128382705763215,0.00023876535742479633,0.0006406996249496615,0.00027185683431565623,0.0002461408284902973,0.0005460736498830556,0.0002667965422702423,0.00023747319784024512,0.0004935117601808088,0.00022597050018845265,0.0002966453944507066,0.0004297464142250078
generation - Hydro Water Reservoir - Actual Aggregated_t-150min,0.010282835858481122,0.004074746877415237,0.013552011323467013,0.0062713005375808276,0.004125214186562517,0.00814165560470974,0.00508194086063304,0.005686073232485796,0.007320164016084163,0.0013540896881245317,0.004601009837191214,0.005185915353977179,0.0048586004460612455,0.0029535780801415966,0.007062974707721878
generation - Fossil Hard coal - Actual Aggregated_t-150min,0.0018233921400296821,0.0023852559339920844,0.006758716096941498,0.0011521879509764404,0.0014139517414201918,0.010044841717040981,0.0014610089015376672,0.0018709951713508418,0.00283132996074346,0.002243484426841633,0.0019897180937896337,0.0034358608867296426,0.0024502676844931556,0.004255138585491295,0.004773449190650354
generation_import - Generation - Hydro Pumped Storage_t-150min,0.0010669881867147524,0.001236596788126917,0.002795777846082274,0.0008095613595899067,0.0006655732385338524,0.001727887356469182,0.001186741303992676,0.001966310068826715,0.0019094544436411526,0.0009539926712943725,0.0016226454861698585,0.0033427855231711874,0.0015505067872323935,0.0009423310792362827,0.0027889790876506593
generation_import - Generation - Hydro Water Reservoir_t-135min,0.00269044295958156,0.004826225215153272,0.0036596785877318324,0.0025249056523416586,0.0019623002637144966,0.003762860654416727,0.000971593049090643,0.0011332656849108388,0.003977738232267256,0.001299995498606222,0.0013501170799900138,0.001997954106999714,0.001612626430444834,0.001339229735351978,0.0024284119887870476
generation_import - Import - SI_t-135min,0.0012997296894204737,0.002399503879613803,0.004550334987117822,0.0013269412698791712,0.00091887904972873,0.0043698176408775,0.0013351381174370545,0.0021425109414230973,0.0033789066322442523,0.001280191341191312,0.0030071187683937523,0.002840342067911479,0.0026302773897523366,0.0026790273734768563,0.002359428322293752
import - HU_t-135min,0.0028897949174309474,0.0024142387941246853,0.004456341975255782,0.002129433663511918,0.0018002060730850644,0.009053749874561617,0.002445709078852815,0.0016922787591568066,0.006021332084939786,0.0022019721421770557,0.0024416658612572916,0.0023273182195744082,0.0020735239691089193,0.0011753358025855505,0.002110758623821312
generation_import - Import - HU_t-135min,0.0021878666893185256,0.004519745531768421,0.00748137112610857,0.0028900043257451672,0.0019704149074386804,0.008851830110383162,0.0014649780667596133,0.001326175584000339,0.008145399505330489,0.0013181426634837408,0.001339634544287037,0.006724374469087706,0.00487542510064668,0.0013295386821882858,0.0052632745162227365
generation - Other renewable - Actual Aggregated_t-135min,0.001982618775069568,0.0009649826148934153,0.0008120283277676208,0.0008449346739398606,0.000952688766450592,0.0007939466047471342,0.0006757066994330217,0.0007706559836753399,0.001360791983870854,0.0006184142895185687,0.0003524375380650326,0.001538456323538412,0.000356828943067967,0.0005928657792846935,0.0009083403729346173
activated_balancing_energy_prices - Price_t-135min,0.0010703172057556004,0.0021230966152907056,0.0014764842218014565,0.0011492637334945641,0.000982133790880198,0.0013968169480322104,0.0009571453779146282,0.001947828371229434,0.0019778802291439204,0.0009936237551656576,0.0008916648623692254,0.0021353540097491077,0.0011996554021443445,0.0017639917333837048,0.0023762533063863885
generation - Hydro Pumped Storage - Actual Consumption_t-135min,0.0008562485807044596,0.0013910572501672504,0.007118833822198212,0.000798304541425864,0.0008640171325077404,0.006718750873114914,0.0008053782854785822,0.0007405194348203281,0.0033354086221524994,0.0008201382915171962,0.0018009408645448274,0.0039947739810450005,0.0006898447713404607,0.0021318857285077685,0.004552533506182953
generation - Hydro Run-of-river and poundage - Actual Aggregated_t-135min,0.002000480722527556,0.003224156100339542,0.0034697071579339535,0.0035188168980203045,0.004724428324338078,0.0036322818654080037,0.005242471066230792,0.0023678059390233558,0.006436409347908921,0.0027481554769474316,0.0012525786481937756,0.002432027603475035,0.0020671998601424378,0.003469141499896068,0.002481344379784787
generation_import - Generation - Hydro Run-of-river and poundage_t-135min,0.002638286791649989,0.0033615545338707307,0.013295027804331767,0.00224419200622242,0.004422779444106709,0.011809491782445548,0.005498304813976574,0.006434681346252546,0.007255797643489131,0.0011632180279316344,0.0010688159534299757,0.00718112825787216,0.0014884463604898884,0.005171350663404155,0.004457381008231095
generation_import - Generation - Solar_t-135min,0.0024605997001672223,0.0032998751763916516,0.005520221639053489,0.0021333139442070888,0.003053491517402563,0.006367076438181357,0.004032438408878079,0.006551082881567708,0.00449316450827655,0.00361119410478932,0.0034150996012658652,0.008989122698159917,0.004639996260607404,0.0017391807682161015,0.005479313925488896
generation - Fossil Gas - Actual Aggregated_t-135min,0.001830645550862755,0.002495913064644128,0.01194118216924835,0.0026456860478905357,0.0022352289870977986,0.014775867229727737,0.0018681930487862246,0.0016857742590041197,0.015413257607458946,0.002431416227413138,0.0019293022452793592,0.010212568171451494,0.0029456886667867366,0.0014283308218182356,0.0076543973249135885
import - sum_t-135min,0.0023349336755800324,0.0011224840500935898,0.006322835715338442,0.0011026800367297653,0.002324729839332605,0.008119060246530353,0.002991439824454574,0.0009368968101266546,0.003162958104805625,0.0022092595101676125,0.0009791189749466867,0.0028253968055864612,0.0010840652778242657,0.0019091511278493273,0.0029217095227468235
generation - Waste - Actual Aggregated_t-135min,0.0012481340385631938,0.004277667869428114,0.012499547367147897,0.0037584737083452635,0.001151849220004351,0.01120242264821718,0.00300350666997474,0.0035825924523815045,0.01292554934772852,0.0015026829382231881,0.00244733665916101,0.009905459706365945,0.0016684057477195893,0.001780616147730143,0.0073276758862630235
generation_import - Import - sum_t-135min,0.0013466927121498884,0.0019990374207890797,0.005576626114663668,0.002649334028668818,0.001252695065660447,0.005857295993821026,0.0007802281204078553,0.001047108439087424,0.0017986549937922974,0.001230562610814104,0.00203123400529239,0.0021657174626361665,0.0014455827954220695,0.0015812399197188823,0.0018258305661260578
generation_import - Generation - Fossil Hard coal_t-135min,0.005685003191349096,0.0039870098679894,0.01118374047265388,0.0058974473362322895,0.0030769305558351334,0.007216662670543883,0.005675098671388696,0.00546300864793011,0.006376022748518153,0.00238263500271205,0.003545378825654552,0.005327826528347942,0.004397870567256178,0.005310989849444013,0.008199991522822529
import - SI_t-135min,0.0016796882950002327,0.002849669987535549,0.0024794246150340767,0.0010857118681140037,0.0032237839470544713,0.002696700284425894,0.0011244881064897071,0.002188125454801593,0.0029322400012533763,0.0012442891565387982,0.0011568334528328705,0.0015407037390268669,0.0015563954747367461,0.0014150438597180823,0.003145020262170874
generation_import - Generation - Fossil Gas_t-135min,0.00136608816229068,0.002682017801860866,0.007064103831360626,0.0015474873231648872,0.0026132713708425397,0.010359360707050656,0.0071610632094525496,0.0011863282327290107,0.011643224162111438,0.0027461470875869056,0.002284703906276263,0.012973725646189906,0.00252643750695097,0.0018824921390703366,0.009183350112769403
generation_import - Import - RS_t-135min,0.0008889315288842497,0.0029095232415285465,0.0028815393042841606,0.0029713886861572974,0.001166845421132166,0.0020076956903267275,0.004524634681234602,0.004171556627494283,0.0023282773873570476,0.006059857504660613,0.0029554574311150645,0.0026126420678883734,0.0026987545524207236,0.0029189371880734144,0.0028009685013603305
generation_import - Generation - Wind Onshore_t-135min,0.0012712788193912274,0.0036550785537692717,0.009689225391528453,0.0021133051491129323,0.005760635482245561,0.0061074946548451406,0.004879661490467697,0.0015353759009076385,0.004223546374892237,0.0038284369258331026,0.005142568058701727,0.004358098025333675,0.002005611033991556,0.0032675830591538785,0.0033298102642156666
generation - Fossil Oil - Actual Aggregated_t-135min,0.00043417411011796505,0.0010097588044664008,0.0034246599996695295,0.00040034639687678463,0.0003030875213121291,0.0031465997209306805,0.00031399973548161596,0.00044151671947315665,0.0016806271422537976,0.0002677015110138541,0.0004193622339181502,0.0013569839331850062,0.00019764900799230033,0.0003077812000690301,0.000967144359606209
load - Actual Load_t-135min,0.006000176617646503,0.001990519039072751,0.007635954625289741,0.0028452704002781956,0.00600875094237199,0.00638375817042288,0.0021442479407118072,0.004849251925597855,0.005197525224459241,0.0059190995320604995,0.0021408648642443494,0.006239737154263821,0.002798256974724609,0.004482489984275162,0.003498371655556639
generation_import - Generation - Biomass_t-135min,0.0014582639362743066,0.0016622929976460908,0.0025784252845292032,0.00264649435911997,0.0010747992567207802,0.0017739808485323465,0.0013312040172843921,0.001002021231752238,0.001932347452763679,0.0012313286426542617,0.002161725764869999,0.002859464167693659,0.002549454183915259,0.004627813159308061,0.004530072939560341
generation - Wind Onshore - Actual Aggregated_t-135min,0.005640188149121968,0.0059989873651366,0.005445139017472684,0.0013334000715791204,0.003433409651830516,0.010537167144379054,0.003800372026385958,0.0015473116122884675,0.008039739675038049,0.0037139843067016047,0.0014478080989417776,0.005202367063975544,0.0038791061651518247,0.0030809369062044425,0.004089117949812135
generation_import - Generation - Other renewable_t-135min,0.0010281289391132304,0.000915732864315828,0.0005875472845442289,0.0003797927595478541,0.0007193949898532992,0.0005036969599560735,0.0003044691135710309,0.0007732546386772512,0.0008601480157158221,0.0005254223585307045,0.0003590647341022333,0.001283586844421734,0.00041608992454689544,0.0005301734202266743,0.0005872264900689288
generation_import - Import - BA_t-135min,0.0018298763817063155,0.0030192860330416804,0.0034304961561956587,0.0010744707439480409,0.002462593405087318,0.0037441385704369166,0.0012519987524310637,0.0034732939460773195,0.0048679075199120235,0.0018626030026780427,0.0018544012201673467,0.00409288282962966,0.001892564503234098,0.0034627189199018175,0.005115801039035432
generation - Solar - Actual Aggregated_t-135min,0.0048382222678794735,0.004454279002286967,0.005197890652469141,0.0037961339913999835,0.003769382118869544,0.010210891724093016,0.006256130844463769,0.002243370797794341,0.004050622631997271,0.0058969858654163545,0.009415977684166138,0.004647046480184144,0.003115646426857893,0.011005938158676145,0.004339720887879594
temperature_mean_celsius_t-135min,0.0019483132226960152,0.0015410742855747515,0.007690243650372395,0.0018683565388519128,0.002441747524120274,0.005994917999156314,0.00387645962332499,0.001172121799929184,0.008059922914922937,0.003906128836264543,0.001550503785912042,0.008146009435284214,0.003906395145423631,0.0018664532036317496,0.0053837318187324856
generation - Geothermal - Actual Aggregated_t-135min,0.001593739474031281,0.0018001074194799003,0.005845806640660157,0.0012212842186499983,0.0023958514958430897,0.00510874675877858,0.0016600004991069,0.0018055779671763048,0.0020669010960818923,0.004320207826094702,0.0017815112249700178,0.0011065220779047991,0.0025686484278651276,0.003090299879288068,0.0012160031215466916
generation - Hydro Pumped Storage - Actual Aggregated_t-135min,0.0015539617888725842,0.0031773180688633145,0.00381663675904565,0.002330539652473817,0.0018861234517025878,0.0033514914297120414,0.0011613308419637178,0.0026211792045833134,0.0027087995592555672,0.0016179427713523182,0.0009115528349765327,0.0018577971787490243,0.0032138804484711726,0.0011114175330895933,0.00268272538666497
generation_import - Generation - Waste_t-135min,0.001695994897514538,0.0013865433914634195,0.005343924996730948,0.0017643378458578809,0.0024880078724722806,0.004860349299844529,0.0009317776957786919,0.0011367065598958562,0.0025100546641642725,0.0014842206148587137,0.001280506988160596,0.00350629210688021,0.000980842717305677,0.000848330053915447,0.004861917380349041
temperature_std_celsius_t-135min,0.002624053377893233,0.002368088221109474,0.010843744413156855,0.0027303964445254676,0.002657163367612526,0.01070548117459839,0.0024311988253798516,0.0011427127018554303,0.015743118382784815,0.0007543485665502203,0.0012291653600204882,0.012313600209883589,0.0012740642628673413,0.0010857396827436787,0.009948949663994426
generation - Biomass - Actual Aggregated_t-135min,0.0012069037944711454,0.0022652391205265302,0.002225268912738443,0.000751573418559019,0.0015420600370280226,0.002010664296711184,0.005308356718029245,0.0007730784955313083,0.0021483589800473054,0.0013269184338269042,0.0022412626004725098,0.0030899732658250514,0.001648294292089986,0.004201317595132423,0.0016590312100784104
generation_import - Generation - Fossil Oil_t-135min,0.0006476331500398373,0.00030176152229842044,0.0010614433796227445,0.0007345052206437685,0.0003205039494565085,0.0006472900674143602,0.00026078147589069547,0.0002768010497601381,0.0006255202709122613,0.00036013337510695467,0.0002236387903847117,0.0004860488157696636,0.0003612962845462562,0.0003031567287036978,0.0007322155771055349
generation - Hydro Water Reservoir - Actual Aggregated_t-135min,0.004099770400594252,0.0017159597433610543,0.005889262790587963,0.0034940026376250443,0.0019661545066983308,0.003365384381037529,0.0035892333092651823,0.001152502072532684,0.0026439992553987397,0.0013166925122473003,0.0008444165121556644,0.0029682835763433103,0.0011224837852041674,0.0009105179246249975,0.0027249050121669143
generation - Fossil Hard coal - Actual Aggregated_t-135min,0.002150320421529955,0.002115241382998647,0.012623836135375313,0.0016686716391375853,0.0012678276658427876,0.010183069928069017,0.004509310024586739,0.0016899230847207036,0.012397265695239185,0.0019346058688270204,0.001673702709365898,0.006583302491402719,0.007108526261115912,0.0009583696568116693,0.008150564684881829
generation_import - Generation - Hydro Pumped Storage_t-135min,0.0010385807755608312,0.000972426681856632,0.002574202541341947,0.0018979233697064045,0.0008366628967769429,0.002784369039005014,0.0005857320706616065,0.000967417938958647,0.0018159756082579861,0.0006932037010403746,0.0010420651556087251,0.001664075222552242,0.0005862551622428782,0.0007808232063161995,0.0014288778978443588
generation_import - Generation - Hydro Water Reservoir_t-120min,0.0011931849761167542,0.0024726415430777705,0.013364293745427858,0.001127973146089971,0.002360501584727899,0.0077306625886667465,0.002395497064486335,0.0019461912965170996,0.011289683571256318,0.0021702490184770796,0.001587471927868137,0.011812923645256887,0.002965873054611393,0.0010792070102434081,0.01071451396838529
generation_import - Import - SI_t-120min,0.0009515420107550199,0.001356684015085193,0.00474506403093983,0.0010517244339894205,0.0009385176107314237,0.005265530129242052,0.003941070742395823,0.0023639351522397193,0.0039539947788071,0.0018809195626054134,0.001150072680703488,0.0016378078047405325,0.0022625894301818335,0.004963198379848109,0.002727547635922065
import - HU_t-120min,0.0013378437584005952,0.0020781775968750937,0.005248216198713635,0.0028439946614926158,0.002771417820320039,0.002076407274894336,0.002507111716837926,0.004085923948314303,0.0015741726950644192,0.0014185708767381585,0.0010048624226093351,0.0023175076031948265,0.0036265552088443655,0.0019416135708215734,0.006821496034484881
generation_import - Import - HU_t-120min,0.0019460487922474386,0.0020850587302504663,0.004410909552457269,0.0014176944646628726,0.0018443393643624404,0.004718819650970772,0.0013321572592302573,0.0020021529078662753,0.00283554411764635,0.004856209742025385,0.0027663565169518734,0.002313180379644109,0.002571653363194855,0.004153862092491181,0.002157623890592731
generation - Other renewable - Actual Aggregated_t-120min,0.0008098526672774824,0.0010165545478821513,0.0013494092029959575,0.0008252773774165689,0.0004247427351251645,0.0006922971573767426,0.0003585285351946368,0.0014185967036464717,0.0008539317722816122,0.0008118500862610745,0.0018636997768771834,0.0008428908221058009,0.0015213046643330016,0.0008493982045852136,0.0007608555618362516
activated_balancing_energy_prices - Price_t-120min,0.0011666191678032193,0.0010388188968854593,0.0015298068610900373,0.000590103402826287,0.0007480660517840079,0.0016275403112381355,0.0008049092757623839,0.000908427669447974,0.0014323368847108213,0.0010741180778256875,0.0016453744559339612,0.0012319020997001644,0.0012452835860099186,0.0009925667009356403,0.001327393718476742
generation - Hydro Pumped Storage - Actual Consumption_t-120min,0.003301771769300103,0.004534158864291385,0.006468110576737672,0.0010650496403852685,0.0021156855772424023,0.005026241251267493,0.001060968200382547,0.0018935431427962613,0.003066973942617551,0.0016350913611004217,0.0014724342726804025,0.0051365769759286195,0.0021925788140506482,0.001429705448785171,0.0028851988455280662
generation - Hydro Run-of-river and poundage - Actual Aggregated_t-120min,0.001688849510923319,0.008240750120850862,0.005726258217706345,0.0051536518570137555,0.004832500415949653,0.009222969237351207,0.0032000189927139217,0.0016862689916511044,0.0031611014107766097,0.0044611030086362,0.0037859870262509504,0.006460184090959956,0.003032415752984889,0.0021437158413045838,0.007888319408955567
generation_import - Generation - Hydro Run-of-river and poundage_t-120min,0.001336146964445561,0.0018802726004660145,0.008805396787733117,0.0028944397362993188,0.0019626000547978036,0.007535154014933141,0.0016579900131109752,0.001949920294804997,0.008133235231249729,0.004773365816457954,0.0016488591659422128,0.01053316789242308,0.006155224238296796,0.00363162835741241,0.011467734567260777
generation_import - Generation - Solar_t-120min,0.0034517385132458002,0.01156744347626227,0.005375392096332775,0.0025913477401833234,0.0022443164957912814,0.004612714379891031,0.00264533017428721,0.0029182630637844794,0.0033936526807119664,0.001609631162329606,0.001735718023816844,0.0038548293817852936,0.0025570210551072703,0.007573279467091197,0.002629501993530539
generation - Fossil Gas - Actual Aggregated_t-120min,0.0022574193003010805,0.0019079099576451881,0.0019634904235497287,0.0015727538080154773,0.0015201479641511924,0.003669046332466678,0.0030160634351809675,0.0033737597328508855,0.004140768407705764,0.001538466651349154,0.0024830041242830704,0.0022612064157777924,0.0026508052579174548,0.0016594658509095552,0.0039486281045938085
import - sum_t-120min,0.00213489975213497,0.002452407748954101,0.003893623338264206,0.002908271223750489,0.002407702158401662,0.006506508480488265,0.004285962772817584,0.005033644277616986,0.005629480964027607,0.002325406818670672,0.0015092209921446055,0.004271475672456291,0.004422714317268856,0.0006606886130236944,0.0040874575025372905
generation - Waste - Actual Aggregated_t-120min,0.001697719875862731,0.002543078986025648,0.002403687143254956,0.003745371985278325,0.00197080534455381,0.0041200094817102125,0.004152599666806055,0.003822635796981558,0.0060526570561050905,0.0013108583447792625,0.0010477420413262735,0.004152158449183929,0.0008015555780909267,0.0009323848342546626,0.002165990353792495
generation_import - Import - sum_t-120min,0.004829727816042578,0.008003270905886893,0.011318409967836488,0.001114998013328659,0.0023067652688077943,0.007947544416296295,0.0030626746795906,0.0014967854552787685,0.004200392764213575,0.0035638059929069643,0.00219763134503647,0.002919046998184967,0.0015502820140964105,0.0019429828655447637,0.0034759386843470565
generation_import - Generation - Fossil Hard coal_t-120min,0.0014905902436385078,0.002679522986705251,0.010940020059642848,0.0018697432984340595,0.0024610644695362113,0.010350422899588011,0.0016504599895114324,0.0010768474985924782,0.007461036637658253,0.004657686437145457,0.0011811248049802998,0.0029664318466409443,0.0016619752420378973,0.002894049673286645,0.0065666306041530335
import - SI_t-120min,0.0008525764785927095,0.0017333249580867686,0.004424610169111475,0.0037039290046450334,0.0009546991642846479,0.0030337026173256165,0.0009308205010793245,0.0014294631180666784,0.003648559125556858,0.0016250902042374946,0.0008913616673407887,0.0027544995921634837,0.0016755753929846833,0.0026192995781511856,0.0017943696419297338
generation_import - Generation - Fossil Gas_t-120min,0.003448745370003735,0.004641243413308985,0.004384532203777553,0.0035892469109534203,0.002374348230431906,0.0028122861711945006,0.0015254623092882866,0.0019265501673871768,0.004190050972643803,0.0028272294806029096,0.0018721911411466862,0.005575024820284853,0.0013805723456637793,0.0018703182681856561,0.00232243164670308
generation_import - Import - RS_t-120min,0.0015167482507340538,0.001468122403223333,0.004581758755888586,0.0015259102266272748,0.0014992124368363876,0.0040696865295358296,0.0010199471858986725,0.0028208765562812914,0.0033423907727246844,0.002459307654560689,0.0010995783686371396,0.002263433292007903,0.005291468704082945,0.0013750109270361007,0.0018464979852172974
generation_import - Generation - Wind Onshore_t-120min,0.001460563119424478,0.001188081271905162,0.004637253776093075,0.006155973187793279,0.0018035337578676263,0.0038402948914322225,0.0015259668719472756,0.0017102030903515697,0.0066875947144535534,0.0018982617762303563,0.001017939591519962,0.0018252725311826907,0.0009923527657203976,0.0008867795851303981,0.002219737740499113
generation - Fossil Oil - Actual Aggregated_t-120min,0.0003462567345502805,0.0007822724128709524,0.001329936277530578,0.0003136670855560624,0.00026683684706756594,0.0007035118218150274,0.0006142834685178969,0.0003413975229646016,0.0005969855540647587,0.0005347979377957017,0.0003750717163391073,0.000917202593881484,0.0005976717395055857,0.0003018549692427044,0.0007411533169572521
load - Actual Load_t-120min,0.0012075237468824583,0.0022157755551773448,0.007424893581499418,0.0021250192550592148,0.0014193883951488715,0.003343058993182007,0.001244966690692877,0.0022350508324361727,0.0025219091329636285,0.00215804862544627,0.0009278805383491999,0.004058195589562843,0.0016758014631743662,0.0008160670964000474,0.00453107511279859
generation_import - Generation - Biomass_t-120min,0.0029889465137848672,0.0025515101936671274,0.0032211275545869283,0.0007901529382897934,0.0027274789391753982,0.0020878363057934167,0.0013464338256870718,0.002575455733667695,0.0038871640279758138,0.0021531899545207127,0.0014094395448114483,0.00180980750823187,0.0029799648734970107,0.001410637688109091,0.001623808149155593
generation - Wind Onshore - Actual Aggregated_t-120min,0.002217051764305552,0.0018686121620029325,0.01604694688974996,0.002076488264375257,0.005442913428909378,0.017728092922683573,0.0012935590645652155,0.003214303268678634,0.01915970278379973,0.0022442012794040237,0.0012981773962833358,0.018904594684834592,0.0019483026963412159,0.0015874391040697447,0.011926519827829907
generation_import - Generation - Other renewable_t-120min,0.00083620499282938,0.0007469244012094975,0.0015090630023064477,0.0013163122939786262,0.001055787896253605,0.0005334532275969935,0.0007354597178136828,0.0004088225500245244,0.001042250376473021,0.0005813427665300423,0.0012573233125760055,0.000456517335697896,0.000612387625381416,0.000978152129532873,0.0004879935105907407
generation_import - Import - BA_t-120min,0.0013034690614437067,0.0014918381880324888,0.006795347640486625,0.0011556794485363753,0.0026378018138402694,0.010507592976900924,0.0012170729342669802,0.0012999289616648184,0.008775171921359287,0.0027034484861851523,0.00343276806190579,0.005422365903485115,0.0014716572003903822,0.003471570816989697,0.00427184040609427
generation - Solar - Actual Aggregated_t-120min,0.003636895487190486,0.008727123421424949,0.01093410150707632,0.006036073991737794,0.010091805105559615,0.007980177607457336,0.002134744944444719,0.007877763326821878,0.003577202542297073,0.0066300557641188786,0.007127052888215985,0.0028764220856410247,0.004690174917151126,0.0021089181946429107,0.0024159848180161135
temperature_mean_celsius_t-120min,0.002048130237716123,0.002559536785657656,0.002224863038012245,0.004614658749600494,0.0027430662480146567,0.00202889331405072,0.003053661880266759,0.001192089127390318,0.0022435534024750725,0.0034105665299512112,0.0017313584605057031,0.0026363832706581434,0.0025391391008981828,0.0016219372350924459,0.00568958835369267
generation - Geothermal - Actual Aggregated_t-120min,0.0017342666675122728,0.0018018254754547343,0.002566919110073286,0.0035851149949594403,0.0017799675081005262,0.0017186206545638924,0.004519285461865366,0.005095189728308469,0.003304347312918253,0.007291221644263715,0.006729203104972839,0.0012012936247747347,0.005022694861982018,0.00503019775589928,0.0014420511840298785
generation - Hydro Pumped Storage - Actual Aggregated_t-120min,0.00265660434342135,0.0020693290873650765,0.003948370588421312,0.002698861914246663,0.0035498359230987262,0.006415425876650261,0.0023034467876817642,0.0012627304379826967,0.004437891784255044,0.0014437995978732942,0.0026244216325462732,0.0023075328435443227,0.0008961959128691888,0.0009899276281671518,0.00282514864359473
generation_import - Generation - Waste_t-120min,0.0019523638811929232,0.0018475823199387378,0.004351378547067469,0.0008119612562913971,0.002667694522158854,0.0038979754980318832,0.0015907515770345526,0.002142467101890361,0.005026866337517277,0.002561261725932127,0.0013301318437172257,0.00606559705377731,0.0009072299843619476,0.0015423274210479576,0.002022297266826172
temperature_std_celsius_t-120min,0.0072703158105287,0.001925851760137448,0.002266219713187638,0.0017164834260038333,0.0036934850834697956,0.001792873996047092,0.004070127666389453,0.002247937479990469,0.0031979639403843974,0.0021300844672841775,0.0013908792470465415,0.0015557908110712616,0.0009077448754014767,0.0008976148611000099,0.0018773054942826093
generation - Biomass - Actual Aggregated_t-120min,0.002285557065419198,0.0014126786032375093,0.016295887963773566,0.0007208376677177455,0.00176401950889624,0.01113945688714739,0.0011515257701970115,0.0017092610416175377,0.010581778228592157,0.002495783469664275,0.003394647463093861,0.01051435270976799,0.0013351576451264009,0.002653540279166009,0.009541204462679162
generation_import - Generation - Fossil Oil_t-120min,0.0012876508673070929,0.0010258458806783892,0.0005333693061261329,0.0009232332135725301,0.0013875616716686637,0.000623447652964387,0.0009638512316741981,0.0006567435787937938,0.000661873937627206,0.0008497559124007239,0.0013538075149408541,0.0004474347865780146,0.001556096073356457,0.001014913190927473,0.0003544530927927099
generation - Hydro Water Reservoir - Actual Aggregated_t-120min,0.005698902524794903,0.0017272612761626079,0.007087490411991894,0.007538442649645731,0.005559473174529558,0.0067390265785853675,0.002385604179115035,0.008459441694926682,0.005993092555647309,0.0011164614408512535,0.005645135602087976,0.001827358866247323,0.0014635421590392071,0.0021825042497675895,0.0018479624270921703
generation - Fossil Hard coal - Actual Aggregated_t-120min,0.003641161718085641,0.0036542896704340818,0.0034712434494390434,0.0021871699051902167,0.0018432394535675485,0.002718417325657356,0.003796765762977884,0.004361547571654228,0.00358916368010955,0.003359116247447673,0.001545216215887649,0.0023943992586719105,0.0017291677249304486,0.002106921890571357,0.0018425350797024293
generation_import - Generation - Hydro Pumped Storage_t-120min,0.002324663056031568,0.004314810427953489,0.0031544232461974387,0.0017220470872593978,0.0032915752290282397,0.002919389029035301,0.0015726235377069315,0.005301515389233827,0.004396223118621947,0.0012873101753925766,0.0040213933603372425,0.0020870697604786982,0.001405364442473001,0.002480163862419431,0.0009970798764052232
generation_import - Generation - Hydro Water Reservoir_t-105min,0.0036316760885708845,0.004040732888793173,0.009754926662439175,0.003997037219573031,0.0034666468266650553,0.0046525139727691565,0.0020058567493476858,0.0017429783176250453,0.0022291874496921764,0.0022210619516184805,0.003390220775514308,0.002730749872488104,0.002459784322023552,0.0019010764953272883,0.0022341660072452215
generation_import - Import - SI_t-105min,0.002013621580595725,0.0008753479214321942,0.002003853209243971,0.0010946208211755676,0.0018658103140059268,0.00209348473127875,0.0009018561369084637,0.0019172450714177102,0.0021343677496178087,0.0013435705921724548,0.0010611162953665597,0.0020748693354798887,0.002133891461328858,0.0016090239219593058,0.0021443310408976687
import - HU_t-105min,0.0023421166049745353,0.0018810195418716375,0.014258711987731659,0.001538032263929381,0.0030119265555404126,0.012458708451296843,0.0023208781604596423,0.0033732293697403292,0.007242363531797309,0.0015789043991867402,0.0019131278235316245,0.009830233818319357,0.0009562614137262244,0.0010677346334642267,0.004665658222727416
generation_import - Import - HU_t-105min,0.002622677320418461,0.003167988409562895,0.01102865821058208,0.0039184737064221625,0.0031457761272813516,0.006649539027930587,0.00255203522920192,0.0026382911952769063,0.0037328238982390757,0.00087714136502791,0.0032595201347116924,0.003010299293049684,0.0014900057443066998,0.0011967957091546851,0.005967299335592543
generation - Other renewable - Actual Aggregated_t-105min,0.0013924946505176194,0.0018983877812653418,0.001840427400832482,0.0009337207246276194,0.001342679576368937,0.0015511060230160752,0.001058073786811292,0.0006969351638065291,0.0007006990921104261,0.000516594873466147,0.0009906172580576823,0.0006321339167993756,0.0008413078280382251,0.0005006375176963047,0.0010619745692338257
activated_balancing_energy_prices - Price_t-105min,0.0036564065663769723,0.002446344530724673,0.00247037786481269,0.002232697029633755,0.0028972109934375114,0.002038026928880754,0.0017500513599516124,0.0017639924474351573,0.0021200695557661506,0.0013764266215193857,0.000766750800537011,0.002857606500330803,0.001832793108529131,0.0012403113685822973,0.0014256164976272885
generation - Hydro Pumped Storage - Actual Consumption_t-105min,0.0011392550026575919,0.0017698215443233494,0.0030853423012458733,0.0013581452380411747,0.000855689465857722,0.002905763788108743,0.0008124774436879534,0.0007806954098990672,0.0015272103995907856,0.0005536509633997184,0.0006129938683740761,0.0012146240815018245,0.001588543924953342,0.0006134848222059191,0.002831953979590253
generation - Hydro Run-of-river and poundage - Actual Aggregated_t-105min,0.007325443946792802,0.002279454944711688,0.004149749070420625,0.0018247001516901945,0.0013407657276375176,0.009990126225020504,0.0018682733060622922,0.002556375622975793,0.0048460066297902815,0.0011199771880027925,0.001654649456650077,0.0041410099158565574,0.003739588154501689,0.0032375187580973943,0.0027943656835968797
generation_import - Generation - Hydro Run-of-river and poundage_t-105min,0.002346772905535545,0.0017416644596453352,0.004190810888670967,0.00214866670742731,0.0023192922399681492,0.0072418902738650105,0.0012892805814881286,0.0051888311127131605,0.006895230520225596,0.001550307152955611,0.003568957078276071,0.0023138339331908353,0.003110547704970486,0.0022460568742985174,0.0018359154136960568
generation_import - Generation - Solar_t-105min,0.002684167926192458,0.002192969351101283,0.011361872360284906,0.004748251682445698,0.0017265837744298552,0.0043192091401942885,0.00623575429975017,0.0015134460165454585,0.006671058257765253,0.004659255752765603,0.0025908856514927263,0.011657079886168504,0.005273391075048494,0.0019940305202917445,0.004440088825071143
generation - Fossil Gas - Actual Aggregated_t-105min,0.0032381544684694746,0.004200739632645309,0.002657631807218422,0.001593431312454527,0.0012377224514106048,0.005844320567586692,0.0010457903786991664,0.0031479285859568338,0.00698571431822711,0.001337395248173266,0.003442940292137791,0.007107741011419421,0.0013351490977431696,0.0015287744432025648,0.006239312801460983
import - sum_t-105min,0.0013056811103615473,0.0009529756050681045,0.007986576278116445,0.0016313478916008535,0.0016647762513337056,0.0049419716610971135,0.0009040453201414493,0.0010576706410024598,0.003141485295171151,0.0026830021189998663,0.0015978788994033834,0.0025675829121128116,0.0014621856406059805,0.0025150869533918014,0.005789475067955209
generation - Waste - Actual Aggregated_t-105min,0.0011217544906630792,0.0021444338173029678,0.0033412856515933525,0.0010827018850764034,0.003639952385355173,0.0021478072270328993,0.002015347983509855,0.0024109331416138956,0.0020854420108407795,0.002912413852613099,0.001250024859228688,0.0026081636182200326,0.0015548253205324727,0.001535165334254998,0.001842126756459038
generation_import - Import - sum_t-105min,0.00614870731703337,0.005629741077053041,0.010935271848979028,0.0048269863665784665,0.0058489010398407116,0.006606300471401482,0.004048227724037133,0.0029112893874207657,0.00195262938118492,0.0021544663730060165,0.003239562296342683,0.0019196477624609542,0.0025940990304006845,0.0023649180932283683,0.007769763014424825
generation_import - Generation - Fossil Hard coal_t-105min,0.001693320935165275,0.004208569896077279,0.01037950493444805,0.0020110839628619034,0.001978942837757131,0.008953170752094593,0.004596685949873063,0.0038007512485055484,0.009235145809594543,0.002338050919934176,0.0016761643281215583,0.00882916045881575,0.0020850342824360268,0.0015714849247776782,0.00868330731894821
import - SI_t-105min,0.0009020079002613954,0.0013730295313166608,0.007604774610179448,0.002755350621698426,0.001048077791050673,0.007419988053334237,0.0008344727791118203,0.001342471929941894,0.007716414553251979,0.002268319120288652,0.0011865933184103596,0.006190548092393783,0.0008002941085609337,0.0011861286249259138,0.005470388899809222
generation_import - Generation - Fossil Gas_t-105min,0.004092749012284912,0.006576153332322064,0.0035520605551046173,0.004501490879774792,0.006330455000774236,0.00507164818892852,0.0029614817598196054,0.0026030624182621976,0.006216507329045271,0.004062691403472854,0.003592577832248935,0.0018706131486233063,0.005197259290973306,0.004272466136644653,0.0016331316893979419
generation_import - Import - RS_t-105min,0.004955515669507804,0.005997350338107935,0.006760168164597417,0.004444016361638205,0.0028509568617737387,0.007933193377684802,0.004378884064266458,0.0009130509919120869,0.008807554412123863,0.00431982803716437,0.0059040033124419435,0.008308018020965391,0.0029178691348679424,0.003417611112439772,0.003993094908812054
generation_import - Generation - Wind Onshore_t-105min,0.0017408843972161775,0.0031440812411765366,0.018727447525514435,0.0009511928155632177,0.0013581215837034507,0.014560018630814738,0.0018763127888414602,0.0019683570805950693,0.01403389121980581,0.0048789862237908896,0.0023340746520326546,0.015027528655409697,0.0034701579765901444,0.0036092098463414005,0.015526209961477435
generation - Fossil Oil - Actual Aggregated_t-105min,0.00032007335177843286,0.0002986565829439769,0.0005764771776387078,0.0002950977480413712,0.00020747352486671388,0.0008976530423988151,0.0007644146563725371,0.000730625043607688,0.0006401765119176162,0.00025193737238255663,0.0008359120028324014,0.0004732280522592873,0.0005842062914180133,0.0002646224370593018,0.0010295302109443582
load - Actual Load_t-105min,0.004296692238804098,0.0029529914255720085,0.0063677543578196496,0.0040839268298577735,0.00550349328117045,0.005749847073886485,0.0037842404495122537,0.0036373356159110698,0.0027340447111305365,0.001344776412012834,0.002458144820579037,0.004229840745127149,0.0015683938909072594,0.003159532838326413,0.003578198547824286
generation_import - Generation - Biomass_t-105min,0.004171212161385484,0.0025526304761733626,0.01039812338695583,0.0014617543895046766,0.0017443095659084803,0.00887490333855385,0.0011452221969793755,0.0008452732589153413,0.00346738302026597,0.0015138712196953747,0.0013372145682569682,0.008890180682823485,0.0027432994755163236,0.0007007285789306934,0.00588523305306353
generation - Wind Onshore - Actual Aggregated_t-105min,0.002327560212888784,0.0038274441422499876,0.01023507613138645,0.0029086572167148004,0.001835730079457278,0.008383073122879068,0.002158000867195369,0.003907947545916613,0.009768321661860683,0.0035309880325912675,0.0012319826072452998,0.013066467433092158,0.0020080249519196514,0.0012771378059687776,0.007500350401343894
generation_import - Generation - Other renewable_t-105min,0.0006706675636637555,0.0008426068456655784,0.0016432808125719021,0.0005249830249949809,0.0006340826303237463,0.0013868575806238823,0.0009525403096995433,0.00031586334650023675,0.001425558899733005,0.001015842357775,0.0003774032107039602,0.0025905507477582434,0.0009488829773856651,0.0010075776684134326,0.0018471048040228197
generation_import - Import - BA_t-105min,0.0008965661761211266,0.0019420159479377618,0.0025774963355584078,0.0028086306472578145,0.002176106465785324,0.003139104040949519,0.0011811594767563633,0.005486510241026053,0.0065290792935743976,0.0024584788373322227,0.0009413089838802904,0.002482578324342285,0.0019461705190769861,0.002265352020197497,0.0031752263781195324
generation - Solar - Actual Aggregated_t-105min,0.011134414278554687,0.01811883068059251,0.019327168595202237,0.007533659174667264,0.00785382948644383,0.011055901554618686,0.0035624537014191447,0.0037428645896102355,0.012409036296718114,0.007856473933818052,0.0024012110262294187,0.010821770619179006,0.0019810958672568406,0.005499667006260097,0.006008167972971932
temperature_mean_celsius_t-105min,0.0017067006492861765,0.004116793320087709,0.005149421650145087,0.003952846659110037,0.005860360813789157,0.005079781033055042,0.0054521953662952,0.004448703559282876,0.004390734883229015,0.00476270849843786,0.004807148874104314,0.003314773986217915,0.0038393557837403023,0.003803761396263326,0.0034356405363214436
generation - Geothermal - Actual Aggregated_t-105min,0.0016771741632543354,0.0029685812351726783,0.0017924616191667155,0.0025282688970255547,0.0022107840614235103,0.0017291896659180565,0.003687608790991362,0.0033450261290417986,0.0018593116850806836,0.00342427158576902,0.004756436895346269,0.0030912583828067,0.001273525625735033,0.0017435260048750934,0.004339786402415485
generation - Hydro Pumped Storage - Actual Aggregated_t-105min,0.001198286514562369,0.0035048012868792284,0.005574956411375752,0.001050912811413582,0.001260403958797724,0.00830468306156945,0.001227938263071337,0.003168939765309915,0.0039161951386643065,0.0014862769837154701,0.0028501849899766965,0.0037337151451483806,0.001769093369336133,0.0009326492029313158,0.0035160593072123447
generation_import - Generation - Waste_t-105min,0.0024899778127655736,0.0014647493154652694,0.0024655108627557637,0.0016401053450390464,0.0010318617205371083,0.002443451082486547,0.0013118879724806902,0.001316764945499017,0.0023297217090556045,0.002410561954831337,0.0010868160802917828,0.002133058257884386,0.0010343984381615884,0.0011296851972205104,0.002633065105175774
temperature_std_celsius_t-105min,0.002410065063335651,0.0038969678206995013,0.002997788724736893,0.002261817030567272,0.0014778972120252547,0.002897010680817175,0.0020202794243157312,0.002045979642299699,0.003324009709624079,0.0029137101066000924,0.0010304168142479283,0.002568552447312868,0.004115545027403641,0.0028807437513751213,0.002584751254627918
generation - Biomass - Actual Aggregated_t-105min,0.0028058451047272685,0.002432724804515601,0.008336955643855618,0.0016175350543139756,0.001726696880100917,0.005991845267162716,0.001000720311002624,0.001062414639583494,0.005814827446300115,0.0012286660552817922,0.002062257692156436,0.005891625798583846,0.00167865084080222,0.0010961916824653599,0.0029404871241190448
generation_import - Generation - Fossil Oil_t-105min,0.0005993500721838245,0.0003386967956516855,0.001935300659719246,0.00047939365901390827,0.00023799294035057984,0.0016209800236501905,0.00025965669504762447,0.00025582807072817103,0.0011353766339157118,0.0003741239479086289,0.00023517817326629143,0.001542978152850992,0.0007165384072577581,0.0002800941476853183,0.0009784402988912008
generation - Hydro Water Reservoir - Actual Aggregated_t-105min,0.0026556265102290126,0.0017069128728335271,0.004320518229293157,0.0030757334928985074,0.0010911409353049635,0.004140554991256067,0.00126989329289421,0.0011288856924397805,0.007724303761052567,0.0030434067313983705,0.0013182602808496995,0.008317136226432922,0.0014425084193819089,0.002759194638541885,0.008789036295811002
generation - Fossil Hard coal - Actual Aggregated_t-105min,0.001741239434613817,0.0014405233215420594,0.00708572198721231,0.0014078689567668333,0.0077182491285493595,0.00990177020750707,0.004637497728283051,0.0015041124234707014,0.007368255234207027,0.0009093685145908239,0.004385523135468247,0.008103770080291724,0.0017197977162850292,0.004212411682645325,0.0030833567363006296
generation_import - Generation - Hydro Pumped Storage_t-105min,0.003357006769045256,0.002530244637047872,0.0052877150323656676,0.0026116262710129375,0.004701768119819462,0.002509851965352027,0.003170038270065561,0.004070610470022075,0.001876135451238042,0.0038026727003743874,0.0043568838756764304,0.0012558248354484932,0.002754865992581472,0.004242486172530335,0.003938467993233644
generation_import - Generation - Hydro Water Reservoir_t-90min,0.0023758967151272826,0.002265385651539873,0.003106284036855868,0.0014393684648081014,0.0019695132525248482,0.0025198423474466834,0.001925387525838687,0.004144548979820683,0.002422243403588254,0.003789171264125116,0.004800242606299435,0.0019002683237622478,0.0065989915878381,0.0029603907023226838,0.0014319646873161673
generation_import - Import - SI_t-90min,0.002567021331151409,0.0016517288953118623,0.002045349188920227,0.003122026554459353,0.0014899962140170829,0.0014024091330138617,0.0013462098085183242,0.0020355643831971976,0.0015932615679748777,0.003132610559658133,0.0019977630952107573,0.0012830789209838259,0.006335681865509287,0.0016627484783120962,0.0013455756356561324
import - HU_t-90min,0.003716685177403633,0.003729043599871147,0.004992331295934719,0.0031090196796285455,0.004311541760809633,0.0025801256321810796,0.0011630202291657951,0.0013729996161303574,0.0029313659577655925,0.003139567230526154,0.004235448396294487,0.003492208380024749,0.0012482733518802433,0.0015065618020198598,0.002334412849184446
generation_import - Import - HU_t-90min,0.0017425913733659399,0.00258659785649229,0.003331096332942252,0.001690479348151726,0.001053756880890205,0.00489127590859789,0.001967071189094895,0.0010495994849607085,0.002707602525368202,0.0012904387542425867,0.0023805450053783943,0.002116314128047634,0.0032238083224619915,0.0035539978680590137,0.001529182783468059
generation - Other renewable - Actual Aggregated_t-90min,0.0007751837759719819,0.0006009102375123803,0.0017612352852056574,0.0007817461086015101,0.0006314569125306661,0.0016635757162493973,0.0011271105472915224,0.0011494834916156832,0.0013854664573518677,0.0011151452840349521,0.0013176344189269002,0.0014571443482432186,0.000702086200893973,0.0008214536179793867,0.001428079131857885
activated_balancing_energy_prices - Price_t-90min,0.00177367449812823,0.0007700449671460774,0.0021786064054909,0.0006003016563471419,0.0006013847611661731,0.001919103699668085,0.0012843125383101323,0.0005576427770406554,0.0031719112746964127,0.0008263038148937767,0.0019651676802805015,0.0036919296624400885,0.0012980659459608432,0.0010182669510768391,0.0018826503245709318
generation - Hydro Pumped Storage - Actual Consumption_t-90min,0.0014642676883959212,0.0013494796591803607,0.0017843604431336643,0.002321814556373283,0.0012967627078569422,0.0021922899968139973,0.0008319076413990842,0.0006359240894977347,0.002513651075561938,0.0007798973181215843,0.0010800688451217866,0.0012267514856607704,0.0008040677149454609,0.002112271713122027,0.0011496437536274299
generation - Hydro Run-of-river and poundage - Actual Aggregated_t-90min,0.0017902643687193632,0.005696981542267167,0.008588643109513214,0.0015932241919590525,0.0015333835737483242,0.0036699311356485397,0.002794124628667305,0.0027460200014083965,0.005264542416798576,0.0031462091225675976,0.0026847829860198544,0.007590183613538102,0.003757741304057163,0.002098340879649129,0.004339935958796559
generation_import - Generation - Hydro Run-of-river and poundage_t-90min,0.004468952246301342,0.00198341719891323,0.004452188725238102,0.004355422217822706,0.0066852839295443115,0.00528127280073295,0.003430243786040137,0.003252292645522175,0.004440760577930632,0.001327872702521745,0.0026708371964614345,0.004692820375021256,0.006094219177239424,0.002093474794958638,0.005557786937496332
generation_import - Generation - Solar_t-90min,0.004398711309739156,0.004465101649859207,0.011431044488093903,0.003334866891391357,0.005418055713471403,0.008333406948013362,0.0036988398307512397,0.002607116873211453,0.009836321272974602,0.002765041513264805,0.003396050472250664,0.004010098076288614,0.002360545871859358,0.003511302341582393,0.008133032469620957
generation - Fossil Gas - Actual Aggregated_t-90min,0.0054756815203768384,0.0014956599869988168,0.0052862243765112,0.004221582831247361,0.004528799222578528,0.003483981877592669,0.0019850516178839825,0.0027040337135563275,0.0018163061774675953,0.0023430648216185546,0.004866549937312811,0.0017178372069483884,0.0028922574570016193,0.0016854603384624624,0.0021277236445337165
import - sum_t-90min,0.0052510421022325315,0.004604935865474545,0.010060910979313121,0.007932577871401008,0.006704763799624743,0.011158545877406141,0.007068485338269966,0.00287931146554547,0.009018474401993444,0.0038626928161786507,0.00459086800419027,0.006433443929854548,0.0017874541293405172,0.00504815645129699,0.006629656243261706
generation - Waste - Actual Aggregated_t-90min,0.0013550443143067242,0.0014854718957158183,0.0035552522790430886,0.0014200785353573621,0.0015545718828557256,0.002789543632276036,0.0020545561796143376,0.0021312525903558707,0.003494372000603562,0.005252966672123875,0.0037470223683958464,0.002076561134002077,0.0012330741231880893,0.0037494720111171773,0.0022208499795378883
generation_import - Import - sum_t-90min,0.001480473224682555,0.001168173478309768,0.0036087309036702208,0.001411082220377466,0.001688079234144766,0.0018699772826873868,0.0019819002005372114,0.003770572891082793,0.0018780585081531172,0.0015470007014725979,0.0015361673433146165,0.002131589292674221,0.0026276782246354743,0.0009859653636904112,0.002218648620315662
generation_import - Generation - Fossil Hard coal_t-90min,0.001640602693765686,0.006491308422457223,0.0073030277894959,0.00256149249590635,0.0030718591766417374,0.008064788532501553,0.004137996648383705,0.0016472260055707011,0.005101182226573656,0.0023914826424834244,0.004485336834535701,0.005478390311674957,0.004213320309121627,0.0031287456401259987,0.009437694159096281
import - SI_t-90min,0.0014978657079436743,0.0017387124918996051,0.0035721602152298144,0.0010025972930807257,0.002421138255187543,0.00362611806745349,0.0010722688564610507,0.0036072181566305516,0.0027633483349036396,0.0029373244490379876,0.004858381220485171,0.0033369281857276293,0.0010345005772292098,0.004334791102993222,0.002308006713982536
generation_import - Generation - Fossil Gas_t-90min,0.003803663042577682,0.00638577291025581,0.0036159471697428673,0.0023545456392421327,0.002071864123443447,0.0023950450020365677,0.0031403860919117506,0.001887757649420564,0.003371806567636668,0.0012784545839249404,0.0021628292388986667,0.0025676910895417676,0.00206292964469867,0.002451732547603797,0.0038818102721975265
generation_import - Import - RS_t-90min,0.001994586262406301,0.0011432500850273755,0.0025777741248448364,0.0014855228952594644,0.0019610042336189507,0.0023228849769091086,0.0012518230654022773,0.0006858007409345533,0.004247723683975892,0.0009696955856552449,0.0012253219061440176,0.00241527152258368,0.0028054541651945327,0.002318036656542972,0.002207160910239509
generation_import - Generation - Wind Onshore_t-90min,0.0014954573817167328,0.0013712861238454935,0.021000109503282148,0.002085665485530626,0.0011970146085786837,0.015793315372378856,0.0018937706393280678,0.0010710626141169541,0.014197296094105695,0.002475511240878404,0.003875099056496765,0.012263143090662197,0.0021449942462465365,0.0010371195650193386,0.010040128639018804
generation - Fossil Oil - Actual Aggregated_t-90min,0.0005000041042169415,0.0003270494780426816,0.0005098678415608902,0.0005713024372216751,0.0002937211056951128,0.0007409634723503587,0.00040658694043281687,0.0007054899275899516,0.0009896469908107974,0.0006249772888877488,0.0004880430015827528,0.0005925903672300592,0.00018632641646701133,0.00034252125621105734,0.0005527892862143062
load - Actual Load_t-90min,0.003227878354164204,0.0035973658853163215,0.004022237892986596,0.004581200305679886,0.004783704359888361,0.00247494680593627,0.0024761708804966246,0.0015078350326803048,0.0024704981572974704,0.0016728686095220837,0.003116044512959888,0.0016526137383973492,0.001152273069737248,0.002997932567704993,0.0021414645867021136
generation_import - Generation - Biomass_t-90min,0.0015756613839544116,0.001956912828134449,0.0033328172645524317,0.0018120505010824671,0.0012779637272642504,0.0019202223993579537,0.0018995731015211278,0.0015734609220370431,0.0023699358893845782,0.0015230734093420325,0.0032380565688508796,0.0030242810829586232,0.0015277770327529652,0.0017229017721583659,0.0029834544367295167
generation - Wind Onshore - Actual Aggregated_t-90min,0.004317996009898934,0.003687228252591012,0.009315358511499653,0.0016375607474992649,0.002267995877959038,0.010151706713229942,0.002027325124559866,0.0017915015334656345,0.00903836524215103,0.0014700127718845124,0.001488874355200295,0.010433153570484138,0.0011688573410809796,0.00149333004588334,0.008488847790916226
generation_import - Generation - Other renewable_t-90min,0.0007552856267236621,0.0013726857599690447,0.002768728910035861,0.0012682349765900654,0.0006400730398852375,0.0017387225163329276,0.0008198439892745668,0.001470665585007282,0.0026917863061353274,0.0003645042087326128,0.0005018421505328661,0.0016960021008580952,0.00044749563777395454,0.0004580002131783658,0.0012005191237306008
generation_import - Import - BA_t-90min,0.002545931431797726,0.004631430970519432,0.00624941894445692,0.0025506577777632627,0.005123259449850593,0.002799343617719387,0.003960670074402515,0.006854158335583634,0.002768732750182153,0.003069868210688583,0.0016459515267811184,0.003811234186146066,0.0030609730996657165,0.003684628043716657,0.0034993455048552276
generation - Solar - Actual Aggregated_t-90min,0.004991373459677561,0.00313048518904543,0.030687743998947553,0.0017220544336792045,0.0027042247478584612,0.01950714482573676,0.0023764378082076973,0.003657309235237335,0.020783026637422153,0.0016744414773866084,0.001700861867317144,0.018740177276427857,0.002620213502315437,0.004093450368390222,0.018596619373944124
temperature_mean_celsius_t-90min,0.002015447892487657,0.0034707137900322777,0.008265581584474603,0.000991119044795596,0.001453224196749943,0.007329587187620746,0.0017456334835278824,0.002262272955289518,0.005393430907341895,0.0009187915463239733,0.000980060726609736,0.0047217839676650325,0.0024688129874029983,0.002071687339576556,0.0054876345672837485
generation - Geothermal - Actual Aggregated_t-90min,0.0019683111736812863,0.0009905239872159655,0.0036941886943968713,0.0018761219723546674,0.003089467140438501,0.003285473438732879,0.0021985679171048103,0.004182093519717455,0.0032104020318747643,0.002360837681131784,0.0045322983129881325,0.004040164783393266,0.001208137999784867,0.0006231476735620163,0.0011998325372933323
generation - Hydro Pumped Storage - Actual Aggregated_t-90min,0.0019666379812915695,0.0032318914592833607,0.011791573741007597,0.0026244858717136593,0.0017509053921057785,0.011373217395157554,0.0007540720764045545,0.0014006847082232525,0.009060378319758457,0.002392076453777918,0.002128032646545762,0.009738591431290843,0.0032389329494180857,0.00518389623449184,0.008657204107337748
generation_import - Generation - Waste_t-90min,0.0018801407503269728,0.0012109469817564787,0.0038091261173312887,0.0012078263550320116,0.0016521639859258812,0.0030910188472098527,0.003380475154095393,0.0017830844390891798,0.005533633750132139,0.0034732114303451453,0.0007774625259630739,0.003883403668363144,0.0012794872081703943,0.002880509607062777,0.0025212438561613626
temperature_std_celsius_t-90min,0.0017368460872526157,0.003116893093647377,0.004196311024434181,0.00450581755924668,0.005600773523636235,0.0037125508596327563,0.0031221580965575414,0.006882134559098631,0.002666613471232267,0.004329614568763645,0.0060303528117874525,0.0020315675202405145,0.00383192378521926,0.0025953020822637425,0.0034109465080491646
generation - Biomass - Actual Aggregated_t-90min,0.0010119612976814097,0.001394078685067143,0.004502825043472967,0.0009505825239502883,0.000780162698141794,0.004967997377883876,0.0007585523733923765,0.000743958240269535,0.0030502952280348837,0.0014114559186723455,0.000713641173899532,0.0035847797651905465,0.0009897712859954027,0.0028235837152669773,0.003876239744294253
generation_import - Generation - Fossil Oil_t-90min,0.00046443675877185344,0.0010974137613375206,0.0005776338957982716,0.0002259228810547711,0.0002105191256051171,0.0004927324925661196,0.0004989398978495956,0.0010576608805567956,0.0007064506173749301,0.0004862787294914597,0.0016697737673530355,0.00031823577152661196,0.0005997483880892105,0.0005188728178504789,0.0005356041554871354
generation - Hydro Water Reservoir - Actual Aggregated_t-90min,0.001563949100222544,0.00177460254735297,0.014157373693400586,0.0008426472054954957,0.0015150788276109778,0.006820835024202097,0.0011339972013074658,0.0011347788618176083,0.005834281982555694,0.0017245853368500548,0.0023044493593060906,0.003102761051930429,0.0014684325205826098,0.0011652078153485945,0.004048724080514148
generation - Fossil Hard coal - Actual Aggregated_t-90min,0.0018665175931564591,0.0032501745573554216,0.004330925910061524,0.001140666891852561,0.0017513795651943837,0.008315681184074492,0.002102296249186111,0.0015053824803690076,0.0049571802300024505,0.0014357621246854251,0.0017832621157203904,0.003030932377586737,0.0013751297930430155,0.0069046854814514514,0.002300757215400495
generation_import - Generation - Hydro Pumped Storage_t-90min,0.001762071791946255,0.0019054505783506102,0.0040324082655715755,0.0013767713896706937,0.0009062713904525026,0.004876931227860041,0.001089189927494658,0.000700790061326643,0.0037033286141813734,0.0007097848560985654,0.001043376282955478,0.003153725309239235,0.0009954229014313115,0.0009841828044282578,0.003469823675637599
generation_import - Generation - Hydro Water Reservoir_t-75min,0.0013187395334981601,0.002277563903835471,0.010595170326443621,0.004285918515928642,0.0013561533230549685,0.008839205270600359,0.002296089800323898,0.003119474390812684,0.00819789912680426,0.0037778099285765165,0.006956302652251906,0.0037062092482137814,0.001273055195827851,0.0009410062597389697,0.0017772669316073006
generation_import - Import - SI_t-75min,0.004655643111860627,0.0018985088456956874,0.005896748715931608,0.0029350390837801113,0.004453497260750737,0.00579723086259969,0.0014318180831069185,0.0022951310576761444,0.00454308060958283,0.001167645229068512,0.0036178109052948455,0.0055015815427232155,0.0018115760714092631,0.002607924885999182,0.0037593726293707734
import - HU_t-75min,0.003765800164130269,0.0014125638120067378,0.001939643453552435,0.002245915689279627,0.0028205820118291742,0.002782864207885723,0.003109503374158521,0.001725942892958301,0.0039018424372711706,0.0025373504164630275,0.00350744777906948,0.002248815665790062,0.0028125483384533255,0.0016716645693531972,0.001932002430751254
generation_import - Import - HU_t-75min,0.0017672742649911014,0.0009917914051360411,0.017495034559542547,0.0009601991292520325,0.002597973755926148,0.011077609844513062,0.005022336758695019,0.0028648966430922657,0.007891082101872598,0.0008898868751136888,0.0024255234167585515,0.004764500565720482,0.002956123509418603,0.00132724105444413,0.008715087972959737
generation - Other renewable - Actual Aggregated_t-75min,0.0005273132830384383,0.0006223411724640755,0.0029139397485805603,0.0004305795603054321,0.0009268662129852601,0.0012642707760605846,0.00038176510472669634,0.0003441332585206638,0.0007292830717968854,0.0005816989301083595,0.0006830698865924205,0.0014677402388124392,0.0006744875788864419,0.000554939054749866,0.0017569189309324428
activated_balancing_energy_prices - Price_t-75min,0.001079669659613046,0.0009276753709818877,0.002853569519629673,0.0010282635903172378,0.0010161361686415943,0.0016841128470769036,0.0015412033584743768,0.0009915198955131928,0.0021761818523270905,0.0008738038425937793,0.0019077162965331809,0.001346422438880836,0.001205865027467553,0.0010168315954450407,0.001696250471723829
generation - Hydro Pumped Storage - Actual Consumption_t-75min,0.0008889776053624701,0.0017714173810672946,0.0031059791077586853,0.0018321741081599612,0.0006130955609601188,0.0027861628426286986,0.0013429197317877878,0.0008445261461729387,0.003112896944022481,0.0008810741850456907,0.0009451730970176869,0.0015838721227578389,0.0013414170390847176,0.0014427691406035592,0.0012723574497272238
generation - Hydro Run-of-river and poundage - Actual Aggregated_t-75min,0.001534514515754381,0.005741199068190326,0.004781850830437179,0.0020546629623258922,0.002612269610348449,0.006019875557881733,0.0016262608351871677,0.0020982184204676744,0.006314610240659021,0.0031705695617205267,0.0022614362797503417,0.007701645948710393,0.0016259155529593271,0.002670549983566161,0.005935500724113809
generation_import - Generation - Hydro Run-of-river and poundage_t-75min,0.002673624008991368,0.0010284451901393368,0.0028342946052366644,0.002176211323386269,0.0025774651919555254,0.00919940298061556,0.0019361203318981096,0.002620183268923938,0.012497304659460497,0.0013135047535270132,0.0060255479162688065,0.0064541353678505406,0.0017522521644841617,0.001384482019391271,0.0030682682028445925
generation_import - Generation - Solar_t-75min,0.007595884240738798,0.004248640663519836,0.004775349532380574,0.006869609278237476,0.008923491001332422,0.006269994697056973,0.010203571431629825,0.006084225591942186,0.0057570044913409215,0.0034213159010741947,0.006356152178905177,0.003535085191060716,0.0036777261216702755,0.003094733131648127,0.004246477799951208
generation - Fossil Gas - Actual Aggregated_t-75min,0.0055188578694178436,0.0016846697594182843,0.0023939616921288404,0.0015646501247214247,0.003217015063229155,0.0026255801705374325,0.002208191787726264,0.0022194172062982034,0.002218698982025671,0.003607904457176119,0.0020695678733777642,0.0016976391556955263,0.0008866974482914429,0.001478773585871295,0.00238572817720069
import - sum_t-75min,0.005680093906431012,0.006543797357840958,0.008748216604331218,0.0044947099220735256,0.00352771277190223,0.005917606433414221,0.004315508975567354,0.001997722475612875,0.008462520055893038,0.004574039585255377,0.004393668585911541,0.003605620776475007,0.0020377565027974924,0.003422253107615688,0.0018364095221768367
generation - Waste - Actual Aggregated_t-75min,0.0017890734731972771,0.001374844322514491,0.0028402631305198154,0.001413941890707747,0.0023508141617603544,0.0027326143788850457,0.000891121660999488,0.0016030978722194505,0.0032490971490278754,0.0010339103512844758,0.001034877138423326,0.0033622483026665576,0.001012904201812944,0.002200083526817707,0.0024229558233498667
generation_import - Import - sum_t-75min,0.0012509279920856784,0.0014489241543697061,0.008507038046780508,0.001715822010557531,0.0035621680957983698,0.009542033129830088,0.0015882585075612497,0.00506237729966233,0.004195768070129153,0.0016493399857135955,0.0018290818006707922,0.0048002925013315685,0.0012900391892376318,0.003477001334981651,0.007955796303192982
generation_import - Generation - Fossil Hard coal_t-75min,0.0014743712795757347,0.004563173586051562,0.0030148012815358243,0.0013603785800041805,0.00410360261786991,0.0019973391914827514,0.0012699142144383586,0.002214664686422566,0.0033990204918573,0.002983347250992665,0.00478871173785592,0.0031830441216922052,0.003301144513585314,0.0012419386163217041,0.0032765100423057447
import - SI_t-75min,0.0037965420447453654,0.0013670184775641588,0.01619078065305075,0.0011869253640843453,0.001225924999622066,0.013003733217061381,0.0013749057091445138,0.0012857499145393376,0.010090441708947765,0.0019135902733471823,0.0010873652118343672,0.005574892631109833,0.000859036790518644,0.0012966597286440448,0.00556503372276984
generation_import - Generation - Fossil Gas_t-75min,0.005567223489138996,0.0032736016614115897,0.008910810852000168,0.0011755483307379108,0.0011737060569192294,0.008636738714090824,0.0021670331003251705,0.0012025507957896195,0.008244526062295336,0.004552909355203155,0.0016180552190653544,0.008859308474173305,0.0008836957965006604,0.004200377267130534,0.002633801036244222
generation_import - Import - RS_t-75min,0.0011479606307203199,0.0010461194854060522,0.002699273824052398,0.0013680730365438194,0.0010217983650909446,0.0018636889229101143,0.0015167624345494915,0.004049321567013976,0.002085620563449993,0.0011204269383160864,0.0013646560831857642,0.0022207428465399063,0.0016792430563361905,0.0015342077619852716,0.0015475552678572058
generation_import - Generation - Wind Onshore_t-75min,0.005193145724841088,0.004117646504886352,0.01139731210233731,0.002406484156461374,0.004778037741190929,0.010283160656959807,0.0020891489766245285,0.003912822492016858,0.009898085885375621,0.0020007693983607167,0.0017748189756437113,0.010297749622171977,0.004351028635009016,0.004829617395502282,0.012758902596862754
generation - Fossil Oil - Actual Aggregated_t-75min,0.000557733331214699,0.0003676681574631857,0.0007740927876338901,0.0004735616728164587,0.0005375217671276005,0.0009773564555525809,0.0004627727731151481,0.00030506090369976846,0.0006051563664186688,0.0004665891717031201,0.0007829800968429481,0.0004936699394035031,0.000517254175591006,0.00041810689741578243,0.0007030813312835562
load - Actual Load_t-75min,0.0036033256231203267,0.0049806556931280286,0.007170348901240686,0.007065404189885157,0.006611690905676369,0.004939292396464225,0.0028483538354958,0.002393428907278576,0.004661136962030469,0.00256827140160226,0.004159724206729152,0.008159992639368284,0.001978350901998965,0.00370561913265783,0.007288903155713342
generation_import - Generation - Biomass_t-75min,0.0009711923996974292,0.0029747422892119177,0.004441387823680998,0.0008100068294811535,0.0026513828216951653,0.0046550761947728465,0.0011910810710637635,0.0038820577733145,0.0015565171625844415,0.0020297717602386456,0.002334369547192182,0.0016958765844065056,0.0036427300398622717,0.0023734655908208423,0.0017266290132429275
generation - Wind Onshore - Actual Aggregated_t-75min,0.004444339268829935,0.001141715790856324,0.0019375047897810874,0.005162095728686836,0.0033747811429097963,0.002278395203325999,0.0025523371289849594,0.005378068349706154,0.005234730876403773,0.0037893427337876346,0.004689690034079831,0.001914423158103091,0.005872797504817754,0.0029134774641947844,0.002000242953625275
generation_import - Generation - Other renewable_t-75min,0.00036653775008317656,0.0009810667340216241,0.00258176304995186,0.0009372726408137168,0.0007444486544090978,0.0018932661414730774,0.0007791134948120089,0.0005558136788915249,0.0014063434614708967,0.0005200813536230271,0.0009123846341340141,0.0017298132168571101,0.0008701559342507608,0.0004264826647747668,0.0013061423287081197
generation_import - Import - BA_t-75min,0.0016967589586633948,0.00484101804308375,0.009040612008291645,0.0019706665586054443,0.004751780382322977,0.00891740713269246,0.004420035444650011,0.004602578044985421,0.00450007476824976,0.005129817432043637,0.004167414214013661,0.008010615866442094,0.002949921872048435,0.0054324416851377465,0.005743270508646674
generation - Solar - Actual Aggregated_t-75min,0.0020707639699994616,0.0025590704237156386,0.010433195945166517,0.0018616774174861348,0.0034633911479451172,0.004597120899702645,0.002744083088318803,0.002542995498275559,0.004105077881315083,0.006216053790645674,0.0015865174922464575,0.005990387109476614,0.0018033047644512407,0.013453713801485719,0.007464031090641583
temperature_mean_celsius_t-75min,0.004317432610607284,0.0028619223184541626,0.006764817001516349,0.002242308331243294,0.0013299646271016173,0.010031386924113917,0.0033651184987566014,0.0017151669336838325,0.008661503501200058,0.0009248097140612117,0.0014491563395438334,0.008349477984254918,0.0010983789869865178,0.001792189119549448,0.006777877205597179
generation - Geothermal - Actual Aggregated_t-75min,0.002031099730522328,0.0012030664891112793,0.003774078400041617,0.0016207002965566062,0.0017760456800465362,0.0024899123796967614,0.0024391701085332896,0.0029551975041686093,0.0045806919070078035,0.0010333472952420378,0.002683724091592012,0.0035714094721261062,0.0024549253542209045,0.002038677996959905,0.0021940902821640973
generation - Hydro Pumped Storage - Actual Aggregated_t-75min,0.0043017714020097625,0.0017159951514944395,0.010071060810238123,0.005141459308797494,0.0012243135931921643,0.005622202183498302,0.0038866829006874467,0.002430361895173519,0.005636469206699985,0.0031130690585559934,0.0022093303750698396,0.005950624624965713,0.001046153412613421,0.0012406965058830793,0.005750932639843086
generation_import - Generation - Waste_t-75min,0.0017173518878103096,0.002320608459647701,0.0030411511654690458,0.0010443617898285994,0.0017979853619322058,0.0026302458385507634,0.0013293677634933375,0.0030964834173901183,0.005142880903596961,0.003705681122749411,0.0011751763332486008,0.0029547248482297162,0.002177770065924051,0.001125648054134217,0.004931464573604899
temperature_std_celsius_t-75min,0.001225896591669425,0.0012931802345265168,0.007194519027030765,0.0012840675765813784,0.0013212052883409342,0.004808662306741099,0.001085667628779504,0.0009832802036057729,0.0028771475097162237,0.002234252187234315,0.0012008877234482042,0.0028340561046406947,0.0022667771280332543,0.0016222449802390884,0.004062007455584535
generation - Biomass - Actual Aggregated_t-75min,0.00407173915452222,0.002666542225336343,0.0024149691544284907,0.0037526643012206476,0.0015174441476083302,0.002643039013195448,0.0016399705434714633,0.0012474931717606523,0.003793110920030813,0.0015962843411125504,0.0020878985076687967,0.002699743349979599,0.0017330465236736928,0.0015680795103385208,0.0013125259880391695
generation_import - Generation - Fossil Oil_t-75min,0.0012330766898812726,0.0005486916174380667,0.0010204897435742168,0.0007661601930085453,0.00026091471617269233,0.0005520302134777921,0.0015703825989039615,0.00021569582683389398,0.0005249532709949563,0.00037085305395709154,0.0008232396350067575,0.0007365156253131318,0.00019805169044479954,0.0003872898876497857,0.0012133362513050087
generation - Hydro Water Reservoir - Actual Aggregated_t-75min,0.003983663161178584,0.0012488677153257867,0.00301463361461424,0.0011414183030110507,0.001879519649308122,0.003487134362992947,0.005414184730136185,0.003018281552276676,0.003079819750859315,0.002464443515790663,0.0011470672910309076,0.0034887994754299145,0.0018859774978582208,0.002459785426892154,0.0026480179644040617
generation - Fossil Hard coal - Actual Aggregated_t-75min,0.0017327163243699034,0.001988078895414219,0.0024253366410995625,0.0015777530217887944,0.001451264013839136,0.002067892958455559,0.0015050901387821795,0.0031598183323012564,0.002568505616560287,0.001391972305946183,0.0019177688593154016,0.002329850360782075,0.004793015897201258,0.0018771981739155307,0.0039283928296463275
generation_import - Generation - Hydro Pumped Storage_t-75min,0.0009298363506959504,0.001342656491321577,0.009634028947446496,0.001568932511290768,0.0014740108625337597,0.0064857150369789455,0.0009569077417640983,0.000901855959706154,0.002679050301555435,0.000852396290909553,0.0008597666257139736,0.00480613428511424,0.0010613869823073402,0.0006009149052523526,0.006738190750591457
generation_import - Generation - Hydro Water Reservoir_t-60min,0.005245867775258375,0.0028852523562491114,0.0044928741371832075,0.003814051286131871,0.0015704020410275915,0.002856234722514273,0.0015007666465462536,0.0018400819548737672,0.0019639700455300045,0.0014083794385487637,0.0012993399799690905,0.002252087929638037,0.0011005619885020223,0.003017676672365724,0.003834600445072738
generation_import - Import - SI_t-60min,0.0013079442941608477,0.003069781042025397,0.0026788713945461494,0.0011641763487168647,0.001150097291836346,0.004726861568917229,0.0018980990267045855,0.0009414730491971568,0.004077720136308926,0.002349530021195278,0.0011524614718896374,0.0017764613931940403,0.0029744932198789227,0.0020625448286580193,0.0026322521362234282
import - HU_t-60min,0.006576997607678095,0.003582652429055088,0.01787596085901532,0.00576021726378076,0.006311690278502283,0.016188920569227775,0.005134633767344895,0.0010744742646675149,0.011415526556385884,0.0039624508508968575,0.003927511033912197,0.00692994124033612,0.002022114939465382,0.00456494079123513,0.013373704241337691
generation_import - Import - HU_t-60min,0.002220580629083088,0.004232174478675006,0.02041869041973405,0.0032074329649749416,0.002314092664680061,0.017246561011765152,0.0009702074747198708,0.001541345833754349,0.014577876463910797,0.0011047364102300889,0.0019083569077520224,0.010423557455240826,0.004390685582095102,0.0016482183015850752,0.012365053102397723
generation - Other renewable - Actual Aggregated_t-60min,0.0013519124906542857,0.001086256676298035,0.002129968705761712,0.0012212483750408864,0.0005000727569693026,0.0011409206600137623,0.0010172574803364114,0.000538750347452492,0.0006510241389565863,0.0004132718130531714,0.0007156094697533035,0.0017561572715740113,0.0012784807909556547,0.0016631568676311872,0.0020445243488866256
activated_balancing_energy_prices - Price_t-60min,0.0020865668365640886,0.001505009072652001,0.0022725118106250194,0.001792975478358585,0.0024698397067363658,0.0019401876241843183,0.001220218437954827,0.0011736978773592454,0.0016587302234875097,0.0020754133323243875,0.0008672931339515344,0.0014287486923476535,0.0009053115157543629,0.0025687665396958437,0.0027689738608586935
generation - Hydro Pumped Storage - Actual Consumption_t-60min,0.002647350291197654,0.0017631189953244758,0.0015254446162171007,0.000614908362861442,0.0010126867953399597,0.0013875093006627708,0.0005367389732236916,0.0010491602888266698,0.0011080071517859552,0.0029339597690850494,0.0007408864411808054,0.003476909601013176,0.0011994808696617837,0.0011450226113506688,0.0010617986021452452
generation - Hydro Run-of-river and poundage - Actual Aggregated_t-60min,0.0022148615168903233,0.0020483535972580283,0.006876565618007589,0.0014655631684072433,0.00230968771893663,0.006243195452965665,0.001536965038771541,0.0017496030263314992,0.00672769785319258,0.0013054887920300048,0.0030875806397757514,0.002405973236547652,0.002584917843259973,0.002490099472228394,0.0032538782550059295
generation_import - Generation - Hydro Run-of-river and poundage_t-60min,0.005539499305374193,0.006487904275674737,0.009241920605199993,0.0036614657808563605,0.004170294768548047,0.012928759676806295,0.004877882271704948,0.002589057136909105,0.007937437443339149,0.001956502809500819,0.00166500122239745,0.0057385468312750165,0.0021623978945854105,0.0022745572648943833,0.006508764858079303
generation_import - Generation - Solar_t-60min,0.002217995416501708,0.004150976020073358,0.004086278811942975,0.006957099666629801,0.006539218733494636,0.007362038426242179,0.0038683116024476475,0.0061664419024982636,0.011900202387187165,0.005046796320213616,0.0037705601332850163,0.0033018476318273995,0.005119749056193541,0.001828382563703599,0.0063230735291836026
generation - Fossil Gas - Actual Aggregated_t-60min,0.004850487570556652,0.004227834263292607,0.003169303450029929,0.005354689809933916,0.0047730246696446555,0.003717594782843662,0.006061017102570986,0.0013413514932311727,0.003233127845598574,0.003983387787369793,0.004904745090469078,0.0024285335275753823,0.0035816571897958056,0.004014331397049318,0.0027425953787605976
import - sum_t-60min,0.005474973787177078,0.007133953366268543,0.007326699877885403,0.004953788680279104,0.008508990541362437,0.005698497561881595,0.004896253050578708,0.006004740554490126,0.005100951134601928,0.0044154869962876545,0.006539545826075482,0.008110040829543209,0.008446010488092725,0.004920640161371012,0.006070223829251518
generation - Waste - Actual Aggregated_t-60min,0.003142536863753776,0.001464951890407974,0.0024035109232081594,0.001536034269826814,0.002253567578845832,0.0033828863501466915,0.0016079334653604747,0.001162479422563024,0.0020287875651979446,0.002283622524066459,0.0015940925666295697,0.002126790956832792,0.0010123631614028454,0.0026243448295754208,0.0025837375567371056
generation_import - Import - sum_t-60min,0.0026429094804734632,0.004229170558188116,0.005010002218783484,0.001696846440153422,0.001982567676882354,0.00360814859559332,0.0013253553310552419,0.003842263788170385,0.004411718124231811,0.0025759998262640236,0.0021087263716303823,0.0023569076247470094,0.00288142863689518,0.0016606901220743565,0.00213943294751607
generation_import - Generation - Fossil Hard coal_t-60min,0.0011081744978100687,0.0011652149170731719,0.0060193673733592735,0.0012859861178721986,0.0016303281126765796,0.0064854338990116955,0.0021114611816738034,0.0018032366121956329,0.009173804825200933,0.003737415329380383,0.00218621690368218,0.005885951094856864,0.006101439695048612,0.0026366086581547277,0.002339137320089321
import - SI_t-60min,0.0043673271798743375,0.0040787795586259105,0.0031627722003349846,0.00515862925698093,0.002097769454833724,0.0023953047059658275,0.0028750610481074546,0.004203357739381318,0.004580580307392665,0.001711538157911491,0.005313569190511771,0.00498490976069661,0.0010125127321148283,0.0023614080943116277,0.0017058550049341647
generation_import - Generation - Fossil Gas_t-60min,0.0022530087036029727,0.0040521760013598395,0.006115668425351032,0.003286471755792263,0.004386542439622644,0.0026107660125194343,0.004555358642872306,0.001204480487662522,0.0027951206869815904,0.004297246759662812,0.003395656677608713,0.002833103091633234,0.00346237470509368,0.008822388629125044,0.008094768885582198
generation_import - Import - RS_t-60min,0.002683361229866023,0.005411674848284747,0.0029838932103248227,0.004651327444455092,0.0011337358311341178,0.002780762291629799,0.0021092585344686084,0.0012792341733872945,0.002001308389753831,0.0019260103845267621,0.0012885577499978354,0.002860884256062491,0.0008128952717770517,0.0028403189706132253,0.001786817112466906
generation_import - Generation - Wind Onshore_t-60min,0.004903842616622569,0.006559317983646906,0.019329394787456294,0.00367802329859569,0.003867424191838836,0.014917424290535565,0.002635191824976573,0.001682849304568208,0.01119833786864183,0.00208478780721407,0.0023430686403485765,0.010100235887482996,0.0026538142665540362,0.002032339465820428,0.012740005861571263
generation - Fossil Oil - Actual Aggregated_t-60min,0.00037547127233983704,0.0004238150680083379,0.000684058076307565,0.000532934312972884,0.0005927612550590311,0.00047068186257547494,0.000491911418593645,0.00104057010104043,0.0006994497137502549,0.00043148546033927457,0.0005357157201824521,0.0004652406902682742,0.00035064113137536876,0.0002538737573942171,0.0003920279219753748
load - Actual Load_t-60min,0.00312219823524282,0.0018073845941871695,0.00505123413245424,0.004791634158972556,0.004398595203350851,0.0018212429069785685,0.004714558587057581,0.004838707424712993,0.004515852231028475,0.002367938699536808,0.003743538310414806,0.002463586568951314,0.0022445721730864534,0.0020408808315703483,0.0036855826648807123
generation_import - Generation - Biomass_t-60min,0.0030020150291766184,0.004200572066347377,0.010318924093387978,0.00424483569844324,0.0008211141984938876,0.008667473446850637,0.0037200023815757957,0.0034344890171490476,0.011781626410054742,0.0007176880025469927,0.0035865436102249077,0.008052175359771353,0.001455625057636098,0.0019329637565224402,0.0064884191975324934
generation - Wind Onshore - Actual Aggregated_t-60min,0.0039889973790104135,0.0024074512708878045,0.02084671562146832,0.005106237252380879,0.0025223349279297623,0.007903566125620274,0.00510401279441794,0.0030887821567375795,0.008825517207438679,0.0034570713732318837,0.0012808042726801432,0.006557794699159785,0.00149991221967025,0.00217309638073948,0.008286498154484434
generation_import - Generation - Other renewable_t-60min,0.0006919585157120309,0.0007901483294259605,0.0012089607673633508,0.0005704588069276042,0.000761937647635932,0.000815964528540917,0.0006637155655470508,0.0008967789805710708,0.0011017603346963369,0.0012409949716093252,0.000640940444624448,0.001003545249086983,0.001905862415325828,0.0016022185779720531,0.0009293186324225645
generation_import - Import - BA_t-60min,0.005693297948077088,0.0037298802854538733,0.006271953889357974,0.0022145256565418094,0.0014405015035531506,0.003007167633351855,0.0012306412017724143,0.0032651043801508878,0.0025246934012864556,0.002177451460819384,0.0034067880761867856,0.005726875442567689,0.002149124854078309,0.004744433780015243,0.01249587907968089
generation - Solar - Actual Aggregated_t-60min,0.001989145032728629,0.004057492703826938,0.004782651494507263,0.004548304717144777,0.0024164580099904926,0.008795792912769685,0.0036132802084375727,0.00643251458920713,0.0029576614064717433,0.003043431161568151,0.002191026960017098,0.005083616708968293,0.0019574717123787195,0.00693436498148003,0.006225092333529119
temperature_mean_celsius_t-60min,0.002608415242619685,0.0014398105951236176,0.005282217584826867,0.004262058721980793,0.0028567174169820647,0.005010872457727601,0.0010934828596393799,0.001225975364728356,0.004229253587993299,0.001326401435245316,0.001155951912049204,0.004573805982599879,0.0011127684260624218,0.002261547323803825,0.007569519262498943
generation - Geothermal - Actual Aggregated_t-60min,0.0024684893417870626,0.0010056972174572252,0.006661108140076976,0.0036290982018690556,0.003384517211583443,0.006472032060439233,0.004487438172101975,0.004065677955280989,0.005545494393387343,0.0030688634200487287,0.0009144235486228353,0.0036177735566125194,0.0015502026344183832,0.002664694603474345,0.0015545274901014635
generation - Hydro Pumped Storage - Actual Aggregated_t-60min,0.004190975751494989,0.0047666398820001635,0.006461882406116274,0.00596641857130453,0.006365231493720785,0.0075485275262617505,0.006237653785850852,0.005437376970890909,0.004416205217461539,0.002180914069973369,0.0012202706701054922,0.0045727545436636775,0.0041597141982056204,0.0021822582833392517,0.003790333541073778
generation_import - Generation - Waste_t-60min,0.002672104786062846,0.0023855613903759547,0.005026547741439572,0.0016918599719517714,0.0016108456839392601,0.0028311997602013432,0.001833949201708947,0.0012840826336941974,0.003766730858167648,0.001749952687350742,0.0032630117492371937,0.006082577374039829,0.0011103245603756022,0.001181156884599659,0.0026549068001177146
temperature_std_celsius_t-60min,0.0033112852590420514,0.004464794422623072,0.0036645148048446573,0.0010300832004722907,0.0043074628955873774,0.002634572855575243,0.0057143737803344264,0.0067631522624069474,0.005386806514434283,0.005108291586910127,0.0056603270129962765,0.005025948997688829,0.0055133049159485385,0.005665091854476487,0.001986172738728783
generation - Biomass - Actual Aggregated_t-60min,0.002568749145837501,0.0015675937866053574,0.004641197704484511,0.0008042027852329739,0.002445848518843377,0.0029460545244583045,0.0011622493507657055,0.0023543491533537233,0.003374079687914218,0.002574535733770517,0.0015883703686542852,0.0017126756622205903,0.00385720539976046,0.0012360424647285982,0.004964309143048013
generation_import - Generation - Fossil Oil_t-60min,0.0006763929657518019,0.0010345356824400368,0.0011256724715240124,0.000724597312108017,0.0013533796295523643,0.0011788537068601955,0.0010756861397530884,0.0002926680940859114,0.0008498725136360008,0.0005578193095461757,0.0005964054124560789,0.0005664856155027564,0.00028923012703239694,0.001617162152309902,0.0005454445250416029
generation - Hydro Water Reservoir - Actual Aggregated_t-60min,0.0014018359441788561,0.001447136728276746,0.004340766527171582,0.0012024691142260052,0.0009459584925707532,0.0034422326959361272,0.0011354389817860237,0.0014061586723905749,0.0022971038814721396,0.001891399441665044,0.0019918023719926624,0.0017685214283606001,0.0018801486367387953,0.0012258292240217088,0.001651768722182169
generation - Fossil Hard coal - Actual Aggregated_t-60min,0.001684897608871779,0.0014809027304308984,0.018298114679753782,0.0014729464146935242,0.001615319485448552,0.017219904545694588,0.0018362868434805932,0.0022531269248570423,0.016587585591245443,0.002556296642713278,0.0021275277307995564,0.013379623194225133,0.0014643539559124291,0.0023449688504897496,0.008765733656939119
generation_import - Generation - Hydro Pumped Storage_t-60min,0.001861243911753263,0.0030814198230436885,0.011386639205738902,0.0011543449027892052,0.0019227827394024644,0.00823945670388639,0.0015698419207274127,0.0011767060079814656,0.007410922125913203,0.0009093452926726968,0.0021898420690267813,0.00448350951260636,0.0009457738958915343,0.000738757756799032,0.004645428426912986
generation_import - Generation - Hydro Water Reservoir_t-45min,0.005753747913426196,0.004919357452257828,0.003300875956348136,0.0020280058879632266,0.0018183049379561,0.002256433763614041,0.002839994427784859,0.0013986683435859959,0.0019217211818722717,0.0011113344360777547,0.0010272761143617828,0.006087380369277525,0.0016304601901565548,0.000927677162296817,0.004492884809900716
generation_import - Import - SI_t-45min,0.0007184216092243502,0.0018479830555937723,0.002009769670889,0.0009165566157830654,0.0014371942635348204,0.005647620341194852,0.0010203180434423303,0.0007616631339217293,0.005222046933733509,0.0015200796991530297,0.001048004506201778,0.004502073599594951,0.002080606509991412,0.0023629009481463755,0.0022936162844971477
import - HU_t-45min,0.003506953481646292,0.00621078372797092,0.0031010034662231193,0.005251909974707814,0.005577159533223494,0.0016695064555019598,0.0027496983374771843,0.003345145502804826,0.002564583915357389,0.00251308631935197,0.005334276813129691,0.003855731840918452,0.0018777271652402306,0.003271339942580198,0.0028766689465055608
generation_import - Import - HU_t-45min,0.0028443585581026127,0.003173934715505311,0.0046853796833075875,0.001278099494273988,0.0008458352342433955,0.0024403507032367314,0.0013313633753582507,0.004204091079863361,0.0023115894526181363,0.004429682743941157,0.0017147124930570498,0.0027722586478685115,0.0013365348645411358,0.001739798036758657,0.0022602342554610003
generation - Other renewable - Actual Aggregated_t-45min,0.0006172694096248961,0.0012469253158578794,0.001601787696541578,0.0010464392450937794,0.001035792207583654,0.0018339480280992575,0.0005695927029009908,0.0010981287205086118,0.001760638942827427,0.000819907117669274,0.0008589028807934014,0.0009644394793867832,0.001455081746151336,0.0005893909535980128,0.0009390823760750209
activated_balancing_energy_prices - Price_t-45min,0.002332550630820606,0.002008648944373249,0.0018662949200088405,0.002439895013580099,0.002344816833732693,0.0015692168536529606,0.0026965851656550513,0.003004227116551192,0.0016881905504610587,0.0016727417822376936,0.002228404217043135,0.0016126406858641075,0.0009767067523889636,0.0028996300519884242,0.0012687584852563987
generation - Hydro Pumped Storage - Actual Consumption_t-45min,0.0011242027217494978,0.0022318512530473526,0.0026655669646843305,0.00043607756001028976,0.0004951782307381337,0.00265795724232521,0.0005322795018051352,0.002061482650577091,0.0024654715534852584,0.0012958517464103352,0.0007582245249318476,0.0027556850491637307,0.002153654050955083,0.0014150743514619534,0.0021841833015296287
generation - Hydro Run-of-river and poundage - Actual Aggregated_t-45min,0.0035862398462159035,0.0029849170320921984,0.014028034467846168,0.0012071735616053729,0.001537162404111541,0.014851493797817967,0.0014754393546645588,0.004147767901911721,0.00838406107443734,0.003477070593231474,0.004585402438337042,0.012659079908698913,0.001598578392618947,0.002860978513130249,0.008094881347547926
generation_import - Generation - Hydro Run-of-river and poundage_t-45min,0.0020818368015727627,0.0012836310822276573,0.0022419840683141957,0.0027837744606986235,0.001610523454432041,0.00277897818098063,0.004029682106434848,0.003733205159456503,0.0026445232596124697,0.0034334584732787334,0.002473761951484448,0.0020645314560863424,0.001922896946965693,0.0015447393630192892,0.0042055764709093635
generation_import - Generation - Solar_t-45min,0.008081525411869734,0.010344303521123947,0.021235381604230497,0.008685252042307183,0.004229472148213972,0.013694032091474583,0.008284835600469706,0.0050060516588782775,0.003320684790351606,0.0016950442965603543,0.0015446540424227352,0.004370427372280574,0.00403914870092558,0.003357900763525322,0.005984912773698397
generation - Fossil Gas - Actual Aggregated_t-45min,0.0044045974126147485,0.004428270435522336,0.010456491520602866,0.003339026530877163,0.0025961597950808937,0.0073932090018461166,0.004016466947184653,0.0027093236057294232,0.0029650557397703776,0.003042627439358057,0.0034605720119507168,0.0035739642641819955,0.004554852748311532,0.0025150583058530175,0.002133805089327325
import - sum_t-45min,0.001981845092917865,0.0022880162024348466,0.003452927155467478,0.0013466035547717184,0.002865884965081932,0.0017394149182123329,0.001103612646510328,0.001001005944120152,0.00195676761058985,0.0015739363962470633,0.002292693823775153,0.0018619835715933278,0.0012693186408030215,0.0012282689263865905,0.006391959239059134
generation - Waste - Actual Aggregated_t-45min,0.004019041145278607,0.0050444499126024315,0.003211564429526334,0.00625371848900977,0.0026234443486901,0.002275920966150352,0.0007215719979417372,0.0023724377280304907,0.0020566406400685084,0.0021030938350031646,0.0010953735199194625,0.001407216803135725,0.0013218494302225281,0.0013095414736694693,0.002241581633208625
generation_import - Import - sum_t-45min,0.0024872788738339296,0.0016803045211336212,0.002096207007477233,0.00553669193116275,0.001168379723056205,0.004856655904633726,0.002318215933432839,0.0016356036171882805,0.010025896730579234,0.0014397931722363638,0.003036166785361047,0.009698996933380841,0.0014661293371309512,0.0011111893365759898,0.0019653390427072284
generation_import - Generation - Fossil Hard coal_t-45min,0.0017646868170722882,0.0021398263956816663,0.006008447575006358,0.0013462546963705791,0.001127861824710635,0.00402168554755599,0.0017485117373291813,0.0024829412591616347,0.005556857125964597,0.003823581967211794,0.0035613083517964696,0.0034406792971940375,0.008014518628478982,0.00567848713643616,0.002768134559646569
import - SI_t-45min,0.0021180255297549595,0.0011738473101527234,0.009492756664927583,0.0015886926270814,0.0036384597262076566,0.0063009306402855144,0.0017759954890348695,0.0013858178532877902,0.005015592981888403,0.0021335834939499136,0.003564629442167643,0.004962017526413547,0.002773947296388542,0.0012028585288494469,0.0037218373768396307
generation_import - Generation - Fossil Gas_t-45min,0.005401239854723826,0.0028713480763253754,0.004918576455633229,0.005132023147190921,0.004775721301841259,0.0038213118115562566,0.001457130398227946,0.00324856739097595,0.004674948800953644,0.0016384324062933048,0.0017189965154111634,0.003376350823415578,0.003883477638410625,0.001321333316316668,0.003930734046811267
generation_import - Import - RS_t-45min,0.001723908045682947,0.000898170069288426,0.0028903604178121896,0.0009754808875859453,0.0012400155829154756,0.002012803022047933,0.0038331002378617996,0.0014379591593838086,0.0022714520005597478,0.001070532958693775,0.001186814097189199,0.0032410623694922834,0.0018525698625844597,0.006375287207454676,0.0020343632412750594
generation_import - Generation - Wind Onshore_t-45min,0.0030224969585078724,0.003507742749226054,0.005524360820381844,0.005135771841613632,0.004568136876471726,0.0048587039504491255,0.0020132661719330825,0.0018256377321731634,0.0034082958102499106,0.0029561190575968796,0.0016971355630066682,0.002482264920896341,0.0014672222131966919,0.001598867890197539,0.002541101271453044
generation - Fossil Oil - Actual Aggregated_t-45min,0.000475577329339103,0.0008829192903940566,0.0008756076512661366,0.00041839535143571994,0.00048204875547480696,0.0007377857380724038,0.0006453726922229066,0.0006956315917195752,0.0007961719000959419,0.0006519144561160601,0.00040131843377113794,0.0004320540872368639,0.00035228299811819854,0.00033342812925445743,0.0005861417656233243
load - Actual Load_t-45min,0.0014837899675567315,0.0015965191544050868,0.019556775936696795,0.001975378228335103,0.0012067633228116392,0.017916076758810958,0.001648224701181789,0.0010897931003301551,0.015392114441907325,0.0011491748631697193,0.0008411328515680908,0.014749235025803501,0.0017151081118897764,0.0014287338269080862,0.011882118159992388
generation_import - Generation - Biomass_t-45min,0.0007745133880184767,0.0012523182774457381,0.0025552793725964877,0.00218069721137806,0.0009919553221794785,0.0033326464251667858,0.0013457242576287172,0.0028548503296988203,0.004184573715489023,0.0026856403121491893,0.0010012320448994742,0.0033720269558580184,0.0018971126374840424,0.0008165673344733477,0.001554517132584806
generation - Wind Onshore - Actual Aggregated_t-45min,0.004947212919423691,0.003228572128444739,0.006412347905195929,0.005228508243118995,0.001570978190801725,0.008813903689479048,0.001236635289435526,0.0017016546634884583,0.004789173782142825,0.0009644056390816331,0.0026626037127480233,0.007125286974478513,0.00200735053870676,0.003425165663707048,0.007268327813657947
generation_import - Generation - Other renewable_t-45min,0.0008862860207036647,0.0008832727709486506,0.0007980253341602293,0.0005913655965887301,0.0013325862320943997,0.0010403658361175872,0.0014359193700871629,0.0008732565531227011,0.0006982239375033715,0.0010840314104898425,0.001279205131488652,0.0014615863140218152,0.000559413538712306,0.0011003505039847141,0.0007552946489354326
generation_import - Import - BA_t-45min,0.0012513663424297192,0.004011679918388836,0.003972237198016955,0.0014599878917069874,0.0029131208452090503,0.0027515143696621182,0.0013287901793992206,0.0039011604023253313,0.0017921798055494946,0.0024032668374879902,0.0015979396351301603,0.0021343322222851383,0.0009181143952705497,0.0018424859129754622,0.007688674536737381
generation - Solar - Actual Aggregated_t-45min,0.005477292638330255,0.010164924312302901,0.04092689079960837,0.006053372231050161,0.0023044805736456057,0.030874670454664736,0.004153923580574201,0.007143949434594106,0.021018235413932416,0.0024303639361187377,0.00196441141511923,0.019954956108063925,0.006563176947300235,0.007862577726759355,0.022205135130818236
temperature_mean_celsius_t-45min,0.0033795048877791486,0.002887222246343299,0.008889413311848329,0.0010646789708666801,0.0018682340966847733,0.005877979393342684,0.001622005408066343,0.001138931627601778,0.0051139377706495,0.0015644701346845978,0.0018527462769952763,0.004977243331559293,0.0015086854871224204,0.0012683687552416814,0.005313410946773729
generation - Geothermal - Actual Aggregated_t-45min,0.0023214027111616814,0.005049219116102904,0.003034919499525131,0.0016064433012215886,0.0037379930079914627,0.0022426287084799696,0.004105782495578751,0.0011551078825056038,0.0018454052290089748,0.002606135092675686,0.002093028038787452,0.0027142204756978572,0.0032587459525784653,0.0038208978793845745,0.001852421575498738
generation - Hydro Pumped Storage - Actual Aggregated_t-45min,0.0019771704456488805,0.0017470164627829945,0.006326635658333544,0.0008914869389953423,0.0010318173530502008,0.0077258829011116175,0.0015662878955081396,0.002241811983250955,0.006052865080433548,0.0007003794711614599,0.0020688532099466103,0.00953902300237678,0.0011821807869214353,0.0023039882568555185,0.006591980062425137
generation_import - Generation - Waste_t-45min,0.0024018224511692097,0.0043442278526490555,0.0038704880050281646,0.0018270438554703788,0.0038457959443912843,0.002863651068670151,0.0034932396968360992,0.0018965720547566888,0.004367385210714474,0.0028498111448498095,0.003246368718449958,0.0025749127721119295,0.0020166118253255264,0.0022429344484580726,0.004115991268205107
temperature_std_celsius_t-45min,0.0015333824925469345,0.002512729890357491,0.001953927829396889,0.0014696090978314942,0.00133527021459156,0.001968708330100981,0.0013032491417366144,0.0013459475141223151,0.001968131449858447,0.0011672141668034328,0.0014727134243765932,0.002479328258668602,0.0012120419399170713,0.0013417561598153044,0.0014978025269008412
generation - Biomass - Actual Aggregated_t-45min,0.0008990541628222672,0.002487162916421539,0.004900513770758152,0.002207244230984543,0.0009489765871821873,0.003473808913080575,0.0014894767481919188,0.0010136279624825876,0.004198186734568935,0.0018628854304160996,0.0011848360705944288,0.004724392334785989,0.0026462178399942787,0.0009821340611798064,0.005952094328626117
generation_import - Generation - Fossil Oil_t-45min,0.00033116683910637334,0.0005326250485450146,0.0004309437862884806,0.0009979528445692267,0.0006860300391199417,0.0005059355701407639,0.0002410482123102611,0.00044812808578029715,0.0005048579344132804,0.0003214577349900765,0.00041307796771326366,0.00039669949742369683,0.0003626155084153879,0.00022586375780042544,0.00034480935747085794
generation - Hydro Water Reservoir - Actual Aggregated_t-45min,0.0029442189947458245,0.0024734809465277296,0.01012663883121786,0.0022828931436415585,0.005225783870131636,0.006702621025193366,0.0027296177792068194,0.0027586607208522763,0.009712642071332085,0.0015373406977039394,0.0010134115555069912,0.010897739783802535,0.0014427856551064906,0.0013029848522128303,0.009095543349307263
generation - Fossil Hard coal - Actual Aggregated_t-45min,0.004997555429930798,0.003975288350480696,0.012821469627786427,0.003197105352296603,0.003270464638827434,0.011752232667524367,0.005314337867166614,0.005204884126316756,0.012450509157497435,0.003703879629527364,0.0031551278141268993,0.005461904660420259,0.00452988448817996,0.002651349056439358,0.005872321410504582
generation_import - Generation - Hydro Pumped Storage_t-45min,0.0022068635737668954,0.001933800766018976,0.011536936716642231,0.0031462434469722213,0.0032889871810330078,0.0068826948039932175,0.001964916494706813,0.003583688469603658,0.00344808437406391,0.0013960242216635433,0.0019197726550046355,0.004388831541552463,0.0023367483535112117,0.0015070082233651192,0.007427768282825127
generation_import - Generation - Hydro Water Reservoir_t-30min,0.0024896513043058377,0.0020474546255682072,0.012229871546838694,0.0010067127973125026,0.0017103353323523153,0.01630918865935382,0.0008658320873973934,0.0007983373243259848,0.010654267543097376,0.0013442602233615162,0.004013533602885218,0.010079219996354367,0.0016211122978484127,0.0010315811272275824,0.008771159615833312
generation_import - Import - SI_t-30min,0.0036007347067225056,0.0012342187762751564,0.002141803388565677,0.0021519910386580817,0.004202362448137137,0.0025924601661618,0.003666878722862748,0.0021281390057715727,0.0018092792049992567,0.002524484248996089,0.0037570045339489298,0.001631792039057018,0.0028964136515533027,0.002437410885553845,0.0015054710565789264
import - HU_t-30min,0.0013938049189723641,0.0010505493570562975,0.003987350326555997,0.001373126059979427,0.0015348017779144242,0.0044023007149107795,0.002371854346787586,0.003113092006061862,0.004524380326156461,0.0028447286742175493,0.004602332827642385,0.0034945149289571874,0.001182060772372438,0.0039433042010277855,0.003385944868397928
generation_import - Import - HU_t-30min,0.0033875542394760033,0.0027783986474962568,0.005450509127167606,0.0016291713528717082,0.0011292406467557612,0.003999549722746451,0.0008364467551018606,0.002159323829577261,0.0017242667914852063,0.002166376528150863,0.0015818486212089056,0.002158406617514174,0.0019356711198033735,0.0017085482559906352,0.0020292287990760086
generation - Other renewable - Actual Aggregated_t-30min,0.0013655521449873048,0.001196757091784093,0.0013364796312175713,0.000958829302093136,0.00056103249458684,0.001070120461839906,0.002243365166710646,0.00048692601621019095,0.0023713581301817613,0.0007446191279168488,0.0004666502312953753,0.0031162264706217683,0.0008792225882152707,0.0004699427147586448,0.0012858527973294259
activated_balancing_energy_prices - Price_t-30min,0.004326047752852901,0.003285197544901166,0.0017589002028889809,0.003351265985305872,0.0038891789781955594,0.0015981174462995113,0.002642477227273503,0.0029244872699381403,0.002913072372738952,0.0024636938947314776,0.0026577267650309297,0.0015996528262794526,0.0015647130904699225,0.0010461823074072072,0.0012217089044931982
generation - Hydro Pumped Storage - Actual Consumption_t-30min,0.0010868367485636554,0.0010392967280735662,0.0041659035102784405,0.0008680073585163654,0.0010885642892921226,0.002182629496533991,0.0018179337160254363,0.001002781594879707,0.0014160221695765358,0.0015792457055140404,0.0006267158743362416,0.002888636965362821,0.0032120207461994142,0.002333116864261683,0.0034852688214887166
generation - Hydro Run-of-river and poundage - Actual Aggregated_t-30min,0.004997885771666916,0.004451611030870481,0.013983393822258222,0.0032635828654771332,0.005445394799682617,0.008627118005602825,0.005104832717647696,0.00177862918826213,0.006935860703140861,0.0015447339278103175,0.0029020672212027422,0.004745505438819237,0.0024038162512370034,0.0014950303867335606,0.0066122304847935996
generation_import - Generation - Hydro Run-of-river and poundage_t-30min,0.004916190428242771,0.003080126307444516,0.004062916006952037,0.007581911498633417,0.003443968033143392,0.002279971522062169,0.005148665070742936,0.003035784858907391,0.003134431628875973,0.006247125660371239,0.002123971557462937,0.002808655451710365,0.00555460693060013,0.004670129359265957,0.004115935313409863
generation_import - Generation - Solar_t-30min,0.005314076557979206,0.004842222940106694,0.009606557157493626,0.006353701635234756,0.010807024376554182,0.010427788185708636,0.004714649991379702,0.0027925533236625596,0.006502853707936992,0.006383058514214141,0.007873192296454362,0.0036515765363146786,0.004100202451780206,0.005032970136518998,0.003841198112758775
generation - Fossil Gas - Actual Aggregated_t-30min,0.004789469139079301,0.00496176995538724,0.014017508912158519,0.0016946789031819095,0.0010053824355068172,0.011949768252809008,0.0009041380246599147,0.001780288138202195,0.01317296864772652,0.0020565971755411284,0.001377266329660415,0.011218684918077997,0.004590721473563463,0.001071384171824775,0.007312746453862928
import - sum_t-30min,0.0013192482032123962,0.0014862524610500714,0.005218404824916433,0.00251493343763741,0.0012149824327251579,0.003453988059416588,0.0012061737018561872,0.0010853019670328194,0.0033807050234308917,0.0012311146589602231,0.0008793321115808794,0.004474861075897934,0.0016263892128572479,0.001101360949337959,0.006006756302273061
generation - Waste - Actual Aggregated_t-30min,0.001275074192426473,0.002114615943748504,0.0036664792981537177,0.00255860305436363,0.0010234632489373326,0.002315894693543214,0.0008089346098690839,0.0011770325541938292,0.003240068979736009,0.0015760385090434284,0.001584142386046551,0.0025017166799325423,0.0042718322130967865,0.0021633909784623028,0.0021401794550620253
generation_import - Import - sum_t-30min,0.0021621912331211204,0.004867709945619708,0.01146128678579862,0.0014256277666227107,0.0013108653517283529,0.00492497003677272,0.00117108388518227,0.0016667962009119038,0.008431035129574297,0.002919347554930937,0.0021219150879916242,0.006900105635833825,0.0020851637514084018,0.001575552026839887,0.005958540827254183
generation_import - Generation - Fossil Hard coal_t-30min,0.0031105159530127368,0.0029124874096364693,0.007717942687540926,0.0016251156172675109,0.002383925200869271,0.007988306994666345,0.003796729599693208,0.00226334464455865,0.012413281125016511,0.0018514768852310225,0.0026379729759146357,0.0066119962436496284,0.006110161902033724,0.0030202858812099294,0.006581854572628799
import - SI_t-30min,0.0022053557909730444,0.0012125711703874912,0.0019090663706751911,0.001524502876036422,0.0012965187588822999,0.0014929344034028417,0.0012072336584274127,0.0015924286918543658,0.0017085619111486495,0.0014586281310912455,0.002405537031643689,0.001445935934048066,0.0015344260516676513,0.002105421965761707,0.001680180635963552
generation_import - Generation - Fossil Gas_t-30min,0.002523353210423011,0.0010828671108984054,0.007404406023839329,0.0010235712611108738,0.0012600363556830416,0.0049711288354646966,0.0032868754469053555,0.0013582361413120338,0.011343087809716962,0.0009695628466122344,0.0012997818100357393,0.00679632063812096,0.0024820652014543045,0.0016481776533642004,0.006058262254695365
generation_import - Import - RS_t-30min,0.004461034291027318,0.00487444858494564,0.0026493809086500734,0.0011597726234649599,0.0030113989761921403,0.0018728420696361354,0.0016587537093982973,0.0017904324117935175,0.0027877922353800387,0.0020208553334887256,0.0008474459433761013,0.0016406160208455277,0.0014066487548239444,0.004627397010804998,0.0017609071435131228
generation_import - Generation - Wind Onshore_t-30min,0.0010573195847153442,0.0033893896051376943,0.003502990094419239,0.003008714925592358,0.0041466801996211874,0.005296442436081634,0.0014913684782366942,0.0013036335002370833,0.0023988874512979237,0.0019745002468844176,0.0012798768954871776,0.0019634484256783936,0.003054969762353721,0.0010170524845425461,0.002403247181193137
generation - Fossil Oil - Actual Aggregated_t-30min,0.00027367834552671864,0.0005191244252523575,0.0007061055543472321,0.00023292190323030937,0.0009446967171970755,0.0007759937747730418,0.00026476297612680356,0.0002875300567307022,0.0006976885560316077,0.0002289383522616504,0.0008576089826819953,0.0005953884070805486,0.0005087452870998276,0.00019158760564801013,0.0012317935678875073
load - Actual Load_t-30min,0.002348402753728806,0.00459647957107154,0.011266166319144759,0.0031834800406268186,0.0018144856811973112,0.011636705756016453,0.0011931793866624503,0.0013715748393183275,0.014130787668640551,0.00092050877280235,0.001157157529971755,0.005014333345128762,0.0011165637094472914,0.0020062126452615983,0.0035966653991940803
generation_import - Generation - Biomass_t-30min,0.0020613415147986416,0.0011536051467130619,0.001965703614667973,0.0014402037866067872,0.0011898116531214669,0.0022315026031246815,0.0008569121542932408,0.001817972008319515,0.0013730489649369701,0.0013816397088103258,0.0010298345787200561,0.001677308925236048,0.0017705378608491174,0.0019146169727710003,0.0009230889621595679
generation - Wind Onshore - Actual Aggregated_t-30min,0.002855209739786915,0.00539841937971687,0.010628399734501727,0.003333939408970764,0.0023039698689826765,0.01006209350390418,0.0020455599616307153,0.0028456411404476968,0.014427654872299172,0.002971406577660673,0.002958408793921535,0.011517404179045116,0.004553728598022644,0.0012947449108339697,0.012171712300740182
generation_import - Generation - Other renewable_t-30min,0.0010419248891612369,0.0009511115325585706,0.001159717269468274,0.0016014682669374452,0.0012896418989002995,0.0011628985481693234,0.0011815937347955695,0.0006748151043341011,0.001345069020716437,0.00039626711972880457,0.0007947617701975105,0.0007229079049275243,0.0004993424419374151,0.0013234070822381908,0.0006310292330149423
generation_import - Import - BA_t-30min,0.004331334501883248,0.003633440454761967,0.002612476798502371,0.00241507021331563,0.005571381071858923,0.0025228960901386016,0.003043029622218455,0.002435378770210264,0.004533382243381652,0.0031541731320030523,0.0019810474237588094,0.0046796972252541305,0.000836253468043914,0.004078209268418505,0.0018831780984955913
generation - Solar - Actual Aggregated_t-30min,0.002822636364157006,0.0029320769400419523,0.007920254888929775,0.0012185137106880575,0.0015630866272581443,0.0037990285091514123,0.0030710907558445795,0.0028583237250932145,0.005012909501880131,0.004672664912675827,0.006032328974359189,0.003885378211523857,0.006642722863961353,0.0013679336633223328,0.005449216329720002
temperature_mean_celsius_t-30min,0.004323704049214939,0.005384806359026697,0.018336717831844,0.005535850301504979,0.0015066797930599024,0.018066986181085667,0.0010699774944523596,0.004264135023155972,0.012065657481991366,0.0043150617410447015,0.004175895977186883,0.011741217528782726,0.00477746513042257,0.0034341672393929912,0.011753119642798992
generation - Geothermal - Actual Aggregated_t-30min,0.0075787123832851645,0.006505783840082586,0.002348567368016802,0.006581485129892826,0.006581536712590605,0.0014925757954288201,0.0031014944655544242,0.005373699737712741,0.0015053993348792573,0.006268148365430534,0.004347162512829527,0.004889369685726706,0.004520659019239247,0.004061113390198443,0.001192300467141422
generation - Hydro Pumped Storage - Actual Aggregated_t-30min,0.003813609680859372,0.0022134262357867557,0.005605137603211915,0.0030163463145145217,0.003499210618028883,0.008867188912290679,0.002060991340691544,0.002182476047242744,0.005354512569458166,0.001506939208534277,0.0015719032819361018,0.0039885167734505554,0.0013922760967027444,0.0023270515045255707,0.003892228214684792
generation_import - Generation - Waste_t-30min,0.0037828491247901184,0.0017605912160852312,0.0016393462527794327,0.0017946816266280622,0.0015235485842224534,0.0014478581946159466,0.0012452264145067602,0.0009646153397916351,0.0032931879009483966,0.001536502569240838,0.0016315188531464172,0.0014313534888060532,0.0017315207478136472,0.0020250166054074726,0.0014855564620793302
temperature_std_celsius_t-30min,0.00456591198275612,0.002195784745370474,0.008430330563442112,0.005498694087385956,0.003823625108307624,0.00324344574885572,0.0032993305832887928,0.0022936419679499523,0.003282207723137617,0.0008380222662203778,0.00254022105403601,0.002991411450480882,0.0023830176586575364,0.0023582393154010788,0.003450155838166211
generation - Biomass - Actual Aggregated_t-30min,0.0015893691019646212,0.0018046319575551024,0.006065474673856329,0.0010202242111292889,0.0012415636546515999,0.0030933848046788624,0.0010295920269336421,0.001079805141263705,0.002895155061193691,0.0015101719419708388,0.0007843438292892415,0.0020070543988158535,0.0010526009529025942,0.0014821387035544832,0.0019376027398666337
generation_import - Generation - Fossil Oil_t-30min,0.0009114903929512366,0.0006037658906088837,0.002658450893126428,0.00046994122093272495,0.000997132695905748,0.0015398428147600498,0.00031707935527059306,0.00030017787066981326,0.0007465141349804298,0.0006315742248484639,0.0003359476120514273,0.0016152696193894372,0.0002900378373904715,0.00034244526022530407,0.0008118123995145652
generation - Hydro Water Reservoir - Actual Aggregated_t-30min,0.0016267322331138985,0.002339664581699253,0.004737088791221822,0.003458790567729693,0.0010984574327956124,0.006852967428460034,0.004442254657597914,0.005742072206365265,0.005098256896316343,0.003056565446469904,0.003374787890382322,0.003316600969062165,0.0034741616794744913,0.0010433153498609045,0.0034080088483933652
generation - Fossil Hard coal - Actual Aggregated_t-30min,0.004010795076697832,0.0022977481508714846,0.005932292038762853,0.001465234721753859,0.001927269901114414,0.0054330333191865065,0.001504209873999571,0.0020234863729419886,0.003746495991048505,0.006271385781001299,0.0024252688670458157,0.005891700196560123,0.0028610109842834392,0.004326318011211697,0.005873743246939739
generation_import - Generation - Hydro Pumped Storage_t-30min,0.0026914562141755597,0.0029148645172826946,0.007302780746133067,0.0006432934437335688,0.003357595019158907,0.005532915978517849,0.0005263446216895318,0.0036781978578073905,0.006110261883935891,0.0015926350559875573,0.0017920626112895661,0.0072262393641285595,0.0030581089188344776,0.002343606242866372,0.005852939777716529
generation_import - Generation - Hydro Water Reservoir_t-15min,0.0024405376264603545,0.0037607156585509074,0.0034419973181393287,0.003063284599124927,0.001986110669982509,0.0043769476535740065,0.003766460572362121,0.004290116784141105,0.002807527906559585,0.0037548614613660903,0.002529478457619007,0.0028473160695443767,0.003106329165651914,0.0012851033817878488,0.00447950536999997
generation_import - Import - SI_t-15min,0.003356462234137325,0.0015434044089540748,0.005968489401922852,0.0013570957076717604,0.0016838337784702163,0.003914449364769098,0.002898872786114225,0.0009947359030527422,0.0025090406651652303,0.0023246175287913503,0.001104918533755722,0.003268558733831014,0.005445314409591446,0.0014671953145070802,0.0032140845030080526
import - HU_t-15min,0.002389273828043315,0.006126762146941474,0.0060618265357989,0.0014970915516005334,0.0027836710551255237,0.005440607024651399,0.004968490042667327,0.0017485044485874824,0.002687173458334101,0.0014611472180089322,0.0011817467450729283,0.004298105672304018,0.001254226459388633,0.004970682885343138,0.0046136973160494105
generation_import - Import - HU_t-15min,0.0031978687924947733,0.002826355176956895,0.01256211645559631,0.0033489589060277467,0.002995429317098001,0.007398706792228041,0.0028238083011447087,0.006073971883245349,0.008200520722599322,0.0012979076170699954,0.0017048937893905532,0.012943500549332384,0.0029826578882948523,0.0018675639254470298,0.01297881269986101
generation - Other renewable - Actual Aggregated_t-15min,0.0011895927179615456,0.0007798524863856073,0.0010381669153430267,0.0010338614791127298,0.000688917391605628,0.0004602642984044678,0.0010123971321938825,0.0005102047688609445,0.0011602164958749198,0.0007226717215751179,0.0011714019550927333,0.0005146954018407542,0.0008599708757230928,0.00042577396720662366,0.00042580143426823727
activated_balancing_energy_prices - Price_t-15min,0.005756482039625553,0.00744999763805481,0.0014429136215676408,0.006473157240349906,0.006767663980552243,0.0017350084438858175,0.0037905704475415403,0.004148733054422337,0.001155018664353065,0.003749011378538853,0.0020324630850591346,0.002077713684453556,0.0033365057081726377,0.0018720289641169074,0.0017260844852389709
generation - Hydro Pumped Storage - Actual Consumption_t-15min,0.0006557121114467464,0.0008080637750460937,0.0024815890243226023,0.0011403592754613782,0.00048133026462119234,0.0025078053174474916,0.0011696182644961937,0.0018202486185928137,0.0026475175540190323,0.0014236535271593311,0.0025134344655962197,0.002263574015926906,0.001873816481886024,0.0021170397695241265,0.0019745091154554756
generation - Hydro Run-of-river and poundage - Actual Aggregated_t-15min,0.002495296479899025,0.002685216972597459,0.015463125312475312,0.0022474741123978672,0.0027731110620616162,0.015276121678980417,0.0016859501060500861,0.002325664946496545,0.010057199575072446,0.003101646161550889,0.0024180328580123388,0.007111913616224683,0.002105989262700632,0.0016851385334730367,0.009387284665528569
generation_import - Generation - Hydro Run-of-river and poundage_t-15min,0.0021629966696309565,0.0023517998396209803,0.0039028910458599737,0.0021130268614547843,0.0026930691256447973,0.0028073176046382285,0.0030342464550242314,0.0014558084508453249,0.00283749584002544,0.0042895908493210295,0.001964395704737399,0.0048527557075749425,0.0036283926019902994,0.003553533274029178,0.002959414984774412
generation_import - Generation - Solar_t-15min,0.003790429063945339,0.00429168114305412,0.0053570015361474365,0.0025444614328534953,0.0019204154012313665,0.007208259703585668,0.005372543074922305,0.0026724412424327967,0.004019769367927438,0.0060413316403501085,0.0032545034948643662,0.00893928251219586,0.004080739664583234,0.003407604625878321,0.004626213160200678
generation - Fossil Gas - Actual Aggregated_t-15min,0.003457820422700024,0.0017313149304718535,0.0023621024421609034,0.0025084751961130677,0.0010856352827237287,0.0021952112255421525,0.0024811444458282495,0.002092722360726839,0.0062814311826441555,0.0024800773837020886,0.0021967766297434537,0.0037404535643060515,0.0046990886493804285,0.006491024436779753,0.0021733599098083685
import - sum_t-15min,0.002931822253171049,0.0027694542014833133,0.010948156787759218,0.0008953093501996178,0.003709313622857735,0.005535833782472764,0.002630287977798616,0.0014681478118268388,0.0013821965733086471,0.001158268076690547,0.0012482752186633661,0.004371827369437597,0.0018541016042081537,0.0010447787087218786,0.00822863297263848
generation - Waste - Actual Aggregated_t-15min,0.0015283052471922929,0.0008105796041172653,0.0075451865455252115,0.0008170027425885565,0.0038430982315298366,0.006186618355393875,0.0010310454240975559,0.0028178857197567594,0.006491577288936241,0.000992625921475792,0.001761180054381839,0.006340760219674849,0.0015009918691157509,0.0024008400505881582,0.006838889433565782
generation_import - Import - sum_t-15min,0.0023144790209917118,0.002362884690236115,0.00450051980128319,0.0053102081310605915,0.0017850891452758334,0.004456105974875754,0.0029096908725809952,0.0013222968207435314,0.002339038729813183,0.0016330015438024929,0.0020948843222571155,0.001815353143479257,0.0014917734036379215,0.0017219604583365252,0.0015445963020047201
generation_import - Generation - Fossil Hard coal_t-15min,0.002274714157789276,0.001383481584041874,0.008897243157702179,0.001365054480237177,0.0011116870658970583,0.005891349480953068,0.0022895283798789025,0.0016869562538777245,0.006378597757960961,0.0017822237732507346,0.0027570588635571765,0.0037026996595377567,0.003769681282514739,0.0036944775991942153,0.0027845063761142226
import - SI_t-15min,0.0013497890780704296,0.0018108229775798464,0.00560429656924498,0.001205745247961204,0.0017836300489780116,0.007458809057337931,0.0010617917538819483,0.001210075192113436,0.004658593615449718,0.0014316364407849847,0.002711943943489132,0.005967342782404557,0.0012157949038637526,0.0025669227430717002,0.0033861963559647847
generation_import - Generation - Fossil Gas_t-15min,0.007119773441227153,0.003123747390862263,0.003147402101967941,0.008296588815884206,0.005095265841417131,0.0016640686414666562,0.002225593459465472,0.005329976562239608,0.0023549384857469704,0.0013698137603822432,0.0027104770883670426,0.0025671205606111586,0.001966519592692748,0.0036674569003735088,0.0022851446240729273
generation_import - Import - RS_t-15min,0.001541715088734776,0.0012214081553538563,0.0035697554874750495,0.0012529958212278416,0.0012692355941665311,0.003356927363485738,0.0011905372251658263,0.0019634197859270727,0.0026330809636365303,0.0036252917365945905,0.005190644511269056,0.0021818626883396064,0.003829528136193403,0.0021772004080303302,0.0019020017984457808
generation_import - Generation - Wind Onshore_t-15min,0.0030088402552541993,0.005398367411207801,0.0633758671610558,0.005253752892938792,0.005852689741415815,0.057447921012324515,0.0038667612416174962,0.002060456515930127,0.05275636618566932,0.006480264000663738,0.00766413058926264,0.04456661953900766,0.0032162283385678164,0.005047926508876117,0.03394338890529661
generation - Fossil Oil - Actual Aggregated_t-15min,0.0012871690983884037,0.00030147988158068986,0.002463167438952951,0.00042962679370918975,0.0009075401765294373,0.00212349771236768,0.0006270867019566139,0.0005840184026878887,0.0010764567162432285,0.0011051209164143075,0.00045629337878962773,0.0016797859134021565,0.0009506112495582783,0.0002699258214627207,0.0016359534994408022
load - Actual Load_t-15min,0.008875403726233345,0.009947944515079143,0.030959947509134507,0.00935137568520804,0.006644498317484136,0.02583206384336154,0.0038038117201122075,0.005288287833189315,0.019269013437296964,0.004074008067451359,0.0031870870376878883,0.015952886067389045,0.0017351415883440494,0.0016106177203992047,0.016171394726281506
generation_import - Generation - Biomass_t-15min,0.0019052735145069163,0.0013638594810436188,0.0018083708641355542,0.0010173628050233674,0.0018169147174530735,0.0019492520624706344,0.0011471837255321588,0.0007869723933353044,0.0016978303533860526,0.002708984752234528,0.0008194436188882719,0.0033390484748442757,0.0026465568653597986,0.0008956172182715818,0.0019703466144910635
generation - Wind Onshore - Actual Aggregated_t-15min,0.006019625681161414,0.004655586040179514,0.04948056656413246,0.0042043870385582525,0.006784218833039631,0.03914985203572723,0.0023938091452046137,0.004274902587388852,0.03235906059143599,0.0015212858743025208,0.0033750140130432557,0.03012526481905661,0.0024802108390576906,0.0020909237242606195,0.03208387716882862
generation_import - Generation - Other renewable_t-15min,0.0005300590285498004,0.0009767156465959488,0.0025380878393671084,0.001237717042560689,0.0005211251355302693,0.0017121702854819886,0.0008041520791384755,0.0010724734898612952,0.0018166917145099432,0.000474166632139486,0.0011529047532822005,0.001844656113492647,0.0009220528149461131,0.0007575592604277972,0.0021284921525785874
generation_import - Import - BA_t-15min,0.0023391484235480674,0.00370571715585811,0.002797807688059038,0.004715317927650176,0.003708471060512238,0.003646394478771981,0.0022907209983884513,0.00325447583087589,0.00351243547091326,0.0017657934457813767,0.0017426647237198268,0.00463876568905107,0.001496125905300687,0.0022953530762943046,0.0017107729773282471
generation - Solar - Actual Aggregated_t-15min,0.00930107962623515,0.008394554029096299,0.0057560923665769224,0.002881961928465785,0.01229230891703446,0.00836612661518359,0.010644699158601724,0.00533287930733195,0.012309205959289101,0.0030999744439091045,0.005910906005640591,0.00643244049425266,0.00512822688747201,0.005421901207984774,0.0037235904068081143
temperature_mean_celsius_t-15min,0.0030549112807530037,0.004910686098068254,0.011353885184676983,0.0033024732586445678,0.0049228406344973335,0.005715957462847882,0.00458004421869191,0.002681488678437745,0.003306113321371413,0.002511698600135787,0.0027670163615157433,0.0041278696722474705,0.007088377583304009,0.004687870118945284,0.007629847319592955
generation - Geothermal - Actual Aggregated_t-15min,0.0036594278644770384,0.0013450999062201844,0.004259501736414677,0.004559388987021521,0.00456954145047348,0.0019450943595029457,0.004794792729662731,0.004218374666292221,0.002669988030034119,0.006133136063814163,0.0037288721861550586,0.002449630492570577,0.0038752983149606735,0.006273717586416751,0.0016678881842299234
generation - Hydro Pumped Storage - Actual Aggregated_t-15min,0.0024918412333859124,0.0060017222044989466,0.004212552762252472,0.0018824960632643978,0.000930539160994158,0.006940504441881785,0.002834192350892408,0.0012898138811870013,0.008588238488184288,0.0010039758352403964,0.001072035283592868,0.00673971410561353,0.0020760299097601093,0.002024129715397066,0.007358989907894284
generation_import - Generation - Waste_t-15min,0.001450037954988261,0.0018267006906608004,0.007638898085273468,0.0023329450672636086,0.0030984460800827945,0.00607417678380807,0.0031186007941832942,0.0010522422130504765,0.002227430970815021,0.004854018440659275,0.0011554954293633273,0.003944182427978376,0.0010013354017646633,0.0020937426546115603,0.004773241474520546
temperature_std_celsius_t-15min,0.0008143893527526415,0.0011227128768239254,0.004597322271070879,0.0020756862188754895,0.002667296425674067,0.005420410756480123,0.001611254579004708,0.0016647593093434808,0.004556690180505029,0.0026217055231090853,0.003291360036993865,0.004891933116278324,0.0010222947814066785,0.0007097872634863052,0.004628702266498294
generation - Biomass - Actual Aggregated_t-15min,0.0012774407268361188,0.002108488558650606,0.00252285040552124,0.0011726748245058046,0.001529064501359244,0.0021121930439257993,0.001128540481120126,0.0015189748397910988,0.001584757525997702,0.0012083057216393626,0.0010463187395039313,0.001540209526246599,0.001427178665339909,0.0012789679599621308,0.0020744656442657854
generation_import - Generation - Fossil Oil_t-15min,0.00037744896337540013,0.0005840768800076148,0.002941761150956154,0.0003445040852854504,0.00022109798871161956,0.002237163201694784,0.0005146432419205667,0.0002890874974189046,0.0028337539284257218,0.0005185678931388793,0.0010568773678969591,0.0028781207003630697,0.0003515614811875594,0.00043400084273946505,0.0024493699907325206
generation - Hydro Water Reservoir - Actual Aggregated_t-15min,0.006038659311929223,0.0037422776750281627,0.007046265435160421,0.003988525434197527,0.003911133094004981,0.0065101435769083765,0.005221274641950913,0.005358814063110912,0.004543560882414567,0.0043223298984976285,0.0017229477666685397,0.0057819636856911525,0.0032453646643152752,0.004977180087755187,0.004844470430874935
generation - Fossil Hard coal - Actual Aggregated_t-15min,0.004793922244542045,0.0015713660900782997,0.006276719117478933,0.001971338700207525,0.0019328713792801863,0.0039873059477831705,0.0014336544479588156,0.0013936462694464353,0.004533926856160178,0.0011806530533146997,0.004422920183802489,0.0027911598753912587,0.0022932971152404206,0.001789786859716287,0.002395497344565683
generation_import - Generation - Hydro Pumped Storage_t-15min,0.003255397748958785,0.0007076443775229108,0.008935695242835209,0.000866313679466657,0.0009739184579993889,0.006280828388174996,0.0010379843961948723,0.0006845435535058755,0.0019669279696045124,0.0008885333210868112,0.002197466161538614,0.003805836000945419,0.0008027782815556748,0.0020100815744808643,0.007912542822305113
imbalance_prices - Long_t-300min,0.008850543762557209,0.011704567985609173,0.002786200492068019,0.010186600639484823,0.01182774380291812,0.0026531760336856677,0.011812676154077053,0.011304506263695658,0.0036033632582402786,0.01260937995230779,0.012133601528126746,0.002818416900270677,0.010271339671453461,0.010527778908028267,0.000998965325531117
imbalance_prices - Short_t-300min,0.010465449656359852,0.011311846955679357,0.001927663656421828,0.011531916855834424,0.010497554467525334,0.0013415548244150842,0.01176566958706826,0.012763526290655136,0.001485020384931886,0.014177620558068156,0.01445620611589402,0.0012199719747450217,0.014390953679103403,0.014558523611631244,0.002194650584415285
imbalance_volumes - value_t-300min,0.001154315567486492,0.0014437721595788417,0.002833375909535334,0.0005696620200627933,0.0007517601148794028,0.003922899560988299,0.0004046617506450616,0.0008813534763294228,0.004587185863656486,0.0005469740965529581,0.0011965383905509271,0.003621866189801949,0.0006278637764936547,0.0005524857675727617,0.003643862510757117
imbalance_prices - Long_t-285min,0.00863607356447028,0.008685805480752606,0.0033139184811698213,0.008874919091816992,0.008108994583366438,0.0016401028019017757,0.009896128652850165,0.009328345299698412,0.002331771090557595,0.012403911524357682,0.012944420381449164,0.0019478494125369252,0.012300035504624248,0.014247408044990152,0.0015474871586902735
imbalance_prices - Short_t-285min,0.0043864212571643295,0.0057278318973258135,0.0015812389340219397,0.00799647615943104,0.006886861205799505,0.0010371691576339117,0.008449091159622184,0.010175790754612534,0.0008756731099474564,0.009907331007532775,0.011512504768092185,0.0011430250856046768,0.010210928780026734,0.010341178810223938,0.0022407232303885394
imbalance_volumes - value_t-285min,0.0016792122818960705,0.0022076045963895013,0.0009965917553299733,0.0023785449986589813,0.0009618636379931829,0.0019193249180689236,0.0024590793551551543,0.0020883412046996453,0.0038333135367329303,0.0023891300611257977,0.001808421492511684,0.0037867787744280575,0.0012731484317500873,0.0009790765445748092,0.0010743807953980992
imbalance_prices - Long_t-270min,0.0031402406157249063,0.004562230481882579,0.0018573679928105093,0.004299873708980158,0.006995387245638995,0.0025880209889123764,0.007454223673092201,0.005574264023220167,0.0020711932152516965,0.00971109543996863,0.0076341043412685395,0.001246871600448685,0.009624838740564882,0.011804999401792884,0.0009351758936121541
imbalance_prices - Short_t-270min,0.003991498391289497,0.00406994364379716,0.006090368589928403,0.0025507480940614186,0.004523339864099398,0.0030769289743460037,0.0058129915888421235,0.0051958716496765195,0.0027995697094743265,0.006150959154125303,0.008324321112595498,0.0017385983227813711,0.008033701894339175,0.007295748316217214,0.0023076869318883835
imbalance_volumes - value_t-270min,0.0007210086564991514,0.000547095990474677,0.003298391628035461,0.00035393792761874464,0.0004239761152468304,0.0032064716791642242,0.0005678739906352349,0.0004395378322609531,0.0038471421422730146,0.0006079285033804354,0.0008925479297668062,0.004168722279963731,0.0005783554501156232,0.0014388526494560096,0.0029796546783181837
imbalance_prices - Long_t-255min,0.0047665672224829906,0.0032342663281451677,0.004405756942462176,0.004719487511611078,0.002632724600174697,0.003842925985401962,0.004740453374193748,0.003307642366125947,0.00458941424114164,0.0072690084300847954,0.004331471915735165,0.002517981222645176,0.0060243260693969205,0.005811160127865151,0.0009579160008618999
imbalance_prices - Short_t-255min,0.006207373481956892,0.007902304048577207,0.0020873779515086428,0.00560154426904046,0.009115363972843625,0.003367289524467196,0.006792041731241625,0.0071056918473968835,0.0028253300612850582,0.009664623891934752,0.008363627536936293,0.0020889314492978884,0.009670896074036137,0.012207508200663141,0.0015365155495928775
imbalance_volumes - value_t-255min,0.0005320225055393166,0.0006792621085769497,0.004254746221444748,0.0013661750507817487,0.0007670394317315185,0.003929087810764198,0.0024866803570894264,0.0005318176750502061,0.0032460484357664824,0.0006995787105893214,0.00044577726980514856,0.0029275602628949854,0.00046946859568811305,0.00044625688888542926,0.005130431940770848
imbalance_prices - Long_t-240min,0.004464230983634479,0.002892412098735804,0.0023830862446914125,0.006575874627917074,0.006382460395165253,0.0019720210916702855,0.007792714387062006,0.005897296868439298,0.0017931994454374945,0.004857151680480456,0.006317501849815017,0.002050241673114215,0.004845697415352334,0.006263307204528246,0.0026535705068399694
imbalance_prices - Short_t-240min,0.0035209743688465094,0.003586471389280632,0.006482115238788538,0.005810445433249697,0.005830438916338608,0.0032988776047714057,0.003797939887037501,0.004943588679190725,0.002693667372260279,0.005626650073914789,0.00665921711246483,0.003582553840475157,0.008031498297234065,0.007937586467014625,0.0011265742937483765
imbalance_volumes - value_t-240min,0.00048404182602831725,0.0005650305545244887,0.005610513515862294,0.0005192656126719157,0.0004389510315845371,0.006500540599514352,0.0011095422719838552,0.0006867711058089298,0.005550081062729077,0.0010279293395306012,0.0009449869581766848,0.003295886424739365,0.000671269454541914,0.0006824201108241823,0.004446089241309664
imbalance_prices - Long_t-225min,0.005827486872207374,0.004482841034187004,0.0011103288859212626,0.006038474970497191,0.005033712031232426,0.0012481610413451563,0.004160051362356171,0.006075478669605218,0.0008458946444470711,0.005905997666413896,0.005780826729082037,0.0009589668722710485,0.005902351165190339,0.004510984393040417,0.0009540645011747984
imbalance_prices - Short_t-225min,0.003289026483267662,0.005249503410595935,0.0017485720137851786,0.005043039916781709,0.005195372687419876,0.0026678272713761544,0.004960198491884512,0.003986134553444572,0.0010053283634206308,0.0050286497748165855,0.003211663875656086,0.0009641017898997006,0.002751704828264337,0.006004285323433578,0.0013287684410643124
imbalance_volumes - value_t-225min,0.00040466533742164755,0.0016001073000779797,0.001099379000881072,0.0005084407202641614,0.0020426068619617582,0.0012483351001119445,0.0005451097068980886,0.0014541738313992027,0.0007261089424073361,0.0013158475531699879,0.0009818787844251347,0.0011675483385906772,0.0019446649040619378,0.0010339248978605156,0.0008105425961846322
imbalance_prices - Long_t-210min,0.004861685228504939,0.005730395876351394,0.0019404664297589989,0.0054850455978885295,0.003991119390178937,0.0011425014640362862,0.004510013114675531,0.004856618877442088,0.0026328659646624145,0.004026761489541968,0.004236289186992508,0.0009695802906630888,0.004974599049775861,0.0015171097483198538,0.002384419128349691
imbalance_prices - Short_t-210min,0.004445070815214422,0.001430577625351816,0.0021346127170666024,0.0034509230924304577,0.0043754614206973205,0.0009258841317712267,0.0021326439295735328,0.004111268886888866,0.0013425700606476312,0.004252317359481822,0.0037296391861746086,0.0006976994717497291,0.005353096898877994,0.0041288572516350545,0.0007941744235242823
imbalance_volumes - value_t-210min,0.0005186411431948272,0.0005626099572235716,0.0013708009404385848,0.001331114110510498,0.00048700680088012405,0.0015301800869815451,0.0010620755761127612,0.0004720159600143603,0.0020679396488520753,0.0010243436753607966,0.00082755972513894,0.0036944575817087753,0.0007876177714408641,0.0005658348345393733,0.0023899467993087455
imbalance_prices - Long_t-195min,0.005108612932090182,0.00610506949131377,0.0040217796396173075,0.003749184272950515,0.005568732081344933,0.0034375173060107044,0.004987593011464924,0.005280350818065926,0.0021199369640689837,0.004094266323721968,0.005177751698065549,0.0034467546266969294,0.0034922710732207636,0.005961593887477647,0.0033670499698491767
imbalance_prices - Short_t-195min,0.004254926157882437,0.0019156807783037948,0.001573371592676267,0.000917510133505857,0.0026770075280364834,0.0011636327332162182,0.0018791480416152809,0.000910106114662085,0.001492668329157823,0.0033201576879946515,0.001591224225986025,0.0013400977805504226,0.001891322340680631,0.003821886974736117,0.0016232042484271006
imbalance_volumes - value_t-195min,0.0004588249880852118,0.0014065561671632166,0.0015625933322321543,0.0010437346637874043,0.00038937722801063045,0.0014807639470952837,0.0010656539569765754,0.0008072322351316075,0.0013896407197744338,0.0006169613410486932,0.0012126696607997474,0.001282786693590424,0.0005273814118643259,0.0007479591439100943,0.0014743900391870283
imbalance_prices - Long_t-180min,0.007126810197485611,0.0048064221029926555,0.0031957719357669705,0.00646695551276207,0.0067109931017039345,0.001890339249799581,0.006096505669644103,0.0072868186107371,0.0013883976611249978,0.007303340541082434,0.008370377754559741,0.0025448566984196076,0.006174832930089906,0.007989784652367235,0.0010968192797472512
imbalance_prices - Short_t-180min,0.004063116505392827,0.0051565807978622615,0.0016865974090505915,0.004113212667551124,0.004339894077507779,0.0012736234960498223,0.003283699791732943,0.0032282461369177325,0.0021691070566366762,0.004419626387883909,0.003808887988387141,0.0018743506446226093,0.004776094580600329,0.0017870186498003021,0.00183912767575589
imbalance_volumes - value_t-180min,0.0012227618238957803,0.00047820713792316385,0.0026509754043495377,0.000477373312545069,0.0010149915986157794,0.0018086454646911534,0.0009709673840885386,0.000651896306666913,0.0008647660531175916,0.0011465204609403372,0.0007682943793713121,0.0013527576921696892,0.0005231116030452085,0.002044812094303779,0.0019305207071374753
imbalance_prices - Long_t-165min,0.00348696576947259,0.004778318250318989,0.003270513674896165,0.006214080796460621,0.0043368673603981734,0.0027008492978520737,0.006029964997433126,0.004535181392275263,0.0034565316879961758,0.003733877920079976,0.003774028821848333,0.001779084779481309,0.003715509019733872,0.0029410089101584162,0.0017683053980417753
imbalance_prices - Short_t-165min,0.0072837860721629115,0.007386938668088988,0.0015653883047652925,0.007802478870027698,0.0062746695762034505,0.0012816854765410426,0.005382015223614872,0.00833582253777422,0.001055159810271107,0.007388698901399039,0.006839046130771749,0.0013091602417234754,0.0068052113246549195,0.00543112580862362,0.0009488944653257931
imbalance_volumes - value_t-165min,0.0016464869259471015,0.0013292488810423037,0.003814398989074107,0.000674932933720811,0.0015594276193815516,0.0029871181231064838,0.0006632764038324694,0.0030273405472827333,0.0029659124378488286,0.00070142821567552,0.0006492592008657994,0.002205498875453486,0.0012976571975441401,0.0010325929154059849,0.0016708402519427636
imbalance_prices - Long_t-150min,0.0051267206453485415,0.006274339776486159,0.0030673669344196243,0.005683120927191339,0.005971244246698916,0.0024296083059948616,0.0052733580157218966,0.005730822670739144,0.0011216211436976663,0.004958131846273318,0.0037547250324860217,0.0014634436357664525,0.004268436739657773,0.005356839109677821,0.0038445830402306456
imbalance_prices - Short_t-150min,0.0062310305526480075,0.006620526116341352,0.001664633876493781,0.0051382705895230175,0.008572046340443194,0.0015864282362654193,0.0072839431504253295,0.004466998791322112,0.0013254340560997662,0.0052554118193220345,0.008524025139864534,0.0026764411956683035,0.006710809784941376,0.004792996278090868,0.001865175725651625
imbalance_volumes - value_t-150min,0.002099108159847674,0.002351092198484054,0.005702437615298549,0.0020134114572683756,0.0028985160516999714,0.0037531480577526963,0.0029203983639163197,0.0008217137786870694,0.003994185797320825,0.001564669246312633,0.000985134333038559,0.0017917375174574773,0.0010943266128779214,0.0012641104999479467,0.0018028747373286932
imbalance_prices - Long_t-135min,0.006380497006321093,0.005510726626394898,0.003745944038586458,0.006421041484456509,0.0029264867055171636,0.0009014076580615437,0.0032605199293466287,0.003714652037655469,0.0035894302693195643,0.004051792032667436,0.00512818579969462,0.0009426889624728574,0.003681605796715303,0.003338608034784556,0.002181169409217546
imbalance_prices - Short_t-135min,0.004286190590821207,0.005357108518539462,0.006287061553448439,0.005662777752848342,0.005022194761244464,0.004437115154927596,0.007018076669075527,0.006205537212081253,0.0008154366027489459,0.008392402615398168,0.008271275203907863,0.001420022039981177,0.005813132195733488,0.0070719209464732554,0.0035468215874861924
imbalance_volumes - value_t-135min,0.0008108577849206995,0.0009500509010076712,0.0010216639749573914,0.0006520304117493651,0.0007326578928864223,0.0011882092008363542,0.0005276432656389147,0.0013573708261187677,0.0008756276048304699,0.001312535796318116,0.0006496547079434549,0.0017218527080731293,0.0005024915276025013,0.0010186701898476258,0.0009400263784758636
imbalance_prices - Long_t-120min,0.010496883158106356,0.010562022304628044,0.004788294871163089,0.008095895594917238,0.00998397442465648,0.002964099988412272,0.006529184794519097,0.005989540089620277,0.0008650486320834716,0.00651454800425563,0.006452176088598207,0.0022883908731764677,0.007680308233946562,0.008263472953345627,0.0021551272694177895
imbalance_prices - Short_t-120min,0.008568679341115057,0.0075499864792218435,0.004815961643247306,0.008656987641006707,0.010313020233530552,0.005055967918007809,0.00615346931386739,0.007276749983313493,0.005847654693876393,0.008487165101338177,0.007259145772317424,0.004680618514728849,0.007020390903111547,0.007536219139466994,0.0021391663903646075
imbalance_volumes - value_t-120min,0.0005478459624114862,0.0006399681418051841,0.004221649050732594,0.0006101558764198672,0.0007700297858164049,0.0029898400072002006,0.0008405620953715243,0.0016153063495248717,0.003835582285508281,0.0007489428882963693,0.0006645363143911709,0.002693382764744001,0.0005398689856285728,0.0008726762177302589,0.0040047816891656115
imbalance_prices - Long_t-105min,0.007042177314520813,0.00566295525804162,0.0025391818856605824,0.00621757753752172,0.006745128346490673,0.0042819507323292785,0.005069067303556949,0.004760039984015748,0.004064780431916006,0.005757176905288361,0.005419580171233974,0.003166167584444338,0.007501623223070055,0.007457665279507637,0.0011702250618363906
imbalance_prices - Short_t-105min,0.005187679311609827,0.004820736258348916,0.0017975272681696878,0.005168206029105932,0.005363812923431396,0.002206916750776145,0.00560557921230793,0.0039551627656910565,0.0022575100691865375,0.007198019619565457,0.005857420951128006,0.0029179434347170173,0.0069782572679687295,0.006133989467052743,0.001926362056774451
imbalance_volumes - value_t-105min,0.0005044127507483722,0.0005454410416627979,0.0038798622840112104,0.001121100098012562,0.00028525504533257617,0.0023777391192716093,0.00038115836422234395,0.0006681708623109444,0.002098996863749562,0.0019936232897443916,0.001007389318297328,0.0009544821500711009,0.0015521891224985324,0.0010453230949046884,0.0007471646749399952
imbalance_prices - Long_t-90min,0.008465663318987935,0.008475330050569028,0.0023438177924763296,0.007733366039581597,0.007691767146345228,0.0036221782797869998,0.007967803999315947,0.007570611988659948,0.0038106736105983146,0.008071099368855358,0.009375908378511667,0.0009318567476597081,0.009803079335018993,0.007597987017594278,0.0017135939994523141
imbalance_prices - Short_t-90min,0.004053518149303273,0.0038283963788417166,0.003008798884186035,0.005990287750260904,0.006989918199833483,0.0012449948210700005,0.004035524988546968,0.007812017424497753,0.000899942970133452,0.006105925058946014,0.008469773614779115,0.0018756384628281922,0.006402699364349246,0.004189594306051731,0.003408170059097756
imbalance_volumes - value_t-90min,0.0012004133061932407,0.0010430499945296105,0.008269448967701465,0.001496756777423343,0.0006501889519919359,0.008167858876531682,0.0012482921490786793,0.0009126836981181441,0.006895714219048386,0.001406983113307433,0.0007269091725311227,0.005653673743989202,0.0013947769270946538,0.0006257528121096812,0.005718876417853608
imbalance_prices - Long_t-75min,0.008613201265921817,0.008411981378507336,0.002356243518522888,0.00773519151948858,0.006746330933790887,0.002259125020886131,0.008822308285161853,0.007312858822522685,0.002847001004136814,0.007050315332831815,0.00660121178823465,0.0024050675090147708,0.006917910486459732,0.008587570243609661,0.001073272281152647
imbalance_prices - Short_t-75min,0.005619185698160436,0.006530260666680988,0.0012740371253212289,0.005761365471291356,0.0063391760529775635,0.0012359276133898903,0.006437774858175544,0.007280581822851673,0.0011114816122026242,0.007586662325571524,0.006497771574366197,0.0007493262538077374,0.008812470800883602,0.010163973559741862,0.0008541328103083288
imbalance_volumes - value_t-75min,0.0007037977943491569,0.0012315137846609333,0.0020333526379126853,0.0011015049576299134,0.0006478015217426218,0.004435129194913316,0.0009343842560626854,0.00040683672658269645,0.006321392330741219,0.0007759012789027793,0.0008167304828447186,0.004744168670426006,0.0008653180771382267,0.0008657140144459845,0.0030430687681946436
imbalance_prices - Long_t-60min,0.011731217176071368,0.01189055614429526,0.004015855125384406,0.010836172739160247,0.011715158785576931,0.004060000621364452,0.011031505753053353,0.012021618611644953,0.003657641094236169,0.009030786528310273,0.011128381431102752,0.0023108428100422317,0.010073930607410148,0.01076835035928525,0.001267302867350736
imbalance_prices - Short_t-60min,0.011414086404256523,0.010982898265181574,0.0013632497677431275,0.009870867735240608,0.009739937296260224,0.0019286110392658885,0.009619568236950727,0.007957093657460064,0.0013153765485459914,0.008987452444853262,0.007770777180790901,0.0009530566802782232,0.00782791008707136,0.0076030584699474275,0.001569649793341796
imbalance_volumes - value_t-60min,0.002290490216752005,0.0017005452760249682,0.011002256255531393,0.0009003613924370484,0.0017970810912265732,0.009156380044427351,0.0013895345056771475,0.0005875227166170021,0.010735806710863017,0.0006282669420256681,0.001061842845557294,0.01048404980740088,0.0009620400863225313,0.000877946010321466,0.0075106269008192615
imbalance_prices - Long_t-45min,0.012414410231634974,0.01161548903863877,0.0016617278129779152,0.009910905768629163,0.009869587252382189,0.001422134847536654,0.0114318461981602,0.007646516105625779,0.0017690711120608284,0.0072839195972192105,0.007825254931114614,0.0009042302814856384,0.006061512466985732,0.008048582249088212,0.0012893586293277507
imbalance_prices - Short_t-45min,0.013940230798907579,0.014779324588365852,0.0022227567588288368,0.013679969536140561,0.013073858352378011,0.002288834908606077,0.010177314117085189,0.012145774062722922,0.0015082440546234466,0.014169254383537918,0.012965892118401826,0.0022642342834478767,0.0129894296573475,0.010077559746336192,0.001741847122013496
imbalance_volumes - value_t-45min,0.0008888927329692251,0.0019964037461177213,0.02084462770796381,0.00144015241105717,0.0008179151884437488,0.01753490291187336,0.001709455934779271,0.0012730692103054934,0.013315616898747976,0.0011040532592578528,0.001105940406299851,0.012609666866919724,0.0016974069759007763,0.0015028752992716364,0.0122710681288263
imbalance_prices - Long_t-30min,0.021249088167212903,0.019962817589752376,0.002810260994406235,0.017058790830895305,0.018293212578631937,0.00217541354171226,0.016117061911150813,0.01638875722931698,0.0015206391234078183,0.014463398922700436,0.016224255963228643,0.0020284419628733303,0.013453694423194974,0.012607125591021031,0.002276193179988695
imbalance_prices - Short_t-30min,0.017310887470375746,0.016955951847601684,0.002564106308296687,0.017085795962484555,0.016894339020596817,0.002782320642594641,0.013398238092078827,0.014462023138068617,0.0026970208711427405,0.013310712264850736,0.01458189945248887,0.0015243696346806245,0.013528011834481731,0.013056801027618348,0.0023464303653886417
imbalance_volumes - value_t-30min,0.002681548286871475,0.0031441930968212546,0.0332323866075676,0.0029461141425963433,0.0028261676625588733,0.031268357003609706,0.0026182933204163417,0.002679863679288246,0.02467716693179682,0.0034048382523151305,0.002859838536973257,0.019448432405388304,0.0025922007607919115,0.002814468886161876,0.01805697121864796
imbalance_prices - Long_t-15min,0.033065562221221624,0.03357225516065955,0.017537743706372566,0.029322028283029794,0.02835150953941047,0.013326032660144847,0.025925547358579933,0.026244735666550695,0.006384701820847113,0.021567949436604977,0.023260664999019354,0.007477491565070523,0.02031191038247198,0.01905396466469392,0.005889325494455988
imbalance_prices - Short_t-15min,0.0333718336969614,0.03414936544932425,0.01582221414055675,0.029079187501221897,0.02886086455080658,0.011719756271282676,0.02702367147244513,0.025413088449276984,0.007167865401861491,0.024998217867687345,0.024113456442020835,0.006365386083263729,0.022048376124352217,0.024718762822449208,0.008505948263744357
imbalance_volumes - value_t-15min,0.009628627283240349,0.010798692779877456,0.10647403940031654,0.008066020550260873,0.007604913807786943,0.08789000560979912,0.005677026794998028,0.005998950779860024,0.07653262098454433,0.006407552745736211,0.0036679492910229785,0.06564660357237154,0.00312690848679631,0.0038098793690742243,0.05608376947467332
intraday_wind_and_solar_forecast - Wind Onshore_t+15min,0.005312261757539091,0.006166390206915821,0.04482184523460455,0.0027490189115924294,0.007658017781315721,0.03428665694205847,0.007095834216148432,0.006747492917042109,0.032288261932645584,0.0024861078454447637,0.003110338195042459,0.03471188438628451,0.004501462533680183,0.005194089655167772,0.03185763015913835
wind_and_solar_forecast - Solar_t+15min,0.004486704336076855,0.011561375058427983,0.007211713148549734,0.009164046080877597,0.011694470279849156,0.010454609970242017,0.002005166270797872,0.007461089253236423,0.005332917078206265,0.005051482379303252,0.006697304717621592,0.012248734448012328,0.008578337508401092,0.008888083399258903,0.011210749290709827
100m_wind_speed_mean_t+15min,0.004075120299130503,0.0036156510203654763,0.010551902938602097,0.0037185017916544893,0.002327404782361555,0.004534282063366845,0.0021633284598010505,0.0017113756443943658,0.0031750405702542822,0.001236744136962443,0.001872174529354197,0.005087161904251843,0.004378913182656106,0.00301369577389778,0.004082519313422381
10m_wind_speed_mean_t+15min,0.0012729867383891361,0.0020245790015728745,0.003973504010920806,0.0013313357190700118,0.0010230926408876257,0.0038097054587906314,0.0009729023234356191,0.0006683535169668176,0.0047898814779223356,0.0009553771081400555,0.0008727147680135658,0.005448296550875966,0.0017962155645645907,0.0028600045598686846,0.00458876079651236
100m_wind_speed_std_t+15min,0.0013487883129455441,0.0015322034232831355,0.0032146197654528805,0.0011230791008620144,0.0011504978030070561,0.0026756674977586954,0.0012934671988791707,0.0009585367943254823,0.002731335372159265,0.0011105415498198,0.0010041668645235403,0.0025885612213481864,0.0013777076283961378,0.0008059824799961461,0.0024526684270931584
10m_wind_speed_std_t+15min,0.0013541798301648668,0.0006977032685081497,0.0022424938123563154,0.0012443832100407447,0.0009011222155040741,0.0017789525933139885,0.001070725854713146,0.0008440080750256129,0.001795376833937553,0.0027294779041076253,0.0008548384860519604,0.002251628728086871,0.0009333071143523739,0.0008421493664773152,0.0022405751985133974
intraday_wind_and_solar_forecast - Solar_t+15min,0.0022980420028541034,0.0045824510271340844,0.040520470897085034,0.0020785906784034297,0.010306740548177913,0.029556902547075877,0.0034438640353546364,0.008037395256886157,0.02655540508381091,0.0031627912122985436,0.006907116099360792,0.022707128541602287,0.002250060733445025,0.0030805671679395344,0.027199027512897374
wind_and_solar_forecast - Wind Onshore_t+15min,0.00189716284427044,0.003067572512856941,0.03761634127978868,0.0019461670212879269,0.0023264516947419907,0.031922798309266,0.001471526440105663,0.005355215914219116,0.028119638835443765,0.00419456328207616,0.0026511501589138787,0.02471359943069183,0.0047807761542972005,0.0023665117440884844,0.023269161609117874
ssrd_mean_j_m2_t+15min,0.0008386481894630152,0.0013945828388887095,0.020027794719859684,0.00129085514502367,0.0012739207411984808,0.014758286061492982,0.0013017616245297177,0.0018701622718390353,0.014241612125413666,0.0019345029848000196,0.006150760241493117,0.016823350178645342,0.004717973821032501,0.003198356611401323,0.018988788136457203
ssrd_std_j_m2_t+15min,0.004310225236800761,0.006729879618942505,0.011820950722169073,0.003967067792602734,0.003155431991646765,0.006673093798053742,0.001514097067542025,0.0030299975508314672,0.00843700598860596,0.0008404893765564339,0.0008081936462440353,0.00651614058787527,0.000949170254133378,0.0021668716883605156,0.004707577321554709
intraday_wind_and_solar_forecast - Wind Onshore_t+30min,0.0019255890632121008,0.0020249334734967306,0.02406334545219215,0.004341896814683423,0.001487962688339394,0.024434897991024628,0.0022485271119135177,0.0023066033858567606,0.017155114667635644,0.004354940955425263,0.005775262549997933,0.014020994225749745,0.006026281858037692,0.003657654312955856,0.007892069131150493
wind_and_solar_forecast - Solar_t+30min,0.017914137325256888,0.018736391250891757,0.015793295075389322,0.020018310883751837,0.011494673417106242,0.01329492147709243,0.014805854738513518,0.016436319789878327,0.02899123723906814,0.017192044951945717,0.01174248205218464,0.013046448116438115,0.0049120374037293,0.007198206256414778,0.00399145779689411
100m_wind_speed_mean_t+30min,0.0038623060606196307,0.005153411360210214,0.01057650735446532,0.0060321912053741475,0.0037620109174495158,0.0072295280744147025,0.0036824259656505092,0.0044537809016765096,0.002444786986860436,0.004175250356532615,0.0019325831314126844,0.0025753793966423475,0.005083904385612868,0.0016730035702366877,0.0018887191261965199
10m_wind_speed_mean_t+30min,0.0010594557414624433,0.0018550266481070139,0.012577057418842743,0.0017066148492208412,0.00411062121527948,0.008689645523413218,0.0017982574951474818,0.0006233863608613319,0.008945076757576772,0.002085541648018989,0.0015761070461294366,0.005753232202889194,0.0012493040759704855,0.0013890770042517034,0.006811587904929184
100m_wind_speed_std_t+30min,0.0014591515590701078,0.00401669331039011,0.006697410495547956,0.003202921846870595,0.0009651925843720619,0.004617725962845725,0.0013834543078148727,0.0009698907970241635,0.004885599055953207,0.001736537265132938,0.003187954279533187,0.00744302438251907,0.0022110156908429416,0.0011282239735464828,0.007866332422025153
10m_wind_speed_std_t+30min,0.0012958314024226639,0.0021412249617537783,0.006533706558589529,0.0007915258547505743,0.0012043413789451732,0.005044741571571649,0.002147569553698304,0.002946581898778277,0.003332809195929997,0.0013537790409167201,0.0008748872093718773,0.001996273735718205,0.0023470272817939985,0.0009506829726594788,0.0028493342726305854
intraday_wind_and_solar_forecast - Solar_t+30min,0.008008593564572947,0.009499008739625423,0.005154017959901467,0.007897596673516092,0.011803953279538518,0.006822244988180501,0.007210461189481066,0.006257807074701759,0.016599749823524915,0.008976411100680707,0.004340256084955598,0.008177177763733197,0.010422721695671499,0.010453559787685663,0.0030020682371214207
wind_and_solar_forecast - Wind Onshore_t+30min,0.005892141522168459,0.001115197995099777,0.02630621660707402,0.00413987013453152,0.003265428102033184,0.023457699059683933,0.0027356427859776887,0.006777596124076808,0.017784384639933707,0.004767509374871224,0.009231100221888482,0.01889911604447309,0.005151694004747696,0.006151261617735145,0.02069896811147919
ssrd_mean_j_m2_t+30min,0.00860583509538992,0.004869395833098679,0.003862991432859417,0.0073252881715161495,0.009723166284344189,0.0035273764753437718,0.008696570562891793,0.004956232006742994,0.0038587392503650333,0.004869242014314296,0.006498000515945023,0.00595090594175781,0.0047691009175032375,0.00326936160616242,0.003884995677603001
ssrd_std_j_m2_t+30min,0.0051559490368272235,0.003689528933407928,0.008673691698058974,0.004938433617844566,0.005101539120278176,0.007161688205320388,0.002903173749258947,0.0070327208528979095,0.00782547675598471,0.0037731340556201756,0.002806096706799508,0.007760604028429953,0.001388339109872959,0.002660480608677972,0.005221561812641767
intraday_wind_and_solar_forecast - Wind Onshore_t+45min,0.002958731407758023,0.007011651350427201,0.008371890747515863,0.0012929720448396438,0.0038926640845911606,0.010074282854046032,0.001156512006667981,0.003368428724592377,0.005972776588340821,0.0018595226718562117,0.0011582581030306755,0.00886884565033688,0.0009435723855976903,0.0017467579735757682,0.010780755764368223
wind_and_solar_forecast - Solar_t+45min,0.0024076767906881288,0.0027732350809974377,0.015040494214845239,0.002618276156982574,0.0029446087362521214,0.02077964809189143,0.008814094088228103,0.004932890697495168,0.011651651590436813,0.004688705395079523,0.0036678297163499564,0.010504557750899493,0.002534759492862577,0.0035280264474913565,0.01277650334601276
100m_wind_speed_mean_t+45min,0.0038937530270013667,0.008662044587974378,0.013298876580418437,0.001465527577556145,0.005195243739832222,0.015837884063574167,0.0022243364867117633,0.0027845927031030443,0.010986769369663307,0.004974717149336357,0.0047010696369470676,0.012075587950384943,0.0036555292437162167,0.005549665427432046,0.008753730514945346
10m_wind_speed_mean_t+45min,0.0017762314406454607,0.004661560581878348,0.01496772695639811,0.004793199846632433,0.0034801709838096144,0.01340271681532795,0.003173876491716328,0.0030405319992114527,0.01365978780167643,0.0028378632223689236,0.0033580329834549047,0.012415082490508211,0.002093758366266684,0.00236230578471077,0.0075299696573947585
100m_wind_speed_std_t+45min,0.0010795798349913638,0.000982306279900513,0.0064188962127348075,0.0011432200255949282,0.00096499933454038,0.00210299726873518,0.002630700548311779,0.0008931927843141239,0.0016010422441215724,0.0010163553533002413,0.0011659811583940609,0.0017863224365587485,0.0007955568478152771,0.0011653329455869538,0.002452099834499677
10m_wind_speed_std_t+45min,0.002075023098048945,0.0012232787418902263,0.008352510945889662,0.0016696155707297748,0.001667373703700605,0.008560643629447895,0.0034965068277163025,0.0016555344671285966,0.00825626899769486,0.002059346203117002,0.0013482470737781113,0.007063204324871549,0.002392973401618292,0.0028547936969566764,0.007014689944700877
intraday_wind_and_solar_forecast - Solar_t+45min,0.0027599418349891496,0.009116562081699158,0.02870693814221886,0.005276599478624121,0.0030995922096901723,0.013411513057428237,0.004192873829714927,0.0026164963073106264,0.010719762006076054,0.007712175095049815,0.00235142657724316,0.008029882825550885,0.003239841086891829,0.0016408843289182186,0.011194975194670406
wind_and_solar_forecast - Wind Onshore_t+45min,0.0048540747316001215,0.0040017772196006265,0.016629650204109565,0.0015310635116757112,0.004260776357215946,0.007000971942172328,0.0025773094276300983,0.0015307337613112396,0.009627544125558416,0.0019282536734510814,0.001640876775545621,0.01143672221829911,0.0020648656493926863,0.0017551790560410155,0.008807819958034088
ssrd_mean_j_m2_t+45min,0.006856160169321811,0.010404697772456985,0.010884550421810673,0.008421798632421996,0.007877846831874194,0.009248324297379441,0.00595232780103106,0.00822062689509812,0.005840479150772807,0.005794431753332901,0.0069252418014457365,0.00592038725376915,0.006814812950920896,0.0015449094357127251,0.003628015341339051
ssrd_std_j_m2_t+45min,0.002184038944037539,0.0033598448404356988,0.003279781270754029,0.0030390813684875867,0.008493061348264747,0.002647061751391448,0.004404440444102874,0.00463476043123228,0.0028764363983500517,0.002662356325069595,0.004929238219458057,0.002505639100641929,0.0046624921273614745,0.005799975880541751,0.002709303234329127
intraday_wind_and_solar_forecast - Wind Onshore_t+60min,0.004828169830279421,0.005188300648433142,0.008879538174631307,0.004230414775186546,0.004478450595144295,0.006003794403544816,0.0055327624283345355,0.0053348992582468785,0.004006166138427943,0.005002267708940053,0.0014887806048314474,0.0024648950952250743,0.0014879832293372601,0.0015405692971985445,0.0019089850225179816
wind_and_solar_forecast - Solar_t+60min,0.006466807562777831,0.002262689620787114,0.007723577260097954,0.005465809914250713,0.008280690067203977,0.006002065365129965,0.002694277189844797,0.003341614003333234,0.005797335579582068,0.011578092521413055,0.009462390155204049,0.008373625900767366,0.003465569029498327,0.007913770518367528,0.00551150245273584
100m_wind_speed_mean_t+60min,0.0009799693260083586,0.003458003988265773,0.0065665689620127525,0.0017388201853846112,0.0019730181459585764,0.008114562893870242,0.001096861606377388,0.0033634683532181952,0.010815171121543244,0.00258617627943795,0.0027415681341299205,0.009211603970547457,0.0012582419071463847,0.0035996283243098334,0.006040245052714454
10m_wind_speed_mean_t+60min,0.0036912722826059506,0.0026111616453117674,0.010094184533706538,0.002215202027041869,0.0015136507148997111,0.004359008767602063,0.0019401504607794778,0.0021243991844991966,0.0033463472213843487,0.0016063437746543059,0.001953108111590609,0.005038328943506713,0.0013706816408694067,0.0008448234982622011,0.005692824522480805
100m_wind_speed_std_t+60min,0.0021334968972438447,0.003590172196334606,0.006531897340897558,0.0013353260274902824,0.0014321149627371597,0.005016292120912112,0.0019033220251731108,0.0013579816258959454,0.005408491154496005,0.0014125290915399092,0.0017598332099296385,0.0034173329712848498,0.00227164221433668,0.0013746046062783534,0.0048108200377646425
10m_wind_speed_std_t+60min,0.0031663728991647984,0.001485803668191693,0.005487403254120636,0.0011850620540740239,0.000657208957878197,0.00397639611219347,0.002545472334812075,0.0017171308258812133,0.003818282922994513,0.0017796137498326061,0.0010533790281883738,0.004598061781889555,0.0008900182976776705,0.0017984441063308623,0.003273738962567222
intraday_wind_and_solar_forecast - Solar_t+60min,0.0037990937475774443,0.0033206316136347594,0.032356706170365214,0.003539448879031056,0.004496484851665627,0.019409320223525355,0.007278352862638712,0.00949732982354726,0.030635209466156083,0.007161970716518226,0.007858826280929862,0.027698307612212376,0.01328943395808892,0.008530893646698132,0.02016970504814526
wind_and_solar_forecast - Wind Onshore_t+60min,0.0018481724040784683,0.0021040505440914786,0.005067053436105198,0.0009107237298840118,0.00180856082385003,0.007249684960323066,0.0019450374974239822,0.0013728702896382856,0.005617548523320693,0.001281762671240358,0.0021477572380767924,0.003543250075310425,0.0045235161542368585,0.0009155575074992157,0.00946686732728267
ssrd_mean_j_m2_t+60min,0.0040900047476552575,0.005235221041948535,0.01202318433437904,0.009142908084002557,0.005565903299082493,0.009220429907560173,0.006732492494211329,0.006268190524317106,0.00296331713295217,0.007222087100511999,0.00823629893999896,0.0023546516964561308,0.005907935732622718,0.0038880853575465153,0.002335972297265016
ssrd_std_j_m2_t+60min,0.0012144421564457843,0.001561276969176788,0.0033661186660287968,0.0009765347610282333,0.0015409848099834562,0.0021412073545764086,0.002867212447131351,0.0010308570004153807,0.0034455023374084705,0.0032641390605667765,0.0006914759004306462,0.0024087905844116905,0.0011374400758857063,0.0013963441032005903,0.001675142557691288
intraday_wind_and_solar_forecast - Wind Onshore_t+75min,0.008794100395141868,0.012850563970561779,0.010158236763592867,0.007405467744029011,0.009020448933454646,0.011141072762420663,0.008341834261009352,0.008088365180083202,0.005447807521602953,0.007056624518652825,0.0039721993666626074,0.003657815658304571,0.005827339210620266,0.003973563821276912,0.0023895769869868673
wind_and_solar_forecast - Solar_t+75min,0.010791396638986043,0.003795415550957614,0.0064201475572081106,0.011017180412745802,0.0031040365008320804,0.01984923715319019,0.005305997836753591,0.001905899065062954,0.017335089271291508,0.0027914052655173692,0.0017465181639493607,0.004803781962166568,0.0029324778344066546,0.0027689381224556657,0.0038735560135123707
100m_wind_speed_mean_t+75min,0.0008587749343641917,0.0015121970587617568,0.005238895945645709,0.003144508280855007,0.0013514172657833115,0.0033349324956988085,0.0020589868963122628,0.0011121654452535949,0.004529098185883413,0.0028779726806724285,0.0016783025964377885,0.004832977208690864,0.0010024176034335141,0.0013165209522931036,0.004932708118158189
10m_wind_speed_mean_t+75min,0.000884997752979416,0.001161380077019203,0.0063666915701614925,0.0038166929437029465,0.0007428440855475369,0.007573603391903817,0.0017757647379567914,0.0028314129262366804,0.007053215217190882,0.0013085127994174855,0.00147115574435918,0.008718350950468448,0.0012484998998684204,0.0024275538624297043,0.00450406751466653
100m_wind_speed_std_t+75min,0.0008700907984565447,0.0008759405546206835,0.003307420579010795,0.0025182722276922503,0.0007029609708888529,0.0023115759736745075,0.003165599394171295,0.002508349942969744,0.0015684012583596996,0.0013856320192562634,0.0010760494610840396,0.0015378720612914023,0.0013264085335952132,0.0010562825015869065,0.0014931753330417906
10m_wind_speed_std_t+75min,0.0032915394442516116,0.003794326094121061,0.007569660889832449,0.003576965110070887,0.002351190296951245,0.006597945879970211,0.002905138611588427,0.0018174404345309085,0.005222328339973501,0.004698130256823788,0.002836860751369386,0.004612003029509652,0.0021381390993731202,0.002809498354804418,0.004516411362831605
intraday_wind_and_solar_forecast - Solar_t+75min,0.0031539500044709713,0.0018356241696206722,0.020884007634963384,0.006123975351707486,0.004497533197833036,0.011618386284417283,0.008064025141051388,0.009694627371718525,0.00870144971583818,0.006670578721350466,0.009399867740678018,0.00510401155146792,0.013554944019815593,0.004181463519937551,0.006145479160010154
wind_and_solar_forecast - Wind Onshore_t+75min,0.0012693433030490269,0.0028206033352644226,0.0031691129082428234,0.0020693951541093155,0.0011240411887824848,0.004761489142125356,0.0017581411281757937,0.0022290411054368634,0.0033089611742125272,0.0010144432073793724,0.001347021946623954,0.004223151222881825,0.001634613944832381,0.0010078358546637674,0.004150340261187921
ssrd_mean_j_m2_t+75min,0.004121156883520598,0.003592217956618697,0.006775650396943092,0.00325200465360831,0.005125142035903991,0.005314416407661043,0.0063806259325356225,0.004110724903704977,0.004937236035937531,0.0034546751905672863,0.004109268023235927,0.004890446385696123,0.001356711898993808,0.008007942658316097,0.005231442507210886
ssrd_std_j_m2_t+75min,0.0032874853826888283,0.007736739734080402,0.002736969991597107,0.005247007551461138,0.003084513184071284,0.0035608232964450507,0.0010048433716683576,0.003662357231232818,0.0025025745290813573,0.0038922375866332006,0.004477875396107265,0.0019411314535532256,0.0014668468587988172,0.0008393874238972785,0.0018496591464963784
intraday_wind_and_solar_forecast - Wind Onshore_t+90min,0.006321607364386295,0.004656617162934708,0.005735453882640286,0.004904644035741512,0.009614994277537335,0.012096849985995504,0.0058829939061470216,0.005103640373981762,0.010924193061306141,0.006564192158744845,0.0074186638626451895,0.011422642926112758,0.0026160644137989946,0.0058075182271004454,0.008425921602509334
wind_and_solar_forecast - Solar_t+90min,0.0041130286885654645,0.007582436689880524,0.030300013491054413,0.00455161527761652,0.004682323581033415,0.025685133680148284,0.0020759738605718213,0.004286128960596897,0.03045003666395496,0.0031557520414808096,0.002293304622393407,0.0261019395631738,0.0022850311699289705,0.007739286154857836,0.01783676488092169
100m_wind_speed_mean_t+90min,0.0023941980498448172,0.0010693032704120924,0.003082297969344836,0.00128513138997414,0.002175661323206441,0.0035933041027742547,0.0017325675033232173,0.0015705891991729005,0.004785960143442935,0.0019811466795608794,0.0011005432560214103,0.007186897687257442,0.0017162097163729868,0.0012672276160669753,0.0028711794726932567
10m_wind_speed_mean_t+90min,0.0016913852733636218,0.003482707395927719,0.002525347758373755,0.000986026383615581,0.0007668597902748502,0.0020652461880054035,0.002623436575001051,0.002290113304623219,0.0024909266971931176,0.005752713207788474,0.0028564980470314368,0.002193886550101524,0.004074970886500523,0.005193959567339334,0.004201190800798941
100m_wind_speed_std_t+90min,0.001051420850341856,0.0011187654795571688,0.005311982203165826,0.0012997466112001348,0.0016439266421375577,0.002886069846512896,0.002034166863544442,0.001494776975606328,0.0018636322167367326,0.0022323202758730075,0.0007828098618753642,0.0017668002923282983,0.0010210941161867596,0.0016173386798727734,0.001419174313219628
10m_wind_speed_std_t+90min,0.0026192874912048863,0.0034804906542358367,0.010284904143074527,0.0032597290101475667,0.001939800749805073,0.010218439476433559,0.0026505563986688684,0.001036845506603413,0.012229826156641138,0.0016174192968046554,0.0015665730037025013,0.012803543502654065,0.0009561146970900154,0.001598819992882909,0.00902230374031933
intraday_wind_and_solar_forecast - Solar_t+90min,0.005731938665492635,0.0019370618693355937,0.01687799907299632,0.0043983101475705555,0.0019610195330424175,0.01349003687779532,0.0020194352921607786,0.004712362285627932,0.009796499440020853,0.0017276542454224,0.003926543096154319,0.004537725034112669,0.0017717786541841178,0.002799333647828007,0.003960875498285532
wind_and_solar_forecast - Wind Onshore_t+90min,0.004052228641496186,0.00290984716627122,0.009963036297896907,0.0044313876034120766,0.003845749538651944,0.00957909310569812,0.001417948838897246,0.004671447105045445,0.008076119311088405,0.0011304811216559757,0.001438568108353593,0.009260371745844168,0.0013897063144290768,0.0026832094029235806,0.008588132512100857
ssrd_mean_j_m2_t+90min,0.0013050705291370833,0.001095818577870432,0.003388656669757438,0.0021595217416215747,0.0011974959193543952,0.002873369796553561,0.0011260611054540277,0.003920875290452386,0.002431565068639884,0.004612129332890617,0.0023356366586549486,0.0039779702429577814,0.003425839459105191,0.002282714469394705,0.0026287957361646476
ssrd_std_j_m2_t+90min,0.002235472904316339,0.0026862829450449224,0.002596246451442312,0.002276456399446033,0.003688904217538493,0.002316061615082617,0.001050765325680004,0.00323086603901902,0.002766391125226619,0.002708505233653341,0.0025803017215084764,0.0026920880531233708,0.0010143093986789609,0.0014501607476377102,0.0016649636372540043
intraday_wind_and_solar_forecast - Wind Onshore_t+105min,0.0040162407828747745,0.0023409937232100335,0.02831463120256376,0.0020623900795726513,0.005515429097344168,0.017484476773126516,0.005551723601740378,0.0025282480205951288,0.017306068176956613,0.0021130194266970647,0.0032904211096356447,0.015560368180381375,0.005535515314088571,0.0078308263727522,0.020896662133120116
wind_and_solar_forecast - Solar_t+105min,0.004983573022607743,0.007203195220614816,0.00728538963252231,0.002225126548529488,0.0045065993590051225,0.004808929001760589,0.0027752070601003423,0.002403163075708818,0.01681582950830489,0.005624588364238662,0.0055921339601663934,0.008475654323367962,0.001936071376530208,0.006190398851079408,0.005165212820518718
100m_wind_speed_mean_t+105min,0.002381084291349907,0.0014165498436923372,0.01457705591936974,0.001436503967396675,0.0008842019989447181,0.010797302515551565,0.001094869368345826,0.002354789110039292,0.010635074017061867,0.0008991734517785517,0.0008168733090419665,0.010494951148837571,0.0007038214588137634,0.0012936611943296158,0.007981237400817917
10m_wind_speed_mean_t+105min,0.001199135024887255,0.0018920905880990197,0.008026911948647467,0.0007711063730553747,0.001085762892620096,0.0039735630160357685,0.0023599500289351455,0.0026739301901689033,0.0033744383577845836,0.0009052443617219979,0.0010647883805436323,0.003761760520167172,0.0011935304690746306,0.001454724619636636,0.003403507520997664
100m_wind_speed_std_t+105min,0.002104728701370732,0.0013884013121846692,0.003783844359222712,0.0014275296229649256,0.0007674891091452309,0.00506718959088721,0.0010857792177839656,0.001600921518362611,0.002677871421060445,0.0016051562705247306,0.0009241454515528176,0.0027298037021319032,0.0019070003985216318,0.0009885743861923401,0.0052194736831497725
10m_wind_speed_std_t+105min,0.0013180612592241232,0.0009825287001650124,0.003938042370956282,0.0009680211974264238,0.001585735006228788,0.0018469850085311918,0.0012184471272435075,0.0021965333995576657,0.0019478849232227732,0.001053579530849447,0.0021731018089432156,0.0057433551767389875,0.001469234013786263,0.0008284676754374232,0.006901371324856882
intraday_wind_and_solar_forecast - Solar_t+105min,0.004220342431753238,0.0019975191578050725,0.00914428159497038,0.004103718653481337,0.004972306511293937,0.007251239858039867,0.0016793837008517586,0.0036491483589094287,0.005125839551792524,0.004282290668518727,0.0020783742610792615,0.004896122333275855,0.004194907198805595,0.0021069010351386624,0.004366043561320112
wind_and_solar_forecast - Wind Onshore_t+105min,0.0026649294460530655,0.0015743995460416045,0.0068510060347580296,0.0021550211187189917,0.0017204379539898583,0.006117346234444995,0.0019299049327053126,0.0019674237636650035,0.006257121303817257,0.002952516520948848,0.00331133717006378,0.004494689458609173,0.003083188111044365,0.0025360299454805497,0.0020484981793479165
ssrd_mean_j_m2_t+105min,0.0032171867812758135,0.0021182783330596067,0.004793921327954649,0.0011106766149187024,0.0014880609244437438,0.0035131600370714297,0.0012542587769185046,0.0011860068415269324,0.003605361289992288,0.0027080860629903327,0.00215398667131376,0.005322570562853798,0.0028939958303180902,0.004691090094281208,0.002431452054237525
ssrd_std_j_m2_t+105min,0.003876737932077958,0.0017065936265439632,0.00516132445877156,0.0040493258949422855,0.004245003211006406,0.004793528234244377,0.007439115418718756,0.004389554641229324,0.003889196391852238,0.00410385664772457,0.0010970276351636983,0.003069087646672074,0.006695990146545228,0.003857354566421236,0.002606942966559245
intraday_wind_and_solar_forecast - Wind Onshore_t+120min,0.0029943832186572765,0.00286549179854228,0.012347611677054374,0.0032905008072448253,0.005557268614429631,0.010096648518025176,0.005425783170358045,0.003873685074267087,0.009907031834300141,0.005725200583845435,0.01031391166514004,0.013164721578876198,0.005827971104592507,0.005657140395190482,0.017585679334311863
wind_and_solar_forecast - Solar_t+120min,0.0054878187930880815,0.003882154585540775,0.005649874685822169,0.004715986470576127,0.003346664549108709,0.0068952970064278815,0.0021497293798493048,0.0033572508213710536,0.005216108712093046,0.002351343457117082,0.0017703206200530986,0.015458854498225264,0.002563671238663119,0.005098585160103425,0.007642814847904333
100m_wind_speed_mean_t+120min,0.001999165989467656,0.0024954483772856974,0.003934737095309458,0.002134778702900803,0.0031046475419448144,0.0032374240027493216,0.0017028172128739243,0.0012325724857582827,0.004017851158814665,0.0010413532470138307,0.00192119285345143,0.004998791383736716,0.0013244112634793056,0.0012296325354645887,0.0022280943817368096
10m_wind_speed_mean_t+120min,0.0028251412768913724,0.0031991463649856085,0.004494494766412572,0.0016402799721545306,0.0017334298447713081,0.002662621786899763,0.0008977030711712359,0.0014580486148370255,0.002523022500465231,0.0017299405140308863,0.001699622639327572,0.003271415742121462,0.0012907752037585852,0.002960039508875525,0.006465199961798135
100m_wind_speed_std_t+120min,0.00165740713005016,0.0010370638041970039,0.005575262458252837,0.0015105232365158372,0.0009256919402373569,0.007546921876662963,0.0009174125950742109,0.0010356277765925484,0.00869422167184439,0.00173995988767183,0.00117944768157804,0.006864168768315721,0.0012591218157725734,0.000695672515636943,0.004804139145202953
10m_wind_speed_std_t+120min,0.0027974660218249028,0.00434770661852832,0.003070851613936611,0.003456548001970077,0.002705187016077616,0.0017224156292104454,0.0018745191044981767,0.001188402010398022,0.0016940919700246012,0.0007706535620845898,0.0009582341261789224,0.002982216896774844,0.0023860995366326845,0.0021665089033158437,0.002769091031633707
intraday_wind_and_solar_forecast - Solar_t+120min,0.0026656824224074852,0.002438799128727936,0.015121587426234328,0.006400720843259478,0.002853351389064301,0.006402528409285878,0.0051941595755997695,0.002780747444674489,0.012342513028226676,0.006572658425127884,0.00404682246433913,0.011997255446040071,0.004091313454562624,0.0060426100180266075,0.008069103750291106
wind_and_solar_forecast - Wind Onshore_t+120min,0.0012047926327268216,0.001330656645371164,0.0048446094866885685,0.0013965803361294035,0.0012332532841655849,0.0036991431729129546,0.0016519782923980983,0.0015155654345280708,0.006516148413709743,0.0017001924124015204,0.0015001225964060723,0.0075753743164168556,0.0021167046115533592,0.0033619019119832958,0.00679092076863526
ssrd_mean_j_m2_t+120min,0.004485840023618948,0.004554101897156215,0.01317136981168369,0.0011208308269397094,0.0035264984195923716,0.012066489645221737,0.002464605265773571,0.00167345416561011,0.010270198442492983,0.0027593320665000648,0.0011115894811437102,0.006565560275278131,0.0011828714928485624,0.0010100867225751244,0.007373120974334597
ssrd_std_j_m2_t+120min,0.0028362463945322816,0.001897875120255776,0.007846924260040395,0.0017914576245557329,0.0019248942330023055,0.005042040751832246,0.0010061511605827037,0.0019909790437613994,0.002095604305178824,0.0007327532153567518,0.0020384305133538875,0.0025906071851709385,0.0007954245328760408,0.0010957637896219126,0.0017226342897074573
intraday_wind_and_solar_forecast - Wind Onshore_t+135min,0.007448242146539997,0.006912024468590971,0.017762399836210533,0.003942137544960133,0.0064503101139853245,0.015663150175707415,0.0051481384118924325,0.001546246478197304,0.014563583791270047,0.006780869955942763,0.0014542638876873753,0.015490962084913917,0.002789105860661948,0.0062198781032984695,0.014879739145551867
wind_and_solar_forecast - Solar_t+135min,0.002602856502398254,0.003453355926386166,0.03154106870129181,0.0025471744866736117,0.0036449295211481284,0.024961318198380468,0.004062165067858586,0.003198847672435477,0.021005353321699657,0.008570205025363976,0.0034413728144700143,0.024875814236641418,0.006982055084246895,0.002313636935910836,0.023423969833762385
100m_wind_speed_mean_t+135min,0.0022020993062444065,0.0013869365751056648,0.007505723659858631,0.0016788829509592916,0.002842395635777393,0.0047349089668527996,0.003635715834958319,0.002286004911132238,0.0018129745883979922,0.001105597526927795,0.002132643894707144,0.0025679553007721552,0.0019932207438278057,0.001386822680731484,0.004154968231503972
10m_wind_speed_mean_t+135min,0.0030696582791520086,0.0051836873445427045,0.010438533211488903,0.004058330078682048,0.002289246872797776,0.007409720761824247,0.0032084724385887855,0.005569538086784178,0.005154442047911289,0.0011727751524722408,0.002927190477552358,0.004530571785053326,0.0020533869728207605,0.0015040675639602342,0.005851213718220606
100m_wind_speed_std_t+135min,0.0008380444854647067,0.0010921859974673679,0.007835565380763,0.0006906216293004945,0.0008310873857942624,0.009848485537891975,0.0015907233497728158,0.0007500168019914782,0.009424527477589435,0.0007492500131163524,0.0008777742561907189,0.009421852187868352,0.0009376752122507242,0.0011267900421016747,0.005780671643769893
10m_wind_speed_std_t+135min,0.00152944338180896,0.00265608988471579,0.009172886358297546,0.0012914932069215865,0.0017340493532938127,0.0045105251231771035,0.0019466291071857996,0.001092844003536584,0.003802861151509205,0.0011573568168196289,0.0029475029745640313,0.004153753487706126,0.0011679021174422816,0.002042423375973158,0.0037218268974097556
intraday_wind_and_solar_forecast - Solar_t+135min,0.010121079764212481,0.005582507475899092,0.0111788872988609,0.00424291954445016,0.0029123045067756268,0.011060742187171855,0.007229308983844021,0.0027056388297155534,0.010036364059820698,0.0022547008364708744,0.0021121819460815346,0.006587525841203388,0.002714964681888546,0.0017383009636382668,0.004634899875563861
wind_and_solar_forecast - Wind Onshore_t+135min,0.0035000264259324467,0.004270149154865067,0.011354474931580625,0.0018688660345524113,0.00202876013774403,0.003833046168412693,0.0052302893599853635,0.0033142879535225803,0.003682944986503571,0.005149496884223026,0.002964220606343588,0.004084493401414875,0.0030442867711863073,0.002060683160179906,0.0041558211867049975
ssrd_mean_j_m2_t+135min,0.005426713050414492,0.005546894045537556,0.007526364595178165,0.00775102919526762,0.006297281862272939,0.007335573672491592,0.004637210919461722,0.005188459305704782,0.005984106666523076,0.004083617349162523,0.004623606106839361,0.0037062642383567093,0.002866096335284965,0.0022054994485515636,0.001951935443255934
ssrd_std_j_m2_t+135min,0.0011602040506606954,0.001087425066234573,0.011574592113684048,0.0011047021337162732,0.0020079592100073567,0.005425130747811636,0.0018917713077321423,0.000829167330304017,0.005108940278253613,0.0009238911367854143,0.0012310128340191112,0.005475242839397651,0.0006682683549954618,0.0021462529517193617,0.010291211442825443
intraday_wind_and_solar_forecast - Wind Onshore_t+150min,0.001306713130096341,0.0012708897000848084,0.008325194543314865,0.0028667075941921213,0.001643901502479821,0.005033429497051657,0.001538079153208173,0.00428327797545262,0.0025788546104977285,0.0034646006621060223,0.006012706049508551,0.002393909472235464,0.0013738774447547258,0.002335444326422703,0.0028076542469179914
wind_and_solar_forecast - Solar_t+150min,0.002724748661792546,0.0020261788918408,0.04055682561063986,0.002718862228901344,0.009503596831826144,0.023350739761808653,0.0037083906546922663,0.0029636300927631965,0.02663419839652488,0.0020580631197735784,0.002082767057575893,0.01862605484081723,0.007491229159059003,0.004390300532219044,0.011740459245091189
100m_wind_speed_mean_t+150min,0.0032122403589382883,0.008604138255919679,0.01443114885644536,0.006376154093915829,0.007068808779113169,0.01109059409033216,0.004414873080459074,0.0029266410656455266,0.008585993430198868,0.004521144972876754,0.0006872449437404384,0.006538263184396783,0.003570873674374525,0.0047021597753537205,0.0053424422369498644
10m_wind_speed_mean_t+150min,0.0024035779764917608,0.0011491472281304595,0.012908053793624277,0.0009519516816781106,0.0006807681778026335,0.008355967052946653,0.0009501265900998988,0.0011618395430423333,0.007934323631045117,0.0010013186659573422,0.0018948737719117616,0.007746222642839712,0.0019268443913224474,0.001187303661425176,0.006264311940693005
100m_wind_speed_std_t+150min,0.001307990640843059,0.0016009181012248063,0.004611921596320826,0.001065725290180353,0.002505108996029776,0.0035099159943611084,0.0010067013748889621,0.002605950879064039,0.0070269408330723305,0.001110532327661076,0.001109605478199569,0.006934399721481896,0.0023512932222256493,0.0009706382880249293,0.004535068111530563
10m_wind_speed_std_t+150min,0.0012604434347160804,0.0011851588832560082,0.00228442633882878,0.001409634995481781,0.001488602562014421,0.0015113514227251131,0.0012294527022904732,0.0008770429484352462,0.0046233687100336734,0.0014663717956354958,0.0010015299990043616,0.0033731007053838767,0.0017336071333420478,0.0015691975072868445,0.0021339762560469355
intraday_wind_and_solar_forecast - Solar_t+150min,0.0021762608736753462,0.005228397968688114,0.006624298674053534,0.007165207380436186,0.006804688190852176,0.010539186442751088,0.003204438019537065,0.003655244973641402,0.010123636935244576,0.0030732560517270713,0.0030703019881693763,0.011567900065570938,0.004978171978013052,0.009629136524017668,0.006902947770075116
wind_and_solar_forecast - Wind Onshore_t+150min,0.004699975445008022,0.0017225578858524387,0.007574836854961177,0.003038731030383758,0.0017458316253987506,0.004981976022740127,0.0017160174481748527,0.0014379577117520058,0.0024993897111189652,0.0011862978279036725,0.001440083530944321,0.004116910527769505,0.0023457133906831587,0.005851208190608304,0.00862456239578023
ssrd_mean_j_m2_t+150min,0.004283879688257003,0.003642399353913788,0.006106806966035947,0.005077906572889333,0.003918828004872012,0.0027208850218003134,0.002438232820036319,0.003412091613696248,0.002468323888957002,0.0033675219836763973,0.0030323839909433443,0.0033243096698879525,0.00383226474114781,0.002712164629912877,0.003946554158560048
ssrd_std_j_m2_t+150min,0.0012769897141483853,0.00330501936688961,0.004390933469960146,0.0031883841162441513,0.0009973709937358705,0.003678958418768161,0.0016961423599041155,0.003323542877275031,0.004968718554526276,0.0010110854459255733,0.0012814856569555672,0.0032605623180625115,0.0017002391540722782,0.0028103205341794817,0.004272927103744678
generation_forecast - Scheduled Aggregated_t+15min,0.0018238109921039723,0.0021825770559848936,0.004703218944193623,0.001412712047284458,0.002171056608774961,0.007018123970694432,0.0013531832600756387,0.0010531414837469128,0.008502002623454246,0.002993258840933777,0.0022576604052405853,0.008632950899074785,0.001658292780411898,0.004349701500763331,0.00581772820000242
generation_forecast - Scheduled Consumption_t+15min,0.00135059619447577,0.001350926243080039,0.004320706913938921,0.0015970407036511461,0.0026569481014375924,0.003814900769808446,0.0023109252798749367,0.0005631541084025003,0.007342176712118089,0.001024129957511832,0.0009182919340789794,0.006720390384551138,0.0029293467447860165,0.0009780659942898637,0.0058775405171327295
load_forecast - Forecasted Load_t+15min,0.003324480237976786,0.005759882875157928,0.0575921637788706,0.003904229649080662,0.0058668676947927455,0.04287183165948227,0.007117277906243544,0.0027817270303548865,0.03202520312560955,0.006141372344171032,0.004570417436756543,0.031664709091637634,0.008974532041393105,0.006353814002432045,0.03038070459011942
generation_forecast - Scheduled Aggregated_t+30min,0.0013641920641775868,0.001972330970794701,0.01267177560624259,0.002069932272730512,0.0014004636650420252,0.014565635155231576,0.0013604449503945943,0.002400112491940945,0.014223757759158616,0.0032983249270328086,0.0010750881019330337,0.010851584474687115,0.0010141753050422722,0.0013954849802080389,0.009394042303949504
generation_forecast - Scheduled Consumption_t+30min,0.0008114489900870865,0.0008702995908138291,0.0035604702014970825,0.0012034308259351292,0.0010655437346613326,0.004855534588356022,0.0007105823280871846,0.0025226866946031806,0.007411588672548533,0.0009507773512732456,0.0014232715587640997,0.007461504798848182,0.0015004586598356582,0.0016422663014454884,0.001249108583166958
load_forecast - Forecasted Load_t+30min,0.01057391384125367,0.00813179497756937,0.014931420021064696,0.009896054452634416,0.009765320693841204,0.017867546723980922,0.008235295204369322,0.005918907844621572,0.0167020153219637,0.0038077681122285867,0.007744014049339967,0.007994604565785267,0.0024733864466404613,0.00597637142923486,0.011477208307589535
generation_forecast - Scheduled Aggregated_t+45min,0.007532975083224301,0.005736366937008824,0.025046347897965462,0.005807977469135949,0.005965308018006908,0.02328797947955172,0.007199204067386745,0.002562048031044469,0.014790826456491686,0.0062417659869920495,0.0072427452143406295,0.010814271329058102,0.0016284456444199122,0.004611216584533394,0.008501684700396027
generation_forecast - Scheduled Consumption_t+45min,0.0007024771376909484,0.0007926703359967177,0.001367152810444388,0.0006596741711322238,0.00173571051828867,0.001214452539256854,0.0011244932542887227,0.0027454477930441497,0.0016651485944066736,0.0021144351462808117,0.0024660573664004913,0.0008818772445965806,0.0007638558542944338,0.0007076445775873026,0.0011366113595840943
load_forecast - Forecasted Load_t+45min,0.010341603298664268,0.010150212263848516,0.0062131316096310915,0.007471312008485256,0.010713583034914336,0.007554949694718062,0.008801903755087551,0.005380903053202928,0.016086874125452597,0.006524261101294542,0.004499935035226372,0.010169087635552387,0.003167995512878406,0.005738462386048923,0.006796360294463284
generation_forecast - Scheduled Aggregated_t+60min,0.0026043564341102863,0.0023303189607094053,0.006240522477070954,0.00190583889804131,0.005098616417619155,0.0030197455098586942,0.005285865506069968,0.0039507432127757055,0.0033329730166251465,0.0018255297599870347,0.004460403037788638,0.0038420209015798718,0.0029871841932395,0.0030431116042582288,0.0032587827023753562
generation_forecast - Scheduled Consumption_t+60min,0.0014531590201522704,0.0013371211542603306,0.001572335315274131,0.0016098457714006145,0.0009139270600571763,0.0019395721480250359,0.0015480029085774732,0.0006359703529396939,0.0007920302498737328,0.0012898348415656073,0.000578927547810963,0.001253687330236687,0.0007815473105029013,0.0005736472216987067,0.0006190634626600513
load_forecast - Forecasted Load_t+60min,0.0036588141406537033,0.005057156458186001,0.0030924279746922137,0.012597181371791522,0.008796463050824968,0.0029304146360045707,0.008268304990306206,0.010277243465694483,0.005997656152361742,0.0040550939004133394,0.005141878464628007,0.01295581820824009,0.006078932480329968,0.0020202845532194262,0.004455961433006451
generation_forecast - Scheduled Aggregated_t+75min,0.0020693383740979245,0.0036041384763702807,0.010225307443601195,0.0019885043130489066,0.0014863479363175429,0.011431258028424054,0.0023465534777315044,0.001512739862134822,0.01416020462223969,0.008260131785273189,0.0013127156331083824,0.014213841622055043,0.003926789344629469,0.004969948530844704,0.0037470270106496175
generation_forecast - Scheduled Consumption_t+75min,0.0014349771688280271,0.0016101671712640381,0.004740196860248034,0.001390690429973688,0.0012443055590201765,0.0031484275692164375,0.0013931093705368766,0.001851722943552886,0.002265496486277698,0.0012773818470714104,0.0015020127105417488,0.004498942162725143,0.001202930609591931,0.0009536560317255862,0.0025130839160538015
load_forecast - Forecasted Load_t+75min,0.004614867805468748,0.0028078167658086386,0.004383910547444884,0.007465079516858168,0.006179211751636103,0.0033580836029614147,0.006576511286526511,0.007815225568416281,0.004851720697773544,0.005941976263129618,0.008576676193681123,0.0025878788951940804,0.0025510496379295092,0.0021076465255541734,0.006554404124428401
generation_forecast - Scheduled Aggregated_t+90min,0.003051274344029025,0.0018471534380705634,0.00943024320083191,0.005971080014329345,0.002095595355789101,0.01383865069498279,0.0010885538087750319,0.004399425051236904,0.013569673460615377,0.001544001382874285,0.0036659949078496935,0.01163496192461389,0.0023377867467897885,0.0030798986835507093,0.009682214254244172
generation_forecast - Scheduled Consumption_t+90min,0.0007964016197770433,0.0011416270071313193,0.002543369065055231,0.0006027517017487299,0.0009952417127215086,0.0018213020819230223,0.0006889273884407885,0.0011516374469829316,0.0024431820880308807,0.0007751777510862893,0.0013370356762713981,0.003791656734450953,0.0007289434108765818,0.0007911747944386888,0.0013347764663123485
load_forecast - Forecasted Load_t+90min,0.003936196469887818,0.0025571873585149662,0.005964597190677523,0.007435809074879216,0.005002356189204874,0.0034505051692651704,0.006611829909724293,0.006018430126458952,0.0053299359925977115,0.009509365433960738,0.008838870926356322,0.008896022640890806,0.006114393711481171,0.008950691172278312,0.004965763426640479
generation_forecast - Scheduled Aggregated_t+105min,0.003342927675723331,0.004762618243192265,0.018116632972631577,0.003803585851184835,0.00235078687801888,0.016000565973237825,0.0018348192065876674,0.0030357983076592064,0.014019587532682636,0.004596440436078865,0.0023505934490360685,0.013363235152670313,0.00242869466342745,0.003297226348600816,0.012216522879918557
generation_forecast - Scheduled Consumption_t+105min,0.001442555880654254,0.0006604466613235899,0.003971534009935567,0.0009480858015746208,0.00057879809873873,0.0022282410015791354,0.0006579525284125794,0.0012712558718658328,0.0016385290300513589,0.0009928613157685505,0.0015661553771087711,0.0010731097569469056,0.0008283824159188953,0.0004729087768050704,0.0018695506715594092
load_forecast - Forecasted Load_t+105min,0.0022163873029395517,0.0013615343745712494,0.0034610107921798773,0.0018666493796717987,0.0051427246761240894,0.002832201132938735,0.005755298534603298,0.0052179371631427785,0.0029204803329339482,0.006956457224507176,0.00872898709888807,0.002317564106572718,0.009083731102742604,0.0074356321348313945,0.0025751645579293837
generation_forecast - Scheduled Aggregated_t+120min,0.004152923317036993,0.0009916907862580046,0.006628761036019569,0.004343544552862568,0.0015755833287939822,0.00868906031678125,0.0013454284554859442,0.0011041597377347899,0.00720704364858102,0.001298146306842682,0.003255648778707837,0.009544954931203392,0.0017015434282250793,0.0022240884033875546,0.012263750890902883
generation_forecast - Scheduled Consumption_t+120min,0.0008538218766775572,0.0019446849612504593,0.0010155663879349958,0.0013986091213373584,0.0006278390067876672,0.0014082053347601686,0.001299603405936068,0.0012245263864433583,0.002079920354979322,0.0007938543256491357,0.0019627697929245186,0.001034457612416645,0.0017899049032421316,0.0015424043172970413,0.0015401885571445747
load_forecast - Forecasted Load_t+120min,0.0015824782994282032,0.0030668416546973274,0.011968193463068018,0.0010540899656763258,0.004227753355873574,0.00799365567123823,0.0012384122563162236,0.0016911742514448633,0.007800904190560686,0.0066492913429083275,0.007922848121199422,0.009644360160629731,0.009146454081288538,0.008945949304681563,0.004591733953622679
generation_forecast - Scheduled Aggregated_t+135min,0.0013112707635234528,0.0025665631584729453,0.009239869693188666,0.0023164340106757208,0.0015610239372288105,0.007720120376790874,0.0035714820487974066,0.001084138799219545,0.010199438955922232,0.003230858514969441,0.0013058757272419825,0.003959558434973132,0.0017501761283244832,0.003445245032961793,0.0036777141200163895
generation_forecast - Scheduled Consumption_t+135min,0.0006419609317868194,0.0013211468406880158,0.002836884811411437,0.002035294487428473,0.0007567467636108631,0.002266531142689928,0.0026812250267830677,0.002289783866261132,0.001971963765661712,0.0027304670237354002,0.0033517271908931434,0.001512577562790284,0.0038603405714966355,0.002095708307286259,0.0018415888088561588
load_forecast - Forecasted Load_t+135min,0.0032584245841935627,0.0024767846217464465,0.017155171142076143,0.0017448164039667233,0.0032376477174366303,0.01282185795220721,0.0016912988347455667,0.002753379221787327,0.00928231267776755,0.004662264267553837,0.001346957083676898,0.009721792195705348,0.0038854479106253167,0.007100129287424352,0.008167127351567615
generation_forecast - Scheduled Aggregated_t+150min,0.0013879833518030864,0.00155139080332674,0.00529277658946694,0.001661274995135841,0.0019305133696034319,0.006504887929077085,0.0010943465637200233,0.004284999157709535,0.006060655564298372,0.0013849018915980196,0.001397149185616854,0.00277598031620073,0.0026878173681780027,0.0017233448379928972,0.0021722425973875943
generation_forecast - Scheduled Consumption_t+150min,0.002968836870917585,0.003240858786739409,0.002611253809245227,0.003709646380273625,0.003146894170669839,0.0016287939584299239,0.0014204091437368333,0.0023056827340624296,0.0023852888836463533,0.0013943758922323468,0.0018275137960081338,0.0011745376697854227,0.0007308169936031846,0.0012170974411092174,0.0013709684499572177
load_forecast - Forecasted Load_t+150min,0.001225048679038082,0.001167310355360314,0.018713576516369356,0.0016160227558871156,0.0019416827212389762,0.014883220798525144,0.0010266936739972152,0.0014913767200418987,0.012402962080042925,0.0026951507131998368,0.003189261051750691,0.01101372904965683,0.003359564947901035,0.0037939966101694154,0.009567213866699604
