Feature,imbalance_prices - Long_t+15min,imbalance_prices - Short_t+15min,imbalance_volumes - value_t+15min,imbalance_prices - Long_t+30min,imbalance_prices - Short_t+30min,imbalance_volumes - value_t+30min,imbalance_prices - Long_t+45min,imbalance_prices - Short_t+45min,imbalance_volumes - value_t+45min,imbalance_prices - Long_t+60min,imbalance_prices - Short_t+60min,imbalance_volumes - value_t+60min,imbalance_prices - Long_t+75min,imbalance_prices - Short_t+75min,imbalance_volumes - value_t+75min
hour,0.002533832355615232,0.009768519362363804,0.002463896873719932,0.0031214980446329717,0.009265675548638682,0.0023861318983608728,0.002873171247611026,0.009500313032578561,0.0020842016477590733,0.0024211299133758074,0.009310584418424696,0.0029981595170506807,0.0026421432522110992,0.0058804789215992056,0.0028208723596817435
dayofweek,0.00564507121791894,0.006972569408560957,0.006435540688980837,0.00636465657644203,0.008294714621243657,0.003816432497401365,0.00527190350228193,0.007848083911470894,0.005586813629197423,0.004549078175897193,0.007146321394796359,0.0018231717555718206,0.005500377311171633,0.008601216122006008,0.00202922135519475
dayofweek_sin,0.005041198911545507,0.006200706608691689,0.00298024384655173,0.004920514020479459,0.009082894574039529,0.0027838267605002328,0.0050233629929007295,0.0059061368896236675,0.0022547959220155464,0.003631950138195407,0.006958186256263616,0.001896788483455566,0.0049052594582803975,0.004338237661573658,0.0019856078663688095
dayofweek_cos,0.005599088616246718,0.0029341841076438867,0.0019217198735168495,0.004699345551278384,0.003900271573169448,0.0015287632789568305,0.004853178783780095,0.004438452565984335,0.0018367084570554654,0.004679956389378276,0.004653318583339569,0.0017232252131389031,0.005630553523442359,0.006619154062733287,0.0015230883030785663
day_of_year,0.004852723580985184,0.007443544171179383,0.0025941513473544545,0.005865493846031313,0.0072865949108454516,0.003121623549324795,0.005907992776662468,0.006809349004355681,0.0023101661217187937,0.006451026699905924,0.006491606988181957,0.0029947174955207174,0.005586000424696067,0.00823080735698386,0.004163946553802362
is_holiday,0.0008040524846768449,0.0012468548075795524,0.0006635000107953317,0.0007118518743686231,0.0011252064954253456,0.0007559392829234639,0.0008463497449129136,0.0012006511602139654,0.0009248644442795921,0.0007681025466377776,0.0010367043453270526,0.0012654970844705531,0.0006931224153655649,0.001243385552401378,0.0010638514812510494
generation_import - Generation - Hydro Water Reservoir,0.01798893636034336,0.01903539104454103,0.039368546300589516,0.013064884728702054,0.014986790532995656,0.03166115944119519,0.010898001766796369,0.013903266855915718,0.030270293508692703,0.006649570555819082,0.008799324135565258,0.030242100534622295,0.004912812019385456,0.009535403363015121,0.025005073522130262
intraday_wind_and_solar_forecast - Wind Onshore,0.003213342344666671,0.003957070250035031,0.001766333966057573,0.005018693235952923,0.0025573868259580195,0.002760472923770067,0.001778624896215206,0.004036268052288506,0.002511775393015796,0.0022807519030483545,0.002928813403648746,0.0015908760791726309,0.0039611929057819,0.0017483622842106286,0.0010079231457775677
generation - Other renewable - Actual Aggregated,0.005807534402941201,0.014325073139476445,0.009409986986225704,0.004327106098669901,0.008060868035545354,0.0043389261269285275,0.006331820754195178,0.009728389119736676,0.004614546106745365,0.008365869331682915,0.007235034205443298,0.0019927082274371058,0.00851990382236545,0.006404507078517781,0.004901269123283782
activated_balancing_energy_prices - Price,0.06409347950294614,0.0524891717037026,0.013041685635345857,0.05708095973712625,0.04936752346794674,0.009124870660518354,0.05228915394039359,0.04301311275015178,0.008185742789866708,0.0479236872087422,0.04037100650411958,0.0027343754815328794,0.04595961959837223,0.0384126377444918,0.005001757984475262
generation - Hydro Pumped Storage - Actual Consumption,0.03523926966416184,0.01248479323072388,0.00813078774837777,0.034559667248802724,0.012611555970022892,0.002830657039432026,0.027033472408133093,0.010371359613043751,0.005278946329508471,0.025727217259191092,0.006138787655410851,0.0071047653391578935,0.01979342846169311,0.004295844106047298,0.002407103946317875
wind_and_solar_forecast - Solar,0.006445111775845646,0.002474493506666107,0.0052010934976133285,0.005670730507743429,0.0020804999530992063,0.001723142718519739,0.004240312117927715,0.0036132231542505906,0.0021977727093653813,0.003000862477142164,0.0033454997451153757,0.005914627515994653,0.00405020899252213,0.005472519696453674,0.0017651380323207206
generation - Hydro Run-of-river and poundage - Actual Aggregated,0.003387925086510222,0.010985198557031254,0.002354086656767777,0.0032583431633679536,0.008209234817040851,0.0023867345422413566,0.0015928148881573633,0.006470524834157914,0.005592191161355004,0.0017161143218654615,0.005559474287348337,0.0037697503703693655,0.0023082641666678683,0.005328594691189778,0.002172039134401075
generation_import - Generation - Hydro Run-of-river and poundage,0.0049126968145283174,0.009176760797354291,0.003958068180046212,0.00650674077624626,0.00962870401670807,0.005920746692971079,0.0034229296283297115,0.009750142533739563,0.0033996348965702056,0.006046673060947796,0.009164872913534055,0.0016863757540268125,0.009067875556218496,0.006545269071299117,0.003628855555718928
generation_import - Generation - Solar,0.024530495448270812,0.03496983411817928,0.007323085701724267,0.021505880612530746,0.02959427240763762,0.0024357318575928275,0.01856846556215896,0.02903647806982917,0.002742472577917397,0.013483764098884422,0.022201498682174133,0.002124172566270772,0.01349569086061092,0.022380012915178667,0.0028214327920995856
100m_wind_speed_mean,0.002885147020364002,0.0015928677379802138,0.005969892749752035,0.002648906395380436,0.0030965218439814634,0.003056302989123651,0.001366614844873766,0.0014216298576284316,0.002876995150888433,0.0019338116647368224,0.0013890331091063785,0.0034253660449103337,0.002263588460714118,0.0030900385832492248,0.004185545912811904
generation - Fossil Gas - Actual Aggregated,0.02421879454451846,0.008741836251385393,0.018241296800482816,0.02362436600836736,0.009344901958878837,0.015304330332251993,0.018783547545230247,0.007921194096172257,0.013939668168489789,0.017242761905596125,0.00739393994101556,0.011846325825928943,0.014703558551656897,0.005634027499183503,0.011699588398427295
generation - Waste - Actual Aggregated,0.011530565190227207,0.009558376469140057,0.009195462893811054,0.00837250799011963,0.013999873883449254,0.002725326699510788,0.009890344570936576,0.011972134438707144,0.002429926007228204,0.007947936304204631,0.012846907955725328,0.004736101709728245,0.0030090053948351853,0.013378480156898149,0.0036945763110516052
generation - Nuclear - Actual Aggregated,0.002932169409488779,0.008820305940607795,0.012658493717062812,0.004821194278376424,0.00886952310038032,0.0051785734722054715,0.004048259459596011,0.005742781209752365,0.011471198957073284,0.007771507424404262,0.00704992055031471,0.011060767503688111,0.004938105304727287,0.009887910126752103,0.007145351436287456
generation_import - Import - sum,0.008339770063037577,0.004709746106824241,0.0020971271445744152,0.007398671184766499,0.002893800950363129,0.004579991691842224,0.0027569445003609873,0.00182856770594708,0.00433591428463933,0.004983814503015424,0.002432880315782313,0.0018997145198954967,0.007954654575180029,0.002352615218474739,0.0021132757978316475
10m_wind_speed_mean,0.004719739780623854,0.003329750711094675,0.0031040131887020836,0.005182538277493222,0.005598294229119347,0.0013310266115313424,0.003332452299554916,0.00665420076456212,0.000976336089756682,0.0022507524892418475,0.0043768653865226955,0.0027748673831792985,0.0027056093485807653,0.006642741251471307,0.0009735023592700145
generation_import - Generation - Fossil Hard coal,0.002466354974077149,0.010945536916842684,0.00394694497290402,0.0029404926608003735,0.008637416632453095,0.0017513215542458056,0.004596032076491611,0.009284891371615232,0.0021000912388399228,0.004406485561503359,0.006819430472547538,0.001860841375914333,0.0026619612906079054,0.005484672556580335,0.002373749764275999
generation_import - Generation - Fossil Gas,0.023902600061584962,0.012911973317775846,0.016329591374829762,0.02121628727938514,0.011990825149056037,0.01396590155633072,0.020826554700775886,0.00947532674590184,0.012826037501949031,0.01893921664007212,0.009243901143952826,0.010992944982106564,0.01718317148202914,0.007836331077333399,0.007794411430651962
generation_import - Generation - Nuclear,0.0033763008555261534,0.008140658143788641,0.003797162017979133,0.00522074691304988,0.004200232710922137,0.004174897285871339,0.004053040371378301,0.0031712719841998477,0.0024139977554799544,0.003562659679958415,0.0033341043317395816,0.0030870928198883122,0.0055163618313345065,0.0026863139340530325,0.0017446632886480983
generation - Fossil Oil shale - Actual Aggregated,0.0,0.0,0.0,0.0,0.0,0.0,0.0,0.0,0.0,0.0,0.0,0.0,0.0,0.0,0.0
generation_import - Generation - Wind Onshore,0.0177791095045759,0.009462149096318172,0.018453984737076098,0.017336548569124716,0.008845122871538479,0.01639927528689077,0.014236404065959505,0.008818435310789937,0.010068082465710176,0.014437951251347841,0.009095726716443096,0.006999278564820088,0.016733246651358058,0.007996625821588168,0.004894968222832176
generation_forecast - Scheduled Aggregated,0.0021907035438252934,0.0024028945375944204,0.003107544697388221,0.0018502269403763876,0.0015318015755910893,0.005591501876682969,0.0036850442047998513,0.0033874494956944545,0.004365424491663362,0.004378085836071477,0.0027924101096377853,0.008679733900287829,0.004289912086506775,0.0015142466343177148,0.0059404789656546195
load - Actual Load,0.024271946104632663,0.013157861298222997,0.0034456408134938103,0.023952172468732897,0.010563323181082523,0.0017748353041679365,0.021123864565699476,0.009679771971633272,0.005024647906728206,0.016894031031813937,0.010456373608212744,0.005252572133991634,0.018292982485453194,0.008082836568746643,0.00257673123609311
generation_import - Import - PT,0.003351340900194373,0.001152853632203005,0.008056786303801345,0.001829240157139111,0.0008681512592129365,0.007784606511821039,0.0012437715401865718,0.000940157192476363,0.004506375181052135,0.00359084185068059,0.0010226821582705553,0.002852621547615854,0.0010597915385960732,0.001432037497541387,0.0037510390315437687
generation_import - Generation - Biomass,0.011548554979434357,0.010057020157997613,0.00281145986408967,0.012338108440322685,0.006071637171196926,0.001958238770436765,0.010621065510305925,0.008396627341113344,0.003009445106559724,0.00887230367819575,0.007288889028488484,0.005366903337053372,0.005158982812332397,0.005305220033051569,0.004775401498525753
generation - Fossil Oil - Actual Aggregated,0.00220931550535785,0.010108781467424706,0.002798108762533275,0.0022796104822518826,0.009092778137710412,0.0019502856014771623,0.002189808134374459,0.0072055373736657205,0.0021869842621892984,0.004103576346216869,0.00854582481016405,0.0020963313318443397,0.005591403498896397,0.007180345817003399,0.002244713156002604
100m_wind_speed_std,0.0020820796146106203,0.0030795932010660183,0.009709317630775332,0.0018537844594667945,0.004774609922311584,0.0066066748723605994,0.0020707659534218693,0.002867951266483715,0.00792653651465298,0.0022896941573835646,0.001025272490227053,0.0035061282761671463,0.001656401920133476,0.0016547578054010045,0.002052897904643146
generation_forecast - Scheduled Consumption,0.007757798476370226,0.00788835983948229,0.0020597129088150722,0.005821436475795054,0.0019272843876733533,0.0023285390740692266,0.0040085286504427135,0.004345888279105566,0.004758321144076035,0.003595130400530252,0.004555896716525751,0.0056200404803566925,0.0070206151633356055,0.006758281759967303,0.0020943031219849218
10m_wind_speed_std,0.004017688467329208,0.0026805158314564324,0.002397037608679966,0.004277154695335412,0.0017987513949356071,0.0030881908695023414,0.002968737661909472,0.0011768112730642314,0.0028115590653969777,0.0039231433218410525,0.0013561434439029654,0.00316947923439443,0.0014549435101894233,0.0017702084432221455,0.0016535203790590458
generation - Fossil Peat - Actual Aggregated,0.0,0.0,0.0,0.0,0.0,0.0,0.0,0.0,0.0,0.0,0.0,0.0,0.0,0.0,0.0
generation - Wind Onshore - Actual Aggregated,0.007536201025035553,0.009064975263949237,0.011734187686517544,0.0066821211795795536,0.01000736621730357,0.008701288801741612,0.009146055539233203,0.00943455645197264,0.004807475497165797,0.005647392279093765,0.008038529188645043,0.006557329261828272,0.009140636388119674,0.005516733460764953,0.005030065664948779
generation_import - Generation - Other renewable,0.011274911634041927,0.013688960996689275,0.011878416940497119,0.008333052852685796,0.01810406023489486,0.0025490138161394496,0.006683628043712815,0.016904800667456584,0.004145785049836377,0.003721658417585786,0.01568167140499281,0.005057641592160508,0.005385409390066343,0.013938078298093388,0.0020721373064702675
load_forecast - Forecasted Load,0.006071767234240724,0.010474229075407493,0.002038458263701614,0.005233753747215814,0.009995814882709965,0.003671202918309973,0.0103117405403259,0.013445969805620841,0.002598292915468733,0.010981431337277171,0.016240982923423873,0.001581259097117254,0.009892616428754991,0.016053001766238594,0.0016145643066456756
generation - Fossil Brown coal/Lignite - Actual Aggregated,0.0004142365177785905,0.0003077408203348568,0.0013466455778107047,0.00025892019352426133,0.00016151847166315746,0.0006823916232751799,0.00036810438357042587,0.00013232003115152223,0.0006566009510243021,0.0002327865406241756,0.00023915697016354897,0.0005424014048621757,0.0002988295283844309,0.0001326520633180337,0.0006038717467745301
generation - Solar - Actual Aggregated,0.005763179813242459,0.02710023655166151,0.009203881339570216,0.009992985202210548,0.01878957395022735,0.004494885764966739,0.008227658812280424,0.016146256653613817,0.008533739567763404,0.004573255520073928,0.011086355371051468,0.005608122421630469,0.005538442647167358,0.003861313195026014,0.009164135795246693
temperature_mean_celsius,0.005968861037188389,0.005014187850763846,0.009266928776378336,0.004072684006384407,0.004528792190827289,0.006448525604770112,0.00462380525808112,0.00803085628113331,0.005309380295295341,0.0020199215159355504,0.004816896529730002,0.0013044904847993165,0.002216304623445467,0.007233426708131446,0.004650914850710251
generation - Wind Offshore - Actual Aggregated,0.0,0.0,0.0,0.0,0.0,0.0,0.0,0.0,0.0,0.0,0.0,0.0,0.0,0.0,0.0
generation - Geothermal - Actual Aggregated,0.0,0.0,0.0,0.0,0.0,0.0,0.0,0.0,0.0,0.0,0.0,0.0,0.0,0.0,0.0
generation - Marine - Actual Aggregated,0.0,0.0,0.0,0.0,0.0,0.0,0.0,0.0,0.0,0.0,0.0,0.0,0.0,0.0,0.0
generation_import - Generation - Other,0.006870349944685585,0.004072811680278392,0.0050071833516849434,0.007599082013533916,0.0025594966787462,0.0074985753600485625,0.005601595871907193,0.0032897087044839284,0.0071582012839498926,0.006284678974494454,0.0015120817122610789,0.004693964925383625,0.006690467925320263,0.001866741619003733,0.0052082348213953085
generation_import - Generation - Waste,0.008333062018102282,0.0027648040290905555,0.01035466430543238,0.012585627803375247,0.0020889786045909203,0.004961923469069007,0.010504763628501678,0.002240312522433669,0.010304486302618899,0.018592436791048387,0.006361433870915334,0.006300282718219023,0.017144633547068223,0.002876744470097634,0.006817923747178952
temperature_std_celsius,0.0033381420309010535,0.002372957528974439,0.021223289511573967,0.002058449127197491,0.003326939807114286,0.017679477248122567,0.003279265479704918,0.002348306489256629,0.01789696745335823,0.004401237907138238,0.002957759290276954,0.012243336526822532,0.005099250934836164,0.002287336904271797,0.010363243776548188
generation - Fossil Coal-derived gas - Actual Aggregated,0.0,0.0,0.0,0.0,0.0,0.0,0.0,0.0,0.0,0.0,0.0,0.0,0.0,0.0,0.0
generation - Biomass - Actual Aggregated,0.01586251642819843,0.012892724010020175,0.004530674741090934,0.015438304119656096,0.010150061318305233,0.0031671306781554448,0.011048586061762762,0.010738278741966041,0.004954235958779463,0.010991692472030992,0.009117692220504977,0.005297423134376004,0.008237691109836305,0.006533649979868642,0.005511622860372881
generation - Other - Actual Aggregated,0.004816025185697072,0.0013660165999758646,0.0028310428709392,0.00219314707016747,0.0015789253225160281,0.002097020600140695,0.0047165078711695965,0.00140641781613931,0.001226761393945708,0.0012021457319915498,0.0013088582162636157,0.0018079173771675414,0.0012116246174391563,0.0014522093844086612,0.0037998372506408487
intraday_wind_and_solar_forecast - Solar,0.005513580302624177,0.0024246145462202546,0.0027626048523418374,0.006461161300459026,0.003103667564468196,0.0027532156466259037,0.0022544123000301395,0.0016996568249558095,0.0018344280134779184,0.0022473656181546176,0.0037015018157947,0.0016960378207695613,0.006135512010208913,0.0025387837365237827,0.0017539338045362456
wind_and_solar_forecast - Wind Onshore,0.006012136448764068,0.005251147126733485,0.002314984011431079,0.0046028811411924836,0.004547717640249175,0.005645919355945807,0.002936194250941298,0.0033793754724351856,0.003933983822218579,0.002968612711712012,0.003088557809252961,0.0025935119771032192,0.0031958883448357936,0.0032046618137846965,0.0011972955625274154
ssrd_mean_j_m2,0.006062977475592561,0.004689095416176315,0.019677254706337407,0.003628262304721488,0.0038010003299218625,0.014046119961421936,0.0028102751841843202,0.00408723971809377,0.010839094348526488,0.003955514007016972,0.004645433296220062,0.009289895699475892,0.0026950428411123537,0.0038605978955183673,0.013970831014565192
generation_import - Generation - Fossil Oil,0.009520441721426322,0.0012361455854479572,0.003009207977742335,0.009633439529919997,0.004193274662728072,0.002852901635276794,0.011298944690264762,0.0012203528324192803,0.00609300924744457,0.00969156064814888,0.004079244252177886,0.006867539747385308,0.010632663187105209,0.004412182357627898,0.006264448532368988
generation - Hydro Water Reservoir - Actual Aggregated,0.023765574272703816,0.02183486876176903,0.04695509830744413,0.022501718512674414,0.02141020797661622,0.03419770830796915,0.018011417388142947,0.014584990789851872,0.030777460501416498,0.016724522122050986,0.01409954412728257,0.027572441553435054,0.013259197093088005,0.01269780833477853,0.022111156224957084
generation - Fossil Hard coal - Actual Aggregated,0.006170051879249513,0.011641999661922454,0.00519902635111066,0.008499077623011544,0.011965541379177012,0.004138621180623886,0.008972567804623395,0.013962683116551489,0.005764093326579314,0.0035851190000503264,0.01111312654102221,0.007007030460732494,0.004210704578024888,0.00964614489651285,0.007172784612761461
generation_import - Generation - Hydro Pumped Storage,0.034046866850134395,0.027679146414688147,0.030747461539518555,0.027619644767895808,0.02970190410437499,0.02209898163734033,0.02899768269791093,0.023208515855905717,0.020010487229999853,0.020325309997217118,0.023409872930380517,0.021744466792893945,0.015725985441167722,0.022228721328865504,0.019561543685354992
ssrd_std_j_m2,0.01109578917172803,0.0040475604517550895,0.007849464009780604,0.012480594838911202,0.004680438633469748,0.0070034013862577925,0.007696568964263861,0.006019052326839755,0.0034653712451145112,0.009078926393722214,0.003469047454876545,0.003230178433110268,0.0072255088723031805,0.0060479873498698,0.0045172635880444435
generation_import - Import - FR,0.014573045739816735,0.011534480846545193,0.002638258256237805,0.016496793562255335,0.010905205942079192,0.002443946130016684,0.013195909713133006,0.008865946727586562,0.0037983254242099063,0.013662144632573472,0.008812511637392164,0.006043130528603797,0.01423474660285865,0.008505618815388517,0.006719743210513116
intraday_wind_and_solar_forecast - Wind Onshore_t-150min,0.007520074445123555,0.008865474738615375,0.004552273376197263,0.0023331957242944553,0.0032728235936308465,0.0012099522821281425,0.005383889798169548,0.006135529307823163,0.0010244782425388621,0.003701339865151908,0.007336163077212405,0.001930915762440236,0.0028218298181109276,0.0034515855296459678,0.0014411827052790613
wind_and_solar_forecast - Solar_t-150min,0.004358753184789748,0.005539875483098512,0.0024722305271520782,0.004514725798933796,0.006075106636653799,0.0020405412777872696,0.002758623108127722,0.005204230028866732,0.0024469080351045705,0.0034586279367467797,0.005945078557146189,0.0038859537958560396,0.004938205115147866,0.007725135862106526,0.002993333064381574
100m_wind_speed_mean_t-150min,0.0035392953309210497,0.00736225031273716,0.007998581112689862,0.0030864746096995075,0.0055685228840156925,0.007487058045648155,0.003483182654466873,0.003911034442353412,0.005146467022443176,0.004306218215802346,0.006152194443202461,0.006267802962310725,0.002679329977265297,0.005446936142450795,0.005801001793326577
10m_wind_speed_mean_t-150min,0.001570257421160477,0.00839790726280262,0.002228686712138199,0.001741417913432997,0.008118821149324504,0.0015720252225037256,0.0028432718126096008,0.01044523476591712,0.001291099118313923,0.0027812224482586315,0.009679028291815484,0.00170494271849293,0.0038209062953119426,0.007404055362885628,0.0015243694333555596
100m_wind_speed_std_t-150min,0.0022688516641846943,0.0019365888784189168,0.0019164785869879779,0.003051061939349893,0.002131217263901021,0.0014952610677524945,0.0021245630660414465,0.0016228202610699327,0.0035912692806723497,0.002488907031296094,0.0016186434179087427,0.004475864374465403,0.0026840524448762154,0.0014764828166699431,0.0015855470561441506
10m_wind_speed_std_t-150min,0.001762582904935698,0.003929593403800027,0.00581562238706465,0.0017132633101182365,0.0020665945375349113,0.005891366822703276,0.0015546338012800334,0.00460604220112873,0.007049329764660797,0.002778476837818744,0.00574361890504224,0.0074190440108795885,0.004352948676332744,0.0046818486114425465,0.007171351677752682
intraday_wind_and_solar_forecast - Solar_t-150min,0.003474912015524751,0.006881673756941382,0.007416136179745081,0.0018541894247541676,0.0044587194860323505,0.005672759789602424,0.0024639552913522495,0.0021964150591152246,0.0018589016063542659,0.0023963327912533716,0.0025129280299706807,0.001568233347553246,0.0028179020953994043,0.0027185149055280818,0.0017386144300035084
wind_and_solar_forecast - Wind Onshore_t-150min,0.004470792404198847,0.0021152230680750107,0.003689237139325996,0.00520744271744843,0.0018539350499672763,0.0029120576099207936,0.0019178318675385525,0.0027960886199070957,0.002468677353620592,0.0018636722572400685,0.0013178031729130452,0.00281432039856778,0.0012657516077770198,0.003262952710579839,0.0019927268447297595
ssrd_mean_j_m2_t-150min,0.003720420830990406,0.0060217099519104525,0.002057790138946075,0.004022203713286217,0.004573850137603586,0.002041309214566354,0.004747000170457795,0.0070858260397289995,0.0020771807151832035,0.0021765953841504596,0.008914208631300425,0.0012265925322597012,0.002196691344197461,0.008637828474878916,0.0010126896083737904
ssrd_std_j_m2_t-150min,0.004497259133196167,0.005337719726974683,0.0054763264651046485,0.008286801294184442,0.005075401555252029,0.0023535854140454403,0.008794179131203237,0.004915126524337324,0.0020126260171855394,0.007371006342909822,0.00606533801300975,0.002346913907378621,0.00806088545054081,0.004046144395812007,0.002092859793462594
intraday_wind_and_solar_forecast - Wind Onshore_t-135min,0.0035799767379285185,0.0033287759173026643,0.0076078340803724135,0.003928117205356557,0.0023713132823149864,0.004099397211246412,0.0046383222664444475,0.002140703924418631,0.0018686533846771455,0.005090596148114855,0.002440450027256702,0.0028399546799178096,0.003361687140813956,0.001765192766102473,0.0045395649410584155
wind_and_solar_forecast - Solar_t-135min,0.002978747576757087,0.006981395144566705,0.0023341618488481827,0.0026635427343418313,0.003082703281963404,0.007667586320064402,0.0031206546938489055,0.00283585804093309,0.007128896184702171,0.0036226289652404376,0.003458111353230379,0.0014730273298755492,0.0027792780778809175,0.005251679647059063,0.001569710033910269
100m_wind_speed_mean_t-135min,0.0036151812166872617,0.0027742430870448514,0.001276031052536439,0.002729750694217728,0.002322055944856629,0.0012907632961396303,0.003964508890401703,0.001931877423561673,0.001011702637239523,0.006979731398896547,0.002443282916415001,0.0012453630705695105,0.009251916313485709,0.0042627376705656845,0.0011055116800021097
10m_wind_speed_mean_t-135min,0.0029939106449551217,0.0022888589964613856,0.004997973745827039,0.005417942889847836,0.0017847820792763968,0.0015317684327939745,0.0019152794406491012,0.0014187022205715038,0.0017322903155040875,0.0042671933993069615,0.0016332419684838442,0.00399880149231285,0.0028744199436878263,0.0038909743350150168,0.0030350989062135625
100m_wind_speed_std_t-135min,0.0020957850971408333,0.0016586633970146068,0.002673099115493642,0.003549166553975738,0.0013219582303227071,0.003467978004049655,0.0017254183435588856,0.0025310607120827625,0.00709240416848479,0.0015474663262375543,0.003607795554619145,0.0020694919276556902,0.002179794236370071,0.0016543350894480681,0.0019115399515721946
10m_wind_speed_std_t-135min,0.004286010297162648,0.0032024218447641033,0.0017442566460322269,0.005711975149926729,0.004035545853492295,0.0014174938511282561,0.005468224336851563,0.0039659960602930365,0.0025494496483111106,0.006309355942397815,0.0037931711605278906,0.002337186793418823,0.00575975198658125,0.004057736534729884,0.002818254612596206
intraday_wind_and_solar_forecast - Solar_t-135min,0.015292249231672031,0.009094867041429098,0.00400794940529704,0.013001956667532795,0.005156141766445217,0.00595593629578616,0.009529338454609388,0.00724997961736517,0.006875001528285793,0.004691533295617774,0.006786296960155596,0.00584030091540626,0.004572266766735993,0.01074358920173836,0.002285011051994758
wind_and_solar_forecast - Wind Onshore_t-135min,0.0034649291448531584,0.0016283123393222923,0.0026366593861203,0.0026766850427825373,0.0015815626299206542,0.004483276671558997,0.004602118760180019,0.0015089217266670402,0.0030803972366102244,0.002514063258729948,0.0018006963879997784,0.004316022103590882,0.002973422131663483,0.0026611140589548085,0.0034817377027975454
ssrd_mean_j_m2_t-135min,0.0033963717768147033,0.0027335688672351353,0.010163923936808714,0.0066547634852176995,0.002318398199611693,0.002518961730480214,0.0037166000834158693,0.0026658485715611276,0.008281564100150718,0.005537774731667014,0.0019782548345833673,0.010769549601683139,0.006320039164071204,0.002478856836494742,0.007013637924028444
ssrd_std_j_m2_t-135min,0.010628505154221785,0.013947177140471468,0.0024068980957215446,0.008573689475671926,0.011221342598713819,0.006057456326983811,0.008245191424544942,0.01142874786433822,0.005194591710896091,0.010427461296923866,0.011542785780919076,0.0015375644579880827,0.010295610308683536,0.009634744158687682,0.0014160283465017756
intraday_wind_and_solar_forecast - Wind Onshore_t-120min,0.0049455040830234795,0.0015959168702083843,0.004513079890305107,0.004577627321022135,0.0018720546212105092,0.0034146542164198764,0.003462645195141704,0.002296478318154186,0.0029284142895285186,0.0023365265007853396,0.002813277825559453,0.0021015163279107583,0.0022302472160401978,0.0017272737460466488,0.0031356196879078198
wind_and_solar_forecast - Solar_t-120min,0.0037567113498371326,0.004758403239396557,0.0032509389899605594,0.0022042613297708156,0.003168133497022609,0.0020221167660502033,0.0020259509254024408,0.0037198498386696883,0.0021457276521123277,0.00374658609434573,0.003992873774397595,0.0020161648941229944,0.0015723806875903392,0.0037974911362343845,0.0027353752760773203
100m_wind_speed_mean_t-120min,0.0046555941767037435,0.0035848582876014915,0.003911611708734654,0.0050666417938628,0.0017642310720502792,0.005975143510659109,0.0041254629119066525,0.004102630119898094,0.003196592745245653,0.0030070541367931583,0.002476986580764333,0.00428204354049376,0.0021295101176510797,0.0026672934527432516,0.0020289319230818136
10m_wind_speed_mean_t-120min,0.003926879159847885,0.007961911939535639,0.006200844467413844,0.002360252929999433,0.004401247185794091,0.002139386020967663,0.0028617158724086947,0.005458848951027904,0.0057493299984362235,0.0015953535913928363,0.005692327187971386,0.0029484340513336064,0.001599395963377674,0.0035490037683375704,0.0041393870559090825
100m_wind_speed_std_t-120min,0.0016453195998165028,0.0037086533041565417,0.00264533731919164,0.0024429374624996853,0.0036034702936794927,0.0018103938817821473,0.0015462369271238004,0.004175126418966102,0.0015525873130077343,0.0022547503269797742,0.004407840112862687,0.0014994964842408082,0.0023437144990512025,0.005669068786490243,0.0015384701248426608
10m_wind_speed_std_t-120min,0.0023648755915173752,0.004248595450637368,0.0023939485558271373,0.003986963463291431,0.003197157082668127,0.0017734774786661092,0.004191855877325907,0.0021744424570501906,0.002157203047520966,0.00471146562624017,0.003003611304480728,0.0023900286338484874,0.004522464926286375,0.0027930089615074392,0.002968620421943342
intraday_wind_and_solar_forecast - Solar_t-120min,0.016689293814299164,0.007206553115372572,0.010159908309113234,0.014176037313707639,0.003937229882751126,0.008572925675718579,0.009008773960365942,0.0033614601047243014,0.0024769189574881238,0.010558321312768385,0.0029795690348728386,0.0057500770950427976,0.013669532420331962,0.0026268769112988365,0.005758305517611006
wind_and_solar_forecast - Wind Onshore_t-120min,0.0026153985664645915,0.003369345524095479,0.004977055025046866,0.002963218103942836,0.0021855405688447718,0.0043700659086116506,0.001980669175388357,0.0028991445431740884,0.0032402065182504883,0.002089450263393701,0.0021535238553774434,0.0041617397794034335,0.0017987978163118896,0.002554858111845988,0.0019098264889423717
ssrd_mean_j_m2_t-120min,0.0020755613827509478,0.0020591227039531076,0.007539247026201338,0.001762380690783175,0.0019027237529198827,0.0015839162342310828,0.001771696388901546,0.0032388596922828584,0.0025030332635426473,0.0023213499389962635,0.0025139835071736343,0.0019255958186731733,0.002136893636069544,0.0020348911082110135,0.0009608669318649845
ssrd_std_j_m2_t-120min,0.002440528032537259,0.002673081522756547,0.0023878975592369896,0.002744445039825223,0.003967746372065449,0.002616936742919279,0.006973121395853013,0.005690678432885761,0.001778543098454975,0.006803512228249019,0.00395696272636269,0.0018029568822912551,0.006430556114522915,0.0035913488442256493,0.0020736917676515533
intraday_wind_and_solar_forecast - Wind Onshore_t-105min,0.001559573531001206,0.0024586957313622406,0.0026812404482989224,0.002409275284145224,0.002173066650675551,0.0025007960664866005,0.001672827387862526,0.003743271366967747,0.0017416072767064178,0.0044820518368569534,0.003432998030919407,0.005642712816064886,0.002494818652625327,0.0023708329470282477,0.003999634145227901
wind_and_solar_forecast - Solar_t-105min,0.006516903327952604,0.004961302314011846,0.005500462854610532,0.01012007698227535,0.0017290064096031302,0.003518520005916798,0.0082908602528114,0.003202339417569874,0.005141257133559975,0.006920105695637176,0.002048358442605604,0.003573591278933208,0.007132053309629555,0.004047398703730778,0.008012954795205588
100m_wind_speed_mean_t-105min,0.007684244673910144,0.00489391489472473,0.0014980382190788078,0.006472693041585444,0.0035209539234474503,0.0017052160367529723,0.007265047922612212,0.0063968579488473554,0.0014188849501624646,0.0056189107037644135,0.002023929702177611,0.0013741326692315852,0.003425593837560882,0.003641979244481263,0.0018993383981514853
10m_wind_speed_mean_t-105min,0.0034625369547575248,0.004141231484776654,0.004242961035099142,0.0021825837037695237,0.004249960312092299,0.001576451799842289,0.0018869018411769502,0.004027849272231606,0.0015136105045835393,0.0012830950775060046,0.0026942360421453484,0.0011725126924736742,0.0011509234030795596,0.002639805417482421,0.001278054117607212
100m_wind_speed_std_t-105min,0.009287255552946589,0.004302074235625241,0.0037835207544649166,0.006244314187344571,0.005785578504444857,0.002108361662198149,0.007670487979863538,0.002434169903539441,0.0014853760744863392,0.00944879449288419,0.0037353586808098953,0.0014012318976558617,0.007628945464120079,0.005716259526205249,0.0019664182519404678
10m_wind_speed_std_t-105min,0.005759495767988483,0.003766544828584301,0.003010899475381393,0.004491559355010395,0.004062957628141248,0.0028628687049258588,0.0027381461073891842,0.0032941212927439663,0.0025125753007289404,0.003635386561076302,0.004011762266475671,0.002424849663870077,0.0017389949221669667,0.004488122432664568,0.0021675106802264282
intraday_wind_and_solar_forecast - Solar_t-105min,0.01338797582712141,0.009678193320851278,0.002022524697682229,0.014937684658158104,0.009785272535773402,0.0027214572894081355,0.011726347193705806,0.011407334955802071,0.0024205754003487527,0.013607315453911724,0.009217421855340944,0.005263681686128621,0.007412783064777614,0.007326474372675875,0.002885857301442229
wind_and_solar_forecast - Wind Onshore_t-105min,0.002851308634439192,0.003171459281651323,0.007761261730564002,0.0028855236860249535,0.004020425412349141,0.006024583517955762,0.003972388824255177,0.0022153331717872787,0.0018681243932675215,0.0013598487691833725,0.0017094303096018848,0.002755740909266933,0.006955651232776291,0.00410222560264674,0.00449221942492386
ssrd_mean_j_m2_t-105min,0.003060481091542897,0.009484449164301623,0.0022037826008506727,0.0050267715777645204,0.007028765661714715,0.007174997464790067,0.0053121524494818,0.004288166197009559,0.005196480256727625,0.006696433480457927,0.005632318290081457,0.0032788574515652726,0.01037462750589475,0.0029016157530386407,0.0031959463801419473
ssrd_std_j_m2_t-105min,0.003305292663437285,0.004550922953842928,0.008588981631553907,0.003004655765562347,0.0023311954405498907,0.004204760513284782,0.002712213766997593,0.0023980619851245136,0.00459754243617499,0.004017366822972462,0.0026491583903695643,0.004405392316395591,0.0026794300753754216,0.0016634362864824653,0.005259252512296371
intraday_wind_and_solar_forecast - Wind Onshore_t-90min,0.003195346191634144,0.002107979873045224,0.0017552580885603674,0.0027504071888638463,0.0030762367753768556,0.0015131726567560691,0.002531943660174875,0.0029752729802257818,0.0019757080067283822,0.002462346253292708,0.00433510051115464,0.002320383808751103,0.002067717116302447,0.0064771319516730725,0.0023408535038574882
wind_and_solar_forecast - Solar_t-90min,0.006852830026440643,0.003600580979822553,0.005568802117764562,0.008827753910758475,0.0039056532249105657,0.005276828419209778,0.0048639793038055355,0.003889067006693949,0.002698689917164984,0.005272806139175372,0.006526525867786404,0.002413970434793555,0.004244053261150839,0.00569622155167599,0.003727202611516077
100m_wind_speed_mean_t-90min,0.009141324972584698,0.00308194514898787,0.002945434926923554,0.008991052001423668,0.0032908313635907687,0.002728787489799288,0.007725968001152069,0.002281204878094286,0.001218476985225152,0.007749698993371567,0.0018047023087183333,0.0009057893694862287,0.005848122502318802,0.0018469028959807474,0.0015724894730475398
10m_wind_speed_mean_t-90min,0.002220519007418261,0.0022874319414477214,0.0034455046888892866,0.0022123560480672494,0.002342917750171182,0.005379770415174789,0.0022419264948609907,0.0021796283412932097,0.002595194691462439,0.0016648379895686958,0.002384633637281695,0.00410064341719044,0.002403472023208451,0.001807491023061175,0.00453932059230101
100m_wind_speed_std_t-90min,0.006145524874757029,0.007267216339198058,0.00351353244953134,0.003377593042609078,0.006924048905922973,0.0017245149178843349,0.004575482597158043,0.007665590416438136,0.004567448619556672,0.0015490490995000528,0.0040024852491519596,0.0032956687104069714,0.0012599817647899272,0.004503773946704314,0.00398819209107387
10m_wind_speed_std_t-90min,0.0041421401791735665,0.0019122727683474068,0.007985916124622235,0.005911246430522226,0.0032527242807191214,0.00698832676303573,0.005533529550320964,0.0016960798485868053,0.00460618699553379,0.0017969540152307673,0.0020300925707828128,0.002960453211136155,0.004710499544980849,0.001405398985444208,0.0027456094604117994
intraday_wind_and_solar_forecast - Solar_t-90min,0.005962953236259637,0.0052695504592202265,0.009536691196124594,0.004791454902202531,0.0061789556764106236,0.008154052444315312,0.0071155727618534,0.005602731031392977,0.004742271809347585,0.004943956829216404,0.005384496681877863,0.010671476025891025,0.0021769096496263955,0.0025604923722817147,0.011274947389378212
wind_and_solar_forecast - Wind Onshore_t-90min,0.008381067252907087,0.002605418661843032,0.0016653490747912656,0.004619256326003779,0.0027881883692198245,0.0016060597594387217,0.0026916637348354017,0.002703913463914205,0.001551138200310561,0.0026854743358492215,0.0022278063398198356,0.0017956985298026211,0.0026961749401791624,0.0023310050060536013,0.0017041950421571527
ssrd_mean_j_m2_t-90min,0.007623551126755047,0.004314199580708191,0.001968874857100673,0.004886900905152288,0.0028472769697509646,0.007399965109216282,0.005877381481991051,0.0027896973701017486,0.001172416498084658,0.007528534063550979,0.0033641850620883813,0.0026661602136049396,0.008965478890691884,0.0034457824219671237,0.0010960245067316236
ssrd_std_j_m2_t-90min,0.003149330344237114,0.0028494538375980483,0.003696809405692875,0.002385021344045526,0.0027514594561980628,0.0017455787529453346,0.0028309311536386305,0.002046390599413826,0.0020060657205725647,0.0030316637475348218,0.00306392388397353,0.0018926925731534538,0.00893444269207248,0.0040314162694112384,0.0017756653924979986
intraday_wind_and_solar_forecast - Wind Onshore_t-75min,0.002887003991189431,0.005109883168498316,0.0051454658255570395,0.0026798620595964166,0.005265011512277851,0.007403288646775763,0.005392993118999584,0.004142997883063799,0.0068025287378331994,0.0030158720324980097,0.0072030101396230745,0.004974883945088095,0.008437295430951054,0.006970906463346182,0.0034149235670356574
wind_and_solar_forecast - Solar_t-75min,0.011456580271944404,0.0033468078940427403,0.004454016796039469,0.009896580451459159,0.0031480450331550854,0.002905512979172272,0.012269503791468196,0.003214240321572106,0.0031508555583923225,0.014427962473964953,0.003981419425368586,0.003900737379786733,0.007685552387832331,0.004219830387395632,0.003331454585526444
100m_wind_speed_mean_t-75min,0.0014713161442778072,0.0032427136316435963,0.0025157339251927623,0.0025472913653211437,0.002947532041147497,0.0028682041174579354,0.002524925875337658,0.004435334506728395,0.0021125182683199456,0.0013872429558664408,0.0015953037745503025,0.0034264825324814866,0.0027248082918558793,0.0015578621749519925,0.002403437663859222
10m_wind_speed_mean_t-75min,0.0057828284438319316,0.008029856699582524,0.003674642403049802,0.0034488729033473648,0.005740437148335332,0.0068753963639901486,0.0075449931881157685,0.0062851712226729434,0.0054907430434832346,0.0027979557346079673,0.006254245822980011,0.0015146514137049961,0.004586921245550229,0.008729057464330253,0.001571624329358201
100m_wind_speed_std_t-75min,0.0026353347181461684,0.001289010165908394,0.007120536887086928,0.002078893391675592,0.001496265600014027,0.00470105332377716,0.002697262470612259,0.0016636291663382962,0.00457371804236891,0.0021145895780064167,0.0012866548378633524,0.0024823473945643853,0.00242470416999538,0.0017005168692198823,0.002281930119586832
10m_wind_speed_std_t-75min,0.0016089908165943143,0.004146773683522042,0.001994005775340611,0.0012554845371716965,0.004771157054366085,0.002619550308500948,0.0019959013760953892,0.0023664523942074993,0.0012632606415436385,0.002348849222525132,0.0016303508253408836,0.002306333580367209,0.0017720719994795218,0.002170877582471121,0.00241774543417705
intraday_wind_and_solar_forecast - Solar_t-75min,0.006000401681113545,0.009409379853896099,0.014204315283872348,0.008029607810716698,0.009910096142877592,0.004715463996777544,0.010899229160917458,0.011180636960896663,0.007301423690376395,0.009209589500183938,0.012066719468137307,0.008084496453680912,0.004581349741371469,0.011379874245030806,0.004925612337012467
wind_and_solar_forecast - Wind Onshore_t-75min,0.002342124624763528,0.0014013735809041917,0.0113644555727642,0.0018849382871303532,0.0012411178591137286,0.008000846194747283,0.0015443553934464944,0.0014745440183705795,0.008054954018294666,0.0020708467538979674,0.0014433759994180945,0.0038128750343776117,0.0033515166995639447,0.001496720586084848,0.004315956358077529
ssrd_mean_j_m2_t-75min,0.006907732260893681,0.005810457914343715,0.0031209904731858843,0.007132897171046352,0.006384611580164346,0.0027536842628433076,0.010543072801161542,0.008936373845464914,0.0020292838314853725,0.006654052715399303,0.009531519478383417,0.002449105939384026,0.0065440770994446215,0.006930142157900263,0.0019048736940940217
ssrd_std_j_m2_t-75min,0.009042282946160413,0.008999085231182107,0.002699343377847981,0.009030471775120532,0.0050349564943117,0.0019129777849429955,0.01019751283194637,0.005707160204401589,0.0030951757703342082,0.006789601159412769,0.005141011121871998,0.002902556413661728,0.005930437988514313,0.004894413543970586,0.0018564566473939976
intraday_wind_and_solar_forecast - Wind Onshore_t-60min,0.018351071058157687,0.005118517724875573,0.009875972431364061,0.016200963524246617,0.009995908325508935,0.0067347972349234625,0.01549733720360382,0.010094961553320899,0.009711946905918012,0.0148993659381822,0.007227650432261726,0.00631282868199196,0.013109601648888202,0.010083320019752137,0.006414584201885191
wind_and_solar_forecast - Solar_t-60min,0.013113726780953584,0.014661306901904026,0.005494999908190948,0.010696785750322306,0.012790199153911089,0.008006952951931453,0.011903187905001687,0.01176536535238847,0.006901734685678093,0.015615851734663011,0.009341348745323337,0.0018041732986857823,0.011862425904793781,0.007688520429685013,0.0021353779802671512
100m_wind_speed_mean_t-60min,0.0016126610997039279,0.004725080471630008,0.0015686346945162767,0.0026159474338551263,0.002611831012708535,0.0011410939341712947,0.0013652055199506775,0.003962994932827315,0.0030093151660748846,0.0016131577573696631,0.002305076448331931,0.0017994501307820202,0.0016780474215486265,0.0024779901215315476,0.001209000080630176
10m_wind_speed_mean_t-60min,0.003541888556763297,0.006903486830095062,0.007079702901530254,0.0025648596555619177,0.006330759986656631,0.008709816257629427,0.0019480664609973245,0.004911678156859125,0.005575589659514662,0.0017389739232610282,0.0056543946662222875,0.001993606169688064,0.0023303352782813817,0.0023421185481593055,0.0036978534750523977
100m_wind_speed_std_t-60min,0.004149067321967777,0.00389576914690042,0.0024876976346731683,0.0062033181073638845,0.003914456118505768,0.001733806888997833,0.005265990973791276,0.0037904686102756386,0.0018311106920573365,0.0023455776516204023,0.0034461855343070054,0.0033351655010844753,0.002565767140198659,0.0012970263065258223,0.002100444726585465
10m_wind_speed_std_t-60min,0.0022777664981697113,0.0049965953723494745,0.0035339741591087657,0.004247377404794406,0.0024974629594262296,0.0025850345737175075,0.0016997856875950674,0.002841303548011183,0.0040058948426412826,0.003531509435384578,0.0023517023993943837,0.0016757700477191976,0.004024692760504877,0.0023408283377284534,0.0036523921117204735
intraday_wind_and_solar_forecast - Solar_t-60min,0.008456789358675451,0.012870588437981495,0.0043729364955549955,0.005379617911338755,0.012234967834867348,0.004407170199458051,0.009935656702276901,0.010917064581059094,0.0023168106912908114,0.009066906445739733,0.01360616420400038,0.003585861702834336,0.007961238446368953,0.013427151522264466,0.004506318908725916
wind_and_solar_forecast - Wind Onshore_t-60min,0.009062994978103233,0.011141513794307684,0.004534701336917351,0.01076425994589954,0.006262642884816159,0.004121601646194904,0.007009638878164879,0.00719410569734464,0.005637523152835456,0.00697599763200742,0.009925603990905984,0.0016303509732881593,0.006706278492869387,0.0050830680973195964,0.002510518008341478
ssrd_mean_j_m2_t-60min,0.011116061660053675,0.008065694935267856,0.004255636991310894,0.010945120971977303,0.00865031829208965,0.002478575521053244,0.010449852084427221,0.007147644757293165,0.00818988312914189,0.013842749017843744,0.007210549943825754,0.010183659295435063,0.008725804561923723,0.010905195376399206,0.007024033214647716
ssrd_std_j_m2_t-60min,0.003671147716010637,0.0026042938386517563,0.0015992406554905755,0.001529692202752699,0.0016886664212361212,0.00138565462762449,0.0027934502657846567,0.0015447751822930513,0.0035880807698540594,0.004290096089014696,0.005720437638625185,0.002959453771683911,0.001944626664208954,0.004472990600490448,0.0013635429561876435
intraday_wind_and_solar_forecast - Wind Onshore_t-45min,0.007232591395828422,0.0018687330025622942,0.004758592398382461,0.006710963875353628,0.0021684607096176477,0.004878811946284259,0.003948322252990238,0.0015804550734605555,0.001430871776039723,0.007992112656193057,0.0023976668952423097,0.0018658622891450705,0.005357450751056604,0.004279087430280925,0.0031968339613540593
wind_and_solar_forecast - Solar_t-45min,0.00656101462272727,0.010459019404388528,0.001829214847160074,0.007316558067917867,0.014981248986407082,0.0020995386590893757,0.006808282934078307,0.009719759134168272,0.007513523562040063,0.006211417211888147,0.016172524853420328,0.00348341981050271,0.00926913190257619,0.01708782351424452,0.0026892921208454936
100m_wind_speed_mean_t-45min,0.0018738673709182195,0.0010505540860270913,0.0028216076329608767,0.001300724992528103,0.0010051686681908337,0.0010896606262176646,0.0011921910085393392,0.0014645690093425402,0.0025880791686340673,0.0012201591597313381,0.0029092129606051458,0.002228534419670268,0.0038818321597118483,0.00198032721241907,0.0042164199778380864
10m_wind_speed_mean_t-45min,0.007964645280976129,0.002382555234865322,0.0014081814573609107,0.006647048721539249,0.001615330745323945,0.0025082014566667112,0.007361678780333023,0.0020075115633653696,0.0028553249785377944,0.006344398754787107,0.0010368084569972779,0.001237561363264831,0.006898328476469971,0.0016361146122362699,0.0024183921051517247
100m_wind_speed_std_t-45min,0.0028115880511868454,0.002374779898275847,0.0040018158720440625,0.003017911357896992,0.002961310943078388,0.0023321374071201715,0.004383941481163675,0.0022959718030906517,0.0029697605562705575,0.003734881069544372,0.0034110381296413835,0.001587791642457887,0.003577175079015433,0.003455111462716559,0.0031268298176528333
10m_wind_speed_std_t-45min,0.006722278157976689,0.005891521372601225,0.009358519783119846,0.00557707466818465,0.00756661880062893,0.00730669502098317,0.0052652332354282405,0.007575289947490091,0.007251579283308275,0.004813756721946447,0.005837764337196859,0.0068488980268648445,0.0050196022656236895,0.00655716549387762,0.008366571384551207
intraday_wind_and_solar_forecast - Solar_t-45min,0.003838184052723591,0.0059930789882455425,0.01471593354146171,0.005845602017913734,0.0040730158216751985,0.01097512552322587,0.008568983837212727,0.00279676844643177,0.012160982452500321,0.00564869232140336,0.003226730282949575,0.008462506352545461,0.0025031790102425476,0.0029899391047761128,0.003838399937691065
wind_and_solar_forecast - Wind Onshore_t-45min,0.0026076563396964045,0.0024758632766815935,0.0020965613433638736,0.002504956729926562,0.0024552682875955724,0.0028283314104824058,0.0023151792356120495,0.0023229062008322215,0.0032682705683073437,0.0029655297443378003,0.0023313501362717945,0.0016309586092233986,0.004851584889457399,0.002035282937311422,0.00204780372777077
ssrd_mean_j_m2_t-45min,0.009759047348910825,0.002227220219664332,0.007268016089859884,0.0055990265734735655,0.0025008031896563807,0.0032963697608956863,0.006587892568968527,0.0022725684519632524,0.0014879067776200259,0.007622893405103241,0.002657600711495661,0.0022311828606489145,0.007365898232261315,0.0018791464284968243,0.001788211117624428
ssrd_std_j_m2_t-45min,0.008536755850662303,0.002452492086677921,0.01126034111987974,0.008256036630178641,0.0017925537867702808,0.003549728476024029,0.009849374494954646,0.0016897557986710581,0.0038612077331881666,0.0049360463079110555,0.005421737313618905,0.003910387250937674,0.009043824930124175,0.002235442022249515,0.006171502535551553
intraday_wind_and_solar_forecast - Wind Onshore_t-30min,0.009308643943310017,0.008777457348434837,0.004612501267783955,0.008908441172010497,0.008718488588881882,0.007403785299124138,0.011702425244031475,0.009023255113424966,0.00648517974002516,0.00861857796207005,0.009258786495996901,0.007042104540218134,0.010087760232185246,0.011023813937499653,0.00308810258271933
wind_and_solar_forecast - Solar_t-30min,0.0330149018985685,0.021384659044080764,0.013144361877813935,0.0314998658944387,0.023680382145568727,0.009325006246712291,0.026803106822248082,0.02297629888166557,0.012833603687344293,0.025911179424554575,0.018522231161477977,0.01248948641010793,0.02724547837045975,0.021329829978873022,0.012221833832882112
100m_wind_speed_mean_t-30min,0.008148679020319833,0.00441117344682425,0.004789188155078591,0.006722234472938908,0.0033175609235622685,0.004215246175808715,0.003487437006602704,0.005034862964585045,0.003266876167323062,0.0026778417841378543,0.0022918176302955543,0.0012987220133536539,0.004345115166408504,0.0032176896237392613,0.0010864938963277382
10m_wind_speed_mean_t-30min,0.005571744633450919,0.005118557403893647,0.004618391704345413,0.004608260404982502,0.004273985475158042,0.008188653844901637,0.005009048871739651,0.004120669289482521,0.004417473940869059,0.004690735665360989,0.005780160587535647,0.0053294175749615535,0.00429287148464573,0.004527847606284012,0.005073976445557491
100m_wind_speed_std_t-30min,0.0038681160193427787,0.002492813221306392,0.0023221719628468236,0.004067645178853127,0.0019817505979744963,0.0015575627466944298,0.002850464191646097,0.0024740398680296494,0.0011281470655983411,0.003969419380158797,0.0017388228950599113,0.0030000276268015115,0.0015738237658624711,0.0017053065042432537,0.001976064549283706
10m_wind_speed_std_t-30min,0.003546864885976902,0.006240509053662663,0.009374344765947172,0.003565156795214449,0.006612310076078757,0.007877029830700849,0.0048189766866526046,0.00685674726221896,0.004332783333564293,0.0038628200395914975,0.006002699986358948,0.001417933034846925,0.0035300233157367984,0.006280877665716503,0.003900944648317818
intraday_wind_and_solar_forecast - Solar_t-30min,0.0044687680874485524,0.0038982122264286543,0.0026542771174740665,0.007167324456298957,0.005832930452535947,0.006458357441083536,0.0035817973465927934,0.009468793705833378,0.0035955510699961905,0.00872963174029428,0.010131248705176404,0.0037796738737906708,0.01567795035276504,0.010750611506038694,0.0030151125608026633
wind_and_solar_forecast - Wind Onshore_t-30min,0.0026545605182607232,0.0019253422602575937,0.00363972642950057,0.0028131926350761205,0.001610990222939563,0.004112285260252975,0.003491138729767954,0.0015657024918712067,0.0045415776873742285,0.0018057246294083597,0.001844736496679502,0.005091947215274558,0.0017566112834056184,0.002009924532045716,0.00363632487557652
ssrd_mean_j_m2_t-30min,0.001647612030326627,0.0019431027104055828,0.0029425330621306784,0.001723228852115426,0.0019951344145047187,0.006405464321480849,0.0053143706588552955,0.0014451522242015925,0.0034997020531955057,0.004008537237146811,0.0033212567827731617,0.0017460210783801244,0.002842080596748929,0.0021705795504099114,0.002404586645165182
ssrd_std_j_m2_t-30min,0.010290153903421015,0.005818552611377527,0.017122767422959442,0.00488089684993156,0.0014304766048610419,0.01829474758292781,0.0019248668015161457,0.004924215010676562,0.01017424696093076,0.002185018120897439,0.004556510208008149,0.00486315714578177,0.0018501942096340825,0.001338976912058115,0.008920857013690693
intraday_wind_and_solar_forecast - Wind Onshore_t-15min,0.005696934839177629,0.0026742977573358077,0.009889253198773077,0.006252441143486067,0.00282725135689725,0.006738395107352517,0.006844980246605701,0.0025980929482884675,0.004897788784328441,0.008199451910531935,0.004914164035947579,0.004454111818372667,0.01128876590343134,0.0028753102713835687,0.0033947346071508946
wind_and_solar_forecast - Solar_t-15min,0.0025022238139627007,0.015405026171240024,0.007520820383942919,0.008347482222172402,0.012931326654565055,0.008392850791804449,0.0038850009438692722,0.01293515522008238,0.003183409229921381,0.0033101827076325208,0.010009545523367705,0.0022950458667964995,0.006149027653773374,0.010232137613795203,0.00309168278469042
100m_wind_speed_mean_t-15min,0.0016660657741625754,0.002733856093700524,0.0019544570069328984,0.0018838305131696415,0.0030214288254683196,0.0015624917635223027,0.0016331285328244575,0.0021078016579904216,0.0018133374365115742,0.0014081145455600108,0.004370434322927394,0.0016980800045373315,0.0021029018031968006,0.003779965161680593,0.0014305926400313637
10m_wind_speed_mean_t-15min,0.002315632917662697,0.00176009911777237,0.001962634698482134,0.0016497721025043575,0.0022347928051767666,0.0012314448757343825,0.0019422637332509112,0.0030615515783792946,0.004221696895832792,0.0023142874629802465,0.0038606934901636125,0.0012454844502317428,0.002072358790461294,0.002934354127633014,0.0027882487142915123
100m_wind_speed_std_t-15min,0.004639789664430282,0.004661428471357794,0.0017654837923510058,0.002850894973915274,0.006042522460666987,0.0031083182797601696,0.0024711387145307526,0.005020179793315037,0.0022841512360037087,0.0019279007308869041,0.006733981957101605,0.002847247495987176,0.0018412706053627516,0.004799729752354324,0.0037466117019448577
10m_wind_speed_std_t-15min,0.0041563541424488905,0.005461945592614938,0.0020890163623153058,0.003316027627489234,0.0026158760469011215,0.003314167635285685,0.0016196854135400827,0.0024069230341201547,0.0021204442994862804,0.0026506161671350126,0.004006526102548378,0.0011037550792209459,0.0018451868842012118,0.001306359720840419,0.0010484771198443924
intraday_wind_and_solar_forecast - Solar_t-15min,0.014739254372019787,0.010419169330882142,0.00234204044514172,0.015196546562219738,0.01693133784109523,0.004184641840522574,0.011352596789918607,0.01631954573432449,0.0016269951538529313,0.012703811961400788,0.0149709565769881,0.0013552330520051328,0.010317955528662423,0.014450847172163776,0.00174699186580483
wind_and_solar_forecast - Wind Onshore_t-15min,0.011103943877926212,0.001626236111811977,0.0034273758114304657,0.0074365451645699064,0.001752220299454848,0.004685438062318099,0.004267314993518084,0.004682844947434205,0.004730118054279501,0.004598257363242738,0.002254328551198569,0.0011280822323901703,0.003468904448507601,0.0012730451205325154,0.001670163215505454
ssrd_mean_j_m2_t-15min,0.0050244196185813056,0.002066341253673613,0.011443819899523987,0.002629007393898064,0.0035574960201902287,0.008359616336307227,0.0035601851401061138,0.0029525865858172438,0.005255288146094245,0.002314897453718004,0.002355829210192496,0.006990119443886215,0.002306250796453696,0.0046650492951957855,0.00815603978317813
ssrd_std_j_m2_t-15min,0.001961731001705175,0.0032562325936796696,0.013271092409566336,0.002737444391493682,0.0021800390235440547,0.004400347000126203,0.004567469511313902,0.00268878613275956,0.007770686910669611,0.006075856627052417,0.002257077149307804,0.007502714562695473,0.00578258830649429,0.0024015437523485163,0.006091387489745102
generation_forecast - Scheduled Aggregated_t-150min,0.003030843460430333,0.005315507030863045,0.0020667297439731554,0.0026292538680831967,0.003723944453423428,0.0032040146553808883,0.002803256608599213,0.005078734726555922,0.0021329787284394114,0.0019278217888668223,0.006031553575238832,0.0018382541019375366,0.0028107098391137696,0.0023929606067690655,0.0008471542584908889
generation_forecast - Scheduled Consumption_t-150min,0.0061692223997965815,0.0024156969725490853,0.004213690535016213,0.0036435897374904017,0.002102614005210853,0.006460469121753703,0.001893194268583102,0.0017889906997570505,0.003386622844011981,0.0015570976086191877,0.0017511848474072167,0.0028843810420894444,0.0020045159181754572,0.0018858064948753964,0.0046627825501984145
load_forecast - Forecasted Load_t-150min,0.007871700145042269,0.002295738219608211,0.0020031058209306137,0.007463404842065756,0.0023961925777336362,0.0015747387381336467,0.003512995019610116,0.0038062043794489,0.0019579339925910517,0.003823287309734951,0.003021988808518472,0.002555715825063089,0.006134660538551543,0.004502205662568486,0.0015054647718930028
generation_forecast - Scheduled Aggregated_t-135min,0.0044675392806966556,0.012638796800401905,0.003081795513702673,0.004058712600101899,0.014172216462851793,0.003296382825681576,0.0057087767744433224,0.0171753611686363,0.0035618732922484925,0.004132428360798258,0.01499310181288638,0.0023495982148760957,0.008426907341048263,0.01541919559877806,0.0021173602807593853
generation_forecast - Scheduled Consumption_t-135min,0.007908901317219715,0.00208645803995023,0.0020781910410851197,0.008448981492576422,0.0022620524180147184,0.004082132318977529,0.008847678987338441,0.0021444109024064345,0.001736859598488536,0.006890440929157194,0.0025275280928399296,0.002524835368934873,0.0058236232301424025,0.0016569669362888817,0.0020157632474802085
load_forecast - Forecasted Load_t-135min,0.012267600080682313,0.0041745304886226225,0.006682764805684655,0.010649311714834766,0.005022372134746547,0.006649910572232329,0.010249569719437204,0.003980089252121161,0.004801342678547371,0.010239583670969296,0.0034361007853440243,0.0039930507282851975,0.00843412928179896,0.005774125366984663,0.001742305184664019
generation_forecast - Scheduled Aggregated_t-120min,0.002920980753355252,0.006141751105236836,0.005433099837856389,0.004600808491790303,0.004637963538590156,0.0026376056413451748,0.0034042234636744977,0.0056326430896069726,0.0017168081665902264,0.00499507208999853,0.005607031216299219,0.003241119312149749,0.005308437584690182,0.004026598192541315,0.0016093253836009752
generation_forecast - Scheduled Consumption_t-120min,0.004512922329493449,0.0073339494753863615,0.010174952997636865,0.0028040598159068393,0.008735719900352705,0.004769581126111916,0.003183610404711203,0.006608361598357078,0.0032958796689817973,0.0023168203918542078,0.009092143036625203,0.0018219205152706763,0.002344704601623107,0.00962772828375455,0.0036863737923295047
load_forecast - Forecasted Load_t-120min,0.011116175154660596,0.0021394473407922304,0.0031016226495121373,0.00893182725737097,0.002270541730984405,0.004717713369380818,0.005785487780648623,0.002793686562593166,0.001906715846312636,0.0019397473202607215,0.003029535633726482,0.0012966512165903624,0.0016494909581706452,0.002421308672214309,0.001378746310769202
generation_forecast - Scheduled Aggregated_t-105min,0.003476438379904721,0.0028014778437463975,0.0022019931782997445,0.002636672301450517,0.0053825712858883885,0.0024287608285412715,0.0021126008813689623,0.002063152206289942,0.0023757962890645105,0.001911372569123614,0.005361516670463544,0.0015775240340383334,0.0019499212028604234,0.006455305656811106,0.004503990168464952
generation_forecast - Scheduled Consumption_t-105min,0.012684014974918683,0.00884618121636595,0.01073301466560224,0.008056135643098969,0.00910607309799525,0.0014616840448181847,0.010316806481350796,0.005357758657945851,0.002041642358516583,0.004773574586413815,0.004999300206876797,0.001969125859050109,0.004472130038279829,0.00831578514274588,0.0016104284388911766
load_forecast - Forecasted Load_t-105min,0.002855041435426756,0.005187640917394674,0.002894064920832534,0.002559675175128177,0.004104251967102755,0.005335372881165313,0.0022866613897203933,0.003230189275640768,0.002276171318917477,0.005213305299186686,0.0033300744692478473,0.0030495478236261986,0.008562767205750617,0.0028806227025870612,0.0017045882005745625
generation_forecast - Scheduled Aggregated_t-90min,0.002026741328298158,0.0037544284348114162,0.0097489330033859,0.0024045024146885224,0.0029991378082304438,0.008439292879364076,0.0022386920656226723,0.0042860453026441975,0.005199115719429301,0.0016787541034791501,0.0028491709422414713,0.006886587812103244,0.0016960659188421231,0.0038102162247450905,0.0064026334423451774
generation_forecast - Scheduled Consumption_t-90min,0.004630078426576802,0.002847042860464171,0.0024303039162150526,0.006053603284110067,0.0027888218473854066,0.001997760499480137,0.003923304129412827,0.0018371106967024389,0.0030617316889984068,0.0032308646970614064,0.001833427966808813,0.004985868124069384,0.003172433694056053,0.0022061113250019843,0.0030887846106036248
load_forecast - Forecasted Load_t-90min,0.00628656863325159,0.0033694258717086997,0.0043348892408102985,0.007698345438740943,0.002186334497127973,0.0017243015656977717,0.0030981035894349133,0.0025092187808359086,0.0024704903982083123,0.003346915597694533,0.002437403731710219,0.001860054607645452,0.002347515757634028,0.002219090464949154,0.004480412392003927
generation_forecast - Scheduled Aggregated_t-75min,0.003226778862754145,0.0038130310193082552,0.004117992646157745,0.003848491803128127,0.0028546313073111377,0.0036635949991905364,0.002839607895282825,0.0029739410840629718,0.006403268611540625,0.002341850400473049,0.0033307792263622105,0.0022633185828060507,0.0037173515572212637,0.001867940213390284,0.001588266004881234
generation_forecast - Scheduled Consumption_t-75min,0.0023377932528580916,0.0019766171393171134,0.006347924263827735,0.0022848761601560455,0.002205126692312206,0.0020436478676206207,0.004999561435644864,0.002652097572362209,0.001402058530325121,0.005595131402916195,0.0030504518281832134,0.0019906084522954186,0.006285230369685451,0.0030660760580885835,0.003465069519588724
load_forecast - Forecasted Load_t-75min,0.003685570451531021,0.0016677341284976137,0.005632752191784675,0.0034968936666668923,0.0015201050761565965,0.007253730415616701,0.0039382231727925045,0.002845478901410388,0.003138882955394365,0.004479788715270843,0.0037351251702639273,0.0020940099540548546,0.007027647196293401,0.002955869118458395,0.001510414515717457
generation_forecast - Scheduled Aggregated_t-60min,0.0035378410465250454,0.0029291107109438597,0.011584015710423046,0.00441034227650016,0.002750859367698467,0.011312335334499948,0.0035819013302243546,0.0035431006975522907,0.008066245467372937,0.0024405273851389212,0.0014293381221041272,0.003475306937152709,0.0026885925908454737,0.0014275567595694839,0.0013569491539801675
generation_forecast - Scheduled Consumption_t-60min,0.005758925556132453,0.00905557765060803,0.0051780458981156696,0.004284575626788864,0.009925130903051468,0.0023839381234861323,0.00661703958937278,0.007858537078092013,0.0025558324498340425,0.008694134797864536,0.007471224475637427,0.00654290172252513,0.005379739871164929,0.010771091124624946,0.002680213192403244
load_forecast - Forecasted Load_t-60min,0.012121907700879092,0.009068305803734234,0.00679729139747883,0.014390552506833047,0.012162058134352265,0.0021849043137865463,0.014640308954767534,0.010967945310072537,0.0012500822528018034,0.013684901170723606,0.009230127341093975,0.0018222689035756047,0.01396334406468668,0.00842895442572626,0.0031285371453677728
generation_forecast - Scheduled Aggregated_t-45min,0.009982186178548147,0.009331160629562874,0.017050530439330032,0.007241969909537147,0.005978912480933104,0.005562486259137586,0.0024333078974623275,0.005765085339575308,0.005889121213308954,0.0018805844848221796,0.005898105564978323,0.0046988302367799405,0.001800194935869513,0.0018790853387181414,0.009116680738963623
generation_forecast - Scheduled Consumption_t-45min,0.002114710796949339,0.0022746979357443704,0.002349675229161221,0.0028475301471748934,0.002489928017470447,0.010649942506628577,0.0020884578474215233,0.004172904652230727,0.004351945705820071,0.002394550167301986,0.002948697406152519,0.00310009818864728,0.005770386806221723,0.003089006400162361,0.0036917255354837835
load_forecast - Forecasted Load_t-45min,0.020806888246497693,0.019456225731468293,0.0057094654169907244,0.02050994769964018,0.020313349374526297,0.0031621810001074666,0.022628553766709955,0.016543611890693682,0.0028542984733057894,0.019928730414554594,0.01877853279723058,0.001981058528193444,0.017069644304167013,0.015906844541124884,0.0013468553337686443
generation_forecast - Scheduled Aggregated_t-30min,0.005280692225302218,0.002432496681216435,0.0054587369865803335,0.006037691339915909,0.0023874809345434188,0.013258219978743,0.009043399759842032,0.0038670554195978186,0.0074098975509368755,0.009874373807113443,0.005680359320394928,0.00290531981162394,0.013458805353060597,0.006380682286267984,0.001979207563990258
generation_forecast - Scheduled Consumption_t-30min,0.01521583274070872,0.006990068456205336,0.007694011174608022,0.014172086889855563,0.00507957558396447,0.007963425526802894,0.016022253629620536,0.007195296660815075,0.001333173101219245,0.015070885954104597,0.005465225628195185,0.0015656800737433513,0.011647789776308854,0.008085153110383544,0.0012018862836648623
load_forecast - Forecasted Load_t-30min,0.011719196106963864,0.005705989843854695,0.0034193259075816513,0.011014541976237524,0.011062326134662726,0.0025213242569634533,0.011533165143759107,0.008772344390978105,0.002924657319355731,0.011032936206760496,0.00934705709001355,0.002677934745867219,0.012899145300210876,0.010763672537148522,0.0022353710329143725
generation_forecast - Scheduled Aggregated_t-15min,0.0018516557492957873,0.00215749306496582,0.0029082000118232825,0.0018740163909929243,0.0015021058465808893,0.0019319875845226306,0.001996229535216571,0.0033116598045971842,0.0036829389633198845,0.006189119680639124,0.003215845975555169,0.0033588748695469804,0.005689563550964521,0.0050577862836580605,0.0023779268977232276
generation_forecast - Scheduled Consumption_t-15min,0.00685685099930754,0.006587857057585097,0.002876675982425695,0.010933358293870698,0.011255150866869372,0.0033184598519728752,0.011893692816782276,0.008926490464975359,0.004904286174087247,0.009123257361272409,0.012468786134282709,0.004359055259626075,0.009506323416475424,0.012123485127973253,0.0041625804066716225
load_forecast - Forecasted Load_t-15min,0.014920986505385371,0.02344419835455483,0.014249204851883406,0.017609814994710177,0.027472715668802265,0.013411567334624125,0.020491264441399835,0.02453987132679322,0.012980954432001453,0.01810103410022566,0.024071892794061567,0.010117109584156424,0.01746501095995336,0.023290979000605148,0.01149660660511654
generation_import - Generation - Hydro Water Reservoir_t-150min,0.0029448749435341598,0.002428374507914214,0.0057787729381327604,0.0025457918260881345,0.0024095523310933907,0.0019349209008597086,0.0030311440071218386,0.0023750882839383394,0.0014121989327991287,0.005170813027473059,0.003240596368530532,0.001728895899796953,0.005969982223783063,0.002780951182032709,0.0012291816564434157
generation - Other renewable - Actual Aggregated_t-150min,0.004876006764516205,0.01092702003888553,0.0031382525386698034,0.006007274288373082,0.008110966142159668,0.0033377943225095805,0.006508371868342237,0.011445957414704026,0.002936885903480288,0.0039061432573798812,0.006789956900945981,0.00442557596853294,0.004557153962300276,0.007793309641921951,0.004653810809060814
activated_balancing_energy_prices - Price_t-150min,0.00251930698421274,0.00311748953172787,0.0012159911431208457,0.004013911939899117,0.002669047748831872,0.0009488931532549571,0.0028672616662893235,0.0018150549289980519,0.001765276228080438,0.00471355868205319,0.001176533461354893,0.0019277171673215889,0.00385275295766678,0.00150683601664241,0.0012170296170752408
generation - Hydro Pumped Storage - Actual Consumption_t-150min,0.008343395619696822,0.0019252421542414594,0.0024179290585088892,0.005244429628375655,0.0032822023820458525,0.00617265269350446,0.0032483664737319486,0.0024617460927729554,0.004683619362891477,0.0038818483486556944,0.0036258804304488876,0.0017487769958843273,0.005121814588484995,0.0032604639519740884,0.002996905947464256
generation - Hydro Run-of-river and poundage - Actual Aggregated_t-150min,0.0063599151383969005,0.006738905080099358,0.013258992989955004,0.00643588057978377,0.008101678370519949,0.007828206551963377,0.0036075497162087232,0.007346592379915819,0.010554597859139904,0.0076024664513970495,0.007317818517694832,0.008684993847215083,0.004168341432828129,0.006278036406245519,0.008206492695142516
generation_import - Generation - Hydro Run-of-river and poundage_t-150min,0.003931986252835032,0.00431615720533955,0.006189815868274309,0.00431432183616198,0.0034461761989186927,0.003678353350807811,0.0046442902029593825,0.004896272959904309,0.00203522733950922,0.002753316392590932,0.007714173950334953,0.0024157520601838767,0.0031386752981925384,0.009657605359294394,0.002227795726295881
generation_import - Generation - Solar_t-150min,0.0067827114226602135,0.006265322025541536,0.011371977200367837,0.00811753980717731,0.008971084815530049,0.009997303341037878,0.006765852821350563,0.006694818013995246,0.00610207688535911,0.006821562589300925,0.007831548854970605,0.007012327960765106,0.005884598240216292,0.005817606855174745,0.011830190732755
generation - Fossil Gas - Actual Aggregated_t-150min,0.006847535247063206,0.007972592055120914,0.0029404474200837283,0.007589693293599339,0.0037510597938417048,0.002829683325036058,0.007249143749817449,0.005444377637504658,0.0016048681855154428,0.0036715924161853765,0.004374905684300757,0.0012210521940683066,0.004975685832838281,0.0038870370982358507,0.002228002202331936
generation - Waste - Actual Aggregated_t-150min,0.011559605014306727,0.003161271279161156,0.003317872529419219,0.008397527179691224,0.0064941517009729065,0.003844804838506576,0.008800534938262444,0.0022830797307360627,0.0026525039985945114,0.006203342895363676,0.005035213338843277,0.0029998058529490663,0.005559429548196022,0.005802750242619368,0.004924393867273466
generation - Nuclear - Actual Aggregated_t-150min,0.01312111306008228,0.0035507689249470787,0.002922874522035272,0.014648714797818685,0.002199511082126719,0.0021021039336942523,0.010734114964157925,0.0024051896234968807,0.006610252251444308,0.00874806914333658,0.0034807724217461385,0.005550727507049942,0.004671219311879213,0.0029957876428932193,0.0016511478386328235
generation_import - Import - sum_t-150min,0.002668806891556187,0.0017755464930919516,0.002449345630069729,0.0017083142750052502,0.0017669604368666114,0.0019509245760327475,0.001746266714761532,0.001689047670196942,0.0022622281555321707,0.003033694819680022,0.0030825737501263576,0.0021517827956213298,0.0016687218817032772,0.0017269948439015935,0.002794512888704048
generation_import - Generation - Fossil Hard coal_t-150min,0.0029047235096813892,0.0060934950523515,0.0025161201892283315,0.002151889488614415,0.00687241325798459,0.004130515334716619,0.0026514155542490415,0.008639187186956405,0.006018004183424637,0.0023094645319688425,0.0056273552860948255,0.007385409738868475,0.0021772753634470518,0.004525677621666546,0.009523884954745881
generation_import - Generation - Fossil Gas_t-150min,0.005653475203060225,0.008208735538453766,0.0016556121786468338,0.0031716073124147216,0.006697609990940691,0.0014929909035017771,0.004314946181591949,0.00301915917961378,0.0014169846425729701,0.0017070085091471583,0.0018801354438094222,0.003232251262643331,0.0026455450322500837,0.0022139817431325354,0.002267365205901683
generation_import - Generation - Nuclear_t-150min,0.004052185896200171,0.007976153352922438,0.010286024776454725,0.0034603696100416526,0.004355040011053461,0.008587196334257896,0.002626678282330431,0.0030531062917107193,0.004408789889192122,0.005568568277732993,0.004627914241571489,0.0027990501917465735,0.001656163688140623,0.0039789999040503975,0.0032517602245425224
generation - Fossil Oil shale - Actual Aggregated_t-150min,0.0,0.0,0.0,0.0,0.0,0.0,0.0,0.0,0.0,0.0,0.0,0.0,0.0,0.0,0.0
generation_import - Generation - Wind Onshore_t-150min,0.003164956874672498,0.0043745846419624285,0.003284252547266078,0.0023193276535030238,0.0035129368461803098,0.003910788258188404,0.0018287607928066335,0.004525710430425306,0.0038782433509186374,0.0013258183947154976,0.007424413590026234,0.002521960058798868,0.001739375909744922,0.004124635534853269,0.0027743801059441466
generation - Fossil Oil - Actual Aggregated_t-150min,0.007197877104015788,0.009896263846661896,0.005363595671886288,0.006348723620638339,0.009643545880448074,0.00281537903159915,0.003481727864134882,0.009571442998480052,0.0019622680914708327,0.0037247235201704142,0.005401883951795753,0.0018540913743597684,0.004506071055525808,0.0098246767106466,0.0026746635284289368
load - Actual Load_t-150min,0.006793334390646578,0.0025457364084259097,0.00314363075302208,0.0049254546736572135,0.002559114847881574,0.00571264567374601,0.007152510152513969,0.0023308983308213556,0.006402253252992523,0.007241910296226742,0.0019960158492549453,0.004915514517484553,0.005377450623520417,0.002079187378839151,0.0023673675268676107
generation_import - Import - PT_t-150min,0.002169397789432878,0.0015132947461752337,0.0017417184653641016,0.0012851729579469976,0.0012790504526501536,0.002602698166294431,0.002533280380523138,0.00213566088329344,0.0019042366075091195,0.001408156821897137,0.001006694353023704,0.0026371114734226923,0.001744920987968726,0.0013794200554862073,0.002213371075966279
generation_import - Generation - Biomass_t-150min,0.002212377875097445,0.003992815935307135,0.0023352454406704057,0.0019246831315758754,0.004049927585734622,0.0021978037421763476,0.0023184099514583067,0.002914092058186725,0.0016029965059387904,0.00245130271816015,0.004878104917653673,0.0025309321207936364,0.0018864785721448244,0.00556236165392329,0.0014380269417424642
generation - Fossil Peat - Actual Aggregated_t-150min,0.0,0.0,0.0,0.0,0.0,0.0,0.0,0.0,0.0,0.0,0.0,0.0,0.0,0.0,0.0
generation - Wind Onshore - Actual Aggregated_t-150min,0.01063112174597336,0.005753651030912351,0.0030183671759938307,0.0057672112331256355,0.00212883348442756,0.0013352956463022565,0.005440836829668228,0.0022324753044508723,0.003731773732763031,0.004551777397220576,0.0019003141787079585,0.0038970759631752117,0.004730115474922058,0.0021360196103651107,0.00263874745117937
generation_import - Generation - Other renewable_t-150min,0.005538821107063995,0.005459579847751229,0.009030838281094475,0.003830781152457348,0.006728003531367903,0.007759408480691491,0.003357930392886146,0.005983116898147273,0.0077300265617523106,0.004753041123819173,0.006533208331162313,0.00774087339421385,0.0026129814157657165,0.00948208607878587,0.0057947403072457744
generation - Fossil Brown coal/Lignite - Actual Aggregated_t-150min,0.0004119516731523163,0.0008058393899555086,0.00037638759153651335,0.0003983340267535311,0.0006498355383691887,0.0005720444203589068,0.0005200199816172244,0.0006332842651972896,0.00042109396839668987,0.0007517973484355025,0.00048459489393292186,0.0002583215819524867,0.00022104143797730557,0.0004889157788898047,0.0001781921165156035
generation - Solar - Actual Aggregated_t-150min,0.008991204053687397,0.0051474554872906995,0.002825302992440811,0.011973096644371253,0.004056610595738675,0.0031077356062098717,0.01189976619364461,0.004131399855976269,0.0021880636781243085,0.008101419616417842,0.0024854180938536957,0.0022377564798887308,0.006213130825024564,0.0024128402897008526,0.003363209538558294
temperature_mean_celsius_t-150min,0.0068140716905759294,0.0018649199823812523,0.015922331371541077,0.006048325204334105,0.002669841653896583,0.009129184029479803,0.00409323415966719,0.0024433802831908906,0.011341531126294284,0.002645377933257805,0.004112424480315895,0.007853136598115725,0.0019860277845691597,0.0029385375294396,0.007914266322281947
generation - Wind Offshore - Actual Aggregated_t-150min,0.0,0.0,0.0,0.0,0.0,0.0,0.0,0.0,0.0,0.0,0.0,0.0,0.0,0.0,0.0
generation - Geothermal - Actual Aggregated_t-150min,0.0,0.0,0.0,0.0,0.0,0.0,0.0,0.0,0.0,0.0,0.0,0.0,0.0,0.0,0.0
generation - Marine - Actual Aggregated_t-150min,0.0,0.0,0.0,0.0,0.0,0.0,0.0,0.0,0.0,0.0,0.0,0.0,0.0,0.0,0.0
generation_import - Generation - Other_t-150min,0.002916511994540542,0.005787149032112211,0.007825216579032712,0.003175536667647975,0.0018965522352445987,0.0037800284917761926,0.0021069333505944316,0.0035185954665066673,0.00418210513543454,0.002512916950450176,0.0014370271337274972,0.0038155978418726593,0.00273836941573245,0.0023773933229786054,0.003003291351090411
generation_import - Generation - Waste_t-150min,0.003470407440492636,0.0026980462329747753,0.009810004746177582,0.003847289074247783,0.002402652855602582,0.005665176959941164,0.004007168257656985,0.0027728836002343087,0.009309714074781369,0.003410837032060044,0.004004681356426772,0.00870944762322779,0.004388008444779189,0.002163381687735182,0.0038632000740044534
temperature_std_celsius_t-150min,0.010274854182171111,0.0018715597821301344,0.0022903639702058173,0.009848760462528845,0.002490182418866425,0.0015847513030230402,0.009610831405987483,0.004555806821208534,0.0018989905987561997,0.009197024792880256,0.0035242471965186723,0.0018307043295894801,0.009120072080586397,0.0028113328399995224,0.0017765058839459016
generation - Fossil Coal-derived gas - Actual Aggregated_t-150min,0.0,0.0,0.0,0.0,0.0,0.0,0.0,0.0,0.0,0.0,0.0,0.0,0.0,0.0,0.0
generation - Biomass - Actual Aggregated_t-150min,0.005049326201024087,0.004474241379008163,0.0024653486423380855,0.004129429492857071,0.003918249982746943,0.0018144465819787002,0.0046407788693509245,0.004713594080512849,0.0011410273605406474,0.004146626527030094,0.004643411895651297,0.003378748281011667,0.003053574012590616,0.0015511936338639316,0.0016947956231075523
generation - Other - Actual Aggregated_t-150min,0.0023453642909648806,0.007501364629599266,0.004097786183937046,0.0029721294529699662,0.0053924988268408925,0.004452725280498271,0.004020010259031551,0.004617936368376831,0.0024511368737112206,0.003532307508168742,0.0034435507198447794,0.002278513066767118,0.006921607395866886,0.0015572700472199586,0.0019173977599994032
generation_import - Generation - Fossil Oil_t-150min,0.005759047536470462,0.0038666363401061972,0.01116450922912918,0.006274118005821947,0.0018533834625395684,0.010496663589961827,0.005745349766919389,0.0038540097393561156,0.006736594978006906,0.005376102260896005,0.002181637214458533,0.00780276478669839,0.006291287616302725,0.0020287826192520696,0.007128343028016388
generation - Hydro Water Reservoir - Actual Aggregated_t-150min,0.009637235757581948,0.0060353897932873225,0.002509549415609854,0.006032610283305985,0.006260885153504205,0.004105108100296548,0.0064444449475086,0.005064697086578235,0.0035214991189550346,0.0031017839099122283,0.005315299011615935,0.0031491195582814273,0.002598729044449101,0.0023051019187535077,0.0017625577750650337
generation - Fossil Hard coal - Actual Aggregated_t-150min,0.0036923498953467513,0.00518029739006306,0.004843109455236117,0.003305452520797189,0.0022919255112083194,0.0036418956866855296,0.0035626386228132106,0.001808093358507449,0.006936971253366209,0.002988063519431307,0.002258705376763828,0.008098731704056263,0.0019481677958168575,0.0030458975484461918,0.00423737554881518
generation_import - Generation - Hydro Pumped Storage_t-150min,0.0030522543288880113,0.009623612883244276,0.003846884008570669,0.0044541968117337094,0.010026090255056715,0.0027791288195167,0.006314379405564978,0.014211201682366663,0.002594736191053016,0.01245580868973775,0.013500985919381491,0.0032771893054687096,0.009513885328955893,0.017550758110555762,0.002665046716670531
generation_import - Import - FR_t-150min,0.002758940258760049,0.002240900223837258,0.003638721181599976,0.0032912114438568094,0.0017835870822659671,0.003788205448508961,0.0021531299092894187,0.0024318823619705653,0.003632198879833595,0.002755905376048304,0.0029927992233178885,0.0016118977878263648,0.0032224051071207214,0.0029395463224000194,0.002771492561685591
generation_import - Generation - Hydro Water Reservoir_t-135min,0.007870665688657028,0.0059527104021181,0.002389723719351423,0.004795180978031567,0.004546995230522953,0.002991097968729946,0.0024537796937456734,0.003307658473509946,0.002271732844804319,0.0064393914881366076,0.002913101810747321,0.0025894651628896098,0.005603171164194464,0.0034308833258564846,0.0016404742125478151
generation - Other renewable - Actual Aggregated_t-135min,0.004971788651179395,0.004275841643007879,0.012073556846909923,0.005572302766378925,0.004388058407514109,0.009401262085450071,0.003925423617395154,0.005068282516534055,0.006994710029954149,0.005873175527070998,0.003509202151461068,0.005918548040392125,0.00861291765178612,0.002725869245019567,0.007054892439373362
activated_balancing_energy_prices - Price_t-135min,0.0022249692911009335,0.0019031215105031266,0.00213185563900538,0.0025334803284804367,0.0016366414881377979,0.0016630330452744601,0.0027141528790707524,0.0015913562624618861,0.002423254540504331,0.001628114004352483,0.0015150103043806667,0.001377794943922936,0.0013147883148817527,0.0013424733843280592,0.0015782001115831007
generation - Hydro Pumped Storage - Actual Consumption_t-135min,0.006986195324099754,0.0025154070190460515,0.009834708504451554,0.003261777035992964,0.001917376943560157,0.00993656474047748,0.002386834610875667,0.003860947849245349,0.0037017505477997476,0.004133310239365528,0.0021431485959219573,0.006154657077790034,0.0054095136893301966,0.0020410461882984236,0.004543493763940205
generation - Hydro Run-of-river and poundage - Actual Aggregated_t-135min,0.002909777105727699,0.0075172526954193014,0.00264309920503365,0.002490361407624732,0.011321691079618177,0.0032148007783403044,0.003958165883173024,0.009017666536698016,0.006530227405597543,0.0039380910175493685,0.002997956523671746,0.00546687602304155,0.002660461163894979,0.008848316087969578,0.006783973092449742
generation_import - Generation - Hydro Run-of-river and poundage_t-135min,0.012348341291566612,0.005707088722953813,0.011179038331756602,0.0116071937654051,0.0049635378564344135,0.01159295309285517,0.010797223514964571,0.008309515783712413,0.012076253186169197,0.015874603063843095,0.010841335354634794,0.007920353039167822,0.011127279937514686,0.004758356047664165,0.0022823502495566573
generation_import - Generation - Solar_t-135min,0.0024236946417440777,0.0032552897012174072,0.00317505017714484,0.005746253830628121,0.004428365834170108,0.003804501980727764,0.005214360007226787,0.002866741353408543,0.0020078091194100124,0.005351338920375383,0.0021867801724218907,0.002674263516695646,0.006112533705541864,0.0019080785094283783,0.0015855917375733953
generation - Fossil Gas - Actual Aggregated_t-135min,0.0068613599511436404,0.0024808876051319543,0.0018955726124835336,0.00483006202798424,0.002528765859033456,0.0031217150176707947,0.0040976488441810946,0.0014993376810552945,0.0014980165225160819,0.004493937513129253,0.0023823923077943617,0.0012281310327398388,0.003179777179435405,0.0019962616850989433,0.0014898349979102932
generation - Waste - Actual Aggregated_t-135min,0.00595342669121419,0.009090098330729234,0.00479489494756126,0.005534993276451132,0.011013262945021524,0.0040738565912361085,0.005857380467819894,0.010974509647861851,0.003644874857549439,0.007810935665313537,0.013272097250239312,0.0031770338767164504,0.0059539794916822755,0.011597311285589513,0.0031223592160749833
generation - Nuclear - Actual Aggregated_t-135min,0.013106174377884599,0.005926276430376675,0.0037436566910291733,0.009173164915150665,0.007808868347934549,0.003235679720764892,0.010562888980057323,0.0049767329794885885,0.0037374971021040438,0.004587199660116312,0.003990754063932399,0.004191969589148357,0.006463384040320307,0.006243259897775715,0.0021349860668969994
generation_import - Import - sum_t-135min,0.0020859859490847156,0.0020160877152902686,0.004594658095401655,0.002467660571972374,0.0020278582715891388,0.003248328894827864,0.0016890681816066717,0.0015862813815970185,0.0021452444340311558,0.001801788863414913,0.002229034451118423,0.0016356552965080481,0.0020978830512667626,0.002005199843560604,0.002368312463834627
generation_import - Generation - Fossil Hard coal_t-135min,0.006394043626257371,0.002284932173572997,0.012599850832950324,0.005542290365396184,0.002595760795904425,0.01349033357296139,0.007141471046255902,0.0025551215336199677,0.012326812366954982,0.0025395669607714806,0.003550828756937335,0.00779508619569242,0.004423219800405605,0.0028261003196303138,0.007014787491527386
generation_import - Generation - Fossil Gas_t-135min,0.003907287401914801,0.003152865841786479,0.0020386231878349007,0.004749513999123337,0.0025428228914297505,0.0010410403248176862,0.004711050607209472,0.0027585914805903825,0.0016132186075842015,0.0037458470812125597,0.002044038516737601,0.0020488586762157867,0.0011203157269168286,0.003417308961421895,0.0027245773357444706
generation_import - Generation - Nuclear_t-135min,0.00630329786823279,0.002433528789176762,0.0032158597702182305,0.006568092104691459,0.0028696838642435977,0.0038520516825537926,0.009827979583802517,0.0024877919552218374,0.0016573820501258752,0.008486576408261498,0.0027514905628511317,0.002987746186623042,0.008941214547296112,0.0027988432597208543,0.0026760561748041312
generation - Fossil Oil shale - Actual Aggregated_t-135min,0.0,0.0,0.0,0.0,0.0,0.0,0.0,0.0,0.0,0.0,0.0,0.0,0.0,0.0,0.0
generation_import - Generation - Wind Onshore_t-135min,0.0028239226856267125,0.003357035822904436,0.002827646975216339,0.004940126590554428,0.0020480222487803987,0.003546527863755728,0.00498077759649459,0.0013150046231482975,0.0017539266690571368,0.0023948881918950064,0.0022627696033507617,0.001173398089970533,0.005834428632690105,0.0020368456821761357,0.002226275746961619
generation - Fossil Oil - Actual Aggregated_t-135min,0.0021641846994216395,0.004186110652375646,0.003415231257376945,0.00443810284344363,0.006964723642449826,0.0033404422933863316,0.005636325062339893,0.006818050725385547,0.008456792237615446,0.005748122190066624,0.009895222292980179,0.007226784054655582,0.010191415797919035,0.006831619939301163,0.008762072294950485
load - Actual Load_t-135min,0.0054384842917439965,0.002442223218988829,0.0029793963352135505,0.005738292804807315,0.003031889120597043,0.00430952003932839,0.0045136745450399755,0.0022870903960656506,0.004399386760258267,0.003181696130173805,0.0021364482862427396,0.00597565702456086,0.004042297991303712,0.002261444582646163,0.005537150002986891
generation_import - Import - PT_t-135min,0.0025603584133332335,0.0019583096504893547,0.007172282074694522,0.005326773617493018,0.001295709803563568,0.004498339221404421,0.0032047350746424856,0.002787991444012732,0.003862437821146159,0.0050754611667143765,0.001350695470919163,0.0010273866716672727,0.002623193328566913,0.0014748456956085647,0.002255863749484888
generation_import - Generation - Biomass_t-135min,0.0025366074574349113,0.002146249304023513,0.005585296475848736,0.0019157096309882036,0.0016595950178707427,0.005420596972911881,0.0034288612027194177,0.0013341138049884193,0.005044918223725744,0.0019160901639170334,0.0012066001314192363,0.004396689973110597,0.0012220512726571543,0.0021126614378995327,0.0038404772986841635
generation - Fossil Peat - Actual Aggregated_t-135min,0.0,0.0,0.0,0.0,0.0,0.0,0.0,0.0,0.0,0.0,0.0,0.0,0.0,0.0,0.0
generation - Wind Onshore - Actual Aggregated_t-135min,0.002452602879342521,0.00497260028675646,0.002415970087986352,0.0021359343336093844,0.007476185435269144,0.002546098558073936,0.006042708242826848,0.0062203954964934385,0.001381665956771485,0.002351815464998708,0.005241134589814464,0.000775553139499209,0.0019928004968692223,0.0043153859428275605,0.0012229239179287106
generation_import - Generation - Other renewable_t-135min,0.0034250603934215178,0.004242722897775821,0.004808569781889219,0.004246490021233967,0.0036985856296028034,0.004856734745855647,0.003828029129330389,0.00449202897662326,0.004465972444722866,0.003565353597341527,0.0036803154829358393,0.004289057819110894,0.004665503521895516,0.003727169925874364,0.0023901094291181833
generation - Fossil Brown coal/Lignite - Actual Aggregated_t-135min,0.0002546029206803269,0.00019979676613502307,0.0009655768445809372,0.00015360932776324886,0.00010688821355036282,0.00038398732796008516,0.00016485553258962683,0.00013510418140333513,0.00022014970186205575,0.0001941967195898684,0.00038294442200299274,0.0003150504403038212,0.00013625285534705255,0.00014258221605376774,0.000459800081005028
generation - Solar - Actual Aggregated_t-135min,0.010300666223804001,0.0031917418236407685,0.00969938670459669,0.008332416846948035,0.007644392119182157,0.008110146145161708,0.004296745403549721,0.007855731825546285,0.0047605226999221486,0.002261254741686571,0.004891113243656946,0.004549964883261055,0.00481256995631702,0.005629593052956807,0.004715111661445917
temperature_mean_celsius_t-135min,0.002817567791481906,0.0033614907568535273,0.006872999918639835,0.0022369334381646695,0.0037037376243458766,0.009133245255703514,0.001735984150069271,0.00424033148122544,0.007990098636151287,0.0026173358200476285,0.004084034160630835,0.003140188653373116,0.0023930083070390538,0.0018122961136787126,0.0031280979978109825
generation - Wind Offshore - Actual Aggregated_t-135min,0.0,0.0,0.0,0.0,0.0,0.0,0.0,0.0,0.0,0.0,0.0,0.0,0.0,0.0,0.0
generation - Geothermal - Actual Aggregated_t-135min,0.0,0.0,0.0,0.0,0.0,0.0,0.0,0.0,0.0,0.0,0.0,0.0,0.0,0.0,0.0
generation - Marine - Actual Aggregated_t-135min,0.0,0.0,0.0,0.0,0.0,0.0,0.0,0.0,0.0,0.0,0.0,0.0,0.0,0.0,0.0
generation_import - Generation - Other_t-135min,0.0017707470304615073,0.0015956362873293982,0.011047002568317112,0.002659535134471298,0.00272239361267566,0.007776487974682823,0.0027160527216574335,0.0016214975729712932,0.006730991529781022,0.0016730711836535192,0.001583419895751831,0.006314193137222901,0.0017249669156572053,0.0018396283700078584,0.0033615865045794635
generation_import - Generation - Waste_t-135min,0.018080832738745813,0.006928508081264226,0.005202313688494542,0.02054403825884219,0.00525441366800078,0.004110455947356968,0.010224866839998868,0.00753711895041306,0.0040829543122999894,0.0068996812156692615,0.0024944929343328113,0.00558303867513132,0.00875750322904787,0.0022114831534163384,0.0047233732446457
temperature_std_celsius_t-135min,0.004759131913983765,0.001923231959432087,0.0029157640332896336,0.003267533428868774,0.0027063035306393885,0.004226212597726772,0.004997863992146449,0.002148825165560993,0.002957070084159568,0.003938354309808346,0.0019237414708129564,0.0011873980403073574,0.0026678939899593386,0.002050642143334699,0.003920911488243064
generation - Fossil Coal-derived gas - Actual Aggregated_t-135min,0.0,0.0,0.0,0.0,0.0,0.0,0.0,0.0,0.0,0.0,0.0,0.0,0.0,0.0,0.0
generation - Biomass - Actual Aggregated_t-135min,0.0019008726895372093,0.0015495060341640964,0.0024343934349381016,0.0036538571215169215,0.0014608779638856503,0.0014841773927114445,0.0029546139322376348,0.001684126301187007,0.001865568493813953,0.003027663496895457,0.002278123704445534,0.0011196122503615697,0.0021087076099212823,0.0018548095307937729,0.0009462797653304733
generation - Other - Actual Aggregated_t-135min,0.002282153633743519,0.002047985209557737,0.0026437264229534777,0.0014882084782002493,0.002163816468024379,0.0030395130906945267,0.002431646940036444,0.0014536367009877723,0.0034739872124555406,0.0020372282196653943,0.0016091449960676982,0.008814007820095867,0.001605478713935554,0.001601674347761687,0.0061455194130685415
generation_import - Generation - Fossil Oil_t-135min,0.00300925278988143,0.009696861235890537,0.012377495873719453,0.005391580838373102,0.004861311498563736,0.009952118744142353,0.0028476669608226077,0.004382352706299571,0.010155190986115486,0.0032178715448753794,0.004971934287808836,0.00977515494497493,0.004039559399079735,0.0037013443106952764,0.010233634780161083
generation - Hydro Water Reservoir - Actual Aggregated_t-135min,0.002966534664101346,0.0026695724031554845,0.002602446560122189,0.0033586538339450273,0.0022063561720322014,0.002203782759347632,0.002576528033584509,0.003222291140053926,0.0019031279571072445,0.004349637355364393,0.003426760796084636,0.0022016821334009365,0.002397350076850671,0.00322153003483254,0.0023886376008849766
generation - Fossil Hard coal - Actual Aggregated_t-135min,0.005329079949646257,0.0022895695671177234,0.0036125343763415,0.0025060994008624677,0.0028448294930913105,0.0021462556108208445,0.00409928065175518,0.0012909849288807891,0.002944216690386611,0.0023824735634079843,0.0029692678526771488,0.002232361719285791,0.005996085949882399,0.0017354457400756474,0.0018583184789604274
generation_import - Generation - Hydro Pumped Storage_t-135min,0.003957492803698187,0.004414532637955744,0.0024783065205506317,0.0033891329129514818,0.0030048121325417015,0.002082620418681472,0.003253336504671552,0.005350863037405361,0.0019860903750973193,0.002845365348935957,0.005976356053623021,0.0025238418374337926,0.003407647724116032,0.008285173200303688,0.00376816754713127
generation_import - Import - FR_t-135min,0.001924770081414522,0.0029880070309409347,0.0027651498596260355,0.0020885140116461117,0.0026684074281947685,0.0020484267606998403,0.001908115815525889,0.004316787974694307,0.0017784001771487966,0.0031200841419777134,0.0030386524424490633,0.0014908094030747633,0.003930810694560932,0.002665168691564759,0.0014740302073983002
generation_import - Generation - Hydro Water Reservoir_t-120min,0.010341948025336023,0.0015932393672305808,0.006439978007222635,0.009133785729685769,0.001904928149881016,0.0037203172106364947,0.007088403843607012,0.0027322761381137753,0.0036137195193623483,0.007790362546700635,0.00227591846623875,0.0021997202404522797,0.006386703397896781,0.003352171212914982,0.006086106611033756
generation - Other renewable - Actual Aggregated_t-120min,0.008332673370779958,0.0032035800096000457,0.005489107443834655,0.00798492097761573,0.00240015797903925,0.0018717333743625204,0.007059154196005693,0.004196529330831254,0.0016085700212443044,0.007061022003977086,0.003467259961013042,0.0053330328315205405,0.012020425189042725,0.005986542226368329,0.00485343469126201
activated_balancing_energy_prices - Price_t-120min,0.0013718351790502083,0.002910376987834752,0.001868121955144943,0.001820024531145009,0.0018135012724906118,0.0015258688030677944,0.002603257009576737,0.0018766375709601561,0.0012528712401153825,0.004097367475773353,0.001857043602845806,0.0016944083450280232,0.002254087396649993,0.002392413171244698,0.001342845736874125
generation - Hydro Pumped Storage - Actual Consumption_t-120min,0.004927693166262543,0.002263257286604926,0.005462580184546823,0.00372125957902972,0.0020547594405570637,0.002531703922053566,0.0025779226945423944,0.003046238827466368,0.0019849229196697705,0.0028280395726469577,0.0027006462108574852,0.0023468612042024687,0.0030224762081088557,0.0017533483344027445,0.001742114399582306
generation - Hydro Run-of-river and poundage - Actual Aggregated_t-120min,0.01439885695202247,0.01180063060755856,0.002784357206929485,0.013351721488523254,0.012362577133026208,0.0035359416139044697,0.008829894900554792,0.010420300156532903,0.0028446377522268447,0.008298996144192643,0.00849046459877718,0.004095048088638578,0.0084216504734286,0.008686381930237986,0.0061846008377178805
generation_import - Generation - Hydro Run-of-river and poundage_t-120min,0.013081957457849057,0.0021420468548913048,0.0060299523881694765,0.007785022409829253,0.0018099667871556448,0.005601392644452062,0.0067024346518010135,0.0017380986980642774,0.00313066415515641,0.0025382852795573854,0.004303199102039798,0.00201666924039273,0.003197343977178434,0.0068406378880022205,0.0034253426301004593
generation_import - Generation - Solar_t-120min,0.0033358184142507526,0.004447800980051398,0.002670580377541228,0.003213642600636376,0.006954579566634493,0.0020583142897439757,0.008678007210930445,0.00858578602680791,0.0036254616344904207,0.006035714789919439,0.003467125259875047,0.003275759989364815,0.004110411748530623,0.006691490066219103,0.0017737442976463172
generation - Fossil Gas - Actual Aggregated_t-120min,0.005582688976775899,0.00245914668057776,0.008068752714410947,0.0022110803460636814,0.0038825255429198935,0.007687409609437964,0.002494447152375869,0.003380848943199453,0.004600504938910489,0.0017777790707186796,0.0035004456028548247,0.003470169112326403,0.0017176775186417217,0.0022898852107064156,0.0023015564132801954
generation - Waste - Actual Aggregated_t-120min,0.009138859640566807,0.003972373636733437,0.00453423691527496,0.012130727213768296,0.00353022134865023,0.004379556806380037,0.005926439662889606,0.004857038832593276,0.00321117548724942,0.010066045053099515,0.003631331251487268,0.004061335416926709,0.005891497905999131,0.00302511797635907,0.005692065125293084
generation - Nuclear - Actual Aggregated_t-120min,0.002908480233103546,0.0049389462168765025,0.009198896772884836,0.0024805663083025137,0.0072621231300570915,0.006276262094139383,0.002854978920933945,0.005548543147539021,0.0020409464755859973,0.0019947292291880104,0.006913041438033701,0.002043763413978695,0.0027183378383606395,0.006308194880579322,0.0018387531511507404
generation_import - Import - sum_t-120min,0.00407957613686267,0.006333374556461422,0.0032299082120052845,0.0022614802295261144,0.005059041865264589,0.0022387754613064884,0.0018050893664094474,0.005549309568432363,0.004312617336168841,0.0021207647033770626,0.003407559080162173,0.002677561641396096,0.002290468398743542,0.005760912985640971,0.002495533106406356
generation_import - Generation - Fossil Hard coal_t-120min,0.01115138504182687,0.0060679762706568,0.00455889913390638,0.010779677877377254,0.005623648570785008,0.0027565436161166874,0.010460604713614884,0.004293187176292122,0.002229831337192991,0.007606538876629202,0.006700454149162397,0.0020500664324467834,0.007898282446476515,0.006967967438366031,0.0024402502080082514
generation_import - Generation - Fossil Gas_t-120min,0.002221425878607988,0.0017252397257987012,0.0023140592341260344,0.003074035974977505,0.0018105977374689246,0.002494844052555436,0.004367856115091854,0.0025403931548116814,0.0019414951299136193,0.0035160741358420183,0.0019043193442621488,0.0022612012212557603,0.003137610098474397,0.002137811425471682,0.0020508776070855676
generation_import - Generation - Nuclear_t-120min,0.002437698020639914,0.008257777388425893,0.005993265786564735,0.0022746611794718773,0.006973027655373699,0.0019575569913913566,0.004229797251935451,0.00785188556600042,0.0030422639242124205,0.004590300647883851,0.0038758587640259066,0.001988513049948949,0.004480793285727486,0.005328957299923218,0.0017752444165091675
generation - Fossil Oil shale - Actual Aggregated_t-120min,0.0,0.0,0.0,0.0,0.0,0.0,0.0,0.0,0.0,0.0,0.0,0.0,0.0,0.0,0.0
generation_import - Generation - Wind Onshore_t-120min,0.005471499301487711,0.0018158014106757036,0.002215089158963565,0.005202244346677617,0.002132903631491672,0.002881449669033145,0.004588510887449957,0.0025857236271995135,0.001714719039736565,0.004008016023079108,0.001408290276142907,0.002744613340989417,0.0046544835624201825,0.0015334701071842574,0.001967904760699298
generation - Fossil Oil - Actual Aggregated_t-120min,0.01200746828125557,0.00801713701578774,0.002709581252246778,0.012036117804818787,0.00748877156717208,0.002174810692781648,0.01268730666162446,0.007147721070941771,0.0029343769135757613,0.011275202686025295,0.006436786927748472,0.004579517873964505,0.011237963954306906,0.00576581891393289,0.0030206199893800657
load - Actual Load_t-120min,0.005233897024747421,0.0023874259353185608,0.003317199884196498,0.005734771794373955,0.0015413977824437098,0.002175267526989046,0.0019390444409202701,0.0014924522606802385,0.0018456671321946487,0.0043396101080925295,0.002511220931069147,0.0022248202285126127,0.005268622046866803,0.0036511972833450273,0.0030078684914433326
generation_import - Import - PT_t-120min,0.0015631030526101312,0.001605898371712101,0.001745556919391902,0.004429431022363133,0.0012056904547396812,0.0020897077817035098,0.002157029413377586,0.001854540643065775,0.0017297585779373322,0.0031541078491181904,0.000974670185547211,0.003196452303321166,0.0015759970350986805,0.0012665895057764373,0.0010544356113446156
generation_import - Generation - Biomass_t-120min,0.0017620325105235678,0.0016253041046155375,0.0013444177116502941,0.001204761999360926,0.002713470198680625,0.0022312357695293485,0.0014714803089283918,0.0015972386655812444,0.0012331076528433868,0.0011105602179750421,0.002730224198369342,0.0012115526842146095,0.0019916365676945135,0.00363278534746496,0.0029710942097572117
generation - Fossil Peat - Actual Aggregated_t-120min,0.0,0.0,0.0,0.0,0.0,0.0,0.0,0.0,0.0,0.0,0.0,0.0,0.0,0.0,0.0
generation - Wind Onshore - Actual Aggregated_t-120min,0.0028960657104234997,0.004923501811143069,0.003351780607787987,0.003371059919133131,0.004713115947834012,0.002588730136464164,0.0021392763329954505,0.0028192892049992225,0.0016729450319844545,0.002165839582205308,0.002878566710951418,0.002451232896244619,0.003476707598558278,0.0019073194367365432,0.0018769640902028186
generation_import - Generation - Other renewable_t-120min,0.007298388792318292,0.008708773045601447,0.006555878529856273,0.009151403507703436,0.008939711454273493,0.007743471590857553,0.006660652877530083,0.00550478313354688,0.0030396095075011544,0.00614767360393671,0.002956332635789295,0.005481239095150243,0.007290802708575938,0.006160405992923188,0.006139257343705139
generation - Fossil Brown coal/Lignite - Actual Aggregated_t-120min,0.0007269471478066408,0.00016611833395052144,0.0005189564132822397,0.0006521823155344464,0.00019589201008602685,0.0003471070768703157,0.0005278695813613013,0.00015859695100334646,0.000181648767657407,0.00011396331787284452,0.00030135988848269335,0.0006049956230563112,0.00016154734625536095,0.00016670571605004625,0.0007531738659454277
generation - Solar - Actual Aggregated_t-120min,0.005897968119108555,0.0027628837262673187,0.0084487011944002,0.006251377410419081,0.0025515938866324177,0.00316075668517351,0.005449905087647494,0.003519538692804417,0.006226279455222539,0.010318459638461718,0.002004259450363861,0.0016125524746505562,0.00899233478520182,0.0022594605953763676,0.002317964743730272
temperature_mean_celsius_t-120min,0.00266740884383853,0.002269025016501473,0.00983506716779084,0.006577817620666565,0.001937296570748913,0.004777537520261376,0.005410854733868291,0.002005315780085425,0.006976752524511539,0.007069011937770938,0.002761426394174123,0.00596267768078178,0.006214795288997266,0.0023046338347448908,0.005239003553068642
generation - Wind Offshore - Actual Aggregated_t-120min,0.0,0.0,0.0,0.0,0.0,0.0,0.0,0.0,0.0,0.0,0.0,0.0,0.0,0.0,0.0
generation - Geothermal - Actual Aggregated_t-120min,0.0,0.0,0.0,0.0,0.0,0.0,0.0,0.0,0.0,0.0,0.0,0.0,0.0,0.0,0.0
generation - Marine - Actual Aggregated_t-120min,0.0,0.0,0.0,0.0,0.0,0.0,0.0,0.0,0.0,0.0,0.0,0.0,0.0,0.0,0.0
generation_import - Generation - Other_t-120min,0.005697043007495267,0.002947537080419352,0.0058101840225717755,0.0032549586725057794,0.002114243103180513,0.003029207258862698,0.0038290969120789668,0.0020681898054581323,0.001725455705440254,0.002311754949662827,0.0018639488060416625,0.0014224624466032765,0.0020034615836261763,0.0010880133611990458,0.0014923858044393228
generation_import - Generation - Waste_t-120min,0.0049414116100615505,0.004566669983932115,0.014719669787213206,0.0036553447797689387,0.003362285170590113,0.013525132867804131,0.006351021076485267,0.003849013031418508,0.012737820834739977,0.006907348492321034,0.0016613951000376802,0.011404992492698511,0.007400933091330444,0.004333751439505249,0.009327226568675542
temperature_std_celsius_t-120min,0.005653109887564824,0.004031767657914315,0.0029345480108295303,0.004963307828607867,0.0038986861758817212,0.0016738426976821757,0.0035369956513964097,0.004531581082859702,0.0016744042341570093,0.007008742638907279,0.005040431104891468,0.0015085540417460379,0.005700856288694922,0.0032406188115146647,0.0016419157906393594
generation - Fossil Coal-derived gas - Actual Aggregated_t-120min,0.0,0.0,0.0,0.0,0.0,0.0,0.0,0.0,0.0,0.0,0.0,0.0,0.0,0.0,0.0
generation - Biomass - Actual Aggregated_t-120min,0.0031577251765793333,0.0024793349643587137,0.0010842429138447187,0.0022700560850116742,0.0011188732997052283,0.0019364371513083825,0.0015603146524917975,0.0012470333453410945,0.002381550025940669,0.002119591274033155,0.002355675397541745,0.0026405980750586196,0.0018419608932654227,0.0016105324764155852,0.0020940426214820034
generation - Other - Actual Aggregated_t-120min,0.005786225836491212,0.00450295846059089,0.0018095059286288232,0.006711948475793179,0.002268802652483373,0.0016852251582519671,0.004897419090371841,0.0019281773602137947,0.0038664991849509532,0.0032226086024302277,0.0013840149279294564,0.005188022091024322,0.001553300672624573,0.0009054643347649289,0.00366530045307627
generation_import - Generation - Fossil Oil_t-120min,0.001921379290315599,0.005880393794242991,0.006381552219419973,0.002756056227397494,0.004673708545218687,0.0034552350689773447,0.005020408112935911,0.006363896753668086,0.0025924702594202244,0.006688888173259329,0.003249449955296768,0.003515365937120805,0.006266791130881757,0.0022212469804621833,0.004899023925223446
generation - Hydro Water Reservoir - Actual Aggregated_t-120min,0.010234735295416613,0.003790049434908724,0.0030367741953250516,0.005988760558975628,0.007102377184794022,0.0031445522821886697,0.005808204546236993,0.005162858422119825,0.0012212048116618916,0.010341003354697023,0.002144095003130133,0.0016608096098057103,0.01176568180236626,0.007787839745266411,0.0012944343367707915
generation - Fossil Hard coal - Actual Aggregated_t-120min,0.002365873239512439,0.009245836945949121,0.004516647923228447,0.0023942704608187456,0.0035940530744737772,0.001623494791848202,0.0015976186749729778,0.006804357012268156,0.0015253858747728373,0.002889613948139413,0.0019283471080252638,0.0017092694041803043,0.001488418581420774,0.003092272221801977,0.003025825995999185
generation_import - Generation - Hydro Pumped Storage_t-120min,0.0035808909262623275,0.003608265292865326,0.003592441606881039,0.003748677413747828,0.006030651562299681,0.003063234119305889,0.0034420705176817137,0.003860909348455607,0.0035447590878484336,0.0039883594384373285,0.003968169522095195,0.009475664869347384,0.002253766955158426,0.005126792968352675,0.0072022189525250725
generation_import - Import - FR_t-120min,0.0025114992181097476,0.006348008069238858,0.002947999811906172,0.002384050685001057,0.005054082319284362,0.005095266857612387,0.0022745318016839065,0.0013860631796924281,0.005347927584945865,0.0019347146083423467,0.0016554966537116798,0.003310785404197304,0.0017433179395217593,0.0017966228785062412,0.00440909695897426
generation_import - Generation - Hydro Water Reservoir_t-105min,0.00820375079177029,0.006079321602244818,0.004195792172467918,0.008165563786074926,0.006540486094587322,0.002354674938862445,0.008330114667995075,0.0049346230146220475,0.0031036847317045613,0.006583862018556829,0.0031741716067199377,0.003268396618337647,0.006210900436108204,0.005208834908262361,0.0020151700968890508
generation - Other renewable - Actual Aggregated_t-105min,0.0062623568368098854,0.003791138664457321,0.005108904812972469,0.003942468398766778,0.0027183452924728043,0.009917154672848483,0.0034592407039508544,0.0028066888605717396,0.004753748588174858,0.00652278964875768,0.003265771923070133,0.003014935199644242,0.00904342419445038,0.0028730217771717435,0.002545053265835122
activated_balancing_energy_prices - Price_t-105min,0.001998604886251542,0.0015464904194996052,0.0016332206502471535,0.0031364107409494863,0.002260057752052944,0.0014794140139661068,0.0026713100399538233,0.0035094768238050165,0.0012148438192307368,0.004314050387079988,0.0031540132719446775,0.0015012986631832064,0.004714171235501908,0.0031874085798917805,0.0010036337959195406
generation - Hydro Pumped Storage - Actual Consumption_t-105min,0.0019971456651146583,0.006346471190685406,0.0027892165109702776,0.002317187744311923,0.0031600034232615146,0.002291323395130803,0.0020485487501791795,0.006712309932096105,0.0037996544932830147,0.0032028218616869707,0.002233604957865282,0.006725893635440116,0.003438103719397077,0.007064436623959978,0.004369459497989737
generation - Hydro Run-of-river and poundage - Actual Aggregated_t-105min,0.008077901297398058,0.0022419258721079133,0.0029091469591339776,0.002456192776370699,0.001996440488393432,0.0033535026532053964,0.0074127538286556955,0.0025211840101487725,0.0017135598497789032,0.0025753463672581346,0.002019012182030565,0.0026345097150538093,0.0024610461782563105,0.0022255163735871975,0.002253086679576015
generation_import - Generation - Hydro Run-of-river and poundage_t-105min,0.004456186576861001,0.0026073246133219074,0.003912455388453964,0.0030706377572641943,0.001613936931054468,0.00371125278109821,0.005820037246833522,0.0017714287608864652,0.002934638453556545,0.004459764343057031,0.0016744860889584743,0.0028964732554300097,0.004626908710510179,0.0018245453348390583,0.0017537941433783998
generation_import - Generation - Solar_t-105min,0.004217474163919178,0.004027324386590408,0.003176581545680847,0.0032629300024800616,0.005021340222461731,0.005036970803379517,0.005732002455320526,0.008471662741314504,0.0026664094306479455,0.001926812007317949,0.009778495019560069,0.003923870524651647,0.0015826932344916713,0.007447509838726546,0.0026959043981519245
generation - Fossil Gas - Actual Aggregated_t-105min,0.003629826380927625,0.0020583295429109968,0.0036313213224566424,0.004422724344542076,0.0032794844384093267,0.0011272440063876275,0.00414626924100412,0.0022398123526013477,0.0012039814391364416,0.004627754578462372,0.0015406500119428302,0.0029338777739802424,0.004146838162469067,0.0027107456414760234,0.001054761976432431
generation - Waste - Actual Aggregated_t-105min,0.006296607996529929,0.005269300514162751,0.003443981631899078,0.00707897430471985,0.003534800333596877,0.003229147853780887,0.005964650042864378,0.0036960687342871097,0.0022412096383959577,0.004387720278085908,0.002687234847715956,0.0014882505471732657,0.007425213801712744,0.0028100800760694255,0.00287462158586186
generation - Nuclear - Actual Aggregated_t-105min,0.012565981088962872,0.007203090374285239,0.002654553121903518,0.007882387924590149,0.0058337557773675145,0.004442376879083895,0.0055685055845174245,0.0059713855141212665,0.009112299080872617,0.006422373456492551,0.008140515260379289,0.003353703238470189,0.005807885338483174,0.0037484326365233756,0.004110620575614576
generation_import - Import - sum_t-105min,0.0033249542529410975,0.0022199467694754274,0.008349200404354632,0.0031846893265246763,0.0020040566115530965,0.0025312184558274565,0.005602007429168225,0.0032236738235769734,0.0017472695569244934,0.0025818463783439257,0.0030156434340387933,0.0021172729202226038,0.004191708938829834,0.0027377006637593695,0.003207806806266035
generation_import - Generation - Fossil Hard coal_t-105min,0.004578761890483293,0.004351368478131917,0.005818729119491764,0.004945872462809348,0.006055679693236016,0.001603896968907975,0.0024165541125739766,0.0074738314284477384,0.0028164585162903676,0.003683945082855644,0.005933976450192858,0.0014420083667232575,0.005526140047242734,0.007518308168044314,0.0015505341263487935
generation_import - Generation - Fossil Gas_t-105min,0.0018442755338510324,0.008649585644731814,0.0017896651140117683,0.0019593079647229387,0.0090484157922765,0.0013140047080341902,0.0020679236650667007,0.008855046730077447,0.0018002296282775205,0.002920931818414829,0.00898430229301448,0.0031333787017892973,0.0053118140576309545,0.008315756912455981,0.001168875388089191
generation_import - Generation - Nuclear_t-105min,0.002539777946583854,0.004704130126032396,0.0028592649964139126,0.0024884744807341123,0.004012509307605797,0.002061459043945533,0.0023516643982504776,0.0034920337845178438,0.0021709969405301877,0.0019269353507575034,0.006288830778456031,0.0035004088884525116,0.002747053253075137,0.007580527354082733,0.001984677313124621
generation - Fossil Oil shale - Actual Aggregated_t-105min,0.0,0.0,0.0,0.0,0.0,0.0,0.0,0.0,0.0,0.0,0.0,0.0,0.0,0.0,0.0
generation_import - Generation - Wind Onshore_t-105min,0.002951041984598987,0.006505075655873952,0.00786706127776415,0.004342038009252065,0.004717334829217634,0.003681771283127091,0.0029042098940396956,0.008639194301977113,0.0024628711784098413,0.00817935144314879,0.007188489216457128,0.002027594529603448,0.007013289271228132,0.005214677634157851,0.0019483910540075157
generation - Fossil Oil - Actual Aggregated_t-105min,0.009299790636170655,0.010153173977974802,0.0019929263633184746,0.013106971491593868,0.006778163256967673,0.0020018080808911804,0.00789811214688234,0.006509515282697976,0.0021586657840539374,0.006382143287381041,0.004745820177107817,0.002352806458236728,0.007260898950509727,0.003768217617797745,0.002386328468224747
load - Actual Load_t-105min,0.003441845376459241,0.004315822964849644,0.0042397276748997684,0.0032687823223495798,0.0025188761760009584,0.003001471566549753,0.002073070001633823,0.004822131744833314,0.001870970379240589,0.005807770067371166,0.0030865960971609638,0.0019856052750592424,0.00544632572680257,0.004240594779631465,0.0014138623094731883
generation_import - Import - PT_t-105min,0.0032022754216094428,0.0017847183168369157,0.0020992038615595446,0.0017853769779069353,0.0017658920738613233,0.0037146142454049596,0.0028167153945105384,0.0017132509334755923,0.0017557619084891485,0.001057882193917976,0.0012403970098458785,0.0013067489888335829,0.0010259273216980773,0.0015159590301891512,0.0011489574773222557
generation_import - Generation - Biomass_t-105min,0.003079470786567072,0.002046847496879309,0.003430268474768127,0.002412348600282826,0.001480701234898561,0.001758548525684205,0.0027613554791896602,0.0016897379123366819,0.0021288729088573747,0.0024135109553844814,0.0013950902560429768,0.0019107110705144806,0.003070562711122193,0.002012303128202802,0.002309277786325765
generation - Fossil Peat - Actual Aggregated_t-105min,0.0,0.0,0.0,0.0,0.0,0.0,0.0,0.0,0.0,0.0,0.0,0.0,0.0,0.0,0.0
generation - Wind Onshore - Actual Aggregated_t-105min,0.012144653245079098,0.004936717048348328,0.005998602557801575,0.008791325637153931,0.0040009925785420815,0.0063456089617147885,0.0098942615348642,0.003804176267475668,0.0033022114879386207,0.005615916583072249,0.0021344552941000073,0.0036765708876491774,0.005615268196733268,0.0022235306225184106,0.004013733656380282
generation_import - Generation - Other renewable_t-105min,0.010417068496637512,0.0035643175696709476,0.009737193391360052,0.010460295265693276,0.0037891244364491286,0.0076240905536869834,0.008641511201043613,0.0036861021234553845,0.007944669241969677,0.007086227777995191,0.0027587212300022655,0.008652419637966886,0.00945804156649683,0.005066223132605956,0.013328173853107727
generation - Fossil Brown coal/Lignite - Actual Aggregated_t-105min,0.00031290854019857764,0.00015402525019939616,0.0004825875187354995,0.00019537516612282957,0.0002821755042749601,0.0002453762448523662,0.0005775036480044946,0.00027612207274785305,0.00024240482311853383,0.00012130616374611237,0.00011355179579027208,0.0002630935374996852,0.0004184180725205806,0.00018873607855815066,0.0007871055933574098
generation - Solar - Actual Aggregated_t-105min,0.0027607188596175548,0.005244731150724874,0.012419656546640909,0.003632277027010332,0.0067676796297782855,0.004934906701315697,0.001956679580920991,0.008169149998855573,0.004775915095096025,0.003626426265556347,0.0028888532330906855,0.0021671933347925006,0.003687123735104251,0.0040343254011093845,0.002518840036967049
temperature_mean_celsius_t-105min,0.011292309788084822,0.003094268152830409,0.003728031331738748,0.012957993952208199,0.0026921935060148384,0.0037239880880432564,0.012233994731737766,0.0016837701853746694,0.004668590434319412,0.01557874885898491,0.001997777273585598,0.0035368704320337657,0.013773541252456199,0.0035914440648430173,0.004239226895646425
generation - Wind Offshore - Actual Aggregated_t-105min,0.0,0.0,0.0,0.0,0.0,0.0,0.0,0.0,0.0,0.0,0.0,0.0,0.0,0.0,0.0
generation - Geothermal - Actual Aggregated_t-105min,0.0,0.0,0.0,0.0,0.0,0.0,0.0,0.0,0.0,0.0,0.0,0.0,0.0,0.0,0.0
generation - Marine - Actual Aggregated_t-105min,0.0,0.0,0.0,0.0,0.0,0.0,0.0,0.0,0.0,0.0,0.0,0.0,0.0,0.0,0.0
generation_import - Generation - Other_t-105min,0.00692871831582579,0.003204595856785545,0.0037658422875101677,0.0038523183457582493,0.0017425256245460331,0.0052709801910186226,0.004551194843646954,0.003043599429362871,0.004760035308441729,0.0056453689936679435,0.0022136667562663204,0.004544685491244309,0.0024612548965628777,0.001353730115752569,0.003930055350314433
generation_import - Generation - Waste_t-105min,0.009256914386198332,0.003973001978038155,0.006639079549743656,0.010882363866002378,0.0031977754877277674,0.009031959952015313,0.009366333431200474,0.0034322299926543565,0.009288137236013426,0.010941996045119595,0.0036308154199869024,0.014141533040354261,0.01127404047451273,0.0031504580923792675,0.013454425350253587
temperature_std_celsius_t-105min,0.00728917511425243,0.0021591626782418417,0.007506045478654414,0.0031708463012910214,0.0017907789730306832,0.002472527886997341,0.0024418492201609752,0.0015262351269475403,0.004790356035737204,0.0028450277177598762,0.0032969039959598375,0.005209251057414804,0.002769397328795094,0.003402351267668564,0.0031355767428321996
generation - Fossil Coal-derived gas - Actual Aggregated_t-105min,0.0,0.0,0.0,0.0,0.0,0.0,0.0,0.0,0.0,0.0,0.0,0.0,0.0,0.0,0.0
generation - Biomass - Actual Aggregated_t-105min,0.004406972114698874,0.0030689399153388877,0.0017815160258878677,0.004842632743339436,0.0016995566393661647,0.0020572200383248856,0.0028451310345317324,0.0014937469831311318,0.001114739742297388,0.002825589480118197,0.0012072739178615847,0.001289051728652339,0.0027754505112050085,0.0011838250305468137,0.0011185110030892246
generation - Other - Actual Aggregated_t-105min,0.004008052485426756,0.0014476614975465053,0.002447732104602437,0.0035714523067927077,0.003651036038508664,0.0019057130054261507,0.004998171315557556,0.004657602973209577,0.0018151121530022465,0.0019574652640894784,0.001423046648060847,0.0015970982971603006,0.0022918238570600806,0.0019011929457883525,0.0014813427602184675
generation_import - Generation - Fossil Oil_t-105min,0.0018406328144355939,0.005313690534268971,0.0021820299105345382,0.001290471340826798,0.001671337139330717,0.0013548148128811022,0.0034717893013694267,0.002182730498164865,0.0022970348296533984,0.003340818990545813,0.001637437283242889,0.00129185927163212,0.0018045592897460664,0.001579786606678681,0.0032230170838602134
generation - Hydro Water Reservoir - Actual Aggregated_t-105min,0.007810819888545666,0.0019741206948124274,0.005897388443685486,0.0047196691181961795,0.0025632185496126565,0.003850332800149772,0.006385233488457743,0.0023787048411413707,0.002405903859452337,0.002875292784941621,0.002355453920661603,0.001141563870164191,0.002397146339887513,0.002307656034635329,0.002545664665406093
generation - Fossil Hard coal - Actual Aggregated_t-105min,0.0018418173461168409,0.0023115734567472827,0.010268793989438564,0.002186899938622446,0.0015836818639963894,0.006064548248541541,0.0019888741487136485,0.0017656141917359492,0.004710004640081024,0.0016289543502371088,0.0018748130908334134,0.00357787598316645,0.0028291672856030343,0.002931545735675172,0.007287711698096245
generation_import - Generation - Hydro Pumped Storage_t-105min,0.026498175084525427,0.015319812853529584,0.0028489970247592283,0.02253668643036508,0.013844464972120477,0.0022575133181244383,0.017967418971591542,0.011412816008625669,0.001842176898193884,0.01796386648511907,0.010337299643160804,0.0025109377020953046,0.0181616115126526,0.01134953582140588,0.0018847401180646557
generation_import - Import - FR_t-105min,0.003742700524408974,0.00637249149008494,0.0044869755948197965,0.006128483338379738,0.004057234151154262,0.004557854102909914,0.004011656223783405,0.0038651914974579993,0.002493234436522471,0.005291670970475025,0.0038735371080801996,0.001959849384486006,0.004242671716136101,0.0035622243275583968,0.0016162399878176074
generation_import - Generation - Hydro Water Reservoir_t-90min,0.008831229394461843,0.0025653032715345033,0.004833686838228459,0.0073195555907150265,0.0039239991413944604,0.006912271405075444,0.0062514165614602464,0.0033931012221364654,0.005363090921296134,0.0029390499532987633,0.0021455905563452686,0.0040996998564478415,0.0025106850213337567,0.004015575923280267,0.0016683120137254263
generation - Other renewable - Actual Aggregated_t-90min,0.0052148725339802695,0.007742865249427269,0.007733968560751236,0.006426282983763486,0.005068985646270448,0.00685538909528259,0.002601754958665879,0.008062893664493458,0.0037453010080189413,0.002769099900785477,0.005667194722166641,0.0024531893661114738,0.006550284391854177,0.0074191841394931545,0.003375137696692036
activated_balancing_energy_prices - Price_t-90min,0.00244353891814535,0.001777686382130014,0.0017661130016397237,0.0024020906721452773,0.00207165124403582,0.001481529525926817,0.002162412839901208,0.002217596576647338,0.0014989369554544965,0.0015247290123052153,0.0030247728643698793,0.0011042739844220933,0.002789373755158522,0.0049928959770441,0.0008047544801338517
generation - Hydro Pumped Storage - Actual Consumption_t-90min,0.0074530888453336955,0.0072585693905784865,0.00470084696172853,0.005278712722716591,0.005321330897939333,0.0038836297392772392,0.0026347807583260874,0.004278847811430751,0.0028778439933157644,0.0033828988914665387,0.0028456137041239344,0.0017525616912839723,0.0036583312051600386,0.0025377208148456704,0.0021478731745555707
generation - Hydro Run-of-river and poundage - Actual Aggregated_t-90min,0.003473043582343962,0.0037316664287754975,0.00445080569521997,0.0029635465165956704,0.0016154464428511232,0.00767708379696569,0.002732428535235158,0.0013043719527979648,0.002064281635365205,0.002217482587482664,0.002013379990203248,0.0022002279853317076,0.00407968264858755,0.0022333795997151354,0.0023561493493991746
generation_import - Generation - Hydro Run-of-river and poundage_t-90min,0.0036054922936500588,0.0027915548186938396,0.005782188519369811,0.0033061580149915245,0.005082130047117971,0.004534170195391198,0.00506827082683958,0.0026544758409763744,0.007910526957697584,0.003233435329545614,0.002013654654943366,0.002112687475317443,0.00600130111114413,0.0019920938513976125,0.0025453627954709645
generation_import - Generation - Solar_t-90min,0.013297259212748032,0.0035593447089295295,0.0043473165569885164,0.009371621466532816,0.003217194012264372,0.002278204168551383,0.0054554121097880855,0.0030334992234538733,0.0035999374939206063,0.0019418371006222515,0.0032661077414136343,0.0036761199901256987,0.00238455154332587,0.002789894836187159,0.0045308759407471375
generation - Fossil Gas - Actual Aggregated_t-90min,0.003745550312273281,0.0028157505788067284,0.0032481512012236635,0.004598954718149798,0.002234474620523997,0.0037527249403810858,0.0027063794528967263,0.0026874912811140346,0.003917714076302218,0.004141967751111224,0.0021797343393755,0.0034240799583767512,0.006419770604901715,0.0030711260786783897,0.0026778217516057337
generation - Waste - Actual Aggregated_t-90min,0.006768223335282528,0.0031600591297137725,0.0032147946671925638,0.0042181756522186335,0.0035418287631619025,0.0029245016991380907,0.00233644186094034,0.0026663153981862707,0.008420639452462637,0.003830479560632739,0.003944508564774878,0.00506133334158767,0.00707555609130668,0.004060630750605924,0.006982126450126088
generation - Nuclear - Actual Aggregated_t-90min,0.005390229744647513,0.0032136090858020908,0.0021186272594884486,0.0032648519777003456,0.0027519950536127455,0.0017507717256232808,0.003466088998451596,0.006196199219113623,0.0034525151974896745,0.0027259719107412365,0.0020606022946703887,0.003367092725702605,0.004874198229843387,0.0029008666701506626,0.0023506853308017527
generation_import - Import - sum_t-90min,0.0028175963575904463,0.004698755203055043,0.0034096495654862336,0.002614108833908631,0.005443503410027915,0.0018550874303327873,0.0025351711579169206,0.0034963504039935743,0.002534272800906365,0.0018234060702561692,0.005286776945926249,0.0017387734156254738,0.002619958161323666,0.004163547824125999,0.0034302726441455887
generation_import - Generation - Fossil Hard coal_t-90min,0.0013140434582492161,0.004551583179360023,0.0041724575751359225,0.002268877489448641,0.004019258241442003,0.003282182995488256,0.0010929410450371507,0.00671708719606977,0.003125511115935751,0.0034910051961633145,0.006538791483500972,0.0022015982275240733,0.004853187304601306,0.005143490236296202,0.001972445148944871
generation_import - Generation - Fossil Gas_t-90min,0.007665426626219414,0.0027866862616883737,0.002549600651711444,0.007958051173171042,0.003184708153405154,0.0034662926786273827,0.0031807326307171026,0.002483718666037021,0.00390303252379897,0.004636061080535001,0.0028991215021630695,0.002342462706485094,0.003296084204561339,0.0018946732361866908,0.0017661093158874337
generation_import - Generation - Nuclear_t-90min,0.006307957187391821,0.003966582855413435,0.0031622421230795795,0.0022683967332723116,0.005732200213245505,0.00470840926701203,0.0019606589107432912,0.006464671751389687,0.0062013908974222435,0.0020072198838524853,0.005135630066211888,0.006772873405145219,0.0021093729769308994,0.004294136123353383,0.0020785724122724786
generation - Fossil Oil shale - Actual Aggregated_t-90min,0.0,0.0,0.0,0.0,0.0,0.0,0.0,0.0,0.0,0.0,0.0,0.0,0.0,0.0,0.0
generation_import - Generation - Wind Onshore_t-90min,0.0066192953692443554,0.008449693384740385,0.0029807280706227175,0.004768941793845443,0.008366365595855314,0.005006982765467455,0.0034734049473281628,0.00790024962768348,0.0029335771241294425,0.0023927813061222877,0.006749108714670001,0.0012519872957614097,0.0016599012116748782,0.006030355368192886,0.0011510526772417506
generation - Fossil Oil - Actual Aggregated_t-90min,0.0023809741871941696,0.002954017170268344,0.003924476064946702,0.003506292649002717,0.0012728005280349636,0.0032480554226731327,0.00391577382123387,0.0011006941103241844,0.00547058893720623,0.0025494188742522963,0.0018677480975784419,0.006244440130656585,0.0022782855539030607,0.0012464608177961054,0.005243692820309662
load - Actual Load_t-90min,0.01134065389726311,0.002222571105470024,0.0030075300248627174,0.01270607468741946,0.002450894944094216,0.002715566235168808,0.008168607060841169,0.0023211098212154867,0.0034188151388334516,0.008739634967136227,0.0021777747868414396,0.0023530049851515286,0.007381721836654833,0.0024877002370531044,0.0018720771225398493
generation_import - Import - PT_t-90min,0.0016810298233538106,0.0018661932425953864,0.0017127926005132395,0.0011563109241625397,0.0014480765284711197,0.0015185287146243808,0.0013791327818154287,0.0013103458489972582,0.0023852121868021643,0.0014821586503512662,0.001071763120581295,0.0031668770851611045,0.002070038347679656,0.0015226156606971558,0.002857392187568621
generation_import - Generation - Biomass_t-90min,0.00243332006888204,0.0025684001507843275,0.001355143467304771,0.002129661584204314,0.002039986082516407,0.0008098743960867978,0.0017503791057579291,0.0024363075038061196,0.002358581533186225,0.001690102482580187,0.004703626192856973,0.0011345046000060391,0.002062613231662908,0.0037682731448726373,0.0013135050251616605
generation - Fossil Peat - Actual Aggregated_t-90min,0.0,0.0,0.0,0.0,0.0,0.0,0.0,0.0,0.0,0.0,0.0,0.0,0.0,0.0,0.0
generation - Wind Onshore - Actual Aggregated_t-90min,0.0034862238148543837,0.004998694477390018,0.010132719684974291,0.001466394755135525,0.009945336389828299,0.006878499182937958,0.001300231815946745,0.009414666784443398,0.004512466673520976,0.001583942536340146,0.007029286110705471,0.005878089077324148,0.0022939638908808318,0.010274672558650309,0.005075237823712086
generation_import - Generation - Other renewable_t-90min,0.007283872202147905,0.007686610866474439,0.0033021300751843227,0.007913777942600063,0.004477908644493255,0.004877659701131051,0.0024688739334769705,0.0031670194795005956,0.006160249891425338,0.0032127822819006725,0.005649549791189202,0.0026772488552023787,0.002824103475593802,0.0040409527614338,0.0023045199288249025
generation - Fossil Brown coal/Lignite - Actual Aggregated_t-90min,0.00021700176029139584,0.00014126698445534203,0.0021002410030923784,0.0001442131933311046,0.0002875082374539488,0.0008466485785902477,0.00019491088448467053,0.0005621197950094938,0.0010645607280312106,0.00014016215092624407,0.00019887056982634022,0.00014543186969683574,0.00015668334673182472,0.00038487267472919485,0.00015174777286404152
generation - Solar - Actual Aggregated_t-90min,0.005481959028285928,0.0051673111263462485,0.008967641568975523,0.004401954628167005,0.0029094059946169182,0.00516955214169866,0.0038837323766765623,0.0023758011569138945,0.0029143738377242698,0.003060141272979308,0.002644105129300442,0.005204846394601191,0.005582833909074907,0.0050945566299569695,0.0022234470957218947
temperature_mean_celsius_t-90min,0.004563565653445039,0.007114392561095883,0.004433123374845309,0.002291615744563387,0.003046162663744326,0.0020331680296067135,0.002152848038263528,0.0021840503609901135,0.0033476135646105833,0.0022435643702519883,0.0030180009885175424,0.002783507798158098,0.0023792389869122417,0.002788611256722106,0.0018983910416569074
generation - Wind Offshore - Actual Aggregated_t-90min,0.0,0.0,0.0,0.0,0.0,0.0,0.0,0.0,0.0,0.0,0.0,0.0,0.0,0.0,0.0
generation - Geothermal - Actual Aggregated_t-90min,0.0,0.0,0.0,0.0,0.0,0.0,0.0,0.0,0.0,0.0,0.0,0.0,0.0,0.0,0.0
generation - Marine - Actual Aggregated_t-90min,0.0,0.0,0.0,0.0,0.0,0.0,0.0,0.0,0.0,0.0,0.0,0.0,0.0,0.0,0.0
generation_import - Generation - Other_t-90min,0.008103678339750332,0.00298475798914842,0.00644317609386053,0.0052259074219468855,0.0017869216339659033,0.004862315703503555,0.00347274154896013,0.0013190998953277813,0.006702056285808794,0.004877489558057277,0.0016946471557644145,0.0025568232263904066,0.0017197570429589178,0.0014429275421166494,0.0012604971143764488
generation_import - Generation - Waste_t-90min,0.00270720014960807,0.003580264753270967,0.004578171621262299,0.0030196595225138482,0.004161218321980414,0.0032053963487942384,0.002735356583011253,0.0034877635003407194,0.003359811170925241,0.0026506023434175177,0.0037927298445933955,0.0036478427622205346,0.004225271886369228,0.004289436967786969,0.004484772011177483
temperature_std_celsius_t-90min,0.003912269219135851,0.0028312787029281025,0.005280803180368821,0.004019078811717918,0.0022604394089602237,0.005687453327955155,0.004325029753980403,0.002751259830021809,0.00464422165364158,0.003045455672445314,0.003209454111649393,0.0036514922717469744,0.001467911510048907,0.0038580033106882182,0.001961772507132082
generation - Fossil Coal-derived gas - Actual Aggregated_t-90min,0.0,0.0,0.0,0.0,0.0,0.0,0.0,0.0,0.0,0.0,0.0,0.0,0.0,0.0,0.0
generation - Biomass - Actual Aggregated_t-90min,0.003834562451354941,0.003341307985552703,0.004975840243234416,0.0032486025214420807,0.0014206254850932965,0.005873652549518738,0.002716165193356574,0.0036434429752653158,0.006120094532798248,0.0012013289195733706,0.003807721252729607,0.0030631413371975213,0.001407249550371489,0.0023333054415779772,0.003472139425624846
generation - Other - Actual Aggregated_t-90min,0.00641273127245222,0.004248903322841216,0.005175750390277244,0.006836961867447826,0.0035341596985817886,0.003646281642824761,0.005459345493440196,0.001738524919345764,0.0015761352076249296,0.004135356425984355,0.002760757089450408,0.0026121581943298225,0.0022786615695586077,0.0036095284433022242,0.0019976308850582426
generation_import - Generation - Fossil Oil_t-90min,0.0025036229549805283,0.0026413457336057038,0.004610601710155606,0.0035034038653975587,0.002433337767532976,0.0017211275441709403,0.001982601393623554,0.0019582740250807546,0.0025929425771100798,0.002782600156090666,0.002526472234094399,0.0015143232400387206,0.0025080009792527564,0.003445621746888264,0.0022045081715955346
generation - Hydro Water Reservoir - Actual Aggregated_t-90min,0.006670541458362322,0.008126605547175132,0.00241536247338081,0.007742431593839228,0.006203147754931706,0.00357243679181488,0.007808198005914164,0.010226419140322832,0.002409026028000426,0.006116170555837016,0.0057861880286836824,0.0015900549426478392,0.004753231547827454,0.00396718957716945,0.0014540928376529792
generation - Fossil Hard coal - Actual Aggregated_t-90min,0.018552201939746736,0.006357088615526664,0.007789012655674014,0.014659609239082784,0.0042409134623840146,0.0031315416052530055,0.014998505694791674,0.0037536050598773727,0.0051079827000430665,0.015018725882982835,0.003515838682966205,0.00856514617166249,0.012567232422996313,0.002548875963062983,0.0046052333760926555
generation_import - Generation - Hydro Pumped Storage_t-90min,0.002633607919337919,0.005738383358024294,0.00526516554110276,0.003178718276834843,0.0034206557548604904,0.0035240673678126767,0.0043766154976838155,0.005552628397052103,0.003895765949631141,0.0025794436570161,0.004238842954293432,0.0037366762565270617,0.0035145594085624907,0.004714717047321756,0.002819311044368078
generation_import - Import - FR_t-90min,0.0022827275055251448,0.004273651137968045,0.001623892198633257,0.0027334523795566382,0.0034497237861107807,0.0029581474670155785,0.004545923455709271,0.005003215557349904,0.0039029767711876956,0.0017294692391064928,0.004651840205304325,0.0014174037871450764,0.0018081471321352183,0.0035563359275756737,0.0013570669709506546
generation_import - Generation - Hydro Water Reservoir_t-75min,0.005850188787820116,0.002786892303796776,0.005457314175097963,0.005492422164280385,0.002996561789804218,0.003312637245930091,0.003993667976837117,0.006175190682104585,0.0022430917131605384,0.002278787551515549,0.0052501209903566635,0.003243762629777848,0.00237270760122874,0.002496951177054598,0.002356154631499521
generation - Other renewable - Actual Aggregated_t-75min,0.006670905268172646,0.003699131468338237,0.012152915948251575,0.007571227044205443,0.003705979055629541,0.008100661933258379,0.010878849077285849,0.00366600993789325,0.004032102578668855,0.006729176985398226,0.004106250370261477,0.0017061712488007288,0.011753073419058638,0.011274497430043993,0.002381464072981544
activated_balancing_energy_prices - Price_t-75min,0.00237028546127317,0.00486413626173453,0.002922743690683035,0.0020049194056332453,0.004997729846661968,0.0023767037789302775,0.0022750505927788254,0.0024563681405846863,0.002192716298290179,0.0028227532589917247,0.0026172186232743117,0.0016491032272670054,0.0034060158619166146,0.0027272726874707585,0.0018978417109979091
generation - Hydro Pumped Storage - Actual Consumption_t-75min,0.003865130947267971,0.008889548785889928,0.0022137063993704943,0.003960406417862032,0.006306352330959271,0.0029102431607716424,0.0025907665073737008,0.006250338987174473,0.0029169982477342273,0.0026159838993335145,0.005643742813190329,0.003027193077155971,0.002352086552677747,0.003186019312756173,0.0016087943685415666
generation - Hydro Run-of-river and poundage - Actual Aggregated_t-75min,0.004583373364666841,0.0019376997755834963,0.013234842143225251,0.007711033736138234,0.0015700085133667017,0.005189022037731775,0.006969700271296461,0.001686152570266586,0.006903609126760785,0.004608114189479238,0.002000166523966982,0.006523192297616333,0.004378400866945867,0.001623687396178866,0.008471632177104766
generation_import - Generation - Hydro Run-of-river and poundage_t-75min,0.0040176885574655895,0.0025848453335902376,0.009911337991395158,0.003551235349219496,0.0042283446635483415,0.003274726406771833,0.004524567032494815,0.0022315030038962506,0.0021925323090736127,0.002536571736423184,0.0024824497118816,0.002281640858902392,0.004347275202449964,0.0033186613066964127,0.001305544672648466
generation_import - Generation - Solar_t-75min,0.004031559951316922,0.0031619221368140416,0.005778605762276129,0.005642675260573014,0.0021308605560057003,0.005165348215082304,0.0055429311439420415,0.002452203432983879,0.0024171236781912737,0.008106314090831802,0.0033624622367706253,0.003607601515152055,0.009654836517038348,0.002304364100054954,0.002301410882426353
generation - Fossil Gas - Actual Aggregated_t-75min,0.00401519850646946,0.004242462252125506,0.0029181652306233445,0.0038429155013886885,0.004282394641288192,0.0018741730378778812,0.0029821520530640554,0.002511614062376793,0.0020317278473376064,0.0035332603982334947,0.001931507338731535,0.0024031470042864384,0.002648992306463697,0.001757665238581467,0.0020941282204994423
generation - Waste - Actual Aggregated_t-75min,0.0094797038504621,0.006856665543731651,0.01260853236838375,0.00941142261873756,0.005711996840400389,0.005493858216781519,0.007149081254705379,0.006841575812229167,0.002856329498294144,0.00827191805671464,0.004794270184054767,0.007936955328490968,0.006180176839683554,0.004631882532907184,0.002134901958272934
generation - Nuclear - Actual Aggregated_t-75min,0.004844887809587817,0.01094163308023417,0.004108328133637314,0.004326999045385492,0.007539230631693499,0.007155010950009455,0.0040921460476756695,0.006820260922020679,0.007429747062007664,0.006678604442400683,0.00856293333942449,0.0019475479033062583,0.007524051915343534,0.002523047044090731,0.0016733132986901183
generation_import - Import - sum_t-75min,0.006691233982547601,0.008009158692387245,0.002602336491218921,0.006351554422740264,0.008159308215959754,0.0028814474854434594,0.004606475566954032,0.006127188105478126,0.0016389327282707881,0.006543635074041958,0.006147687287942972,0.0031511041232606656,0.004611729899506827,0.002877870259515021,0.0025373673012181823
generation_import - Generation - Fossil Hard coal_t-75min,0.005100880493526347,0.00458407484876625,0.004976526120321068,0.0049846072676009495,0.006077880317388917,0.0018781233239569702,0.004905762615118874,0.00581301367864944,0.005430079503479647,0.0017984848741825772,0.005490286646177992,0.007203482888871804,0.0059646459434879945,0.002754355533341368,0.004438882451562677
generation_import - Generation - Fossil Gas_t-75min,0.0019466217620060888,0.0013178724087950968,0.004328456172908546,0.002487847392274489,0.0012339246551138104,0.0045467171296736525,0.0018598194364890333,0.0014301238158163868,0.0017457740359204763,0.0024881569574536117,0.001891736302906338,0.002016597308292148,0.0014442177801424804,0.0014107829970614603,0.001275814078213898
generation_import - Generation - Nuclear_t-75min,0.009545732781407423,0.00258862846042598,0.0067695179654274395,0.00912517975972878,0.0013019910387120034,0.00630658562393728,0.0031999223097118373,0.00407160221172127,0.0032716744495705826,0.0026540578067715615,0.0028345649836082885,0.0036859385705035946,0.0037755381394053984,0.002399519899411189,0.003926589788919955
generation - Fossil Oil shale - Actual Aggregated_t-75min,0.0,0.0,0.0,0.0,0.0,0.0,0.0,0.0,0.0,0.0,0.0,0.0,0.0,0.0,0.0
generation_import - Generation - Wind Onshore_t-75min,0.002958645346299818,0.0013311339713536654,0.0016597784450466406,0.0014923765608700706,0.002109948121490561,0.0035921740145568037,0.002206966650789582,0.003906082383578905,0.002190323216614047,0.004592028310262094,0.0013504858911464908,0.001025094461957451,0.0031440546559159655,0.0014771008149127738,0.003298483304372439
generation - Fossil Oil - Actual Aggregated_t-75min,0.005332513161376709,0.004343936654044228,0.004320539316078793,0.005830861423542956,0.004859529234803631,0.002784851267686463,0.005726333407685161,0.00244932235649685,0.0016690096707025078,0.003731096201969194,0.0013078239007700177,0.001694582040858677,0.0044447336517587244,0.003234368429213646,0.0014407658012419234
load - Actual Load_t-75min,0.006347971043049256,0.006478195982630495,0.005841002611676231,0.003946833699864271,0.007443932342664993,0.005314577109036776,0.004402612276113359,0.0037390109690195457,0.003003252550126035,0.004827753010029482,0.0018626054877590832,0.004101753398266737,0.0017471288472770538,0.0049578445016388705,0.004295309339428058
generation_import - Import - PT_t-75min,0.004400137541583263,0.0016018396132799354,0.004052748409150809,0.00413117235401296,0.0031176942662787042,0.004553550498036202,0.002822400376599944,0.004693109206247755,0.0011555817266785198,0.0026002743064909737,0.004955996396151022,0.0026328486017719115,0.0027497568335948016,0.0030252192067418944,0.0032188971901778132
generation_import - Generation - Biomass_t-75min,0.0019974463465068765,0.004110567125670059,0.005841372515569674,0.0011906203656192247,0.002289812925462684,0.005076570851299039,0.0016087219662804272,0.0014066295175707638,0.002563309087986454,0.0014282634959963615,0.0030857529131571937,0.0013363976839315796,0.001656963167260983,0.002246123019463994,0.0014816745802186232
generation - Fossil Peat - Actual Aggregated_t-75min,0.0,0.0,0.0,0.0,0.0,0.0,0.0,0.0,0.0,0.0,0.0,0.0,0.0,0.0,0.0
generation - Wind Onshore - Actual Aggregated_t-75min,0.0036090144307345325,0.00484833347937456,0.008202370241258904,0.0024381083169391785,0.0033284812037672963,0.0078041203669263265,0.002139245819511416,0.0023194258767234716,0.005695347224529542,0.0027775464082269536,0.004208692160198552,0.0038852899568701106,0.0020094114315916158,0.0038585673694178694,0.001640202884475002
generation_import - Generation - Other renewable_t-75min,0.00871664425612198,0.0023600268883556055,0.007240411200822564,0.007586980197880621,0.0026072697382442697,0.007647618289825914,0.005636029473957024,0.0023895813581998483,0.008950302506156731,0.0016634029500764882,0.0030321036140594517,0.006370810438933404,0.001775647331432083,0.005691416762821291,0.0027520204583961457
generation - Fossil Brown coal/Lignite - Actual Aggregated_t-75min,0.00022742261330512293,0.00015733153169780677,0.00025383107164566357,0.00021815171263415322,0.000481229885306675,0.0004669253435695282,0.000370422148362195,0.0001610526838356918,0.0003345404168612731,0.00039925162247163824,0.000368211737175443,0.00017766653217569228,0.0001881277088986053,0.00013732457306105773,0.00018920893956737928
generation - Solar - Actual Aggregated_t-75min,0.0035203270816020903,0.007267268479394261,0.010887105595887988,0.008234413515096094,0.0038845331963420905,0.011815493791858898,0.0022353024799631385,0.0030178838007077504,0.0032578782084036677,0.006490460787473239,0.009758962958148914,0.0025694899481732134,0.004927334921296278,0.005997599375725258,0.001730578110726583
temperature_mean_celsius_t-75min,0.009753457947375864,0.0027992028603130168,0.003423553795671978,0.005601781640725676,0.002903882546267596,0.0019268062954283778,0.00546667861865717,0.003909648510429179,0.0022278401498169844,0.00456156168653979,0.005535986321887321,0.0052828414438554315,0.004117367399525186,0.004282278670267261,0.005129352372761787
generation - Wind Offshore - Actual Aggregated_t-75min,0.0,0.0,0.0,0.0,0.0,0.0,0.0,0.0,0.0,0.0,0.0,0.0,0.0,0.0,0.0
generation - Geothermal - Actual Aggregated_t-75min,0.0,0.0,0.0,0.0,0.0,0.0,0.0,0.0,0.0,0.0,0.0,0.0,0.0,0.0,0.0
generation - Marine - Actual Aggregated_t-75min,0.0,0.0,0.0,0.0,0.0,0.0,0.0,0.0,0.0,0.0,0.0,0.0,0.0,0.0,0.0
generation_import - Generation - Other_t-75min,0.0023801599426205937,0.0025898295256665733,0.007331537808786379,0.0045377368101912905,0.003335060231242096,0.004065837234098581,0.006674711626517819,0.004456140141395735,0.005338688825489954,0.008039274253183976,0.0029555129737073,0.009052807989995927,0.0028547736343689394,0.002627189452825405,0.004295548593290732
generation_import - Generation - Waste_t-75min,0.01120876286312705,0.006101778586125875,0.006074624574406698,0.011036543842303218,0.004285000430008949,0.0032220966380473327,0.005653065485268598,0.0058010875088166354,0.004496035252904221,0.00453040256715758,0.007627560504998314,0.0044151821304472495,0.007132557508887658,0.007166390281170607,0.006340835231945676
temperature_std_celsius_t-75min,0.003475117764894094,0.0036538829959763463,0.008578054856974632,0.003007935847843328,0.0027853585406337517,0.005775479995165369,0.0035111728282845433,0.002185556346471003,0.008011402166055859,0.004389401639872176,0.0021715020157753316,0.0066633139147124895,0.0045292245162619335,0.001916323707513584,0.0033225548528943135
generation - Fossil Coal-derived gas - Actual Aggregated_t-75min,0.0,0.0,0.0,0.0,0.0,0.0,0.0,0.0,0.0,0.0,0.0,0.0,0.0,0.0,0.0
generation - Biomass - Actual Aggregated_t-75min,0.005593295432456216,0.004875610727067397,0.004209084480500678,0.00508330193486563,0.0037240936270636666,0.002077915859711652,0.0022190709625810995,0.001505220734063073,0.0012128628160321285,0.001373202855083946,0.00201043346613551,0.0013333871045291517,0.002531513295496552,0.0013993347784635262,0.0028337662538469887
generation - Other - Actual Aggregated_t-75min,0.010864503804885317,0.005255939355774899,0.010430651492904872,0.005476182634971337,0.002685307170766464,0.01138444729661569,0.005111520314704648,0.0046818997222999315,0.008500527376076207,0.004286511746438918,0.004354405499616405,0.006387405002489686,0.002813165660305458,0.0035362699495395306,0.0035493713906835185
generation_import - Generation - Fossil Oil_t-75min,0.0054244304803432895,0.003057727766677999,0.003815117418555019,0.005532968983752653,0.002485748532362777,0.001428467216912395,0.0041913022855223974,0.003316857034362329,0.001442209954372629,0.005918454605853185,0.005089551128519816,0.0026605909148474894,0.006118205787497572,0.005323816889547743,0.004419216293012142
generation - Hydro Water Reservoir - Actual Aggregated_t-75min,0.005304453466850646,0.0018223530576042322,0.010555849497519375,0.004182641985229565,0.0018239576681862673,0.008414444119043765,0.0032215810859743217,0.004292853615870626,0.007349924758345878,0.002889461350667261,0.0025401344431179498,0.008894708229665411,0.002631379333772202,0.0030959382080181968,0.0055715177553502145
generation - Fossil Hard coal - Actual Aggregated_t-75min,0.007561812403495424,0.001589438520602016,0.006825635045886884,0.0046835336317908515,0.0019391897124796742,0.007129341977852164,0.003487415881536435,0.0021239319391188473,0.006247620090392957,0.002120735439764758,0.00307562434045667,0.004020848813093835,0.001566179589303033,0.0029108294100515194,0.0028586828970376247
generation_import - Generation - Hydro Pumped Storage_t-75min,0.011481870201969287,0.00402521936831954,0.0030897104626892544,0.006385270970855345,0.006727920493911369,0.002634544608919896,0.006200407490134239,0.003543835158314323,0.002432298777723304,0.004822463960037567,0.0016839870734984288,0.0017051909057940976,0.00939182847059965,0.007129235692991643,0.0026426278646899844
generation_import - Import - FR_t-75min,0.003620758379589688,0.0033412567664408924,0.002392700877802781,0.0036030824233339444,0.007200149441494432,0.0018099396305642586,0.003300814364644225,0.0066847007347278125,0.001667580874511259,0.002292168922761448,0.007650672461211798,0.002032358934660806,0.001410355900167815,0.005784511645855673,0.0020611876009274327
generation_import - Generation - Hydro Water Reservoir_t-60min,0.006320754538768597,0.0048224322207242945,0.004285113129008096,0.00983459238857904,0.0034839019065257162,0.0060793144742492585,0.011056296232265594,0.0032066481659953753,0.003976639207965491,0.013128024112222192,0.004610563077541883,0.003179538518658774,0.011441645017121117,0.006547824049146584,0.0016060189853333213
generation - Other renewable - Actual Aggregated_t-60min,0.008170889416738646,0.013501062427603756,0.005128541757316271,0.012747979797190055,0.007795479820125365,0.004498770319451978,0.007819234573515133,0.010112910372088663,0.0026638385553710577,0.005638432847830699,0.004548291200795575,0.005277414145240982,0.0030862137675230768,0.008863738041342004,0.0044019546662093486
activated_balancing_energy_prices - Price_t-60min,0.0028366874805760747,0.0047066016737653624,0.0016036242807986128,0.0017315168949762665,0.005706581146353528,0.0021789932459651026,0.0017583499918974895,0.006122332912122147,0.0016207533982160384,0.0022124754840488095,0.0053872571307592805,0.004679746116869865,0.0016907346849666283,0.0039101284097814645,0.0023713266181312064
generation - Hydro Pumped Storage - Actual Consumption_t-60min,0.008516838085101881,0.002989972364030109,0.0028271712987989303,0.007183910555355396,0.002037493605882105,0.0025201774242478905,0.005268755195611447,0.0026567306389865737,0.0018507163167396925,0.006568625977273769,0.002382148262588089,0.0019792778042592545,0.0038895632141247916,0.001785521543267805,0.001658897987484579
generation - Hydro Run-of-river and poundage - Actual Aggregated_t-60min,0.01149901454623614,0.00336606540283492,0.006014322324654131,0.007917751171473355,0.005217144338515937,0.0051014349531687915,0.010599596138303241,0.00446503628253231,0.003467441951412411,0.004566457203044137,0.002244344970838938,0.002054497792392567,0.005806312172032449,0.002454127153002446,0.0013851535636058543
generation_import - Generation - Hydro Run-of-river and poundage_t-60min,0.013611405158027992,0.0057590675066130645,0.007237554115457897,0.01341089823335642,0.004122502111203175,0.007898234181202496,0.011689751682308269,0.005192140500998448,0.005041874002232362,0.010378185612134985,0.005250897412607628,0.0031109801497980812,0.00804319038344147,0.004596338598235889,0.005354950388780708
generation_import - Generation - Solar_t-60min,0.012566736825028783,0.009933272108552046,0.00833792044785514,0.012307362219831702,0.013211446061322931,0.009483690132576158,0.013956806108224555,0.015127704131366045,0.005671491851986502,0.01078419921459863,0.008931459266052115,0.0018031525281712675,0.00983065032488048,0.008424116449699795,0.006720713884438737
generation - Fossil Gas - Actual Aggregated_t-60min,0.004154943784591296,0.0034129393357370647,0.009399928326696682,0.003007718059227841,0.0033264004963789377,0.010360066266572175,0.0033828583261347376,0.0036067200523557403,0.007864364144814317,0.002522561280633454,0.0019631631974771154,0.004773729828166325,0.0026811331932258325,0.0021891152774533114,0.006211941613417366
generation - Waste - Actual Aggregated_t-60min,0.0072918552233040826,0.011106040037957883,0.00742680224540527,0.009574528724871925,0.0048323398191951125,0.0023469055636569465,0.006964328851026948,0.008673403055552626,0.00276352033578587,0.0072693728332578755,0.007182993143811473,0.004570099845950608,0.007963712003682304,0.004577104787746066,0.005582252858891252
generation - Nuclear - Actual Aggregated_t-60min,0.0031811968290494405,0.003330220154501262,0.0023147790315742895,0.004877880948723942,0.001601997171336734,0.002452321295886577,0.002296235044779337,0.0018761560889579414,0.002069064704842276,0.00439029421937721,0.0017755036035568992,0.0022978615873907983,0.0019442512995246942,0.002646110749174113,0.002039304494878735
generation_import - Import - sum_t-60min,0.002209056139538006,0.004248660570782249,0.0031395900534671455,0.001876728300735067,0.005054116511780194,0.002385457004469572,0.0030381195968279826,0.00434877570615663,0.0026458459787609173,0.005976394765943269,0.0052362379848327695,0.004845131512945955,0.0074086292180036255,0.008892536399587697,0.002437817238454045
generation_import - Generation - Fossil Hard coal_t-60min,0.002163089896972451,0.011151173053542152,0.002513415553968116,0.0022627700775492486,0.008284725115983747,0.004360147576982854,0.0027382832083658287,0.004711629657831509,0.002368809009600227,0.004163782894596807,0.005644897055113688,0.004449779348797165,0.0063586878412952505,0.004446041864437575,0.004945173500105739
generation_import - Generation - Fossil Gas_t-60min,0.0031602140405630054,0.005496741243377983,0.004516040748483647,0.0037466022703629277,0.005345485179150046,0.0024397407081014535,0.0037961334632273065,0.004984828186839877,0.0033646812389518457,0.003927494436167763,0.003568489003300783,0.0030582575811095012,0.0034160937313554313,0.0037810541024628037,0.005695216342879576
generation_import - Generation - Nuclear_t-60min,0.00593015899965576,0.005776256591965648,0.0024508751721705265,0.008843586039482034,0.00628511371535933,0.002117828209469167,0.003338920727022014,0.005770754403195496,0.00172571980544069,0.003278068450459614,0.00585030716305846,0.0020274476276954372,0.007373889506136947,0.006825722830450104,0.003380371269307943
generation - Fossil Oil shale - Actual Aggregated_t-60min,0.0,0.0,0.0,0.0,0.0,0.0,0.0,0.0,0.0,0.0,0.0,0.0,0.0,0.0,0.0
generation_import - Generation - Wind Onshore_t-60min,0.004601911769464778,0.002635775942151724,0.010672171443729894,0.0027913127048846036,0.0018775053154940905,0.006426514582293748,0.0034710038387634084,0.0021703904546296828,0.004937100631963403,0.006878731604530912,0.0020676488740518834,0.0011349101970718038,0.0027967620631625324,0.00212615190886936,0.0038918207914507546
generation - Fossil Oil - Actual Aggregated_t-60min,0.0025355085386909197,0.0037523185821919467,0.009615797568811103,0.00300099188204058,0.001762488072148699,0.006972610977827571,0.0031150102402534687,0.0020157227543404588,0.005349816346657463,0.0026755169868929443,0.0014578869729521102,0.0019694199170917272,0.002147738543115338,0.0017541226530192943,0.0015497687228561289
load - Actual Load_t-60min,0.0017873757799920895,0.0034911087418449823,0.00924124160080305,0.007047862032050034,0.0017304854715130204,0.006187488003822182,0.006904743919977591,0.0015470031509089495,0.007549986858801276,0.008983833591652,0.0025893975707781463,0.003572459221832105,0.009842512660663487,0.0021111578636938476,0.004125296647728135
generation_import - Import - PT_t-60min,0.0020080518093398042,0.0023001848581980086,0.0022300228117735515,0.003924292431565846,0.0019215724400792169,0.0034395175723111607,0.00375395260782534,0.0011079908021055188,0.004230603060799695,0.005897486213943921,0.0014578505250428862,0.0016836717132238165,0.004570895172517339,0.0021277458225986267,0.001550089570559976
generation_import - Generation - Biomass_t-60min,0.0016833127221289033,0.0020998766915236045,0.002668918612129346,0.0012525821348990576,0.0024041328887822147,0.0015599757252282415,0.002210606694953299,0.0028561988219189516,0.003482863032964815,0.0013186337528936747,0.0026683395848685907,0.001290487918810868,0.0009958806429200423,0.0017718131460378573,0.001902422141764191
generation - Fossil Peat - Actual Aggregated_t-60min,0.0,0.0,0.0,0.0,0.0,0.0,0.0,0.0,0.0,0.0,0.0,0.0,0.0,0.0,0.0
generation - Wind Onshore - Actual Aggregated_t-60min,0.0019314723403840617,0.0022699100597787947,0.002730856956992284,0.0027540585263714093,0.0015644508663244779,0.004668360498664697,0.0015493680885575146,0.002448953422887598,0.0015131727884595421,0.001927973769968844,0.0026264714544540764,0.0023239354964871384,0.005106284982163743,0.0031361992509691843,0.0011189930764114707
generation_import - Generation - Other renewable_t-60min,0.007091255743504007,0.0022832873415864013,0.005467604317324003,0.007056506257684305,0.00352225795637969,0.0028204196201841113,0.005552779000492592,0.003056214952449409,0.006776251541275997,0.007160009925122722,0.005024065497362244,0.011413994431379252,0.004280516656868713,0.007741876687170589,0.0091346275396063
generation - Fossil Brown coal/Lignite - Actual Aggregated_t-60min,0.0003189128267796377,0.0002087546830435514,0.00039889853963495626,0.0003300922231998129,0.00024498247228075344,0.00024966659918254663,0.0003439547369337106,0.0005415878341955249,0.00048644992518939034,0.000280389594655162,0.0006336226421553875,0.00033012082269101486,0.00031578714856641453,0.0006471607942512492,0.00029153609455012485
generation - Solar - Actual Aggregated_t-60min,0.014401293094007997,0.005412859093501538,0.0022559592043962765,0.011465090647710894,0.0028126711298973534,0.0019938088743169827,0.008922874754091027,0.003008678941671633,0.0022289894341170112,0.0068568949660648285,0.008616034686368948,0.004185193085148057,0.00784017346233304,0.003174798484029452,0.003013298737068908
temperature_mean_celsius_t-60min,0.005918127235052452,0.004610544055243509,0.0060712228263937506,0.004279360746420934,0.005313109380529568,0.005470754686175496,0.006209493428019414,0.003112273839431509,0.006450008269399405,0.003983271977440381,0.001356889312286512,0.007166355488834597,0.0020807240536510107,0.0012066750772882528,0.003793177871476928
generation - Wind Offshore - Actual Aggregated_t-60min,0.0,0.0,0.0,0.0,0.0,0.0,0.0,0.0,0.0,0.0,0.0,0.0,0.0,0.0,0.0
generation - Geothermal - Actual Aggregated_t-60min,0.0,0.0,0.0,0.0,0.0,0.0,0.0,0.0,0.0,0.0,0.0,0.0,0.0,0.0,0.0
generation - Marine - Actual Aggregated_t-60min,0.0,0.0,0.0,0.0,0.0,0.0,0.0,0.0,0.0,0.0,0.0,0.0,0.0,0.0,0.0
generation_import - Generation - Other_t-60min,0.0016113266746154977,0.001972680446502636,0.001353616394295841,0.0015512002933846815,0.0028779212928893684,0.0033937397728332143,0.0012213555135313072,0.00497372288366023,0.0023918270528301947,0.0011953341800899579,0.005772261039848672,0.0013858383061997302,0.0021939265878027072,0.0036688439001627557,0.001570051221173344
generation_import - Generation - Waste_t-60min,0.0073922642122197435,0.008412842730584088,0.008376106389143387,0.0049329630048014226,0.0059798248363727,0.005517097298637964,0.004441433901520213,0.0046541946652614566,0.002785313454144216,0.006444605718519597,0.007199506946210022,0.00185984708463684,0.0036815574787942753,0.0050512409717084665,0.0025645561854144034
temperature_std_celsius_t-60min,0.00683854558927851,0.0037089170380495487,0.011651747289950436,0.005857275801688957,0.002210219430617144,0.008848002659782651,0.005391826438491989,0.0014929512555036126,0.006709483281170833,0.0024580693859275016,0.002069303355286593,0.00408912223686275,0.0021611604194658866,0.0010893137179847372,0.004828481615262717
generation - Fossil Coal-derived gas - Actual Aggregated_t-60min,0.0,0.0,0.0,0.0,0.0,0.0,0.0,0.0,0.0,0.0,0.0,0.0,0.0,0.0,0.0
generation - Biomass - Actual Aggregated_t-60min,0.0018911615359559165,0.004640217775835481,0.0026685522358757224,0.004468114120734753,0.003498067953361101,0.0030910093390039035,0.002659412727154631,0.0032309202999713307,0.002534065133851982,0.002044323403744784,0.00514105362245391,0.0015586380777399427,0.002987018950686945,0.004530286807570519,0.0012730182184511705
generation - Other - Actual Aggregated_t-60min,0.004849730273082969,0.0025801275649700983,0.001858766181664464,0.002891023117694772,0.0016014896986530401,0.004539161127853731,0.003559834255342139,0.002216974701728759,0.002488415792512328,0.00626406409800984,0.0021941231437494933,0.001357418296035803,0.004040591550565295,0.0026456358323339374,0.0029240441053264023
generation_import - Generation - Fossil Oil_t-60min,0.004079077805674388,0.0038293523030451977,0.002105939377433515,0.0019366851775812393,0.005219597059978696,0.003485534144241683,0.003355114660455001,0.007290562836220488,0.00200312006202887,0.0019065546346264456,0.0034910728542666904,0.0032700774302647914,0.002374165223216551,0.0030105849117280743,0.001756089157463066
generation - Hydro Water Reservoir - Actual Aggregated_t-60min,0.005519761047718476,0.0062147647328311,0.0020602908597620625,0.008306941800174172,0.009800348929522442,0.002968124744734723,0.0074129483906399405,0.005772059233673644,0.0014095195786594558,0.008739805374829303,0.010118138578211073,0.0012891187788100068,0.007726667878901935,0.006819418935048816,0.0021443982166351816
generation - Fossil Hard coal - Actual Aggregated_t-60min,0.005012920188950375,0.0046876166720467155,0.0018746136428999308,0.005809330974210753,0.005107122633766266,0.004126382015874299,0.007754730062908493,0.006379071424220456,0.0025572181508332504,0.0037229751211225446,0.006527754247537814,0.0016074246381667762,0.00496851224265265,0.004789371918981487,0.0017971570196168613
generation_import - Generation - Hydro Pumped Storage_t-60min,0.01500229866103473,0.016161520337540425,0.006264215212140698,0.01706401513121091,0.011430439357412978,0.002952575199756893,0.011885971815878292,0.011294082793965116,0.0026689670642740565,0.014399898507806938,0.012167939397972076,0.001848679528085995,0.009582128728099633,0.0095755970859027,0.001953115827419424
generation_import - Import - FR_t-60min,0.0014910086326722193,0.003709263763812487,0.003873392215627973,0.002088351014719592,0.0034068042017297556,0.0020550461042639656,0.0026091849537535836,0.002350539218504849,0.0029922252388496417,0.002175934849014084,0.004327136098363553,0.0045103108213370435,0.0023318255603735454,0.0015057682925153132,0.0025107101762491765
generation_import - Generation - Hydro Water Reservoir_t-45min,0.0026133188779231204,0.002276009124583652,0.00282362862068112,0.002270536694276416,0.002596435395684921,0.004642220897027073,0.005563237949987524,0.0016522675786803517,0.005597581561853985,0.00330879154721697,0.0037579623786004957,0.002649294337044921,0.006951711852383596,0.0037571800072296354,0.0019174270867697487
generation - Other renewable - Actual Aggregated_t-45min,0.004667514664022747,0.0064918716992210645,0.011800334403582384,0.004479396396939364,0.007907984908051731,0.0077624438386174,0.003961309688522306,0.006039085768541554,0.0038719770183793115,0.002141413871426266,0.008208975202775718,0.003311621258932064,0.0023968737346922353,0.004581786137657218,0.004786101609199249
activated_balancing_energy_prices - Price_t-45min,0.0056835522277615385,0.007839692610285965,0.006195855687419226,0.00515335776156644,0.009436034805507006,0.002066770646888017,0.007547812069526117,0.009004857358075697,0.0011383443717936643,0.007378847428313747,0.007056997001101991,0.0014810241392237912,0.009868453029401281,0.008428804161729204,0.003325602426462865
generation - Hydro Pumped Storage - Actual Consumption_t-45min,0.006189560902104859,0.009246638872720724,0.0017201624617055131,0.004627009211988479,0.004500460162443687,0.0019420672553912368,0.004901120268215891,0.004898230151626194,0.002801594053091776,0.006221930396495736,0.006359807052693213,0.0031101648206658867,0.005399291091212945,0.004057412943320742,0.006690132304094732
generation - Hydro Run-of-river and poundage - Actual Aggregated_t-45min,0.0052168147952006624,0.006207836437764854,0.012843379313653713,0.00573766524954226,0.006436119018052921,0.00791237918407569,0.004640577964462864,0.00726056202458858,0.008703086832194458,0.004898879284120753,0.004184446800754813,0.01456460086057632,0.005618380419182358,0.005215052736501093,0.010749102082496393
generation_import - Generation - Hydro Run-of-river and poundage_t-45min,0.004628330539766466,0.0030584416875037166,0.0035716432591634656,0.004552687694113047,0.0022726964445173507,0.0022602857291162764,0.005072795674543158,0.0021369814289000713,0.0025624635799686075,0.003142269940453389,0.002324202995160704,0.0033301386886655563,0.0032401519770915003,0.0015088041979620357,0.005457535174638906
generation_import - Generation - Solar_t-45min,0.021085547936447256,0.007722453484893777,0.004924319472177103,0.01436798833218927,0.010644630179420347,0.0021385471267039973,0.019499452824587933,0.010988999118766515,0.0023511888202547198,0.018028715596983602,0.008498712702581542,0.0029592708757591028,0.017777839210896786,0.011508771733075265,0.0025041938194659678
generation - Fossil Gas - Actual Aggregated_t-45min,0.0029888434419590337,0.004955118279205635,0.0015954530410126609,0.004009644830146499,0.003616229442736767,0.0008863682359915401,0.0015477239199535688,0.004182386010143432,0.0012338590745061993,0.0019320065716838144,0.003680179179322295,0.0019249041317186766,0.0026972598822842427,0.0032612311217653767,0.0008021889814358474
generation - Waste - Actual Aggregated_t-45min,0.003159191373239082,0.002331813418229103,0.004573486967584358,0.004557568308699047,0.0032427039679078008,0.00253924316426378,0.003273731789275189,0.0029791995549146577,0.0028632661059242535,0.0029034939377816046,0.0020114547395905904,0.0036656479647026573,0.0033054327952254424,0.002509229033425072,0.0038569015866551128
generation - Nuclear - Actual Aggregated_t-45min,0.010521827911668878,0.002663650396867524,0.0061136193633847145,0.007197693721476071,0.003549987677531817,0.006824201000506946,0.014598522764543305,0.0022203199337923253,0.008573342560073798,0.007997078109205177,0.0024447829336172616,0.004171719189616624,0.010060928121121833,0.002192726789579524,0.005176231657094604
generation_import - Import - sum_t-45min,0.00136972288349898,0.005001187722544273,0.0019739019963097917,0.0023269476276809656,0.00531530245770432,0.0020061344893961175,0.0023438433495139178,0.004882427180067225,0.0017951126309626488,0.0013724362732064038,0.003652326752646786,0.0027898734833934212,0.0016346098038224,0.005076895133839571,0.0026881708523214913
generation_import - Generation - Fossil Hard coal_t-45min,0.006993326401774538,0.005303127432825932,0.002291801064861545,0.006200883350829827,0.003103471842552608,0.0050020023406141265,0.007802630336140283,0.0028442001495623116,0.003779235189698966,0.006870077368235797,0.0038252154906567738,0.0034582676142817944,0.002624421436913508,0.005099688884434727,0.005502209561440395
generation_import - Generation - Fossil Gas_t-45min,0.008254863368840234,0.0038910561532325117,0.001602235957207995,0.0072376481608880565,0.004561973837728147,0.0034025498084083667,0.00628647598988232,0.004464588096487091,0.002834357675375941,0.00393914126078198,0.0036973926774321627,0.003276796428792295,0.0035071383542044712,0.0019341841955611016,0.0019200413319231302
generation_import - Generation - Nuclear_t-45min,0.013363230671246128,0.010744479677096025,0.01359568582085194,0.012842959395409708,0.010272482328757177,0.0062905968918203145,0.018437538704515647,0.00970779159837548,0.0030048461698374924,0.01370349022204755,0.008717408573860667,0.001996635934448932,0.012624642337425029,0.010026165946925176,0.0019718548371024554
generation - Fossil Oil shale - Actual Aggregated_t-45min,0.0,0.0,0.0,0.0,0.0,0.0,0.0,0.0,0.0,0.0,0.0,0.0,0.0,0.0,0.0
generation_import - Generation - Wind Onshore_t-45min,0.002992717751323653,0.0018953587103815153,0.003086350748990071,0.0020718279778387796,0.0024669616141654842,0.0016784127063401684,0.001978334638450178,0.004368543728098302,0.0017888219181819807,0.0014987050911081496,0.002748745040958056,0.0028335064548755326,0.002136873980658493,0.0017417686726720375,0.0015759126645111792
generation - Fossil Oil - Actual Aggregated_t-45min,0.004860541312958958,0.004791929167229682,0.0014751434909812814,0.00572750652016839,0.0025466660385245633,0.0013273710284221352,0.00457643985670984,0.001685576903506899,0.003980112949822797,0.00724179230153095,0.0015133254711736299,0.0018185484716996144,0.008181259305682033,0.0018411232800553989,0.0013526172941728874
load - Actual Load_t-45min,0.0037177041011536857,0.00139610879739098,0.008090299432406937,0.002700402940492495,0.0018514522790651427,0.008909418494766215,0.002643024497955537,0.001375173220747456,0.008752882813452743,0.00526206438785448,0.001847999217982533,0.007702721087844111,0.0027632977141984157,0.0027982214460909633,0.005358556099568432
generation_import - Import - PT_t-45min,0.0024254646501294702,0.0011983887916730963,0.007921844302316457,0.003216980319697541,0.0013741465057664755,0.002676261607070046,0.003762388192199069,0.0015023084238873707,0.0033872026866774833,0.0013466537253368643,0.0010280054678296438,0.004646523805407924,0.0014925543672857202,0.0031759557855912134,0.005373571376509062
generation_import - Generation - Biomass_t-45min,0.0011754274696977518,0.0030483514983613985,0.0018395728815157782,0.0016393321695150006,0.0036758481548740747,0.0011768117802230336,0.002648030156033201,0.0028607572890396115,0.0012131587450285224,0.0011401040367013593,0.002682807646847323,0.0019247007831891096,0.0010219559465187444,0.003477061301899724,0.0012785638852528792
generation - Fossil Peat - Actual Aggregated_t-45min,0.0,0.0,0.0,0.0,0.0,0.0,0.0,0.0,0.0,0.0,0.0,0.0,0.0,0.0,0.0
generation - Wind Onshore - Actual Aggregated_t-45min,0.004678299874118238,0.002855815089714724,0.003053464840633751,0.0034294557293392245,0.0018291341693175128,0.0047673166457698245,0.004636564168533369,0.0018598825428525743,0.004627523901435779,0.004202781988553397,0.0019262785813380105,0.0037217588049261396,0.003437881376427413,0.0025023419745612047,0.0024146160910327695
generation_import - Generation - Other renewable_t-45min,0.007368269473023247,0.002847348097497161,0.00994239621608358,0.007661885323599563,0.002182423894416843,0.006050242110848103,0.0033107119250034883,0.0031635041350391475,0.004167168181741544,0.004295297770942852,0.002749374155866178,0.004685715801106199,0.0025083483902458284,0.0033308811311317187,0.007889891013255691
generation - Fossil Brown coal/Lignite - Actual Aggregated_t-45min,0.00016780849506631057,0.0002177575922539745,0.0013737198690650986,0.0003233080318514112,0.00014212570673316805,0.0012764079640619457,0.0003098862538704452,0.0002640683512167925,0.0009152790519292467,0.0002688212629864211,0.00013687943936560031,0.0009572011191630736,0.00019669324175129076,0.00022523108871991314,0.0005828873693244532
generation - Solar - Actual Aggregated_t-45min,0.015503857061907184,0.0066879014006299255,0.002690435606090432,0.009663775074761361,0.0019982223408212575,0.005519510677273501,0.00877537213567848,0.00366472512315795,0.0015165062195676455,0.009542210553016049,0.0018087655099357108,0.002079052068591409,0.008675976832048037,0.0018894576518396207,0.003038773687168032
temperature_mean_celsius_t-45min,0.015178873764917625,0.00502727803489006,0.010738395364780445,0.013655172598693753,0.0045709052698148294,0.008727684700934333,0.010578943274114863,0.006133782145658188,0.009295710509977653,0.009927439880601014,0.004392543795525399,0.006306288261539521,0.009037620855153364,0.002507292577433361,0.007652869919973455
generation - Wind Offshore - Actual Aggregated_t-45min,0.0,0.0,0.0,0.0,0.0,0.0,0.0,0.0,0.0,0.0,0.0,0.0,0.0,0.0,0.0
generation - Geothermal - Actual Aggregated_t-45min,0.0,0.0,0.0,0.0,0.0,0.0,0.0,0.0,0.0,0.0,0.0,0.0,0.0,0.0,0.0
generation - Marine - Actual Aggregated_t-45min,0.0,0.0,0.0,0.0,0.0,0.0,0.0,0.0,0.0,0.0,0.0,0.0,0.0,0.0,0.0
generation_import - Generation - Other_t-45min,0.006623532425495796,0.0024501223599099832,0.0023321981909803073,0.004865623547189898,0.002693624991827164,0.0013588778819794243,0.0021405634579859906,0.001686789001190391,0.001747344879713637,0.002079784621575527,0.0022144236393485243,0.0010814062819797527,0.00226366567477271,0.0023906426917164937,0.001411929326302925
generation_import - Generation - Waste_t-45min,0.0028356994015266536,0.0022671864165577063,0.004231486770528136,0.003269323581399476,0.0035114017183987016,0.0029211603274779917,0.0022325652997351427,0.00276842513208544,0.003509688975955214,0.0024745724025942765,0.003756660165957555,0.003449805986817097,0.004609769219275222,0.004262283910116821,0.004210061578715624
temperature_std_celsius_t-45min,0.011213950804634805,0.0026275722519433203,0.0026391217248348084,0.008415382282051269,0.002363026990257822,0.0034581043744652575,0.008412695761830263,0.002503642681191195,0.004260959987328533,0.004969085916663971,0.00209058401090806,0.0023225373995264817,0.008239875099739037,0.00174687431345842,0.002511634386757578
generation - Fossil Coal-derived gas - Actual Aggregated_t-45min,0.0,0.0,0.0,0.0,0.0,0.0,0.0,0.0,0.0,0.0,0.0,0.0,0.0,0.0,0.0
generation - Biomass - Actual Aggregated_t-45min,0.001436402138335552,0.0015473059728701628,0.002684251932690131,0.001414254240461787,0.0010229998166632868,0.0016939725586644272,0.0011515894515046056,0.0011501094100631235,0.0013920508931187215,0.0010678708634952727,0.0010298931316774541,0.001591382274762509,0.0020744043055083237,0.0012131233353793506,0.002122105376269701
generation - Other - Actual Aggregated_t-45min,0.0037895698944507786,0.0015229732594075358,0.004223900390841664,0.00396522621636359,0.0015952591297163962,0.0020813447551754505,0.0014092464531836413,0.0014359017490019142,0.002402035331575462,0.00204585128878648,0.0014305176308962472,0.004273915193327412,0.002343411560577806,0.0018875579417108384,0.004510135945705315
generation_import - Generation - Fossil Oil_t-45min,0.003037439641975652,0.0024775942788701284,0.002159586701826811,0.0046023069477960235,0.0029888650871080246,0.0017312781368648302,0.003325358192923886,0.0027500895512876013,0.001924004717321168,0.0030213039530706284,0.0028061030445489907,0.0020303305376988875,0.0033087547941358935,0.0025476200825764296,0.0028361899865240047
generation - Hydro Water Reservoir - Actual Aggregated_t-45min,0.006744189779520638,0.006069342568349384,0.0034712289569779385,0.007324947519915441,0.004545714232121099,0.002915243131952593,0.004399005103214222,0.005209673438981554,0.0032910860672454873,0.004576035992251491,0.005021385892359831,0.001599160527089225,0.0048917640362910785,0.0037810207898182854,0.0021970433287315247
generation - Fossil Hard coal - Actual Aggregated_t-45min,0.00283699580463508,0.002167864847837336,0.010758779481053353,0.0030009508743351035,0.0024275588220116335,0.010432038399390876,0.0018687375078120568,0.001786535740072111,0.0066931500401115045,0.004999280537524101,0.0025171793928093393,0.009716193800093606,0.002799282194202533,0.003071295567897323,0.006066192806116305
generation_import - Generation - Hydro Pumped Storage_t-45min,0.022564645715323423,0.0052943187230685,0.004351506378503472,0.01755897065124009,0.003891206778552828,0.0028627259142922413,0.017302135588470265,0.0028294577799333636,0.005789055200255461,0.013846257765013434,0.003887891114072772,0.002507536437523413,0.01619865395326633,0.0019301914252800997,0.00456645581503335
generation_import - Import - FR_t-45min,0.009599139076090068,0.0044691048143740775,0.00406195828283171,0.006127553982614245,0.0031917232088135277,0.003003319335504784,0.007095463993188332,0.001998767842475715,0.0017738400597100395,0.006236343413003852,0.002194163059143932,0.002839845664018867,0.00878004502863041,0.002691515686292405,0.004509636122749725
generation_import - Generation - Hydro Water Reservoir_t-30min,0.0033696117073923233,0.006979995240730204,0.009104149730090284,0.0029521923029406025,0.00985415490665764,0.004668341969781977,0.0029483958210184936,0.007068863107378661,0.0035463860128656963,0.0020096280126223292,0.008482224954059347,0.001753736283562091,0.00334388628189663,0.006661768217694771,0.0024762424432306033
generation - Other renewable - Actual Aggregated_t-30min,0.011029460966394254,0.009522469726216514,0.007459507861043676,0.010706793663459394,0.006388981308093207,0.0027345252424438513,0.006410291458193569,0.006251631987543987,0.006002345789808828,0.004119452715804073,0.0024327574463059135,0.002092862141255182,0.00414778941293298,0.002617715361820956,0.002631580142389339
activated_balancing_energy_prices - Price_t-30min,0.01688165183577439,0.015047596865286323,0.002979653951974342,0.012881314008169284,0.012753267221074565,0.006667234830580128,0.014221432992795598,0.010085071285609957,0.001671663838420045,0.012194005998084321,0.011879479102197365,0.0010656778836126931,0.011319738802525535,0.011787863357181778,0.0013188042614347068
generation - Hydro Pumped Storage - Actual Consumption_t-30min,0.009953082604479278,0.017508094747680843,0.009386389823266655,0.00776359972179489,0.013999697612933232,0.006118621071464986,0.008398109986657801,0.01364657705225909,0.011362228055371815,0.004642600865481654,0.008217954154129075,0.00942112035183527,0.004135129150923603,0.008628250403271523,0.00866675378464788
generation - Hydro Run-of-river and poundage - Actual Aggregated_t-30min,0.01177882870931353,0.010926287823451276,0.012074052347066754,0.01028837846753595,0.005307333525175664,0.007945084257762119,0.006649669323516718,0.004397265672923823,0.005194475687283557,0.004206887803884229,0.004201461956941785,0.006662792893645019,0.005494302593302564,0.00242771502243977,0.005448788270179648
generation_import - Generation - Hydro Run-of-river and poundage_t-30min,0.0023060975017483542,0.002690577203686189,0.0030095551598969903,0.0029954217596095986,0.0018962134040884848,0.002415003714125305,0.003851501312155051,0.001596039316020324,0.003157740261932872,0.0032060418285391277,0.001564922444138574,0.002923247205232656,0.001581664128821103,0.0037213300161165535,0.0019710935873408744
generation_import - Generation - Solar_t-30min,0.004662706245517257,0.00997098178115175,0.0091129629131392,0.01110201033544581,0.007980265248501383,0.0040262815735884775,0.003112597935074973,0.009821797475080529,0.004816197708481923,0.006476964570516429,0.009596744405425852,0.0016888340082000183,0.0058066051607493134,0.00812359601460048,0.005619783105068564
generation - Fossil Gas - Actual Aggregated_t-30min,0.00379934383996806,0.0045986180403742765,0.0062815798914271,0.004130324801750248,0.0023833383929668345,0.006777316987048834,0.004087871043244377,0.0020140899065636403,0.003714751870280452,0.0025774058889292063,0.0017834650178501761,0.001983942553646557,0.0034562623434476335,0.0020235514800406237,0.0033498439533836974
generation - Waste - Actual Aggregated_t-30min,0.004349833511696034,0.001990594240527116,0.006907623602339299,0.003043670702189047,0.0021731181579898477,0.009580092545380467,0.003944577030366417,0.0019440292918552586,0.007975658054114319,0.001988335138486491,0.0043882909106978335,0.004945494122155651,0.006329345239544637,0.002195208016992183,0.002530998119844298
generation - Nuclear - Actual Aggregated_t-30min,0.007879930908562528,0.0020061580040917305,0.0032256840348200057,0.008391327999794158,0.0031651057234439576,0.0021821153209076556,0.004966635451883122,0.004362529596593959,0.0025434301539626176,0.008720103334002487,0.0049158983610790305,0.0031141248560181793,0.00943795274677177,0.002296240019562447,0.0031369393253417002
generation_import - Import - sum_t-30min,0.005410884813092707,0.005357133866789809,0.005410928235813117,0.008721541263905237,0.00558788183249817,0.0033700214413643153,0.008064732852333691,0.005987945014115667,0.004525217366466677,0.007659572299984574,0.005137554553000882,0.0064567753142946455,0.005929536345574888,0.002037549565993004,0.0044564566959124936
generation_import - Generation - Fossil Hard coal_t-30min,0.011634054782451131,0.005194156001933152,0.007349544638156658,0.008355704614907153,0.005837265010748524,0.006846771358745172,0.005844483576409402,0.0015732406481683938,0.006950776695801323,0.009989417738688644,0.003263183818580728,0.0035812476584775937,0.010714745120261797,0.004421960522686277,0.006553840837321331
generation_import - Generation - Fossil Gas_t-30min,0.002742688658011957,0.0058855413782439425,0.001904319973145448,0.0024510675773435652,0.004582937551418581,0.0021613392206381475,0.00191237403438231,0.003973438437094956,0.0012790190191617511,0.001988193512770522,0.0028950239902706017,0.0009764641352003878,0.0025369803053545185,0.0026873169694799797,0.0010353259591189214
generation_import - Generation - Nuclear_t-30min,0.003981076608513831,0.006903055446065991,0.002945759924857157,0.001993151451079939,0.006785364122697502,0.0032738185874136433,0.0037181370938305916,0.006750623484806055,0.0015572312573349336,0.0026842390347346736,0.002988894439238493,0.005434614364211029,0.0020515557292815176,0.0049526509450770395,0.007999668607776584
generation - Fossil Oil shale - Actual Aggregated_t-30min,0.0,0.0,0.0,0.0,0.0,0.0,0.0,0.0,0.0,0.0,0.0,0.0,0.0,0.0,0.0
generation_import - Generation - Wind Onshore_t-30min,0.0046250467477184426,0.01007358265878247,0.01063035729638068,0.005061760559262439,0.007630337829483324,0.005685224366715374,0.004276523278140758,0.005995662995330349,0.004921230711312091,0.005655728195641131,0.005812833228425006,0.006045094504544977,0.003695111300889039,0.005421815305722702,0.006789516119915788
generation - Fossil Oil - Actual Aggregated_t-30min,0.004630938949176198,0.002921561737981392,0.004756770589752705,0.002780352311221577,0.0030562376530899656,0.002069361616532774,0.0036000346988880666,0.0033798857013548514,0.002478207360030865,0.003445623499436806,0.0029554554754394075,0.0015629728728236642,0.002254952800929459,0.0036205252046856914,0.0017133932660708523
load - Actual Load_t-30min,0.0035532842048169185,0.0010815025302076718,0.008530249154395278,0.001937188180647354,0.002296206147572775,0.0033943174749965694,0.0017922422460960661,0.0013975900228174395,0.003151371099791504,0.0020082338214251648,0.0018647165513680194,0.004472323498572223,0.0019529325088374207,0.0015655792759341693,0.0016437738445329159
generation_import - Import - PT_t-30min,0.002964893621552619,0.007092277718169498,0.002559455732966569,0.0017108602817279461,0.0035519179283583073,0.004983705555699999,0.0013476233657436865,0.0036105626397184096,0.0013040162098986912,0.0023967241773607383,0.0011683043957254995,0.0012622029543779263,0.0012334239504125436,0.0017537588737941406,0.0017834123941277084
generation_import - Generation - Biomass_t-30min,0.00796470507957565,0.002378051342297237,0.002382808569152985,0.008506145347229904,0.0014984151782859384,0.0016047829837871177,0.006571200680027687,0.0008310843569888676,0.0016623820439285737,0.005661489584053925,0.0008391091818411951,0.0023927416177716623,0.004894473512973491,0.0015260760916141862,0.0022509511318112344
generation - Fossil Peat - Actual Aggregated_t-30min,0.0,0.0,0.0,0.0,0.0,0.0,0.0,0.0,0.0,0.0,0.0,0.0,0.0,0.0,0.0
generation - Wind Onshore - Actual Aggregated_t-30min,0.0018605497938425516,0.007524117861179547,0.0034465228471435693,0.0018409748902604407,0.005619389890978709,0.004776995805870684,0.0019054664334435074,0.003470569867946324,0.005142480568665632,0.0035592583810903308,0.004352462378521068,0.0011665741252249973,0.0029559550935091467,0.003330976977890714,0.0012445720102655287
generation_import - Generation - Other renewable_t-30min,0.004845669736787386,0.003770197204040414,0.003504908287086437,0.0039034805884002708,0.002633956959047282,0.004129345411376562,0.0031621406372087223,0.0033817511119252686,0.004514887988168993,0.004260478135805898,0.0032568838488635948,0.005131312636796792,0.0026840397707178455,0.0025336798205393054,0.0024641439959741545
generation - Fossil Brown coal/Lignite - Actual Aggregated_t-30min,0.0006387764728497131,0.0005657170276799662,0.001152214180721785,0.00038289616050940365,0.0008288850647513755,0.0012479647702130024,0.0002847885225472737,0.0005624971039032971,0.0008598048063795431,0.0003386526565280974,0.0005953390838587324,0.0014338163828942925,0.00020323178391751638,0.00031383803136193934,0.001458195988787338
generation - Solar - Actual Aggregated_t-30min,0.014686606643837877,0.005937457734380587,0.003912625363313054,0.007252579042906291,0.007015647836612516,0.002911938952889045,0.003290897971688537,0.0054934412571983554,0.004581154252125998,0.003969297402352822,0.006119855810538866,0.0029992105480559986,0.0029847623070400004,0.005939038404954772,0.001986422486897027
temperature_mean_celsius_t-30min,0.004400134659164905,0.002379447900471348,0.00902394290013035,0.002777848754918523,0.0022319723806394904,0.005656563545046083,0.0026783991852234977,0.0018038502891422467,0.006639038513123524,0.0033823400618239246,0.0023559516420314707,0.008107248575091944,0.0030192608958695927,0.0025731238366557816,0.006030572145399674
generation - Wind Offshore - Actual Aggregated_t-30min,0.0,0.0,0.0,0.0,0.0,0.0,0.0,0.0,0.0,0.0,0.0,0.0,0.0,0.0,0.0
generation - Geothermal - Actual Aggregated_t-30min,0.0,0.0,0.0,0.0,0.0,0.0,0.0,0.0,0.0,0.0,0.0,0.0,0.0,0.0,0.0
generation - Marine - Actual Aggregated_t-30min,0.0,0.0,0.0,0.0,0.0,0.0,0.0,0.0,0.0,0.0,0.0,0.0,0.0,0.0,0.0
generation_import - Generation - Other_t-30min,0.00275567206615051,0.001639797157353314,0.002196268696752668,0.002604727274439938,0.00306898478661833,0.004660183404172131,0.001130820063979172,0.0033145205290593368,0.002413541222445929,0.0014238530675156368,0.0035483790417019916,0.003148017910327326,0.0012368445107881598,0.005148001541849225,0.004047897051466862
generation_import - Generation - Waste_t-30min,0.009281999595283195,0.0033245071072997233,0.008087022314051865,0.006495827119054411,0.0034880200484803934,0.007051878976293665,0.008138873909236281,0.0032408860381769955,0.0060916913523396945,0.003988003813168689,0.0035927027704274225,0.005740077843940526,0.004219136602376238,0.003496812916433555,0.005055441426186917
temperature_std_celsius_t-30min,0.005427548667314113,0.001619119608330493,0.0021083035919073154,0.006061703172563284,0.0022900169327913318,0.002229013947112037,0.004218663587282208,0.0018790534122208554,0.002122731032465481,0.00504388579553779,0.003162608077382174,0.00468344334737958,0.002430539320972457,0.001859346025846179,0.005293348506711482
generation - Fossil Coal-derived gas - Actual Aggregated_t-30min,0.0,0.0,0.0,0.0,0.0,0.0,0.0,0.0,0.0,0.0,0.0,0.0,0.0,0.0,0.0
generation - Biomass - Actual Aggregated_t-30min,0.005982470959001148,0.0016116166805477405,0.00738118459152247,0.0036107828842068556,0.0013624842124110045,0.006474039508993883,0.005414782548521543,0.0020782456402718024,0.004151740736399006,0.004723777987930589,0.0035193922142134396,0.0019581790391712275,0.004754878241888946,0.002319042361737047,0.0029498307509486493
generation - Other - Actual Aggregated_t-30min,0.0024693205498801944,0.00523411908140406,0.0064428453989094124,0.0022828283512726557,0.003480912625993369,0.0043887884680880234,0.002927998395550276,0.003172866169916233,0.007658412815071642,0.0020626310477473452,0.0014400377389927144,0.0036468751200172847,0.004257421035894367,0.0014646023712703027,0.0017545578061035484
generation_import - Generation - Fossil Oil_t-30min,0.0020586770916834213,0.0026229748934747475,0.003452798949380849,0.0021050210705589054,0.0026714360033652158,0.004035781054131803,0.0014878026955084352,0.0028634866522907034,0.0034176614329844597,0.0033195663481601512,0.004714934540632385,0.0035019835132570733,0.003223765340697355,0.006138195219507907,0.004885534821776673
generation - Hydro Water Reservoir - Actual Aggregated_t-30min,0.010383923236161536,0.002459100538056873,0.01634158313658554,0.007557750819454668,0.0023322073681028995,0.011197757265694235,0.005254656372948375,0.0031647954207996917,0.010909259446852957,0.0072604969700187216,0.002512436133198207,0.01327721333314912,0.0038012948163814145,0.0030995996858473518,0.012631209338713234
generation - Fossil Hard coal - Actual Aggregated_t-30min,0.005410979349098852,0.002289124339975842,0.00333310983152478,0.002398449012614947,0.003374291803290362,0.0026023990476041945,0.001860614992086994,0.0033149837746423143,0.002184566830823087,0.002337835234236991,0.0027394059399257456,0.002063181128437918,0.0025246821362143236,0.0059929398431704615,0.0032753235987729567
generation_import - Generation - Hydro Pumped Storage_t-30min,0.006045132089275285,0.004173608796726512,0.005994958510305878,0.006564012958286185,0.003282013674509699,0.0021577749922489604,0.009910991503338663,0.00337008574633478,0.002208069720382355,0.009385201880026216,0.001835790988721783,0.0021410046196497206,0.00785601153792777,0.006267589752973436,0.0018464287813678767
generation_import - Import - FR_t-30min,0.004137025849471684,0.004323985649652968,0.0017787425588403495,0.0066264653288162665,0.0038524244352106506,0.0055431095057938366,0.004165536875763791,0.0033474349469202027,0.004549334270821419,0.007868495123320827,0.003480257049998727,0.0012766810592947592,0.006577945092583832,0.0017921968322243628,0.0012659169425191976
generation_import - Generation - Hydro Water Reservoir_t-15min,0.003106865439800458,0.00819465567926818,0.00781007468552616,0.007207948634299101,0.005410901456584725,0.007011612198979492,0.00340290112506068,0.005036058557979232,0.007459379680415623,0.0024466384967272463,0.006568647731638294,0.01155482520476744,0.004134491216601646,0.0067466746480604346,0.00958422482989954
generation - Other renewable - Actual Aggregated_t-15min,0.009596633653272875,0.0023164801372658984,0.00331418291488103,0.00345167923888107,0.003176194633196417,0.0026809184312362503,0.003683085008661692,0.0026246291557693413,0.0022035734469793623,0.0028478880083903277,0.00211530444202981,0.006447093517745088,0.0036096037005336258,0.002149448700252833,0.001976828980106802
activated_balancing_energy_prices - Price_t-15min,0.0288716978510638,0.022192110639065503,0.007928504989409703,0.024633220753312344,0.021246139522823795,0.0025541526695509447,0.021002537803735323,0.017429689726743164,0.0030265088850710527,0.021778119663787947,0.01807415034835685,0.0031240203014758663,0.018898982046564924,0.0150948084629199,0.0035855180261901297
generation - Hydro Pumped Storage - Actual Consumption_t-15min,0.001960646214656208,0.004969201391737442,0.0064842530204987266,0.002883915392070776,0.007403420803617337,0.003731600058694312,0.0019466401542736094,0.006774033165904257,0.002179305131600813,0.007818736436262044,0.007912516605800193,0.004218386236898368,0.006405449955197582,0.008561132635480135,0.005249112318058906
generation - Hydro Run-of-river and poundage - Actual Aggregated_t-15min,0.00427559068976916,0.0019436629647275367,0.004094910205142241,0.0043333357500559945,0.004466044837547088,0.0018438442095207392,0.002500074007037256,0.0030649347271501028,0.0018546369203083942,0.00294264676052876,0.0015891677509634974,0.0021647497205958643,0.004860334777909884,0.004262029922125976,0.0020446483690484455
generation_import - Generation - Hydro Run-of-river and poundage_t-15min,0.004442856016474252,0.0038839112455475513,0.005352318871802709,0.004209831231511999,0.0027740343561499683,0.0019415280243183588,0.004330399092180244,0.0035573587923117883,0.002699339952402738,0.006841453163495316,0.0049835181868646715,0.0014663038859016383,0.0059843109527428166,0.006733742204378359,0.0016254015466465716
generation_import - Generation - Solar_t-15min,0.007880105845383695,0.009813797771161262,0.005727285254994058,0.0031036705818987685,0.008225394818517088,0.004323400983314968,0.005168780655683804,0.007455909404161503,0.0027079356018216458,0.0037104150283885245,0.00958392325598834,0.00484658710565418,0.004674664064830722,0.009443077120276939,0.002136319108725729
generation - Fossil Gas - Actual Aggregated_t-15min,0.0056043514841503566,0.0033455973777804502,0.00446481124293723,0.005193514076983774,0.001686370711819734,0.003777624373069557,0.00578217441882407,0.0017903051911398508,0.0025627631127681525,0.004190868877750972,0.0028163048183178037,0.0015218997954107181,0.0037614467261901153,0.0018755470339631302,0.0018429953107633992
generation - Waste - Actual Aggregated_t-15min,0.008830806396895695,0.0038130984546596663,0.005546349069103599,0.007632018068861725,0.003659982270655746,0.0017438046725164896,0.006521314058654752,0.0032723715403681127,0.0016953707111456425,0.008773848870281882,0.0033539172789987786,0.0013400542640988533,0.005665252685290397,0.003874508242108277,0.0030141205903637456
generation - Nuclear - Actual Aggregated_t-15min,0.006441562034317031,0.0029703943318058917,0.0023080983555755666,0.007568619278661572,0.004645965052939573,0.0025542787458948625,0.002125817337609078,0.0041991484744557965,0.0022933386392096507,0.002549574335746911,0.0016029961823961969,0.0031834104822719383,0.003224631907964067,0.005605071524209052,0.0037817062509375317
generation_import - Import - sum_t-15min,0.0018159691275304794,0.0038374536287374213,0.0018005019291522332,0.001767344402609524,0.00505691451297389,0.0023617771615486163,0.00206718898594886,0.0039910747631729466,0.0032022463869334386,0.001787709712150786,0.006082407936184609,0.0017030926686544988,0.002772295820310546,0.003766409618750913,0.0011056255114190207
generation_import - Generation - Fossil Hard coal_t-15min,0.00239832298823967,0.012326184912933968,0.004192872712803364,0.004156504679645877,0.009500097258234745,0.0033703116626984412,0.003478613904917211,0.008720757448172663,0.002441805301501063,0.0018216081638129254,0.00820461889229773,0.002799441061674315,0.004974311056008446,0.011008891420788132,0.0033992283011148173
generation_import - Generation - Fossil Gas_t-15min,0.007410433306454252,0.004851167154630275,0.0028472854391675354,0.008190353152778699,0.004238228302053585,0.0016490302706107514,0.008509856806467724,0.0015760983781922277,0.00548710419312556,0.007164167961585918,0.0020455905763274132,0.0026610344546361374,0.005290825721270835,0.0030082369445777885,0.002328900096763391
generation_import - Generation - Nuclear_t-15min,0.006818303769745398,0.007042922482170979,0.0036509218041792337,0.005842527995948331,0.005460901938691677,0.00258304724467871,0.0033312401346775006,0.005873775279473193,0.0024200478034872505,0.003384368841881951,0.003854996254844082,0.0034650017164585736,0.0031786776082353752,0.002966979199433126,0.001742273194115114
generation - Fossil Oil shale - Actual Aggregated_t-15min,0.0,0.0,0.0,0.0,0.0,0.0,0.0,0.0,0.0,0.0,0.0,0.0,0.0,0.0,0.0
generation_import - Generation - Wind Onshore_t-15min,0.005819875490387858,0.006141459763608509,0.003982059339105035,0.006383292841253933,0.00440234731212405,0.001563318584145236,0.006176077421041327,0.002085946523013263,0.0018799777824433477,0.0077937235716963186,0.0022500225452408815,0.0026828871733068807,0.008839086096932078,0.001903349566956763,0.0020821188346426423
generation - Fossil Oil - Actual Aggregated_t-15min,0.007219358850212302,0.0033508963616914115,0.006783327269891742,0.00602231014638528,0.0024034090413533704,0.0061524521126411855,0.004892292514945438,0.002761683615112133,0.007011968981241807,0.001839421970289095,0.0026611093513292873,0.004476735240867128,0.0021082209017843924,0.004326282970618195,0.0031775196932921973
load - Actual Load_t-15min,0.010890617479737899,0.002731347734368683,0.004479729600623614,0.0058595396419414665,0.0024223204851755325,0.00233615670907966,0.007025732676046573,0.0020100173509790694,0.0017774372166804824,0.004874635628583746,0.002837735416895384,0.002599332805135418,0.002218826537402748,0.0020946784836123698,0.001700007567384091
generation_import - Import - PT_t-15min,0.0021893608731011227,0.0011294126311845504,0.002759568061972459,0.002399045228716659,0.0012524185159071522,0.0033105990786571056,0.0022515545850119454,0.0016861956188795376,0.0009052701639459429,0.0028807057693165917,0.0020524141239420713,0.004099251909421582,0.002681996145157427,0.0014187994886860125,0.003120494074033559
generation_import - Generation - Biomass_t-15min,0.003565290879647364,0.001857715803696749,0.0023106364526238395,0.001866381378303231,0.0012652141125088293,0.0008391552644231979,0.00238802421495393,0.0011102549277502477,0.0008158707603743096,0.0013736731439216783,0.0011307707806758724,0.0011977472998046892,0.001030645881246528,0.0008894211365998217,0.0011085156061750965
generation - Fossil Peat - Actual Aggregated_t-15min,0.0,0.0,0.0,0.0,0.0,0.0,0.0,0.0,0.0,0.0,0.0,0.0,0.0,0.0,0.0
generation - Wind Onshore - Actual Aggregated_t-15min,0.0039017043945243587,0.006808054283326783,0.00527528965043166,0.0030053895839255345,0.005998260727477827,0.0037262656956227147,0.0018891213091414443,0.0041163745501415295,0.005862170245229208,0.002324752979061486,0.002673714238303546,0.005266001949668862,0.002614670591684785,0.0036231097880081507,0.004721852304075583
generation_import - Generation - Other renewable_t-15min,0.004089781429262757,0.0035031972704045984,0.011462152584746945,0.0048216818351429535,0.0033942000596991874,0.005805294876823609,0.004490574063555869,0.0027403038795928295,0.007214363690989558,0.005660124435918987,0.002502923629401266,0.0023730638421766343,0.007656700355575595,0.0026585733341744342,0.005848975262619206
generation - Fossil Brown coal/Lignite - Actual Aggregated_t-15min,0.0002792612778791863,0.0005761047094565583,0.0010171484356105793,0.00021936042161888736,0.0003939082739296964,0.000910206445332733,0.0002127187974527942,0.0004086208899497592,0.0011628634714288637,0.00024319644833872188,0.0003619295267975531,0.0008288209945312701,0.00033559622287407365,0.0001676449165954086,0.0007000891288844286
generation - Solar - Actual Aggregated_t-15min,0.002677996965627244,0.0033735826293532227,0.0022294823693304977,0.004479107410694269,0.0034790448304775055,0.0029181957310702275,0.004074302061342678,0.003733577538483587,0.0032963953425296493,0.006732526092790067,0.007088593348622453,0.001895680242679191,0.009669541120645591,0.007561143360977439,0.0024609001222332836
temperature_mean_celsius_t-15min,0.004441590839429409,0.00570633305418221,0.0021980438774899086,0.007251568294028402,0.002284862554675783,0.0023400772235258956,0.006232216736605096,0.0025342490827897565,0.0025960523177309368,0.005729218555597981,0.0025528838572972746,0.0018671501434566835,0.003992116264078504,0.0021895821624325434,0.0014268286078695383
generation - Wind Offshore - Actual Aggregated_t-15min,0.0,0.0,0.0,0.0,0.0,0.0,0.0,0.0,0.0,0.0,0.0,0.0,0.0,0.0,0.0
generation - Geothermal - Actual Aggregated_t-15min,0.0,0.0,0.0,0.0,0.0,0.0,0.0,0.0,0.0,0.0,0.0,0.0,0.0,0.0,0.0
generation - Marine - Actual Aggregated_t-15min,0.0,0.0,0.0,0.0,0.0,0.0,0.0,0.0,0.0,0.0,0.0,0.0,0.0,0.0,0.0
generation_import - Generation - Other_t-15min,0.0035333988322813637,0.001879575590463901,0.011908251854125411,0.005062351019698326,0.0021618303202994866,0.01071658095996827,0.002942281934869243,0.003844445218725866,0.006878048343001865,0.0030456460711611724,0.001936355584143712,0.005131390438629751,0.002346429872455246,0.0031336299202521334,0.005142652784241363
generation_import - Generation - Waste_t-15min,0.004872760640297202,0.002129441773882718,0.005164220498954819,0.0046932124151642255,0.00211004636067446,0.003322383093036478,0.0036003695094887008,0.0026929450024872495,0.0039086041246810055,0.00416037634588065,0.004641865962348675,0.002781929868226143,0.004549745795506169,0.0020311834424032896,0.005564370750093076
temperature_std_celsius_t-15min,0.010632581553822093,0.004612262456978442,0.002445257158329639,0.008113696091793826,0.0036569259764819436,0.005319311634977566,0.006632808905959337,0.004522145134336825,0.003620122501768492,0.004552316620898637,0.0034786890092600516,0.001201944753742282,0.003247796493031956,0.002448440538219984,0.001097408819818156
generation - Fossil Coal-derived gas - Actual Aggregated_t-15min,0.0,0.0,0.0,0.0,0.0,0.0,0.0,0.0,0.0,0.0,0.0,0.0,0.0,0.0,0.0
generation - Biomass - Actual Aggregated_t-15min,0.004549739433696231,0.0031929031897898314,0.0028340686253868624,0.0029715801270422163,0.002173869397369799,0.0026822973750604434,0.003099872245838924,0.0026019510481346516,0.002431035891662759,0.003369775991392089,0.002819694620022801,0.0014850724728419208,0.0029342475849311995,0.002074953087065978,0.0018708641131634067
generation - Other - Actual Aggregated_t-15min,0.002131448536309108,0.0036627925332031737,0.006775556401931681,0.0017480098808989623,0.0030707020702766385,0.007450800718856044,0.00288738092361109,0.0034403309754070504,0.007807755151356105,0.0031227643421225366,0.0014241325413249797,0.0058319827171508225,0.001864113234945762,0.0025982581179507633,0.004516806815285236
generation_import - Generation - Fossil Oil_t-15min,0.010750600403174758,0.006148355198325589,0.0028033235760776733,0.008063152759852529,0.007248228852637112,0.003609522749829921,0.007757218201197247,0.007881679513957351,0.001960263460079659,0.007036366878517583,0.00699190053964594,0.0018784491745864216,0.0074255742582026866,0.006247981742490083,0.0015931725933241978
generation - Hydro Water Reservoir - Actual Aggregated_t-15min,0.0028172357953953906,0.012003353946474817,0.0030278009781907257,0.002977108914070868,0.013363192982695182,0.0036280841242569296,0.0035162729891251273,0.010259408779653314,0.0019966850171967963,0.0060192621772075655,0.010983385896397522,0.0026750382641348553,0.006002637729536218,0.010217657324188622,0.0033091461923208955
generation - Fossil Hard coal - Actual Aggregated_t-15min,0.0031010393747164925,0.0020855250629938384,0.0014598929092775705,0.005882407050594338,0.0021162969619945215,0.0033170217989018057,0.003908215115328858,0.00468206685642258,0.004593342540483775,0.007551953410264105,0.001926633863520692,0.0031440819527283567,0.008961849698098377,0.002351058019901757,0.0036554631764593067
generation_import - Generation - Hydro Pumped Storage_t-15min,0.0028498215906697624,0.007241030832354227,0.008052080963343087,0.003512753342592987,0.0045372688279385325,0.0020659593722729425,0.0059049339381545,0.005802617900021573,0.002109356630669442,0.009038023263414288,0.008412055469183543,0.0020800302640236624,0.011755263522092718,0.004445985238065078,0.002167458051958093
generation_import - Import - FR_t-15min,0.003576206642688703,0.004236309905276357,0.002417356162692158,0.0038460832137297983,0.006120288796417299,0.002843296331526517,0.0026148538195011495,0.0035286058521960513,0.0011279316393502086,0.001994911177072936,0.0017365331801929642,0.001847458690352596,0.001916387729082544,0.0024022212484460397,0.003376420166249545
imbalance_prices - Long_t-300min,0.015302778853743803,0.0073852024080770205,0.0027611675747066327,0.015765130874809984,0.007148926003425459,0.002835334862133095,0.01503541257165125,0.009353530543456145,0.002056340400940826,0.01274810600786259,0.005061179747492588,0.0017211403840128696,0.013487686459484394,0.003799023602978309,0.002029611514862154
imbalance_prices - Short_t-300min,0.003973419471727539,0.01604171115655481,0.001147524644207806,0.004108261291245072,0.015343712408671308,0.0017520677615048045,0.0058145184473432894,0.01578687177212123,0.001066575937797097,0.00415324431619365,0.014017970848634832,0.0011994731375070842,0.006358290938405844,0.015643889856987128,0.0009915323457762497
imbalance_volumes - value_t-300min,0.0016686321855120241,0.00102889270387368,0.010749294963043212,0.0012483304499264704,0.001078605674138089,0.010231899348436855,0.0011971953541465154,0.001368181472278593,0.010742899610222593,0.0012303460783799664,0.0010085379789888974,0.011140953041242027,0.0011147614108065226,0.001620224213936126,0.009365093100828744
imbalance_prices - Long_t-285min,0.002336742349129281,0.0018760650185208761,0.002968873436184367,0.004292083863573907,0.004554350802543922,0.0029372659368982566,0.007143669755783776,0.0028238097875141646,0.0025774973825688223,0.008492993172854768,0.005851307410626759,0.0017155166941065544,0.00684709622716764,0.0038570966991737805,0.0034919714733415504
imbalance_prices - Short_t-285min,0.004546504054365868,0.0048385212412686085,0.0012394467222641198,0.0023601951417404053,0.006105786352483847,0.0013115679774789442,0.0018826194610728636,0.007945284830191668,0.0015793454303307613,0.0021199059046042804,0.006558656631725171,0.0017170918895803879,0.0019236938595695392,0.006693537999036948,0.0011152014569943277
imbalance_volumes - value_t-285min,0.0012492037054535104,0.000977011771933462,0.001870997496727341,0.0009003166270493921,0.0013745895396459673,0.0025050734089059005,0.0007375073663852163,0.0019484001711552992,0.004417735470880416,0.0014400267664181,0.000983225106789007,0.005736263802058602,0.0012492355406211572,0.001854758405402208,0.005866286085610227
imbalance_prices - Long_t-270min,0.0021598027682603062,0.0018639161040382532,0.003765378279840661,0.002066080995147786,0.0015514121684313978,0.0037188439844376264,0.0030370597198252653,0.0015215639325940628,0.0028081206962260693,0.008362398950313946,0.003294237247617275,0.003038704890979261,0.0067216158029132205,0.005862188319177221,0.005075125530662376
imbalance_prices - Short_t-270min,0.0028557738391541535,0.0018970288428290588,0.0019548462407325074,0.0019393967464447995,0.0016813282973189415,0.001757802595318026,0.0026335421826071295,0.00325834331374881,0.0017629854785345743,0.0026383805612163087,0.0016815775065613962,0.0020251512408685814,0.002067819467480149,0.002311925319158945,0.0015389622360414705
imbalance_volumes - value_t-270min,0.0011844445692731113,0.000701350441332238,0.002469576880011118,0.0011048172808095843,0.0008005247839664662,0.0024592558681239894,0.0008882730378779797,0.0013535087055881832,0.005136831485338916,0.0006579368926857114,0.0005874954370860906,0.004629322972825321,0.0007490416599658829,0.001976997100346807,0.006641897977820918
imbalance_prices - Long_t-255min,0.002786957956220249,0.0022387758287509313,0.002324712998122777,0.0035069063969731928,0.0018833671188449442,0.002281389958797263,0.0025895706715018604,0.0021804183344793274,0.0014519983768703924,0.0025906772062933214,0.001983044631145276,0.0019226925757347998,0.0066635021947922726,0.0025887253349537787,0.0018082037598187526
imbalance_prices - Short_t-255min,0.001643625979182616,0.007462381194789486,0.002146188152277318,0.0019009008757551555,0.0077852420628187246,0.0017050620261506993,0.0029206263089399725,0.007915710443168791,0.0018537594029253341,0.004766169937320228,0.010799166726865223,0.001719625935899785,0.004234015634612661,0.010525366753314301,0.0009566949190029845
imbalance_volumes - value_t-255min,0.0010959536097248019,0.0011780590627749915,0.0021133362631208003,0.0013619615675436307,0.0007733573399018496,0.0019248093783489821,0.0007489541646675662,0.0007601310909043945,0.0035527117086244287,0.0013190218931654627,0.0008308346861763312,0.0062428999603016564,0.0010881437358243602,0.0016257147144160627,0.006806550518253971
imbalance_prices - Long_t-240min,0.004179541048350984,0.0013114837938870778,0.001729882834782984,0.0032723381893265467,0.0031397202986627234,0.0016146690565037715,0.003061120166639739,0.0018629877686284998,0.001557847613521062,0.002244070392465801,0.0020072019093640846,0.001451163591664624,0.003292495550120293,0.0025171216333417304,0.0016113572081176244
imbalance_prices - Short_t-240min,0.0018754124375918763,0.005511431204289693,0.0016430414923934223,0.0025268665714756936,0.005413990529452576,0.0016714392762323769,0.0020015341741946033,0.00589264130219999,0.001266585958610591,0.0021839765156719294,0.0064632651216015805,0.003882496056572563,0.002785063675062702,0.00714886440239934,0.0033859577076837013
imbalance_volumes - value_t-240min,0.0009608374144390836,0.0008554781717812148,0.0016935816587069893,0.0007660158826232646,0.0008574566938289081,0.0012809902230746957,0.0014740055745676272,0.000694025329154897,0.002457771311503166,0.0010955350249191723,0.000591230178878277,0.0036213330728023722,0.0008237301484435874,0.0006569406023354532,0.003953341650783841
imbalance_prices - Long_t-225min,0.0023634166408312467,0.0024838889634611404,0.00525155956526578,0.004986150457702024,0.001728833762969316,0.002938454236617872,0.006695683095102141,0.003303762503976685,0.0035184525477416173,0.005967418481130153,0.0025555023531651385,0.00415778215498176,0.003125596005817897,0.001535513007015652,0.0021716415738119396
imbalance_prices - Short_t-225min,0.0019436068313116266,0.006144907494546146,0.005994551715646821,0.001358638950870045,0.006038273848876998,0.005762643201338505,0.002097174599522077,0.00635434390868977,0.004604737778638082,0.0017861180689851609,0.006580498328961766,0.002637036580190852,0.0018349916130600832,0.007207348503156027,0.002873750366258264
imbalance_volumes - value_t-225min,0.002160907863977627,0.0008452196597486363,0.0019693541304231987,0.0023358397710289865,0.002033122223440387,0.003148795539000275,0.0018922919650717631,0.0021877299385869263,0.002546386664507736,0.0014907096830861519,0.0018880450099422888,0.003517521240483802,0.0012470887556100933,0.0011517843501405878,0.001632674257204144
imbalance_prices - Long_t-210min,0.004614011133772692,0.002630266380199828,0.003141821539422381,0.004744811703618325,0.002032626560577228,0.0017363481484703699,0.0031409120677562898,0.0020565378758969927,0.004471835362755883,0.004226304973677543,0.0017128831390427807,0.0020994531791205515,0.0033812681279305253,0.0014493696512308816,0.0011304570341908401
imbalance_prices - Short_t-210min,0.0014087079648024883,0.0049677023112162716,0.005521999169781339,0.002111611527167952,0.004193531146993337,0.002650369082724751,0.0020564411391815157,0.0027796029391513456,0.0029144484501866827,0.00269762825599355,0.0024985263154376296,0.0034854690158099403,0.001876251567122381,0.0022409478835070332,0.002279209509307293
imbalance_volumes - value_t-210min,0.0006678902398119817,0.0019296762794047027,0.003977921912373916,0.000563197691934647,0.0016271039407019998,0.00154628027500803,0.0005618581472563164,0.0013989993676382256,0.002624191534330066,0.0005751748885572852,0.0009069834026021794,0.002048225140006252,0.0011444419822344116,0.0017105985503199008,0.004113291092370673
imbalance_prices - Long_t-195min,0.002598755797254967,0.005567091442677338,0.0022176761570353847,0.0020707598683209196,0.0039239259931528065,0.0023836250912208927,0.0024730298534086613,0.002181456422762949,0.0022378950935744795,0.0028269597418566265,0.0035445422493804914,0.000961479813410051,0.0039037461929347047,0.004126862859604899,0.0036233367355521296
imbalance_prices - Short_t-195min,0.003677388406515092,0.006247089343572952,0.005247876871770331,0.004141876841630619,0.004374236625617414,0.0034218803920398385,0.0028178811735488124,0.004692118060136636,0.002479120355288046,0.004678740549236863,0.008007785742845044,0.001118236290056643,0.005065741055612307,0.005790413614345653,0.0014959825938678933
imbalance_volumes - value_t-195min,0.001623477506895142,0.00271501448852905,0.0027007653440341527,0.0006827861731138114,0.00044397758258151045,0.002215681301179302,0.0008403537138251523,0.0006021353101175464,0.0034862536032997014,0.0007193469880750171,0.0018995772787080796,0.005681676653461182,0.0006067247819754158,0.0006703909929012753,0.00336444951487465
imbalance_prices - Long_t-180min,0.0036532106505812864,0.0019832427451510737,0.0030077126163346292,0.003726729410205735,0.0029099959084196597,0.0013667189793377475,0.0015745889919016917,0.0016263276078116178,0.0016641153136006323,0.0017462807103129307,0.003017573118506334,0.0016210434705199077,0.002256837660610472,0.002993980421928427,0.0014813048989635717
imbalance_prices - Short_t-180min,0.004051629232549203,0.00654923565685931,0.003397569778853722,0.002638483988750977,0.007870318912593575,0.0024053874723099396,0.004747815029679259,0.005294312227685623,0.0012648572739171868,0.003031232464103368,0.007089439730225422,0.0013893981193705259,0.004095645758961836,0.008240013209157042,0.00119861338941746
imbalance_volumes - value_t-180min,0.0017957825410701389,0.0010164288762591696,0.0027419233076243473,0.0012502311662320835,0.0009515366859075698,0.00285911435435537,0.0012818496245877214,0.0009315061550828432,0.0025192224365987387,0.0006407241014737224,0.0008943103413211943,0.0018198504107359383,0.0009853344322609701,0.0007545356056215269,0.003567159192924919
imbalance_prices - Long_t-165min,0.004577630592360947,0.004879645034962778,0.002044449253302332,0.005314665368496207,0.003287891504485742,0.0023455021964837214,0.00522866365250411,0.004297106906406043,0.0014727895414371232,0.0027021586101582218,0.002109753453287112,0.001072077065187841,0.0035963145215043824,0.0023428182876544666,0.002081518953355044
imbalance_prices - Short_t-165min,0.002390044252606913,0.00444306254711546,0.001989125780428566,0.002385080923872465,0.007323759402030191,0.004225909198173213,0.002248831601665188,0.006687854395164322,0.0019598393525575375,0.0022538392580227083,0.004165037629240032,0.001720804189697752,0.005012777959228515,0.0047466256314028215,0.0015627990958420241
imbalance_volumes - value_t-165min,0.0011905217488516655,0.001024849990837339,0.0019217560184515605,0.0009342409720132992,0.0005446262148457208,0.0010459632410820632,0.0007569885112620795,0.0008296195447545642,0.0009444357543537763,0.0006324512311745138,0.0013522393070538783,0.0018418869428414837,0.001377117286263683,0.0013532798157721117,0.00168777525866426
imbalance_prices - Long_t-150min,0.014224974471291717,0.0026543753390778873,0.0022248246129165637,0.013641860227471625,0.0032130401998692834,0.0021081984805932734,0.012334794973547105,0.0025806780751654514,0.0018753000577962666,0.009563930751248676,0.0031567368635842287,0.0031356513373948475,0.009135975826029607,0.0036102065095728903,0.004678353183979198
imbalance_prices - Short_t-150min,0.0023339545719918533,0.006755032900542574,0.004489242877940342,0.0030308534422571255,0.009667409897916514,0.0031316931650399054,0.002733051418863397,0.006750334959827342,0.002494112620530359,0.0025780502043526213,0.007687568698394898,0.002998946347197034,0.0022519144057660014,0.005834772206340858,0.003397499396580088
imbalance_volumes - value_t-150min,0.0011833833019773011,0.0007793661345776855,0.002360390569154333,0.0011576774642165332,0.0010095087079182575,0.0012858328691381757,0.00108680844839364,0.0006120695216120566,0.0016069025651417946,0.0010346168830960777,0.0005737101957819845,0.0014050512488115602,0.0011276605876444138,0.0005994489319337966,0.0025228706411588747
imbalance_prices - Long_t-135min,0.006187952060387033,0.0016538355132098559,0.005478716825405172,0.005738284208002369,0.0024373042990391697,0.0026295368855280684,0.007356159851420671,0.005421037593376241,0.001854340713500278,0.007859075229382142,0.003930197607518494,0.0016468764472988369,0.006041968943369284,0.005480983726598879,0.0014365039902081661
imbalance_prices - Short_t-135min,0.004622013161591895,0.004538334587512509,0.0013426218079932823,0.003920854920816055,0.0059509467564348596,0.003091429949811868,0.002906267647529603,0.004649295361718032,0.0018886353800135112,0.0055521914427299635,0.005217746714876285,0.0017699582784821359,0.0034780817844172135,0.006758297005679197,0.0031801170484277463
imbalance_volumes - value_t-135min,0.0014700304766683985,0.0007846067069232276,0.0017131276474069636,0.00113390889400074,0.0006897906401488853,0.0012476504888127237,0.00114549512499525,0.0008712143974498758,0.0007746033198940268,0.0025038385509670888,0.0010348856282548695,0.0009886027523471057,0.0010608823767033755,0.0005166054298074982,0.001799042340404185
imbalance_prices - Long_t-120min,0.004778425805569896,0.0024270814805176996,0.0021834222148900155,0.005969371002756816,0.0029134298589967786,0.0016144113369919069,0.0062144686255214765,0.0026603372252293413,0.002419892517902781,0.0049635436193775605,0.002577279751349124,0.0016391009236904211,0.0065031535281893866,0.0027715665236783026,0.0018929039548029323
imbalance_prices - Short_t-120min,0.004869291707183947,0.009046416875607975,0.002033384218374067,0.004819043936274283,0.008761751625888792,0.0012781615170651434,0.004150613827981715,0.006925204704600901,0.002444309341524786,0.0033090454242471878,0.0046113517658614,0.0014211432121819599,0.002179204185286835,0.004218231829835986,0.0011712164460862481
imbalance_volumes - value_t-120min,0.001560070551546346,0.0015807342075137285,0.0050574014811463714,0.001484211700872038,0.000745630948098551,0.0050584332495818675,0.0010027518947791805,0.0007472053164042336,0.0033553712048615125,0.0014724742419516587,0.0009422318511277333,0.0013514304499203718,0.001179252631734471,0.0008036742769761532,0.002667372358666398
imbalance_prices - Long_t-105min,0.012852816766593606,0.0018370162950743633,0.0017450570936489384,0.013135447263244714,0.0020619614780962364,0.0012456683695121456,0.012362113917143234,0.0015674814096224435,0.002718719288248394,0.014493427264111233,0.0027747386753060256,0.0029593654932793924,0.014898918223745568,0.0037916131894526186,0.002636264473065239
imbalance_prices - Short_t-105min,0.010284765572048854,0.013028804115187085,0.00513670778139749,0.007495610354024393,0.010848758939237086,0.002564301011820646,0.010411863342982542,0.012179055684921877,0.004906862982534221,0.0094290080022256,0.009852341831334342,0.003450738195087979,0.0066311428699818865,0.008617628460621972,0.0036475692372479785
imbalance_volumes - value_t-105min,0.000676132695495653,0.0014666465699418154,0.004042554926026241,0.0012474116734855442,0.0016589865874293537,0.0048253916059161385,0.0008063396828790701,0.0008902048135431642,0.004448693227150215,0.0006652101582091064,0.0007502380603145866,0.002909770524205669,0.0017404951591779537,0.000528335927942635,0.0025791896769896995
imbalance_prices - Long_t-90min,0.004893487784034732,0.0017695623089230138,0.0018702006180728859,0.005367086754547927,0.0026542160267708824,0.0018338363182434706,0.0045373256455714,0.0022432658543698383,0.0012865874747485578,0.006280514719939674,0.0029848811843503427,0.0009986505849356034,0.008193255454592872,0.003099056176462909,0.002912907146721409
imbalance_prices - Short_t-90min,0.003431915070870673,0.009815021902511944,0.005875295218942483,0.0038821908601239558,0.010074495017231129,0.0035464991605367686,0.00390680652237279,0.009567868335252569,0.004302216680635638,0.004824258038324842,0.009769000995638634,0.006106025605438845,0.005302463653109954,0.009510375624926383,0.004982474927768635
imbalance_volumes - value_t-90min,0.0007113601353703416,0.0010362391797061718,0.0043545898250267785,0.0007407575460970292,0.0009051668144220458,0.004332319284681944,0.0008093588358264014,0.0017173035881696706,0.004675534646834421,0.0009901615039025274,0.0008735815677215442,0.005965103243253452,0.001376493027050344,0.0027475237646108325,0.004001548013019146
imbalance_prices - Long_t-75min,0.008077023674202792,0.004426036707958246,0.003571708049955305,0.006130165368565941,0.005319846967693593,0.002874159838902415,0.005952336086302239,0.0033308411061989318,0.003490637086146762,0.005065312906655891,0.0025256139576604257,0.0026812172301788452,0.005108100294539327,0.0021243181949630527,0.003954424092960608
imbalance_prices - Short_t-75min,0.002490371786404296,0.012766277619106405,0.004312038262577517,0.0034241955746783788,0.01506535424869071,0.0032091750753200188,0.005346008694581542,0.013744041133766587,0.004222251349121507,0.005060853156359371,0.013892481251641584,0.0015895205573615385,0.003534933808397909,0.0128117740443613,0.0029956328385089817
imbalance_volumes - value_t-75min,0.002151390919546884,0.0017358507767881975,0.0027341008816092654,0.0027289640823578336,0.0009169586401246193,0.00184621166933195,0.0017344768431686646,0.0007641336488687784,0.0018474351283908844,0.0016065659911377566,0.0010478754422028943,0.003174445099090917,0.002069887150237264,0.0009526799304322821,0.0029409181756764155
imbalance_prices - Long_t-60min,0.01626901548277965,0.013117234843677125,0.0018791451765227975,0.014123685533835669,0.008837736622523153,0.002830769171197062,0.015315767735235568,0.00692109641196464,0.004381197952786351,0.01303101033166422,0.006442648080107574,0.0016202241286600839,0.011158106153761765,0.004545873127248342,0.001645822753253924
imbalance_prices - Short_t-60min,0.003340361650716204,0.020273987194827897,0.004536321358125861,0.0033360720027813782,0.020121170234517195,0.0019711251378375892,0.0028189540685671093,0.018919239653005206,0.0032713413963265338,0.0026302600604840337,0.01846313394606568,0.0017203305182635234,0.00547942900889575,0.019328441425679556,0.003170066047844557
imbalance_volumes - value_t-60min,0.0022443156797316986,0.0010729387482588208,0.004266283968922835,0.0033961360361348626,0.001309630202656308,0.002355488511281692,0.0022792742199981147,0.0018933976895378919,0.0023611654938736136,0.002191535968633616,0.000788468781463962,0.0031200029174679005,0.0017923601575821522,0.0007278292039205781,0.0036430112760076554
imbalance_prices - Long_t-45min,0.029946959612549107,0.0036061052368445414,0.004623623426271024,0.025756867753210826,0.0026959124467430227,0.002908130464950773,0.017791573757582228,0.002268072835815474,0.0016812701746498533,0.013902797477667263,0.0019051098952400025,0.0018069620425158065,0.01635672275991965,0.003511779880996983,0.0041853621816508165
imbalance_prices - Short_t-45min,0.005518182915478519,0.037819237168681866,0.0024608250546061753,0.004269905522538466,0.031807628377486255,0.0031083314698607863,0.0039000320731861393,0.02988785060805094,0.004101225135935124,0.005526617561052262,0.03281193151959451,0.0033982564443040247,0.0093480270412565,0.027889046817505005,0.0017419691671571797
imbalance_volumes - value_t-45min,0.0017881194928594936,0.0008628782839023188,0.014032546185916544,0.00128507452288909,0.001286138237635626,0.004499660753589069,0.0011627530031478274,0.0009096359952579859,0.004777970609121439,0.0013568730081739383,0.0006602620611538441,0.0033416403366341003,0.0009355470765161726,0.001328702781625907,0.005809526044013183
imbalance_prices - Long_t-30min,0.07257634130139196,0.003997469239004204,0.002665414368186248,0.060455036096042025,0.006395393962573507,0.004282628543419378,0.054382042461511446,0.004950387392572338,0.002955770392603881,0.047223427551973146,0.004642085125560698,0.00221133378030936,0.04138342352997279,0.006221560079298797,0.0015878750793908694
imbalance_prices - Short_t-30min,0.006078296113017132,0.07071430362437968,0.006039156924460258,0.004257985708386969,0.06105899089438026,0.002232457754835764,0.0046066060096,0.05615078074921621,0.001985101690388433,0.005814521278083703,0.052667365953413536,0.0027660464510267956,0.007244569805015999,0.04750142292227247,0.005204109398119727
imbalance_volumes - value_t-30min,0.0052635799006184245,0.003966740633681411,0.018507022237392447,0.003825301894983568,0.0022306976883983225,0.018093765246667316,0.0035371214614015115,0.0027590907882727735,0.011160942156277087,0.0037528746000643877,0.002218604803160815,0.008280930419800825,0.0028411023355434397,0.001502839371072696,0.0075211291408954824
imbalance_prices - Long_t-15min,0.19466100648442808,0.03815553458364957,0.00477900564601623,0.17299497619783505,0.04221143300109543,0.005141983955360046,0.15420081663929158,0.03746970221807715,0.007369859684266885,0.14013382424411247,0.03476217553957395,0.008368021450005472,0.12048075452673948,0.03342157518453314,0.004241291009854649
imbalance_prices - Short_t-15min,0.04052638485557691,0.15939615227360993,0.005155061138105339,0.046567579349020886,0.1418030613006558,0.003783275483453508,0.0461760024497853,0.132977006983303,0.0032295300003952433,0.0430467513607291,0.12588909760277603,0.0052684353853146605,0.0438007615241163,0.11134649536380312,0.006231560412466934
imbalance_volumes - value_t-15min,0.009611189782847078,0.009009949186052836,0.08589881884842179,0.007941475743711636,0.006990019521922477,0.06689824911020696,0.0073551908521922085,0.010168777307728305,0.06037004521675408,0.010142350282738334,0.009927532896850607,0.04519644693643204,0.009285502282957167,0.009004387970540846,0.03838990919682692
intraday_wind_and_solar_forecast - Wind Onshore_t+15min,0.003250610027890616,0.007469522612600485,0.009661978006170103,0.0037357342555906143,0.0037934092643117766,0.009696886425556385,0.006367260266626545,0.002622064802720615,0.007099498564744863,0.0038182431229406575,0.004004547228130832,0.003506265788721521,0.0049808884483936704,0.0025060651642270387,0.0015238611168051648
wind_and_solar_forecast - Solar_t+15min,0.009817540177549745,0.0020771580952955444,0.015114039950305596,0.01205369912437891,0.00410549045130756,0.011203597958607134,0.011165071402057946,0.001938983011874825,0.011030656776216346,0.013053889397560851,0.002313904409413226,0.00892720934101817,0.01034442436489917,0.0032392514125858724,0.009956220702151767
100m_wind_speed_mean_t+15min,0.0020835347715367335,0.0025765377711941253,0.002701862681174134,0.0020608673648021066,0.002074004971456816,0.0019071607574514928,0.0016397703029265359,0.002692942479869998,0.003344482093817078,0.001424293332387265,0.001395381469588756,0.005069524238133454,0.004892710765938319,0.0029878994605851404,0.005473963304358193
10m_wind_speed_mean_t+15min,0.00398578014759596,0.0054766870575695065,0.0040321100187957195,0.003562898840433263,0.0030956872111210032,0.0017210425129360373,0.002242363530043576,0.0028914423948817785,0.0037092829834273287,0.002088805655381293,0.0009724617272931936,0.004819922557091559,0.001385639922243172,0.0014400909281500843,0.005664963232691661
100m_wind_speed_std_t+15min,0.0015294648696763033,0.0015105930252798316,0.005095382291056012,0.001180219345977605,0.0020818036033015234,0.005989739427270251,0.0011061999512498916,0.0015338960141452844,0.0044779851118146325,0.0033313772297315154,0.0011758271862686341,0.0015699511568780054,0.002475442341314192,0.0015617879994069882,0.0013157712383942907
10m_wind_speed_std_t+15min,0.01138328430956608,0.0024642036309592188,0.00379104920431746,0.010457147176151921,0.0029740326924111286,0.003317377742576355,0.009080817008463781,0.0019169855097097752,0.004630686883792805,0.008909433995515428,0.002223264202132668,0.003073924126133079,0.00857402397909641,0.0022190677666560532,0.0026784874405930167
intraday_wind_and_solar_forecast - Solar_t+15min,0.018813542125666573,0.00783495460424092,0.0032474091244212105,0.01603859257190197,0.0035105189092205363,0.005565496912899107,0.01367385545601428,0.004441365572289214,0.004999284081764927,0.011893813268553686,0.0022886981269057286,0.003889632956324931,0.009108683103942894,0.0022081321037002227,0.0029883123536610583
wind_and_solar_forecast - Wind Onshore_t+15min,0.003552636896689819,0.002985908219954581,0.0038985780825823895,0.004263904983556131,0.0021846849227222264,0.00247681597156361,0.002211607512768751,0.002072292735941346,0.002047710255896163,0.002259157367832813,0.0020339141827219577,0.0012264079594024224,0.002686740989023747,0.001953990427370627,0.001231416918208936
ssrd_mean_j_m2_t+15min,0.006925150399736594,0.0019309690487325497,0.0062408302424883004,0.00942596757325373,0.0036783223240745427,0.0033935487236612973,0.012010022036949522,0.0028451802901677185,0.002007297882446437,0.012540744299054494,0.0037366224368606707,0.0019550528654399386,0.011925524711328763,0.007163378681201721,0.0073903617167088665
ssrd_std_j_m2_t+15min,0.0022460542367591643,0.0029945837699551702,0.015408750627102563,0.002141784164803539,0.0023376055281632943,0.0028769252395086367,0.0019993610705460016,0.004379342799255937,0.0044739732278249,0.0026365438595566957,0.005797874430845696,0.006384772427794815,0.002114272480186628,0.004502827625183272,0.011374347172881244
intraday_wind_and_solar_forecast - Wind Onshore_t+30min,0.0014791374773355983,0.009050627670709218,0.0019216652812228858,0.00271305530429936,0.007940992392017506,0.001607372458770442,0.0015275803385539461,0.007304551633298615,0.0016452066742772332,0.002953246811768622,0.005006663128198852,0.0034139764206620386,0.002567331923986785,0.004880708712091973,0.002809753939665825
wind_and_solar_forecast - Solar_t+30min,0.013668832221039338,0.005581643044140037,0.013688339656629979,0.017081395479501226,0.0075795906983403254,0.00794717119973211,0.018590040374256205,0.008609254384959969,0.008945696354270694,0.017141809090215246,0.005324386453258739,0.013643137629165721,0.013757388830374112,0.004736158365150914,0.01370962381112622
100m_wind_speed_mean_t+30min,0.00551267326254424,0.002794643119060538,0.0014602969297529854,0.003095257518649305,0.003655375682450995,0.001656067246007069,0.0046056643109477595,0.0024050803778290514,0.0010467722690264054,0.002767438136969872,0.0026400122048153207,0.0015673050742116175,0.004334513981524651,0.001161207475046922,0.0008594425127068917
10m_wind_speed_mean_t+30min,0.005318184668047252,0.007168317501702404,0.002119168913111025,0.008895697012266283,0.004698766944627323,0.002566809616718274,0.005274721600319026,0.005945072040056403,0.002859754113356416,0.004164503503228843,0.005766181353741558,0.0009379434359118761,0.004768468532463885,0.005884357973389342,0.0015827236023342266
100m_wind_speed_std_t+30min,0.002105201457450221,0.0036642368487960083,0.0012553758022886541,0.003110079215004589,0.001992302922271847,0.002137391014694913,0.003613102903833351,0.0023748528748146784,0.0013134288539513365,0.0032116843563721885,0.002137150677536738,0.0011490681767663772,0.002079062205069931,0.0016895051527735631,0.002981808653756161
10m_wind_speed_std_t+30min,0.0047876853045472675,0.002188077922296543,0.0024394803655212625,0.003767283658069573,0.0021502236938395073,0.0023076717645076315,0.0023974506389413362,0.004705587404081598,0.002669606283189637,0.0023160130153164573,0.004189780486856762,0.0015312569127750066,0.0018857988143245166,0.003961763934967166,0.0022736006438170762
intraday_wind_and_solar_forecast - Solar_t+30min,0.03437632682872936,0.016861248099801742,0.003743075833342118,0.03774921728833579,0.019356423639692366,0.0033667948773454556,0.04069144312944263,0.01684146628691815,0.008786270555833198,0.033971050060354176,0.022083497954590713,0.01094157880792045,0.033054333475243766,0.01693353574295179,0.009367432355007622
wind_and_solar_forecast - Wind Onshore_t+30min,0.008129357756359241,0.0020374105946461894,0.007282656165820299,0.005347101258395469,0.0019089469213176926,0.008797294310934376,0.006751158854285677,0.0030542774075402123,0.006467718790343497,0.004532565334310221,0.0031630336708185496,0.003484181448126037,0.003996172546027083,0.002246533370780526,0.007134362088545458
ssrd_mean_j_m2_t+30min,0.0033829555377033103,0.0052341111868281585,0.004563757648455976,0.005019786823921095,0.0044150535618218785,0.002088769609275005,0.0032696605488090427,0.0036826313250339806,0.004265420448035002,0.003215213753936041,0.006508060692387517,0.003967326091474206,0.0024619535600040763,0.003612698489556351,0.0015954149322124067
ssrd_std_j_m2_t+30min,0.0019617169430034666,0.001629184932273347,0.008953176060385886,0.004351277984344051,0.0016472910001183436,0.01030743836628244,0.0018611051593244382,0.0011523362285142866,0.0029063540432030096,0.0019015240528585764,0.0025550320844840825,0.0017648463111709133,0.002515517660051046,0.004414573856574861,0.0034112376687428425
intraday_wind_and_solar_forecast - Wind Onshore_t+45min,0.0027669653462990026,0.002180149378820147,0.005673596974224438,0.0020027443175076767,0.0027659100766322807,0.008823955351949735,0.002309213243456725,0.005226850216728053,0.005340802717909355,0.0022581765826425906,0.004526903473970378,0.0036383551745852857,0.0028783577092763154,0.0030181538074757555,0.003104293777378189
wind_and_solar_forecast - Solar_t+45min,0.018461476167445652,0.03301097917254083,0.0134215413263737,0.020345150843728333,0.0329525367426686,0.016072856610524468,0.029744833992794158,0.03491182804503478,0.004328033072732069,0.033456002019460356,0.03281320819025859,0.002788721091434809,0.027534463103918824,0.029603722376516088,0.0033132973523124745
100m_wind_speed_mean_t+45min,0.0015876682393753895,0.0022135957744394545,0.004284091787817488,0.0018301570547629496,0.0025899617981222037,0.0039682805816664765,0.0032821141059157528,0.0022231295212222905,0.0047129255633590215,0.0013944169887181487,0.002143088341575094,0.002245601683640416,0.0018862520512025185,0.0032647054526678404,0.002086666196897454
10m_wind_speed_mean_t+45min,0.0016243423981452522,0.0060030486830655715,0.00469502703478895,0.0015030745258518437,0.003532348749071389,0.004184077783726025,0.0014643117721790304,0.00209140738648486,0.002879603262839737,0.001633229402033976,0.003221809691922317,0.0016374484758198379,0.0016797318711942353,0.002680229736735328,0.0016702679650052233
100m_wind_speed_std_t+45min,0.0165160953393206,0.004975588060389782,0.0023259660944248708,0.01581846469483571,0.004940937046052568,0.0016844415634341204,0.01106908542536985,0.00558867254411507,0.001972161375538235,0.009271916501966189,0.002923281251660001,0.001799280569608527,0.008062469038850394,0.0027049181190923264,0.002053961632091159
10m_wind_speed_std_t+45min,0.0058995650154756735,0.006015477201715839,0.004920745947136311,0.0038593379118574377,0.006359786955090385,0.002544995501077665,0.002447015182246105,0.009959882569775801,0.0023861649223640598,0.0018500546811833374,0.00662310300351146,0.000962539098186653,0.0017706065764307368,0.008727765509582241,0.003382078040185661
intraday_wind_and_solar_forecast - Solar_t+45min,0.0455079250400886,0.024082971203046328,0.011053956654504872,0.04575206136167981,0.03194406287310994,0.009452849776367657,0.04681462340394501,0.027119397974631282,0.003944583059441356,0.04937233064766042,0.025099224854289788,0.003638282265215821,0.03996649184270063,0.024303317960235292,0.0018722829303742402
wind_and_solar_forecast - Wind Onshore_t+45min,0.0036341845614806514,0.004482999436368346,0.00784158214704621,0.002538992679070361,0.0031775206822239853,0.00694553710839682,0.0020449771905623492,0.0038535566587615906,0.007446156074292958,0.001448399441442234,0.0029565753576825957,0.009674669948301016,0.0015795180674440417,0.0019292710186873591,0.007714896794197557
ssrd_mean_j_m2_t+45min,0.003588180966469281,0.009084150281050824,0.006619508058138308,0.0017337376043853965,0.004094373086543783,0.0036697824695979763,0.0017159355959774985,0.0025332282583003687,0.0027751985139962015,0.006021606463255011,0.005033541401804541,0.008918774354082415,0.009503075384541261,0.0056682940913451605,0.0068273455029993785
ssrd_std_j_m2_t+45min,0.004242440617272223,0.005227422736388689,0.0067703606273989865,0.00423683191294549,0.005386420103204728,0.0025671260314611573,0.005336767525646792,0.0034175157742647572,0.002531982872148319,0.001665694792414797,0.0038759901658195306,0.005084597334920545,0.0027193593350584707,0.003387478995413403,0.004102488936845475
intraday_wind_and_solar_forecast - Wind Onshore_t+60min,0.010434027593342762,0.011531090568627405,0.0024106587142887293,0.011296216472255765,0.011110751820844597,0.0025511872932056576,0.014149584929953562,0.012281446075284294,0.0033757535062486567,0.013839290595366037,0.010572440633295628,0.0021542631539741707,0.013956175232349778,0.013926235971477581,0.0025482906592005747
wind_and_solar_forecast - Solar_t+60min,0.011933767497190275,0.009386158218148921,0.02260287857585354,0.018013109289808198,0.009697895439359854,0.018193196864938727,0.023352419017901412,0.013483989963744534,0.011433337799157017,0.027785626825143482,0.02136365585133899,0.0031096907724186165,0.03187625991535606,0.01874170805964968,0.006797164559369776
100m_wind_speed_mean_t+60min,0.0021368448909721565,0.002581005106933844,0.0046559925899600785,0.0015123999235906922,0.0016093505205485598,0.0024247998872333485,0.0017446589097689013,0.0028753960472997593,0.0022406047797412613,0.0013909620136982994,0.0031039266925799894,0.0022101883396734366,0.004371481056135963,0.0029070731909578173,0.001312976893922496
10m_wind_speed_mean_t+60min,0.004504060328746164,0.002359898236967659,0.003383722741506858,0.004036203207935614,0.00160042439771496,0.002617710601052977,0.00536883870767997,0.0031760750492703664,0.0019431752719279985,0.004225168546488931,0.0038308195059053103,0.002953640409392392,0.0031521889609512073,0.0024426164392098142,0.0019196688203961117
100m_wind_speed_std_t+60min,0.007633913310949992,0.009622367542831852,0.0032055602681566597,0.006868987179705982,0.011261631196102826,0.0020598836513236163,0.007770279543201468,0.009778105612131185,0.00144273894224807,0.00707179474662189,0.007444183662595606,0.001289044761819696,0.0031797914202352333,0.006774170255602258,0.0013736616801293166
10m_wind_speed_std_t+60min,0.004466580364020046,0.0048466527139007665,0.003427776183360038,0.005978375981785575,0.003933275290162783,0.0019220535405879674,0.005222801574265759,0.002485211689672724,0.001553556047315851,0.003819352649433313,0.0010203272855495698,0.002099208421485855,0.0030386571192219662,0.001561833929669774,0.0018604634527805502
intraday_wind_and_solar_forecast - Solar_t+60min,0.011599090246523702,0.024842987792100757,0.015875413647198,0.020713808303642566,0.03172721533011645,0.007390858238453802,0.023427187321300152,0.0331716079802718,0.006572840336419176,0.03155878850674708,0.03228237266256474,0.0020489127296261815,0.035431155962054615,0.03393922660092358,0.003659265617527126
wind_and_solar_forecast - Wind Onshore_t+60min,0.0018646267437170535,0.0034348228517462756,0.004774640935771459,0.0033500295330086373,0.005072129416340431,0.0020761113294393,0.004958118276587641,0.00265584004172797,0.00451121505032188,0.003315237682683801,0.004490626158494706,0.0031664509459224063,0.003262493859649112,0.003889136048344483,0.001885847522472659
ssrd_mean_j_m2_t+60min,0.00580764590571016,0.007946433543685998,0.017116660327010324,0.006996225998980663,0.007147692585313052,0.009447316644706006,0.009216594568642903,0.008087983183784671,0.008319363767543109,0.010550192003429402,0.012758715652973478,0.003870407007747417,0.009719665061529667,0.010597969269714668,0.01131824478204362
ssrd_std_j_m2_t+60min,0.0015943953315727412,0.007797004108428155,0.018145493098680163,0.0023718851138050923,0.004091145587417486,0.012269676369476656,0.0021692486558863495,0.006345423426704656,0.005106037521138205,0.0020774074411756376,0.003823432047805909,0.004883131383820001,0.003249566939138731,0.0029814325618244767,0.0031022104929506896
intraday_wind_and_solar_forecast - Wind Onshore_t+75min,0.009717558270262088,0.009461895642041782,0.0017312631210859308,0.01099924119412026,0.010231161247342243,0.0027925293339994823,0.014185575666546355,0.010044924209993042,0.004422014361105539,0.012829183924230166,0.010821064312276576,0.004770101424634049,0.012175457617559005,0.010594657196008484,0.003102293249677814
wind_and_solar_forecast - Solar_t+75min,0.008878039801178602,0.006356443656476131,0.004253485282631573,0.015530890148471371,0.008718806923815464,0.002772327950142426,0.014777422961662524,0.010688212439155905,0.0027298286081613695,0.02457843279937515,0.013762243150558788,0.0025723318148336604,0.026014407572423806,0.012649558881370468,0.004873844375530098
100m_wind_speed_mean_t+75min,0.004732213021999996,0.004489338706003764,0.0025633644438526064,0.0034937711893035157,0.00625257998655934,0.005350123493838509,0.0049445858779254195,0.006859196507204615,0.0037638310856909813,0.006441879467944091,0.005787946080999973,0.00301268283617901,0.007517468301182817,0.004957196123507004,0.0031074112719907134
10m_wind_speed_mean_t+75min,0.0037624911522834738,0.004983262955589453,0.0017155672630251501,0.0053179335050008375,0.005899679947922777,0.0033514159111659864,0.004497557261998736,0.0037389966956070564,0.002932310731976031,0.006943731548393316,0.004417496663097154,0.0025695181113878788,0.008161594934177629,0.005846624005020203,0.0015508625963143458
100m_wind_speed_std_t+75min,0.0026176011191453483,0.007438660091069324,0.0017152898224303498,0.005417702398957772,0.006355609812519106,0.0016744404267501523,0.005998381210720254,0.006208039914214169,0.001788805328206763,0.008112935508150258,0.0052602553480865025,0.0008857423292001841,0.006400320029597424,0.006698154925493327,0.0011862928208356608
10m_wind_speed_std_t+75min,0.004813140800413749,0.005966845219423703,0.006531480407145864,0.003929876827351108,0.006489245954886428,0.0074573192112147805,0.0037501153110246718,0.00866229568028939,0.005197372108748823,0.004004398009632951,0.003401024316492112,0.005908162336898386,0.003733641284652549,0.0053118929506308634,0.004773733380667068
intraday_wind_and_solar_forecast - Solar_t+75min,0.021884051684501173,0.02001817920897156,0.0032453099531685437,0.021135432887473143,0.02198650787207589,0.003746290971255803,0.0276994569860035,0.02719699513944215,0.0033929071668098915,0.03241293125008815,0.02891537045239238,0.003711274181348017,0.037042439765195015,0.027587300470710032,0.0033313903735447637
wind_and_solar_forecast - Wind Onshore_t+75min,0.0033705762515910463,0.00893701298697124,0.005433148716329015,0.0044212107787489005,0.008677816349238128,0.002744205204991886,0.006167330208928433,0.007823816203464957,0.0021284362258670625,0.008387274542474187,0.010059611763128487,0.0011076109305904538,0.008684037121303846,0.00998024749193064,0.0015496379274268293
ssrd_mean_j_m2_t+75min,0.011481175471217284,0.007429172433061467,0.003213536740192012,0.002509285552168876,0.0059542327032086175,0.0017952517631365482,0.00605784840853812,0.0074947131387816624,0.0022419974526801524,0.0017417703736654175,0.00926607553330541,0.0035727388690665975,0.0019334109001360956,0.0068881219773184055,0.007599599664805737
ssrd_std_j_m2_t+75min,0.0018174474772285976,0.001888421322861177,0.013090875097565003,0.0028552066506226767,0.0020870808110485086,0.0019494578650541144,0.001905456972318221,0.001539985883900954,0.0053943542916704244,0.0017458730126302272,0.0013357426733637111,0.009893609091805047,0.0019380444749422167,0.0019762788888430267,0.013211020580170953
intraday_wind_and_solar_forecast - Wind Onshore_t+90min,0.011284210874553537,0.0055670676458289565,0.0022654790574341633,0.010243223431898514,0.0068378174363351715,0.0013900789885465201,0.013111184450513975,0.011181571064516902,0.002323147800590959,0.014549557800928597,0.009778867781671578,0.0021660558628027503,0.015139066536439713,0.009541121861198917,0.0020492648749511773
wind_and_solar_forecast - Solar_t+90min,0.004824391211610418,0.013296182402817066,0.018284394190817694,0.005517421555889996,0.0042714008554448814,0.013137005403841613,0.0038171322456928463,0.004716722702329207,0.018798630479577697,0.004683000485194498,0.005541039651612664,0.016535499745223205,0.010917458098304451,0.008639541850854585,0.007139703995722811
100m_wind_speed_mean_t+90min,0.0022790995158784425,0.0022135919883658063,0.0013715461175161181,0.0021212369703171134,0.0025577710420649283,0.0019085834064003393,0.0029121987186181285,0.0034069413801962583,0.002416099809524667,0.0011439599260920658,0.0011446864383303818,0.0020893376736948995,0.0011156030096617542,0.0026717987515803543,0.0020675745963653755
10m_wind_speed_mean_t+90min,0.0038207590184447327,0.0014737532248332173,0.0019702845397841884,0.004261125923207146,0.0017671019114186492,0.002162346585344494,0.0036906052596896188,0.0010431174855713152,0.0017555044096895641,0.0023078498384238627,0.0015582747521266356,0.00406738358398502,0.00576673252839646,0.003901338394254708,0.004257351876548455
100m_wind_speed_std_t+90min,0.0021865500843008478,0.0018786412432455109,0.003474592957243658,0.002503338413995607,0.004129791947192644,0.0028257782712062182,0.002025682106701424,0.0026581546181178054,0.0020502866328042726,0.003095286996732739,0.0016482336610324636,0.0009190268940263877,0.0018116979035646635,0.0015424416154128267,0.001713179557348667
10m_wind_speed_std_t+90min,0.00391777711116265,0.003963493176204792,0.0019516372992954985,0.002616537132319081,0.0015964962350815313,0.0014430680657360425,0.0019407798294130316,0.0017788121299327031,0.0013650323078563816,0.001752825971690754,0.003270213339446855,0.0016674681763770422,0.0022769825103639506,0.0011454109247438283,0.0023368217645873416
intraday_wind_and_solar_forecast - Solar_t+90min,0.006640782496769134,0.007592175540841709,0.013847000237758039,0.010897523512823682,0.012349155433068517,0.004528215640380949,0.016691430535967812,0.01598938711588562,0.013977752854349091,0.020321606063080252,0.023304773826966992,0.017118955244135578,0.026373158491100186,0.02661411544075236,0.017234582732024138
wind_and_solar_forecast - Wind Onshore_t+90min,0.009639859789789625,0.0020852267541067704,0.009838277240715797,0.00953708014858148,0.0027120057001698114,0.002246099540299838,0.006720970607471827,0.005922960155460714,0.0027889344984032504,0.006719176159644121,0.0038826018963263776,0.006017387939807122,0.006004043042494459,0.004330404690052091,0.005512010525390224
ssrd_mean_j_m2_t+90min,0.0036185780144260206,0.007580094219210878,0.0029342566601667387,0.0038501739845037265,0.003291660207605673,0.004156229000896928,0.0031189152047531934,0.003971182321703964,0.0015045752357309538,0.002831474145710672,0.002170892450691099,0.005558909711520755,0.002718485851144578,0.0016460904147263592,0.001328426292378481
ssrd_std_j_m2_t+90min,0.006197509305729,0.011662938022414892,0.003753676787960103,0.007571293629094726,0.007242266680579632,0.0038593457016240793,0.0031436148209982094,0.01096506562171271,0.004205228289298248,0.004350656761987011,0.009419139657911729,0.007762320719295531,0.002053859446636352,0.006959877267901902,0.0020594440384347763
intraday_wind_and_solar_forecast - Wind Onshore_t+105min,0.01577040825453844,0.008334872600084054,0.003059307692523362,0.01970326653524535,0.010129325549594797,0.006536562606583174,0.017231415086847845,0.010002093365095789,0.005878602174735988,0.017441581881197633,0.01295177827639252,0.0010727839208523164,0.015927343079711137,0.007663835139639559,0.0020293846481694118
wind_and_solar_forecast - Solar_t+105min,0.009576148829393788,0.00225754850838257,0.018132094088025043,0.005124897704154137,0.0019834978242688523,0.009202092772939067,0.005234016135516868,0.003716060432611812,0.01136803741406402,0.005352961684702677,0.010108296507431077,0.012872061995381955,0.007499362684801554,0.00906088483754138,0.016563880554254864
100m_wind_speed_mean_t+105min,0.002255347891635438,0.002008953632292105,0.0013641195968421016,0.0016592583306497203,0.0013450084630812853,0.0012054961989965704,0.0014503064957134483,0.002372525646906439,0.002238141270010601,0.0016888474789298017,0.0014936996472324608,0.0009471967784725166,0.0034442537402078416,0.0014342105825689941,0.0013356690519621566
10m_wind_speed_mean_t+105min,0.00173811296720487,0.0028496433932887156,0.004941112946247813,0.002064550457256246,0.004506727736072207,0.001814816854783203,0.003546486548332723,0.0026963525408405077,0.0011225799426313188,0.002506212228717686,0.002596145770076873,0.006357411892349773,0.0033483142524582945,0.006108718071025578,0.00432095385717912
100m_wind_speed_std_t+105min,0.003530002024848727,0.0017031882965638943,0.0028607517823434135,0.0021148254717154487,0.0018853988466998998,0.0025192487481326678,0.0021608791810631372,0.002244444822486912,0.0018399850946273092,0.002043224962628429,0.002382151791101023,0.0017331624840587665,0.001761692159821905,0.002047260988258131,0.001714652423048733
10m_wind_speed_std_t+105min,0.0020903413770533914,0.010424838991144497,0.0061371797832016454,0.002284189317255368,0.01244247011411062,0.004130179253057577,0.001955161842754023,0.008972784387085994,0.00433050804996492,0.0038377645967407263,0.007962276352060144,0.006984543874379597,0.002111979071803944,0.009082469285301868,0.004612231511147911
intraday_wind_and_solar_forecast - Solar_t+105min,0.020914373738516588,0.0033357248113206877,0.004484708963842422,0.01869537178507744,0.006914618693273951,0.0024561630190273716,0.020285014536595553,0.0063090992809284215,0.00893661554880964,0.021105252833338455,0.014464380257559242,0.012517814497550716,0.023724305355688556,0.015955806833400858,0.012172759064379078
wind_and_solar_forecast - Wind Onshore_t+105min,0.002653664600893535,0.0020826252855385974,0.003363297064064682,0.0036866462174921255,0.004141655487612297,0.006650332722055282,0.0033566321491625786,0.005719157166459823,0.0037245097334989625,0.0026450960441698045,0.001915280774332132,0.003654514365838395,0.004434127565602466,0.002679836059610352,0.0023952870120810986
ssrd_mean_j_m2_t+105min,0.010885048230135,0.003502281705279529,0.007463295021392696,0.013926159644557628,0.002804804778894436,0.0051599159379661615,0.009540620436629978,0.0038743987847665268,0.004355157802208851,0.009190203341800953,0.0026824253636116282,0.0032387283536954785,0.008519048670494158,0.0028057293126967126,0.0015660984377287833
ssrd_std_j_m2_t+105min,0.005182029230414628,0.00329454663404249,0.002025772042672543,0.003804873299924111,0.005906624039231247,0.0014385071222100124,0.0046714330485774554,0.006467421546503828,0.002572702231867879,0.0031728740955641113,0.00799018767187681,0.007252072655013762,0.003073711233391805,0.00425177105849798,0.009248505740955806
intraday_wind_and_solar_forecast - Wind Onshore_t+120min,0.013189569536076305,0.0015603933002803388,0.0019846917890646693,0.011093641108091105,0.005204150358680636,0.003587628179919193,0.015457592740800465,0.0059703696219658015,0.0019247276911125936,0.015188893604106852,0.00891741043314869,0.0017563475770020886,0.014607826104685955,0.008389716981213496,0.0018541360847023044
wind_and_solar_forecast - Solar_t+120min,0.0060680287277464235,0.002154842640791685,0.0051237900898704536,0.00539505400447888,0.0030175061856380124,0.003596477664989834,0.005020109201021114,0.004744972352033074,0.00280663571869718,0.00576324129164459,0.002656230638472152,0.0048269916744752665,0.006938876307263854,0.013665654508477018,0.0023872043791598116
100m_wind_speed_mean_t+120min,0.002928546861961422,0.001975509315114323,0.0018442522993284455,0.0017395999638067678,0.0018068447323229292,0.0020125497946919496,0.001667476019534206,0.0019415361036371906,0.002304124783935549,0.0015075652441664715,0.001472325014285616,0.0021401002931861514,0.001444940919671808,0.0011720214075003242,0.0032128094462732406
10m_wind_speed_mean_t+120min,0.002190616800044154,0.0032995986766691204,0.0016959955163738413,0.0030435227748553187,0.003451360194122344,0.0011060352941781276,0.0030417191887398757,0.003739509044429724,0.003752461934234816,0.0017912272036010109,0.0019703212214378708,0.0033705104527325604,0.0020299047020666877,0.002690997586531012,0.004309782682884361
100m_wind_speed_std_t+120min,0.0029758427157962615,0.003985053607200826,0.005249736696981927,0.002568836227965221,0.0015285089882127068,0.0031280676587957714,0.0033990750061893777,0.001857597168716893,0.005038207507595871,0.007204769798443522,0.003179908837817493,0.005557620326573669,0.005766133607113716,0.0019108418131240797,0.0053364252554274575
10m_wind_speed_std_t+120min,0.00249566863228074,0.00179864240153438,0.003026488968240301,0.003311813039647859,0.002873608035989946,0.0030489405458865803,0.0015863242955074385,0.0014524586739808,0.003435851699621253,0.002063880027054097,0.0017738998730440017,0.0017405686037079704,0.0016514797271156283,0.005828653756710992,0.002183726169528654
intraday_wind_and_solar_forecast - Solar_t+120min,0.01415803934149153,0.005616515578029066,0.008521600376720017,0.014325987008383891,0.003374049288147944,0.005828767201397568,0.007146803474752403,0.003172808358943257,0.004835345403080282,0.005119522373845029,0.004708542295084044,0.004712330646945702,0.004434306649318387,0.005556917425888969,0.01050884652685636
wind_and_solar_forecast - Wind Onshore_t+120min,0.004462961424032983,0.0063038262069241,0.0022602262927402987,0.006466145177862927,0.004542326482547196,0.0027861282744470373,0.005771343049265852,0.005694455909058888,0.0020162867132858084,0.0033336339371171564,0.003967836724383233,0.0021089465089535226,0.0031410932900216722,0.0035154314932351553,0.0012119902152745682
ssrd_mean_j_m2_t+120min,0.008604922316198554,0.0025335678501264736,0.003080973573232768,0.004106560168354917,0.002622735444251248,0.002214242328491309,0.007795529270930274,0.004240904213279123,0.002751467676797347,0.007300420772910002,0.0016198229820752203,0.0031392724606489537,0.006581057072813565,0.0021048093471072206,0.006305337871908705
ssrd_std_j_m2_t+120min,0.003444048541368488,0.003109850834167446,0.005143221378476483,0.0028639766917948465,0.0019888935545195638,0.0031712307490256537,0.002192328136041397,0.0017033764125862945,0.003116993137608006,0.0023644548402298824,0.002214522263210938,0.0065725614091338685,0.0022114181875790566,0.0014771282414479856,0.002227787707945481
intraday_wind_and_solar_forecast - Wind Onshore_t+135min,0.016994264696972097,0.0058214047253713945,0.0016476803595869569,0.013841815438485354,0.006695530210417928,0.0027216677485648686,0.013238487053968129,0.006854906423726789,0.0026801781629292236,0.013515504744311329,0.007215653979044874,0.003327797896017728,0.016903574806899996,0.009691632523768931,0.001222007544080043
wind_and_solar_forecast - Solar_t+135min,0.006349240072368047,0.007566918889409862,0.006549748454342989,0.005855579557013698,0.004675090113072656,0.00614668378846909,0.007052525093758959,0.002263772560659163,0.006264740428476216,0.007090685216739076,0.0023225826482207593,0.001614476612445742,0.007485425080625646,0.0031434917090718954,0.0025434593999971184
100m_wind_speed_mean_t+135min,0.007359467840611615,0.0020093868236926936,0.005032064336690382,0.0044630369045698896,0.0021946848777843115,0.0030001594206887604,0.005761891349338839,0.002167420916535775,0.002303919407635476,0.002236534318955819,0.0015576574919659834,0.0019742642326873467,0.0016894738655673792,0.001318840205878587,0.0013296345916714927
10m_wind_speed_mean_t+135min,0.004612041389471415,0.003279387164653599,0.0018544549615098732,0.006668552747474678,0.0055905835335925075,0.003038783368971053,0.0072610430734348485,0.003944216495176988,0.003056247461519888,0.005717768637016889,0.0030544110214741522,0.0018491586641462164,0.004081547050289373,0.003656192560623822,0.002761072143700858
100m_wind_speed_std_t+135min,0.002460477056641821,0.011041616319383139,0.006078641700005391,0.002018221246171379,0.007845407597567714,0.008565702200583473,0.0018349643452957025,0.007912855209557165,0.007112709116192491,0.0021745166873652125,0.006566890734763547,0.0049312651223171996,0.0024215897487611074,0.006185230183487874,0.00572118059994682
10m_wind_speed_std_t+135min,0.008586233434150927,0.008037994671733032,0.0014083969132299217,0.00823128570282006,0.005899175190751521,0.0029798991112893417,0.0027582567480376385,0.005809140602301341,0.0025087008590389814,0.002104324267710126,0.0027071324092976285,0.0019907832785820575,0.0015515883316556938,0.0029894952526824453,0.002676267372669372
intraday_wind_and_solar_forecast - Solar_t+135min,0.007712053540744819,0.008336264521429257,0.015014288306469097,0.011742007656324858,0.007971564033388858,0.005355228831293061,0.008054334908512146,0.003194434867214795,0.0059714276656741274,0.010737616390011681,0.007621406732490868,0.0077662138151063115,0.014553888934648967,0.00964102656259638,0.006391113525503897
wind_and_solar_forecast - Wind Onshore_t+135min,0.003236870628049019,0.0072056136495325515,0.0036599279793881577,0.004113431669246893,0.008799697291557095,0.002195651337330901,0.0024676891664258847,0.008121543884422806,0.001776324133586968,0.0022238912391260328,0.004674285097476968,0.0033910100335669993,0.0035134974251372596,0.005161512543772005,0.004582520998081691
ssrd_mean_j_m2_t+135min,0.011236437048355584,0.006473606403524172,0.014802518559386954,0.012852164861556957,0.006651001584978076,0.006040539440428802,0.011005611630975182,0.006703256444854105,0.006464349674721234,0.011298619938228512,0.004407067977648694,0.007324475248706222,0.014092000944263418,0.0022386244700483074,0.010095673822113896
ssrd_std_j_m2_t+135min,0.01089790368523245,0.0015908976458140387,0.007856937359045333,0.008426072507878416,0.0017220910062005713,0.003151558574718365,0.010076775457826443,0.001667756541500694,0.0028632544277193118,0.009789556691382132,0.0029198311828085933,0.008169364984758431,0.01151957123025204,0.0036835134519410816,0.013193485657335259
intraday_wind_and_solar_forecast - Wind Onshore_t+150min,0.020199195217650498,0.013952698016961222,0.004784412411197536,0.021810940208852117,0.010389695395242598,0.004051724122491578,0.01903356800729711,0.013462865617017088,0.005128222150087822,0.020241603924354423,0.011098992959567114,0.002986317578926901,0.020384596672767655,0.01079000062320847,0.0029371803432240995
wind_and_solar_forecast - Solar_t+150min,0.006049188456010597,0.006657932317804807,0.011497347680429811,0.006258447949117908,0.005763776202270819,0.014038057800964452,0.0050185907373870575,0.004321552114517544,0.013771960101905279,0.005255518470985408,0.003924584089725613,0.007287457979720784,0.005812101959161282,0.003087262973022007,0.0018549662961523717
100m_wind_speed_mean_t+150min,0.0029516121893302626,0.002126431390220205,0.007207591807153221,0.004017269016596402,0.0037092160381380383,0.003349386977859467,0.003910378246644541,0.002453920316980657,0.004607976771515496,0.006127828471304383,0.006754246788303135,0.0034301979711235616,0.0073105078494345435,0.005035960010832241,0.004220105117574349
10m_wind_speed_mean_t+150min,0.006601798283418248,0.004191255559991305,0.002056544999957623,0.00592790575840263,0.0034722095459601404,0.001705924168762067,0.0054257256287837665,0.0029227124917380254,0.002222286892624652,0.003967226454602496,0.00450020335622321,0.001598738424905605,0.004004396298575216,0.002981326241937268,0.001327974974021913
100m_wind_speed_std_t+150min,0.006013542043685448,0.004024766930700025,0.004853042518973666,0.004807106558135274,0.002437179595698694,0.0061993154671645245,0.005686461547555154,0.0028944923198981768,0.003916156966521157,0.004540983982065882,0.0030335006777827403,0.004419847499868411,0.007058131346369919,0.0029784928318840683,0.0013398424135866662
10m_wind_speed_std_t+150min,0.0016573039040686127,0.002230874738681223,0.004325500996834307,0.0022867749103838834,0.0022129086339641615,0.0031304585601747022,0.0021635757350115343,0.0016346471365579873,0.005323459659222863,0.001837165835886026,0.0014210543109525132,0.004732548098283132,0.0012024043251331023,0.0012029141268898797,0.006700702743306465
intraday_wind_and_solar_forecast - Solar_t+150min,0.021890706812002465,0.016229589723690877,0.002731152070265807,0.017199428449588595,0.01533406552917222,0.0018270077666584256,0.018289408321579687,0.015987398422177647,0.002837713860795702,0.018972859899615287,0.012096772474425052,0.0023380271146385494,0.018709100839594612,0.013890224649207085,0.0024806286506973267
wind_and_solar_forecast - Wind Onshore_t+150min,0.016773547791868623,0.011069091337820282,0.00201575014304035,0.016146886002534302,0.008956758040643763,0.0029385843511718123,0.013257346227997914,0.008752790148017085,0.0016529704834658788,0.010641976864485514,0.007994036862721259,0.001254441652590856,0.006865009061581986,0.006852880257707511,0.0011690055964804743
ssrd_mean_j_m2_t+150min,0.005506969980804797,0.0027062086257119517,0.006105209465618828,0.002946189137042893,0.002137136921704041,0.0017571480928281744,0.00348169402586791,0.0019257778114315442,0.002570920891685091,0.00318007904637534,0.001944590240165553,0.004904667011694982,0.00347897857868702,0.002174221754258269,0.001694439730689112
ssrd_std_j_m2_t+150min,0.012061665252316743,0.00251289451140525,0.008732238283690094,0.01305915273813298,0.0035146351921048337,0.002356173203586877,0.01435016799622099,0.00222060025023012,0.006609808943168901,0.014403542685147841,0.0027885940929202207,0.0068254723847858256,0.012562481670844136,0.0037613744425325423,0.003477405479250592
generation_forecast - Scheduled Aggregated_t+15min,0.0043088672943777055,0.0022140219588964102,0.017733325470471753,0.0027037004960121748,0.0020833358657177995,0.006341627560555935,0.0035713289545765293,0.003277251936566245,0.008705129353002121,0.003262476023804993,0.004025787057787966,0.008885477454661669,0.002811275465264771,0.0020131327767304013,0.011651085103141667
generation_forecast - Scheduled Consumption_t+15min,0.00871091698604141,0.008173041636626294,0.0036508210156480344,0.00792325951186649,0.0066509339792833085,0.004517747820864315,0.007478297460827889,0.0031918848090483607,0.002295127648445941,0.0028166609545260146,0.0022899561928488767,0.002140391451458868,0.002210686998336314,0.0034832870047284813,0.001511497526020321
load_forecast - Forecasted Load_t+15min,0.006402711680766515,0.0016902287776265439,0.0017869454985932408,0.004520614355591533,0.0028291920058836693,0.0014852864682316066,0.003982447439419047,0.0036242341757315444,0.0014493168102799245,0.0016530514818894062,0.003386940633452468,0.0020741146542968634,0.002181867222469691,0.003589096522908221,0.003816038198689057
generation_forecast - Scheduled Aggregated_t+30min,0.005534448258228735,0.0066900822411435,0.015932685254345415,0.0033789131532084866,0.0033231532246119286,0.013926438807066005,0.0037907818274421743,0.0038612933937747585,0.009026284746378224,0.0033564191851369286,0.003545140275943254,0.00427697986136991,0.008926647054358909,0.002924446286280727,0.007043304529611305
generation_forecast - Scheduled Consumption_t+30min,0.0037544932827182718,0.0026537643145638865,0.001781430757504495,0.007904256242316478,0.003330839652114719,0.0016017100960530116,0.005469060112699026,0.0032931345955905726,0.0030961211738135715,0.0027363115679836483,0.0031256608867261094,0.0024738379572081613,0.002659504941508203,0.00441102386975399,0.0024836320343019904
load_forecast - Forecasted Load_t+30min,0.008869534660239878,0.0028255572988491622,0.002701342599477357,0.009912730498759629,0.0034317708253947784,0.0032353064676108262,0.009848456939063908,0.004168691948692868,0.003848618278610047,0.004310973611056397,0.0023735062191668275,0.0017278421678429369,0.002017389810691384,0.0025539284747611644,0.00187204768331776
generation_forecast - Scheduled Aggregated_t+45min,0.012755923088518101,0.014155575270749978,0.0022557798143891432,0.015594675074018596,0.006589327744899493,0.0015097051542475128,0.011344258581317263,0.007118917016966406,0.0015908668171850876,0.012986244042644103,0.009937431334562461,0.0035622868490982,0.011369919073746132,0.0034811968386447914,0.004720019637644384
generation_forecast - Scheduled Consumption_t+45min,0.009248303060463514,0.0024598963156795433,0.00812306465444999,0.01116254960246988,0.0033723856678607262,0.0038754908687751595,0.009956539890848944,0.005935406532069465,0.007088470298260446,0.011344736959599686,0.0036495239127325475,0.006525678559439257,0.012754225180930006,0.004809381215198755,0.005046897988684578
load_forecast - Forecasted Load_t+45min,0.024388378091472988,0.01701152980251936,0.0027147279075460913,0.02486008341305751,0.01624032053637211,0.001726146054887181,0.024752798817207804,0.017580513204986346,0.0017103724937921924,0.019783185689317178,0.012052938802815334,0.004709969015781098,0.018833085412858053,0.008179854494883329,0.002567025587688022
generation_forecast - Scheduled Aggregated_t+60min,0.006376905003852698,0.005927067651837206,0.005116736701694663,0.0067871042757633405,0.0070063492642966595,0.0017531523112531886,0.004989408341959006,0.002971600121930351,0.003230998452054337,0.0034486221179868153,0.006070811084328853,0.007823517237658962,0.003842356272696634,0.006400207317325567,0.0034764482231580585
generation_forecast - Scheduled Consumption_t+60min,0.004214336507972803,0.004906170351136097,0.01201633259278242,0.0036855470796926964,0.004824868572726701,0.011239225842203724,0.0038548682032092073,0.008791911629930838,0.01386070486358949,0.005598072054399381,0.01086277480746503,0.007583065705686749,0.006010228248684143,0.005686539198958599,0.003830251182471329
load_forecast - Forecasted Load_t+60min,0.025724846044933657,0.01885650309270568,0.007688462435908832,0.032459155903925424,0.020772441498084618,0.010149607541970909,0.031232337846726296,0.022638727139148614,0.00939708144038741,0.034746777183143424,0.019998881451232593,0.01207665640549385,0.029136145342024973,0.016957933747878996,0.00932634416968358
generation_forecast - Scheduled Aggregated_t+75min,0.0064413553053000215,0.0032134185007418525,0.01806227412318185,0.005790994583099745,0.0024947169465212938,0.007465545102335455,0.00794965546876483,0.002554689189115379,0.009230852854179829,0.003919977722460317,0.0033942070441553367,0.006823182980170713,0.004017371254033605,0.003935021933675671,0.010307145530219714
generation_forecast - Scheduled Consumption_t+75min,0.011322197895657155,0.00769205917635918,0.002519318841801578,0.014526690357881306,0.00934882767678937,0.0023330505551857643,0.011063300800102297,0.009876241564837983,0.0019558014530921355,0.01659604398906231,0.015165974182824357,0.0025153490103257355,0.01793823760621217,0.01276283064060408,0.0025775413217543246
load_forecast - Forecasted Load_t+75min,0.01809962506852753,0.015550778521324901,0.010873458954618399,0.020350549778610002,0.017882490814779887,0.008882558206303657,0.026833538727267296,0.019545541146449977,0.006616521943176849,0.02971872291897307,0.0229546457004908,0.002693474524227895,0.02819125215571694,0.019865300479468714,0.002751065800935976
generation_forecast - Scheduled Aggregated_t+90min,0.0029363725651464848,0.016106356051808688,0.005242730447776012,0.0028447945495172463,0.009105575413479528,0.0020859223052364087,0.002556176396655019,0.008211126956613952,0.005531011980216135,0.0028142184883390656,0.01082833043278515,0.0040827548684137585,0.002234403874716008,0.009219167815191213,0.0036275154038030452
generation_forecast - Scheduled Consumption_t+90min,0.010583474895822292,0.007660208919029174,0.006243520656492365,0.006477953809007886,0.0022782541774661242,0.0028026455425958544,0.003958569936097774,0.006741989961758009,0.006619176562970097,0.002735874359819718,0.0037921617091154756,0.006893284425013917,0.003826737264660551,0.00620919539586248,0.006587469776211947
load_forecast - Forecasted Load_t+90min,0.003715652364597645,0.0026695870230269065,0.004658932161111806,0.004750335791259204,0.0062457329681292325,0.0022273747696817735,0.005469848178594475,0.010517073094393708,0.0019767062692151284,0.013457279766857027,0.013830650645890273,0.001523358315504879,0.016552686020560942,0.016689274909729646,0.002272652038043816
generation_forecast - Scheduled Aggregated_t+105min,0.014474673165852436,0.008330736916574096,0.009546629593103716,0.012283099748772657,0.0049794496539434475,0.008344645410426892,0.009757294364004339,0.005340782451237828,0.007757328608213356,0.008600725359096032,0.009558227018073013,0.005977318755467423,0.008900441269681323,0.005750069548177634,0.0030772979159960413
generation_forecast - Scheduled Consumption_t+105min,0.0023977693636089725,0.003322698636649875,0.0016994267737902647,0.0025225161129415596,0.004161719132345752,0.0015766730472851122,0.004998715597852425,0.008658724650136718,0.004492024670613318,0.0062760152189348445,0.009323765120436292,0.0013273644850727636,0.003911108713007707,0.008061211196167277,0.001558826654254517
load_forecast - Forecasted Load_t+105min,0.005108396694538896,0.00347246803510825,0.0031358235839347797,0.004425655764133808,0.0027615023607779677,0.005285123677480442,0.003441426584031774,0.00535749790015052,0.007300964501024282,0.008073593979391263,0.00759496484027477,0.007697028786049487,0.017098187412731933,0.011213303993223235,0.007551247178562335
generation_forecast - Scheduled Aggregated_t+120min,0.010810967365345278,0.003567477658076314,0.0020990933290518116,0.005684103716579529,0.006261345858269124,0.004541644985632956,0.00460736053558577,0.008824282625033448,0.00394264805446619,0.0032788973701317445,0.007272079265767388,0.004253867944635203,0.0018071893016499416,0.010647986196119745,0.001709446106366613
generation_forecast - Scheduled Consumption_t+120min,0.002884729097690979,0.003950157969014981,0.0069311803025702825,0.0035632873386402934,0.003807903638637754,0.0023267494097503915,0.0038165465145339112,0.003762669088075199,0.003968006197108479,0.0043551199448156695,0.006703612324334245,0.003828893230027461,0.0068769769017162615,0.005293590714674792,0.006299264421701082
load_forecast - Forecasted Load_t+120min,0.003964202392018251,0.003124327101067138,0.0037068926407678193,0.004161428207307836,0.004679583426173849,0.006790188525475969,0.0055541125680360895,0.005560373505024472,0.0038576540200746193,0.009241748830439064,0.0081027286692879,0.002312799970134165,0.01040115086912556,0.011723043229562791,0.0021607234439406965
generation_forecast - Scheduled Aggregated_t+135min,0.0031188244974273403,0.006483054114396509,0.0018011187135853106,0.0044314561278260955,0.006630152018806257,0.0019423933662601485,0.0023467861937720045,0.005518762356157822,0.001992537984870978,0.003829988403314928,0.008013933576647104,0.0032519352030703887,0.0038321645722417088,0.010532600963529603,0.0041574788429388715
generation_forecast - Scheduled Consumption_t+135min,0.0036764277098413913,0.0031700837057287573,0.011518933372368338,0.002731181766939699,0.003015908436394966,0.0030302200153964802,0.006698285409031087,0.005353543313161935,0.0030059016253449044,0.006933266517513402,0.006374445481238581,0.0022866358763321843,0.011701280386245344,0.014885822711046786,0.004203080208648316
load_forecast - Forecasted Load_t+135min,0.010691070288496122,0.004978308791771269,0.006789727117791699,0.0076495665907023065,0.004745506438831398,0.004037896393447227,0.00800628299487289,0.004508361958271351,0.007329441340214544,0.005330785127386662,0.003974590624778103,0.0024074503211054432,0.0031390089430751687,0.0038020872401684754,0.004267467662381932
generation_forecast - Scheduled Aggregated_t+150min,0.0075013140416558596,0.0075020752004766105,0.003286834425500274,0.011391309465747327,0.002939675722258471,0.0015803269685457054,0.0064580734735200165,0.0030251444424452528,0.0015329271036539467,0.005104553521181515,0.002613612466127961,0.0016156943226260409,0.006942572099682366,0.002380513938574495,0.0024214701422861254
generation_forecast - Scheduled Consumption_t+150min,0.01702537774434313,0.007598344016696501,0.004336016014754932,0.016246595769771374,0.005763509379201423,0.0028775169304547034,0.012152932881319429,0.00912676619150443,0.0027247561812732786,0.015388221345609054,0.0065404440582642566,0.002502307636709702,0.01901313705451321,0.010819385200142279,0.0015975012305561903
load_forecast - Forecasted Load_t+150min,0.005118652169523557,0.0031192839410833528,0.008546079396728601,0.007018353347442826,0.00376929500710321,0.003974557653509692,0.005752508771074645,0.003930318751659797,0.0018548629658689606,0.00552635904478052,0.002775961239728531,0.002790333551011429,0.003538798061271791,0.0027589125041558873,0.0021929271162612167
